t_s,pzt,transmission,error
0.0,-0.5,0.03428274381116377,-0.01888426459527117
0.0005002501250625312,-0.49949974987493745,0.041820989662400186,-0.020657040930473165
0.0010005002501250625,-0.49899949974987495,0.03438667423173687,-0.029638502231106933
0.0015007503751875938,-0.4984992496248124,0.04692593025293498,-0.008137038837905737
0.002001000500250125,-0.49799899949974985,0.03673405335604338,-0.05027136848556064
0.0025012506253126563,-0.49749874937468735,0.0569759752960397,-0.0010064477029073302
0.0030015007503751876,-0.4969984992496248,0.04817544180742561,-0.02105933005175811
0.003501750875437719,-0.4964982491245623,0.03688688590061543,-0.0398752717226709
0.00400200100050025,-0.49599799899949976,0.024816444762967373,-0.015547435783884421
0.004502251125562781,-0.4954977488744372,0.053501498104235226,-0.028458683233603132
0.0050025012506253125,-0.4949974987493747,0.03729916606818831,-0.016562677702015933
0.005502751375687844,-0.49449724862431216,0.03819917385604775,-0.029900350160079293
0.006003001500750375,-0.4939969984992496,0.04355820469788198,-0.006043303501023594
0.0065032516258129065,-0.4934967483741871,0.040051213479868765,-0.012569958407571276
0.007003501750875438,-0.49299649824912456,0.03760422996249647,-0.014045174373564815
0.007503751875937969,-0.492496248124062,0.0385051958427612,-0.01904899680364886
0.0080040020010005,-0.4919959979989995,0.032529023949245894,-0.04206594238737449
0.008504252126063032,-0.49149574787393696,0.03803196780240761,-0.02339622903833453
0.009004502251125562,-0.4909954977488744,0.04838876514695937,-0.027823266837901366
0.009504752376188095,-0.4904952476238119,0.02568841302602947,-0.03439591210918271
0.010005002501250625,-0.48999499749874936,0.04676412151735762,-0.01741922505099924
0.010505252626313157,-0.48949474737368687,0.03919010117551953,-0.03382329322455111
0.011005502751375688,-0.4889944972486243,0.0348541192117914,-0.012991021151114317
0.01150575287643822,-0.48849424712356176,0.03897578872666532,-0.010954401747064448
0.01200600300150075,-0.48799399699849927,0.043554967820643505,-0.017201764448575393
0.01250625312656328,-0.4874937468734367,0.04959884574217942,-0.03145801894934135
0.013006503251625813,-0.48699349674837417,0.03452297284264966,-0.023974984969552016
0.013506753376688344,-0.48649324662331167,0.04865400249425031,-0.003453493793801469
0.014007003501750876,-0.4859929964982491,0.03882205808550939,-0.014123206862699836
0.014507253626813406,-0.48549274637318657,0.05906399568422269,-0.04250682624811651
0.015007503751875938,-0.48499249624812407,0.03904656379053295,-0.009295789391181569
0.015507753876938469,-0.4844922461230615,0.03167589649098604,-0.022239566927782606
0.016008004002001,-0.483991995997999,0.04741401521306083,-0.02138850879395316
0.016508254127063533,-0.4834917458729365,0.03998193709339806,-0.01979885375510779
0.017008504252126064,-0.4829914957478739,0.035255732051507546,-0.009479870921122496
0.017508754377188594,-0.4824912456228114,0.035320868181590886,-0.010329934589198725
0.018009004502251125,-0.4819909954977489,0.03655418686961807,-0.02494934643091859
0.018509254627313655,-0.4814907453726863,0.04406366624728321,-0.003366271085160513
0.01900950475237619,-0.48099049524762383,0.04231616549100581,0.00012991294632251106
0.01950975487743872,-0.4804902451225613,0.04379493645527072,-0.023377903215539744
0.02001000500250125,-0.4799899949974987,0.030142519088597,-0.013986576518546234
0.02051025512756378,-0.47948974487243623,0.03526207546198567,-0.028226521630741522
0.021010505252626314,-0.4789894947473737,0.029387414212438193,-0.029329073567393102
0.021510755377688845,-0.4784892446223111,0.04387017858354965,-0.013387215047884968
0.022011005502751375,-0.47798899449724863,0.045630144717337846,-0.008164998225319516
0.022511255627813906,-0.4774887443721861,0.023617860510286366,-0.028140414741082934
0.02301150575287644,-0.4769884942471236,0.054347494828901916,-0.015177097078676925
0.02351175587793897,-0.47648824412206103,0.04619209148878557,-0.00983674866823135
0.0240120060030015,-0.4759879939969985,0.035003734030393016,-0.009595733813142809
0.02451225612806403,-0.475487743871936,0.028689052576452115,-0.011132516835105584
0.02501250625312656,-0.47498749374687343,0.03452788881400855,-0.013328879312446492
0.025512756378189096,-0.4744872436218109,0.04682009921086863,-0.010140204807201063
0.026013006503251626,-0.4739869934967484,0.04581080805607505,-0.02792625736516815
0.026513256628314157,-0.47348674337168584,0.043405836458232136,-0.02375807465637761
0.027013506753376687,-0.47298649324662334,0.045906426711166,-0.024802513368409936
0.02751375687843922,-0.4724862431215608,0.0396610960829414,-0.02957934129506854
0.02801400700350175,-0.47198599299649824,0.0389563211561719,-0.017599673300395312
0.028514257128564282,-0.47148574287143574,0.044505318342182014,-0.026860519818869832
0.029014507253626812,-0.4709854927463732,0.0338272917919972,-0.02574035229266982
0.029514757378689346,-0.47048524262131064,0.036346477828444156,-0.02550145843631355
0.030015007503751877,-0.46998499249624814,0.039112462024662425,-0.02127679268244068
0.030515257628814407,-0.4694847423711856,0.05041907432892391,-0.032954709871955014
0.031015507753876938,-0.46898449224612304,0.044910749812581516,-0.014807992504975224
0.03151575787893947,-0.46848424212106055,0.05203968747072574,-0.02116107050851268
0.032016008004002,-0.467983991995998,0.04467658329369832,-0.009954116944456037
0.03251625812906453,-0.46748374187093544,0.04653677126027866,-0.0246961372649909
0.03301650825412707,-0.46698349174587295,0.0489412320850789,-0.00811033419508464
0.0335167583791896,-0.4664832416208104,0.03204825182131815,-0.026388390772740675
0.03401700850425213,-0.46598299149574784,0.04325511607917269,-0.03199428286155955
0.03451725862931466,-0.46548274137068535,0.023557569738878344,-0.018633858208154528
0.03501750875437719,-0.4649824912456228,0.037547473646013824,-0.03186543730562001
0.03551775887943972,-0.4644822411205603,0.028690079774270138,-0.020655489175634173
0.03601800900450225,-0.46398199099549775,0.041456219087849515,-0.040311595907044695
0.03651825912956478,-0.4634817408704352,0.03830724482845665,-0.0038966319399007243
0.03701850925462731,-0.4629814907453727,0.04229314455938519,-0.02671025824844555
0.03751875937968985,-0.46248124062031015,0.049652126158396516,-0.02764582031628573
0.03801900950475238,-0.4619809904952476,0.04373311913473455,-0.00892892876307947
0.03851925962981491,-0.4614807403701851,0.039740963022802965,-0.020734963277142606
0.03901950975487744,-0.46098049024512255,0.02812671088728131,-0.02382676536941134
0.03951975987993997,-0.46048024012006006,0.04148550292246139,-0.03439068120918499
0.0400200100050025,-0.4599799899949975,0.03233053506599069,-0.03791569303720689
0.04052026013006503,-0.45947973986993496,0.0357126612391426,-0.033673759473308716
0.04102051025512756,-0.45897948974487246,0.04451532662636518,-0.02802731506415845
0.0415207603801901,-0.4584792396198099,0.046222764694143784,-0.02765148267514132
0.04202101050525263,-0.45797898949474736,0.033884348095226904,-0.053897346183858996
0.04252126063031516,-0.45747873936968486,0.03231589893796126,-0.04661228092152961
0.04302151075537769,-0.4569784892446223,0.042550458186817935,-0.03260107789558824
0.04352176088044022,-0.45647823911955976,0.02981004283244109,-0.04503273726120097
0.04402201100550275,-0.45597798899449726,0.02691985407974428,-0.049709167545938245
0.04452226113056528,-0.4554777388694347,0.06178049626590454,-0.03768065165742055
0.04502251125562781,-0.45497748874437216,0.053291965159478746,-0.05586395106321422
0.04552276138069034,-0.45447723861930966,0.030709207854038426,-0.038973396423151695
0.04602301150575288,-0.4539769884942471,0.05917273197504901,-0.051993008013383676
0.04652326163081541,-0.45347673836918456,0.043477280421739185,-0.03489647221974534
0.04702351175587794,-0.45297648824412207,0.03708491105579139,-0.03921386161707733
0.04752376188094047,-0.4524762381190595,0.03831648918654604,-0.026159639551795365
0.048024012006003,-0.451975987993997,0.03559973178140717,-0.046706749165699675
0.04852426213106553,-0.45147573786893447,0.046595646304661745,-0.04172982147752164
0.04902451225612806,-0.4509754877438719,0.03662885430789659,-0.05174657596155707
0.04952476238119059,-0.4504752376188094,0.038946676916177994,-0.05261072984663566
0.05002501250625312,-0.44997498749374687,0.0405376203829803,-0.04674271668488525
0.05052526263131566,-0.4494747373686843,0.044280271952543415,-0.05166462099948044
0.05102551275637819,-0.4489744872436218,0.050776182244964614,-0.04815086037513926
0.05152576288144072,-0.44847423711855927,0.0218655679083385,-0.05125044508747588
0.05202601300650325,-0.4479739869934968,0.04563325744055814,-0.04443333073593955
0.05252626313156578,-0.4474737368684342,0.042025756366255114,-0.05352807781386238
0.05302651325662831,-0.4469734867433717,0.03733165059252129,-0.04194424088350781
0.053526763381690844,-0.4464732366183092,0.05851132207868999,-0.036455115009867804
0.054027013506753374,-0.4459729864932466,0.025965808767935535,-0.03972722989085061
0.054527263631815905,-0.4454727363681841,0.03468683686674259,-0.04132254238476972
0.05502751375687844,-0.4449724862431216,0.04580411342388483,-0.045260622647593764
0.05552776388194097,-0.444472236118059,0.046207282212332806,-0.052765757357616835
0.0560280140070035,-0.4439719859929965,0.03599052359364057,-0.04380043881674668
0.05652826413206603,-0.443471735867934,0.04135704119264674,-0.04470643997020503
0.057028514257128564,-0.44297148574287143,0.0463246644133786,-0.05817213374107827
0.057528764382191094,-0.4424712356178089,0.06097698514627756,-0.03927446598293257
0.058029014507253625,-0.4419709854927464,0.044512928907356065,-0.04119399676504448
0.058529264632316155,-0.44147073536768383,0.051926117094531175,-0.048458957496132805
0.05902951475737869,-0.4409704852426213,0.03637995749774345,-0.05652180467900561
0.05952976488244122,-0.4404702351175588,0.03694648832213987,-0.04594724214294582
0.060030015007503754,-0.43996998499249623,0.022506376501572684,-0.043469827364386704
0.060530265132566284,-0.43946973486743374,0.03659808557772447,-0.05279634531197313
0.061030515257628815,-0.4389694847423712,0.039065286546239135,-0.051023560581674766
0.061530765382691345,-0.43846923461730863,0.05091708951346051,-0.04194245767130286
0.062031015507753876,-0.43796898449224614,0.02718585821159649,-0.05472515332996695
0.06253126563281641,-0.4374687343671836,0.027391535882126783,-0.04244198449807289
0.06303151575787894,-0.4369684842421211,0.05480877336054157,-0.04557133449646888
0.06353176588294147,-0.43646823411705854,0.04219272445544378,-0.04351221717275736
0.064032016008004,-0.435967983991996,0.05018803394563118,-0.04433394500712973
0.06453226613306653,-0.4354677338669335,0.045224483892096136,-0.02722273742396195
0.06503251625812906,-0.43496748374187094,0.03560437528183592,-0.028621127345159453
0.0655327663831916,-0.4344672336168084,0.05002431901213713,-0.05459337909261419
0.06603301650825413,-0.4339669834917459,0.053586722567776114,-0.06568702248004653
0.06653326663331666,-0.43346673336668334,0.037984517034130805,-0.04972179427327825
0.0670335167583792,-0.4329664832416208,0.033656499957735106,-0.050796228460301025
0.06753376688344172,-0.4324662331165583,0.061690812575128096,-0.0561657435457362
0.06803401700850426,-0.43196598299149574,0.04855134339587555,-0.047670696804787256
0.06853426713356678,-0.4314657328664332,0.04549555443455286,-0.046605300779405355
0.06903451725862932,-0.4309654827413707,0.043941389198620714,-0.04467688321626409
0.06953476738369184,-0.43046523261630815,0.05646160408070381,-0.034122499102177996
0.07003501750875438,-0.4299649824912456,0.04777873541498496,-0.039272358033973775
0.07053526763381691,-0.4294647323661831,0.04403067047032285,-0.04743430897579772
0.07103551775887944,-0.42896448224112055,0.03718914322784444,-0.044990403452103644
0.07153576788394198,-0.428464232116058,0.042499988274189444,-0.035949718892413315
0.0720360180090045,-0.4279639819909955,0.04614555668360889,-0.04053255975602356
0.07253626813406704,-0.42746373186593295,0.042456354723167965,-0.030474862887157034
0.07303651825912956,-0.42696348174087045,0.051532870373012775,-0.042714194140728697
0.0735367683841921,-0.4264632316158079,0.045742480815007945,-0.03957366044587803
0.07403701850925462,-0.4259629814907454,0.04807927673338696,-0.027961689661326602
0.07453726863431716,-0.42546273136568286,0.03626333996607096,-0.0422440297545032
0.0750375187593797,-0.4249624812406203,0.03298141310897959,-0.03233766335478728
0.07553776888444222,-0.4244622311155578,0.05969150875255427,-0.04672381575770766
0.07603801900950476,-0.42396198099049526,0.04560343532198725,-0.033847408790885214
0.07653826913456728,-0.4234617308654327,0.04911621495068823,-0.041820468522625165
0.07703851925962982,-0.4229614807403702,0.04964776482810028,-0.03565628032513315
0.07753876938469234,-0.42246123061530766,0.04586615581163702,-0.0359333794041303
0.07803901950975488,-0.4219609804902451,0.05274747118127954,-0.02815015396639032
0.0785392696348174,-0.4214607303651826,0.03456491226647461,-0.02940264532250207
0.07903951975987994,-0.42096048024012006,0.04088292936782544,-0.02527299039362764
0.07953976988494248,-0.4204602301150575,0.044502790747117,-0.038428464569075615
0.080040020010005,-0.419959979989995,0.04485757308756793,-0.016041768221546345
0.08054027013506754,-0.41945972986493246,0.04807879655567788,-0.03106160916065387
0.08104052026013006,-0.4189594797398699,0.04954821069498733,-0.036032003204757086
0.0815407703851926,-0.4184592296148074,0.04288619852727735,-0.029773724406972995
0.08204102051025512,-0.41795897948974486,0.027280600258261185,-0.03934401068683317
0.08254127063531766,-0.4174587293646823,0.03392634969664593,-0.02101405189741251
0.0830415207603802,-0.4169584792396198,0.030302871155307855,-0.006787658431780454
0.08354177088544272,-0.41645822911455727,0.03990948411212589,-0.02896991461335515
0.08404202101050526,-0.4159579789894947,0.05004656440907727,-0.03098389267020108
0.08454227113556778,-0.4154577288644322,0.0371233590843788,-0.029204294898150244
0.08504252126063032,-0.41495747873936967,0.045177234991099574,-0.013648175745970976
0.08554277138569284,-0.41445722861430717,0.04100290424528256,-0.025146123922947364
0.08604302151075538,-0.4139569784892446,0.04322574415636408,-0.03077804518460269
0.0865432716358179,-0.4134567283641821,0.04553446854008564,-0.029296079762650466
0.08704352176088044,-0.4129564782391196,0.03739607269727559,-0.0007390516745433666
0.08754377188594298,-0.412456228114057,0.03740706603173065,-0.017930572080709445
0.0880440220110055,-0.4119559779889945,0.020254498848629492,-0.0032410719028751374
0.08854427213606804,-0.411455727863932,0.039698746644872246,-0.011287175907258588
0.08904452226113056,-0.4109554777388694,0.05894888929058949,-0.01752649615514749
0.0895447723861931,-0.41045522761380693,0.036694052133513386,-0.025347315474013362
0.09004502251125562,-0.4099549774887444,0.04238347809726544,-0.014917140897412126
0.09054527263631816,-0.4094547273636818,0.041037897312201956,-0.019822900856412546
0.09104552276138068,-0.40895447723861933,0.04478244151860533,-0.030005295904758436
0.09154577288644322,-0.4084542271135568,0.042476355691412546,-0.031170448269514893
0.09204602301150576,-0.4079539769884942,0.03266305233662051,-0.031079634063475598
0.09254627313656828,-0.40745372686343173,0.04302655421320351,-0.02790295785703225
0.09304652326163082,-0.4069534767383692,0.037045264606537606,-0.02777256031967515
0.09354677338669334,-0.40645322661330663,0.039121128743982145,-0.007985863661458637
0.09404702351175588,-0.40595297648824413,0.03656396900777719,-0.016164262977679388
0.0945472736368184,-0.4054527263631816,0.025669340420048946,-0.025155530912479913
0.09504752376188094,-0.40495247623811903,0.02997198186984598,-0.02627264714730705
0.09554777388694347,-0.40445222611305653,0.041388480320985944,-0.015745820884402323
0.096048024012006,-0.403951975987994,0.03946300914659912,0.0012650462942874093
0.09654827413706854,-0.40345172586293143,0.021865341378847596,-0.005151284089372604
0.09704852426213106,-0.40295147573786894,0.027603553266780365,-0.03161929090945247
0.0975487743871936,-0.4024512256128064,0.04533369363894843,-0.012519869261624402
0.09804902451225612,-0.4019509754877439,0.02929200850173687,-0.020255690726557626
0.09854927463731866,-0.40145072536268134,0.047943825396388105,-0.02389052486344233
0.09904952476238119,-0.40095047523761884,0.04272527143414319,-0.020299970021174746
0.09954977488744372,-0.4004502251125563,0.054895215217153674,-0.025759594963359268
0.10005002501250625,-0.39994997498749374,0.05187141004704266,-0.0034898528491299624
0.10055027513756878,-0.39944972486243124,0.045167432268335674,-0.019540095052546298
0.10105052526263132,-0.3989494747373687,0.03742407220113972,-0.022710232350910877
0.10155077538769385,-0.39844922461230614,0.05034850441511535,-0.016567851578328154
0.10205102551275638,-0.39794897448724365,0.04658346754039981,-0.002222526034944383
0.1025512756378189,-0.3974487243621811,0.048630058645220645,-0.031601342015813834
0.10305152576288144,-0.39694847423711854,0.0444668252830988,-0.025575124737702036
0.10355177588794397,-0.39644822411205605,0.032350163814455504,-0.011762746187417926
0.1040520260130065,-0.3959479739869935,0.04346539574468764,-0.03054926384041698
0.10455227613806903,-0.39544772386193094,0.04684581174424648,-0.028024390624268765
0.10505252626313157,-0.39494747373686845,0.03730260746605313,-0.024752371483590316
0.1055527763881941,-0.3944472236118059,0.043190866783422495,-0.020798887783217822
0.10605302651325663,-0.39394697348674335,0.04562761438452472,-0.011623192587794238
0.10655327663831916,-0.39344672336168085,0.046999624195540206,-0.029179578093542873
0.10705352676338169,-0.3929464732366183,0.050096887797218236,-0.023928303489943643
0.10755377688844422,-0.39244622311155575,0.04121882247352576,-0.017901230955201908
0.10805402701350675,-0.39194597298649325,0.044600566890022016,-0.02153417828341749
0.10855427713856929,-0.3914457228614307,0.04928890802596374,-0.029738851885051557
0.10905452726363181,-0.3909454727363682,0.04364556750881156,-0.013346140949877305
0.10955477738869435,-0.39044522261130565,0.05732624197849683,-0.016302568694383665
0.11005502751375688,-0.3899449724862431,0.039226602859428784,-0.035435944046516336
0.11055527763881941,-0.3894447223611806,0.044029262194250685,-0.026947223312078914
0.11105552776388194,-0.38894447223611806,0.025777825083457096,-0.03745597693523437
0.11155577788894447,-0.38844422211105556,0.034643551389908725,-0.01805523719363324
0.112056028014007,-0.387943971985993,0.04230179146547708,-0.04165995434788105
0.11255627813906953,-0.38744372186093046,0.03504752683135079,-0.0207545470805374
0.11305652826413207,-0.38694347173586796,0.04022975893155588,-0.047796767814366085
0.1135567783891946,-0.3864432216108054,0.033395715192247835,-0.04026033501668985
0.11405702851425713,-0.38594297148574286,0.028865655314815428,-0.047371598228092754
0.11455727863931967,-0.38544272136068036,0.055838708632046055,-0.02712881926104905
0.11505752876438219,-0.3849424712356178,0.03517409365512912,-0.02629068484575091
0.11555777888944473,-0.38444222111055526,0.043104158525925404,-0.031105719159788582
0.11605802901450725,-0.38394197098549276,0.03523022064240888,-0.04659280090050263
0.11655827913956979,-0.3834417208604302,0.04028409698328206,-0.01268758370953102
0.11705852926463231,-0.38294147073536766,0.03196300233698384,-0.034440289618169806
0.11755877938969485,-0.38244122061030517,0.038933830244744054,-0.03644311008075051
0.11805902951475739,-0.3819409704852426,0.03859826191970198,-0.026707045210373426
0.11855927963981991,-0.38144072036018006,0.03786896562553887,-0.020567311478797222
0.11905952976488245,-0.38094047023511757,0.032016487224153733,-0.04220015091085903
0.11955977988994497,-0.380440220110055,0.04973845905464728,-0.03278892943576521
0.12006003001500751,-0.37993996998499246,0.04136417661996521,-0.03887435853695931
0.12056028014007003,-0.37943971985992997,0.048477235297611,-0.06442557904679683
0.12106053026513257,-0.3789394697348674,0.041596294031939075,-0.042084663343623104
0.12156078039019509,-0.3784392196098049,0.039353244814978254,-0.04623507847809222
0.12206103051525763,-0.37793896948474237,0.03850175901908642,-0.04945918629682166
0.12256128064032017,-0.3774387193596798,0.04999158124649116,-0.03803014224127091
0.12306153076538269,-0.3769384692346173,0.048619706383870004,-0.0588873141157506
0.12356178089044523,-0.3764382191095548,0.04425124189595721,-0.044540055725771514
0.12406203101550775,-0.3759379689844923,0.04527091684040182,-0.05210306216415109
0.12456228114057029,-0.3754377188594297,0.049535787821144324,-0.0519240252545746
0.12506253126563283,-0.3749374687343672,0.049390071590460695,-0.053589071074451114
0.12556278139069535,-0.3744372186093047,0.046298285909197705,-0.05812585919043657
0.12606303151575787,-0.3739369684842421,0.040332485819187094,-0.04457314759591504
0.1265632816408204,-0.3734367183591796,0.033157404951846575,-0.05345597989351414
0.12706353176588295,-0.3729364682341171,0.035682711463101986,-0.04119380819842463
0.12756378189094547,-0.37243621810905453,0.04921999241398318,-0.06283910638570898
0.128064032016008,-0.371935967983992,0.029191879985901503,-0.041374956230734006
0.12856428214107055,-0.3714357178589295,0.04396375558253378,-0.05479799893046704
0.12906453226613307,-0.37093546773386693,0.05007137615211085,-0.05107478738666451
0.1295647823911956,-0.3704352176088044,0.042442494224255764,-0.0655069837043304
0.13006503251625812,-0.3699349674837419,0.04907452209674266,-0.05089794716929895
0.13056528264132067,-0.36943471735867933,0.039721222147292436,-0.07083254866614318
0.1310655327663832,-0.3689344672336168,0.03611850833493812,-0.05430494743283463
0.13156578289144572,-0.3684342171085543,0.024891619221871823,-0.0512586789865401
0.13206603301650827,-0.36793396698349173,0.049842795096255596,-0.055324462101575926
0.1325662831415708,-0.3674337168584292,0.04781926117177283,-0.042811203882902875
0.1330665332666333,-0.3669334667333667,0.03854761850230436,-0.04083829890178495
0.13356678339169584,-0.3664332166083042,0.042331073581848795,-0.049408875302086465
0.1340670335167584,-0.3659329664832416,0.0430653267003514,-0.05647593995750173
0.1345672836418209,-0.3654327163581791,0.03552213817836093,-0.04565527204723133
0.13506753376688344,-0.3649324662331166,0.033928905003019316,-0.046919884573179214
0.135567783891946,-0.364432216108054,0.033408596850283,-0.05366653424948951
0.1360680340170085,-0.3639319659829915,0.043992753829543846,-0.05019472618790947
0.13656828414207103,-0.363431715857929,0.03751693327586233,-0.055610527238932374
0.13706853426713356,-0.36293146573286644,0.0474437640861714,-0.040323839967398495
0.1375687843921961,-0.3624312156078039,0.029821474659323232,-0.05488092563368646
0.13806903451725863,-0.3619309654827414,0.04384208758495767,-0.05740633050611404
0.13856928464232116,-0.36143071535767884,0.032713206076693965,-0.061514461768581906
0.13906953476738368,-0.3609304652326163,0.04737547341772361,-0.04846911308093743
0.13956978489244623,-0.3604302151075538,0.04157688177186547,-0.05563734188103243
0.14007003501750875,-0.35992996498249125,0.043016805659564686,-0.05117087077073039
0.14057028514257128,-0.3594297148574287,0.039695175726219493,-0.05408808828799354
0.14107053526763383,-0.3589294647323662,0.042173884369099995,-0.047841979931342246
0.14157078539269635,-0.35842921460730365,0.03335596358108497,-0.0657789360540689
0.14207103551775888,-0.3579289644822411,0.03294079892376569,-0.04835000779823838
0.1425712856428214,-0.3574287143571786,0.0400851638008854,-0.06257225645590996
0.14307153576788395,-0.35692846423211605,0.035549233647531944,-0.056230995207367414
0.14357178589294647,-0.3564282141070535,0.029108037750661227,-0.05953983709863975
0.144072036018009,-0.355927963981991,0.038847273234565154,-0.06676370652898173
0.14457228614307155,-0.35542771385692845,0.03365082802851225,-0.04433385534994581
0.14507253626813407,-0.3549274637318659,0.0421263352155828,-0.04389385667678381
0.1455727863931966,-0.3544272136068034,0.050681408778662965,-0.04801029795579433
0.14607303651825912,-0.3539269634817409,0.039440058946880394,-0.050144751708813134
0.14657328664332167,-0.3534267133566783,0.04344151401972545,-0.04506304673167587
0.1470735367683842,-0.3529264632316158,0.037313164669057944,-0.056814403287842125
0.14757378689344672,-0.3524262131065533,0.05334916263881332,-0.05586075656554324
0.14807403701850924,-0.35192596298149076,0.040317075263760715,-0.05755981976297653
0.1485742871435718,-0.3514257128564282,0.03823175724949935,-0.06518442551106089
0.14907453726863432,-0.3509254627313657,0.04644829561014806,-0.041288142835808464
0.14957478739369684,-0.35042521260630316,0.04879686888665532,-0.041397639651868046
0.1500750375187594,-0.3499249624812406,0.061390719031355165,-0.052598769763143705
0.15057528764382191,-0.3494247123561781,0.03775472893212657,-0.04074141099899003
0.15107553776888444,-0.34892446223111556,0.0279954479953112,-0.04178314451300806
0.15157578789394696,-0.348424212106053,0.03580038574814514,-0.048106042877797815
0.1520760380190095,-0.3479239619809905,0.053568230758062316,-0.036564342746800774
0.15257628814407204,-0.34742371185592796,0.026176350162037145,-0.03856701271930215
0.15307653826913456,-0.3469234617308654,0.060235593165343146,-0.030311619976597513
0.1535767883941971,-0.3464232116058029,0.04888199581125961,-0.05526737427900237
0.15407703851925963,-0.34592296148074037,0.057221996418012705,-0.026954664320021672
0.15457728864432216,-0.3454227113556778,0.05897898079228396,-0.02850639042778034
0.15507753876938468,-0.3449224612306153,0.04013096196702149,-0.007077467772163358
0.15557778889444723,-0.34442221110555277,0.052830847432466486,-0.04208865470587179
0.15607803901950976,-0.3439219609804902,0.04116248084615379,-0.04087403329973761
0.15657828914457228,-0.3434217108554277,0.04110162973149547,-0.040046036682914676
0.1570785392696348,-0.3429214607303652,0.037892554096766486,-0.04119069578794071
0.15757878939469736,-0.3424212106053026,0.043624491955615345,-0.03365561107974022
0.15807903951975988,-0.3419209604802401,0.031634150526249155,-0.016911480023034862
0.1585792896448224,-0.3414207103551776,0.050300123003329755,-0.04426904086998785
0.15907953976988495,-0.340920460230115,0.03833404624594104,-0.01775193707223821
0.15957978989494748,-0.3404202101050525,0.02974077796943775,-0.04054051845465814
0.16008004002001,-0.33991995997999,0.044028793363522584,-0.02714285573963683
0.16058029014507252,-0.3394197098549275,0.04432928389794263,-0.0371335654038668
0.16108054027013508,-0.3389194597298649,0.04958829031980826,-0.02194499020162452
0.1615807903951976,-0.33841920960480243,0.0470517094828159,-0.02782988568283489
0.16208104052026012,-0.3379189594797399,0.04537847242630753,-0.03102221785224026
0.16258129064532267,-0.3374187093546773,0.039784669641015624,-0.03316939764884176
0.1630815407703852,-0.33691845922961483,0.04018591422336617,-0.027685389897527248
0.16358179089544772,-0.3364182091045523,0.03810283420141089,-0.02736929177172088
0.16408204102051024,-0.33591795897948973,0.040632193274094425,-0.004918891870868063
0.1645822911455728,-0.33541770885442723,0.03650314964180346,-0.042276672188472086
0.16508254127063532,-0.3349174587293647,0.03497890104381042,-0.013973638080651976
0.16558279139569784,-0.33441720860430213,0.05042478043394579,-0.03744783493851464
0.1660830415207604,-0.33391695847923963,0.04563325857719243,-0.015001182304106046
0.16658329164582292,-0.3334167083541771,0.05411491751262254,-0.026068364072916385
0.16708354177088544,-0.33291645822911453,0.04577771649085285,-0.0060438292848083545
0.16758379189594796,-0.33241620810405204,0.0439679147003029,-0.0218375743292595
0.16808404202101052,-0.3319159579789895,0.03704967354904433,-0.01987726446847837
0.16858429214607304,-0.33141570785392693,0.03321286151624987,-0.030594996612854617
0.16908454227113556,-0.33091545772886444,0.05498890150735495,-0.03128095589036074
0.1695847923961981,-0.33041520760380194,0.043749600313776796,-0.029508047982579017
0.17008504252126064,-0.32991495747873933,0.04967161009297119,-0.010073853044545927
0.17058529264632316,-0.32941470735367684,0.05132933240922645,-0.02160753037732305
0.17108554277138568,-0.32891445722861434,0.04607220633147333,-0.012858867454822344
0.17158579289644824,-0.32841420710355174,0.03568145999158927,-0.030412592575223208
0.17208604302151076,-0.32791395697848924,0.04230691770693766,-0.028992802577758423
0.17258629314657328,-0.32741370685342674,0.04817938461343657,-0.025547535387346672
0.1730865432716358,-0.3269134567283642,0.048968067543563955,-0.04119944350734934
0.17358679339669836,-0.32641320660330164,0.04125407323239225,-0.03075498112066661
0.17408704352176088,-0.32591295647823915,0.02933765803684719,-0.009731231568295083
0.1745872936468234,-0.3254127063531766,0.033123289382822836,-0.019043047896516344
0.17508754377188596,-0.32491245622811404,0.047145802973011124,-0.028851003080813575
0.17558779389694848,-0.32441220610305155,0.06232322794879951,-0.02103172782069525
0.176088044022011,-0.323911955977989,0.037669314611683484,-0.03239274193215494
0.17658829414707353,-0.32341170585292645,0.029475301210607003,-0.01474509208362569
0.17708854427213608,-0.32291145572786395,0.03658842822616337,-0.022164659065311433
0.1775887943971986,-0.3224112056028014,0.029450541331080597,-0.017251364308862246
0.17808904452226113,-0.32191095547773885,0.04074191541202956,-0.027340382932574347
0.17858929464732365,-0.32141070535267635,0.0457904983051538,-0.03327206095726933
0.1790895447723862,-0.3209104552276138,0.04272994771441221,-0.020503722647799087
0.17958979489744872,-0.32041020510255125,0.02729273665816694,-0.03613945404847213
0.18009004502251125,-0.31990995497748875,0.05040246361278899,-0.02471355480360323
0.1805902951475738,-0.3194097048524262,0.050124641361422466,-0.026327742273302868
0.18109054527263632,-0.31890945472736365,0.046437866637195215,-0.013506462072430964
0.18159079539769885,-0.31840920460230115,0.03980267880643479,-0.025778731992836045
0.18209104552276137,-0.31790895447723866,0.032365124493826315,-0.01582515011724
0.18259129564782392,-0.31740870435217605,0.03892666833654075,-0.01623733894834764
0.18309154577288644,-0.31690845422711356,0.04456888899336561,-0.03601364589194239
0.18359179589794897,-0.31640820410205106,0.04663404916949377,-0.03461832447053958
0.18409204602301152,-0.31590795397698845,0.05113996005749761,-0.02643832546868368
0.18459229614807404,-0.31540770385192596,0.04886038130102571,-0.034246302340043264
0.18509254627313657,-0.31490745372686346,0.05631083832455615,-0.027739632772603946
0.1855927963981991,-0.3144072036018009,0.04301906798967618,-0.016803640742682906
0.18609304652326164,-0.31390695347673836,0.040583345118003156,-0.033933681001710195
0.18659329664832416,-0.31340670335167586,0.05090586397112186,-0.023813416778006136
0.1870935467733867,-0.3129064532266133,0.03681777343515259,-0.033883223226623536
0.1875937968984492,-0.31240620310155076,0.04230301198695072,-0.04318845798052603
0.18809404702351176,-0.31190595297648827,0.03847194683611589,-0.012263070236915308
0.18859429714857429,-0.3114057028514257,0.05436395050801477,-0.017928322122511976
0.1890945472736368,-0.31090545272636316,0.06508248913530983,-0.031733012954587345
0.18959479739869936,-0.31040520260130067,0.04387895210988056,-0.02845535598092614
0.19009504752376188,-0.3099049524762381,0.028415424792788385,-0.051294946393173266
0.1905952976488244,-0.30940470235117556,0.05949517444192334,-0.03944990683280971
0.19109554777388693,-0.30890445222611307,0.05219692125095156,-0.02770142369300122
0.19159579789894948,-0.3084042021010505,0.05842094142870986,-0.04340615447452981
0.192096048024012,-0.30790395197598797,0.044106171863549204,-0.04827355809400873
0.19259629814907453,-0.30740370185092547,0.05098731741923262,-0.029973975100934185
0.19309654827413708,-0.3069034517258629,0.0491762850572561,-0.03819987741970568
0.1935967983991996,-0.30640320160080037,0.05530926556494474,-0.04819308037446543
0.19409704852426213,-0.30590295147573787,0.03731884460361784,-0.0409714063933217
0.19459729864932465,-0.3054027013506754,0.04924617260858964,-0.03772103327844304
0.1950975487743872,-0.30490245122561277,0.03729876967170125,-0.05518384517898403
0.19559779889944973,-0.3044022011005503,0.045764755959750686,-0.049028048604356556
0.19609804902451225,-0.3039019509754878,0.040714023145075974,-0.03255073202147632
0.1965982991495748,-0.30340170085042517,0.035983475035554796,-0.06185327141178787
0.19709854927463732,-0.3029014507253627,0.0510846078693013,-0.0630919348912587
0.19759879939969985,-0.3024012006003002,0.03968164049808502,-0.04903341616626605
0.19809904952476237,-0.30190095047523763,0.05751608556388066,-0.041683427351793916
0.19859929964982492,-0.3014007003501751,0.03635288168330265,-0.01691703879210349
0.19909954977488745,-0.3009004502251126,0.04463578638031565,-0.053740028568996734
0.19959979989994997,-0.30040020010005003,0.032711269155989486,-0.05437095038888672
0.2001000500250125,-0.2998999499749875,0.0582779791555639,-0.054982824389016235
0.20060030015007504,-0.299399699849925,0.030557165095782088,-0.04816312683045617
0.20110055027513757,-0.29889944972486243,0.027582701972365786,-0.042687335400777925
0.2016008004002001,-0.2983991995997999,0.050460859770142585,-0.05835554747354826
0.20210105052526264,-0.2978989494747374,0.03112639057207579,-0.05856790051081039
0.20260130065032517,-0.29739869934967483,0.032565572838519886,-0.06396525952583546
0.2031015507753877,-0.2968984492246123,0.04080588587309319,-0.047337832498526286
0.2036018009004502,-0.2963981990995498,0.03450026939544359,-0.05794130566739205
0.20410205102551277,-0.29589794897448723,0.04024014030289066,-0.03604350814136984
0.2046023011505753,-0.2953976988494247,0.04980948248997103,-0.0381377005075555
0.2051025512756378,-0.2948974487243622,0.04930461060139714,-0.05153350706414336
0.20560280140070036,-0.29439719859929964,0.06269982007384231,-0.06013621699353102
0.2061030515257629,-0.2938969484742371,0.04168600074401397,-0.05321474056527187
0.2066033016508254,-0.2933966983491746,0.0522935447611078,-0.04103782163766945
0.20710355177588793,-0.2928964482241121,0.04480392335596667,-0.07359224524325211
0.20760380190095049,-0.2923961980990495,0.032891507129037434,-0.0471328492894446
0.208104052026013,-0.291895947973987,0.0525401713945819,-0.03965094814822076
0.20860430215107553,-0.2913956978489245,0.05581055779239255,-0.07494800262375512
0.20910455227613806,-0.29089544772386194,0.05049791582203569,-0.05701128394344329
0.2096048024012006,-0.2903951975987994,0.04502654484025733,-0.047618723195121435
0.21010505252626313,-0.2898949474737369,0.05235978597328173,-0.07259262579032524
0.21060530265132565,-0.28939469734867435,0.04506253847264114,-0.04404102678889527
0.2111055527763882,-0.2888944472236118,0.031734449313024375,-0.05942937468925213
0.21160580290145073,-0.2883941970985493,0.048750042705647666,-0.08701721546749505
0.21210605302651325,-0.28789394697348675,0.04225563958259464,-0.0533791271857983
0.21260630315157578,-0.2873936968484242,0.04706885850629122,-0.06081569293311787
0.21310655327663833,-0.2868934467233617,0.05787657205522968,-0.04576845979280089
0.21360680340170085,-0.28639319659829915,0.04248214274779693,-0.036593213759141
0.21410705352676337,-0.2858929464732366,0.044509488979608054,-0.06882574954449747
0.21460730365182593,-0.2853926963481741,0.04614474856506057,-0.044925382648063394
0.21510755377688845,-0.28489244622311155,0.03995968628092485,-0.06272690528938252
0.21560780390195097,-0.284392196098049,0.04685683398784941,-0.06019296553330143
0.2161080540270135,-0.2838919459729865,0.05739866341985973,-0.04185827673821593
0.21660830415207605,-0.28339169584792395,0.04498378032285625,-0.059709900621281634
0.21710855427713857,-0.2828914457228614,0.04330827987083473,-0.05826780917086505
0.2176088044022011,-0.2823911955977989,0.05198413941848766,-0.06580755942918734
0.21810905452726362,-0.2818909454727364,0.047465114514073495,-0.045883778045101326
0.21860930465232617,-0.2813906953476738,0.028903850155260806,-0.044547991724733685
0.2191095547773887,-0.2808904452226113,0.05544666525229521,-0.06010342570860222
0.21960980490245122,-0.2803901950975488,0.03612526853008369,-0.051850802173747136
0.22011005502751377,-0.2798899449724862,0.04660299203567771,-0.04542015955470431
0.2206103051525763,-0.2793896948474237,0.0368863214280294,-0.04926704973040757
0.22111055527763882,-0.2788894447223612,0.03465575848835857,-0.059092274843395506
0.22161080540270134,-0.27838919459729866,0.04769292357486603,-0.03041792958211076
0.2221110555277639,-0.2778889444722361,0.055257167140590535,-0.04996027782593552
0.2226113056528264,-0.2773886943471736,0.046823558278174866,-0.05079349734110639
0.22311155577788894,-0.27688844422211106,0.040425205259266704,-0.04479300711657888
0.2236118059029515,-0.2763881940970485,0.04711209747498173,-0.04794092893372222
0.224112056028014,-0.275887943971986,0.03163141063032469,-0.07498795868554337
0.22461230615307654,-0.27538769384692346,0.029557841421465197,-0.0463978110983365
0.22511255627813906,-0.2748874437218609,0.04334310335893948,-0.05372277260449431
0.2256128064032016,-0.2743871935967984,0.03628127298848898,-0.07033021298478066
0.22611305652826413,-0.27388694347173587,0.038162866596145144,-0.032609286852674044
0.22661330665332666,-0.2733866933466733,0.04793561912493557,-0.03350574633679124
0.2271135567783892,-0.2728864432216108,0.03536426730896365,-0.047312768001879356
0.22761380690345173,-0.27238619309654827,0.033550770903696826,-0.056260045454547575
0.22811405702851426,-0.2718859429714857,0.04410217672965223,-0.04687222238672587
0.22861430715357678,-0.2713856928464232,0.03901610354458733,-0.058668784654093906
0.22911455727863933,-0.27088544272136067,0.03576428051559245,-0.03230024488463073
0.22961480740370185,-0.2703851925962981,0.05317233363672193,-0.051182773993912314
0.23011505752876438,-0.2698849424712356,0.0360933101600482,-0.03591730703779833
0.2306153076538269,-0.2693846923461731,0.04804317452167715,-0.043884575577659
0.23111555777888945,-0.2688844422211105,0.046312598746533214,-0.05400564812327301
0.23161580790395198,-0.268384192096048,0.0531770397891767,-0.04518855919902532
0.2321160580290145,-0.26788394197098553,0.036674786135851414,-0.035433489144934424
0.23261630815407705,-0.2673836918459229,0.04748232766822118,-0.02869453910291675
0.23311655827913957,-0.2668834417208604,0.0427118630355349,-0.046700505928597924
0.2336168084042021,-0.26638319159579793,0.0508108668767498,-0.03771880597248787
0.23411705852926462,-0.2658829414707354,0.05356032368732681,-0.05515169914932101
0.23461730865432717,-0.2653826913456728,0.03602837860246489,-0.06836223732603407
0.2351175587793897,-0.26488244122061033,0.041221147883806236,-0.04351764400797498
0.23561780890445222,-0.2643821910955478,0.06140545904807937,-0.040561078916789624
0.23611805902951477,-0.26388194097048523,0.04971172133036805,-0.03598055788384977
0.2366183091545773,-0.26338169084542273,0.04130092450160282,-0.03810907566323213
0.23711855927963982,-0.2628814407203602,0.04571428170469876,-0.04643259419130408
0.23761880940470234,-0.26238119059529763,0.04405334510483642,-0.036530493930697135
0.2381190595297649,-0.26188094047023514,0.051727911025682013,-0.021792085647446027
0.23861930965482742,-0.2613806903451726,0.04451227546365329,-0.03465502302728767
0.23911955977988994,-0.26088044022011003,0.0469447514019369,-0.021700971485546887
0.23961980990495246,-0.26038019009504754,0.03619710377386749,-0.02145995249856511
0.24012006003001501,-0.259879939969985,0.04456370127611185,-0.04231580322522946
0.24062031015507754,-0.25937968984492243,0.030955481786098513,-0.028392548677647872
0.24112056028014006,-0.25887943971985994,0.044559977854368986,-0.03939676083861639
0.2416208104052026,-0.2583791895947974,0.03987383425262683,-0.03782039741174166
0.24212106053026514,-0.25787893946973484,0.05791523908778057,-0.022800496098118107
0.24262131065532766,-0.25737868934467234,0.027394936674506865,-0.04647756043782705
0.24312156078039018,-0.25687843921960984,0.04064109332930595,-0.024151814329109643
0.24362181090545273,-0.25637818909454724,0.03444780397642634,-0.030013027495887825
0.24412206103051526,-0.25587793896948474,0.0360687455280811,-0.04892988177862863
0.24462231115557778,-0.25537768884442225,0.03481871281653677,-0.032736777316455065
0.24512256128064033,-0.25487743871935964,0.04225360735614666,-0.04890420490987149
0.24562281140570286,-0.25437718859429714,0.04689799127238531,-0.02105720516395182
0.24612306153076538,-0.25387693846923465,0.039953756095699074,-0.022276902423840294
0.2466233116558279,-0.2533766883441721,0.054970389417736756,-0.028034062334673027
0.24712356178089045,-0.25287643821910955,0.04698012317094692,-0.019646078098485766
0.24762381190595298,-0.25237618809404705,0.0476595418647005,-0.03355207903593442
0.2481240620310155,-0.2518759379689845,0.04772805383886872,-0.026272832998346568
0.24862431215607803,-0.25137568784392195,0.0347688478465099,-0.025367936794558746
0.24912456228114058,-0.25087543771885945,0.043034103589371715,-0.032986451248981856
0.2496248124062031,-0.2503751875937969,0.04848045896647325,-0.05506131881720554
0.25012506253126565,-0.24987493746873435,0.04047344277846583,-0.023433052178671445
0.25062531265632815,-0.24937468734367185,0.04874738683720937,-0.03583087011952936
0.2511255627813907,-0.2488744372186093,0.05319383039962412,-0.04840855711575297
0.25162581290645325,-0.24837418709354675,0.03513344729351213,-0.04970324700541652
0.25212606303151575,-0.24787393696848425,0.05668909440214462,-0.03275082589773984
0.2526263131565783,-0.2473736868434217,0.044305387622089056,-0.04731563392928012
0.2531265632816408,-0.2468734367183592,0.045830368770078046,-0.04273588710435436
0.25362681340670334,-0.24637318659329666,0.041139755421302354,-0.04086432213097258
0.2541270635317659,-0.2458729364682341,0.05297652471076274,-0.020907089866951598
0.2546273136568284,-0.2453726863431716,0.037764016055136344,-0.022606818487890746
0.25512756378189094,-0.24487243621810906,0.04274145326721155,-0.036438668999622933
0.2556278139069535,-0.2443721860930465,0.054551290622057574,-0.03991175557748799
0.256128064032016,-0.243871935967984,0.0559386641258855,-0.022656934841179963
0.25662831415707854,-0.24337168584292146,0.046576622771637786,-0.048313754001226235
0.2571285642821411,-0.2428714357178589,0.046750196473131736,-0.02963505337086699
0.2576288144072036,-0.2423711855927964,0.044954881387533646,-0.04486156302312786
0.25812906453226614,-0.24187093546773386,0.049645967602265646,-0.01778045998103038
0.2586293146573287,-0.2413706853426713,0.038713055973669225,-0.036833200452815865
0.2591295647823912,-0.2408704352176088,0.04570232915766467,-0.04311496858477829
0.25962981490745374,-0.24037018509254626,0.04545826291657487,-0.026590846368494132
0.26013006503251623,-0.23986993496748377,0.044636482980706334,-0.04204185978312147
0.2606303151575788,-0.23936968484242122,0.046266913625395666,-0.03533347656108695
0.26113056528264134,-0.23886943471735866,0.044922419552240814,-0.039537880441859095
0.26163081540770383,-0.23836918459229617,0.0467720441674169,-0.02109716089207424
0.2621310655327664,-0.23786893446723362,0.045166042629870985,-0.019753708376896245
0.26263131565782893,-0.23736868434217107,0.04118135219866906,-0.033661085652674415
0.26313156578289143,-0.23686843421710857,0.05208058403105528,-0.038668388117039716
0.263631815907954,-0.23636818409204602,0.04342679587892477,-0.05451297014610856
0.26413206603301653,-0.23586793396698347,0.051211225368224415,-0.05266105172662384
0.26463231615807903,-0.23536768384192097,0.055262092197781595,-0.05515416784140323
0.2651325662831416,-0.23486743371685842,0.04087433989089756,-0.02370626693640667
0.2656328164082041,-0.23436718359179592,0.04767589088478815,-0.060704403679692945
0.2661330665332666,-0.23386693346673337,0.045719082693303124,-0.04158097839884043
0.2666333166583292,-0.23336668334167082,0.04290812771182964,-0.06027746104654555
0.2671335667833917,-0.23286643321660833,0.04383811707903727,-0.057472355337712534
0.2676338169084542,-0.23236618309154577,0.04044356801138089,-0.0447101543095361
0.2681340670335168,-0.23186593296648322,0.057945135639515165,-0.032354160272182075
0.26863431715857927,-0.23136568284142073,0.04022293525974689,-0.06312004989100328
0.2691345672836418,-0.23086543271635818,0.03395154247616872,-0.04226862772975897
0.2696348174087044,-0.23036518259129563,0.03653527898276976,-0.030680897812936623
0.27013506753376687,-0.22986493246623313,0.04526900297809632,-0.059367519289899404
0.2706353176588294,-0.22936468234117058,0.035426360825387575,-0.04927961696677147
0.271135567783892,-0.22886443221610803,0.03513327635911113,-0.057813682709252356
0.27163581790895447,-0.22836418209104553,0.0345328079129718,-0.057922048444786975
0.272136068034017,-0.22786393196598298,0.03306597600543094,-0.05616781273218235
0.2726363181590795,-0.22736368184092048,0.04264814691829853,-0.07489477380461318
0.27313656828414207,-0.22686343171585793,0.05017308864674043,-0.06857605379855945
0.2736368184092046,-0.22636318159079538,0.038872766941754684,-0.06242411966864268
0.2741370685342671,-0.22586293146573289,0.03567540573446001,-0.06009358408769801
0.27463731865932967,-0.22536268134067033,0.03206573795966523,-0.05900700512245728
0.2751375687843922,-0.22486243121560778,0.055305826971844434,-0.03853988121988426
0.2756378189094547,-0.2243621810905453,0.047075445502741495,-0.0656366576907118
0.27613806903451726,-0.22386193096548274,0.04181853368552935,-0.06033987144572296
0.2766383191595798,-0.22336168084042018,0.04282004558547771,-0.06440953873664454
0.2771385692846423,-0.2228614307153577,0.06598597028193255,-0.05454050340573148
0.27763881940970486,-0.22236118059029514,0.040914292121541025,-0.06223539102204297
0.27813906953476736,-0.22186093046523264,0.034563837543063476,-0.05776565993108289
0.2786393196598299,-0.2213606803401701,0.036413487156429725,-0.05978851338799278
0.27913956978489246,-0.22086043021510754,0.05103575571474723,-0.07220072899594636
0.27963981990995496,-0.22036018009004504,0.035661074677481176,-0.06639183695035651
0.2801400700350175,-0.2198599299649825,0.05952698994803848,-0.04436757142808278
0.28064032016008006,-0.21935967983991994,0.050048775320723875,-0.04472362243672674
0.28114057028514255,-0.21885942971485745,0.04960679052101479,-0.06568935715067585
0.2816408204102051,-0.2183591795897949,0.047274311009700504,-0.08041920695918983
0.28214107053526766,-0.21785892946473234,0.037586216860204066,-0.07288511770225223
0.28264132066033015,-0.21735867933966985,0.04829884536667881,-0.060607896714999256
0.2831415707853927,-0.2168584292146073,0.037571569115541374,-0.06576885527009003
0.2836418209104552,-0.2163581790895448,0.05424940617258275,-0.07737608168393872
0.28414207103551775,-0.21585792896448225,0.050491321065802355,-0.08208149927581732
0.2846423211605803,-0.2153576788394197,0.052882625935066395,-0.06784361790918074
0.2851425712856428,-0.2148574287143572,0.038893321339634856,-0.0639953443370325
0.28564282141070535,-0.21435717858929465,0.05096795786608112,-0.060953114901399624
0.2861430715357679,-0.2138569284642321,0.053433644880624284,-0.07446738276563888
0.2866433216608304,-0.2133566783391696,0.039485796833211816,-0.0526266809644167
0.28714357178589295,-0.21285642821410705,0.04788610257373183,-0.04741696122956299
0.2876438219109555,-0.2123561780890445,0.036657306298996155,-0.06840245645115547
0.288144072036018,-0.211855927963982,0.04141491304968153,-0.06227759573686642
0.28864432216108055,-0.21135567783891945,0.03697825556691044,-0.06294390137662392
0.2891445722861431,-0.2108554277138569,0.05440832276629776,-0.06074472672259985
0.2896448224112056,-0.2103551775887944,0.04740883352026935,-0.07492918730604291
0.29014507253626814,-0.20985492746373186,0.058580917353781015,-0.07444208465580043
0.29064532266133064,-0.20935467733866936,0.03914930366309147,-0.06516724417228166
0.2911455727863932,-0.2088544272136068,0.05515062184200894,-0.0477607547980453
0.29164582291145574,-0.20835417708854426,0.05920717652402868,-0.08244909378996301
0.29214607303651824,-0.20785392696348176,0.05146548220547596,-0.06582120775815388
0.2926463231615808,-0.2073536768384192,0.04763672646987517,-0.06903090320027694
0.29314657328664334,-0.20685342671335666,0.05208901507626141,-0.07121674461827537
0.29364682341170584,-0.20635317658829416,0.04341423911297832,-0.060107197102650944
0.2941470735367684,-0.2058529264632316,0.049232863823488474,-0.058454905105690534
0.29464732366183094,-0.20535267633816906,0.057683744040572554,-0.06701034489565966
0.29514757378689344,-0.20485242621310656,0.04741465009270527,-0.05320778827381628
0.295647823911956,-0.204352176088044,0.04450960568094852,-0.07061653471786897
0.2961480740370185,-0.20385192596298152,0.05482010258500656,-0.04852302289730872
0.29664832416208103,-0.20335167583791897,0.040629475638971006,-0.06428480515450201
0.2971485742871436,-0.20285142571285641,0.048492411690711876,-0.06035326707962647
0.2976488244122061,-0.20235117558779392,0.03792944438117427,-0.0584731257887998
0.29814907453726863,-0.20185092546273137,0.03691499766820977,-0.06712523029777205
0.2986493246623312,-0.20135067533766882,0.03284692305699416,-0.050814517301461526
0.2991495747873937,-0.20085042521260632,0.03978113276080575,-0.052778732056444226
0.29964982491245623,-0.20035017508754377,0.03665888086606376,-0.06717902201977038
0.3001500750375188,-0.19984992496248122,0.039137813363292,-0.07196390365845978
0.3006503251625813,-0.19934967483741872,0.05190316455002474,-0.05882559231296379
0.30115057528764383,-0.19884942471235617,0.047639305125981725,-0.06718335106386074
0.3016508254127064,-0.19834917458729362,0.04367300551088116,-0.04950434048771588
0.3021510755377689,-0.19784892446223112,0.05783779399415907,-0.06726555161395104
0.3026513256628314,-0.19734867433716857,0.04746546937222348,-0.047685031587216084
0.3031515757878939,-0.19684842421210608,0.03815781991867707,-0.05965171932197471
0.3036518259129565,-0.19634817408704353,0.052333600889355195,-0.072098232071967
0.304152076038019,-0.19584792396198097,0.040837207477468676,-0.06107932152179732
0.3046523261630815,-0.19534767383691848,0.05159214348411083,-0.07541784157689926
0.3051525762881441,-0.19484742371185593,0.04500883979544487,-0.06008569429242053
0.3056528264132066,-0.19434717358679338,0.048388332665610746,-0.05147380734498495
0.3061530765382691,-0.19384692346173088,0.05058097125627089,-0.06423389431358359
0.30665332666333167,-0.19334667333666833,0.041828868833660604,-0.04520944306457627
0.3071535767883942,-0.19284642321160578,0.04463457834072094,-0.0567779119497076
0.3076538269134567,-0.19234617308654328,0.05105944199693196,-0.05578553493667358
0.30815407703851927,-0.19184592296148073,0.0440486006283927,-0.050897922208694574
0.30865432716358177,-0.19134567283641823,0.03850486921122682,-0.040702199491441424
0.3091545772886443,-0.19084542271135568,0.03380026409523329,-0.05104102370113214
0.30965482741370687,-0.19034517258629313,0.04809681020257581,-0.06720822781475914
0.31015507753876936,-0.18984492246123064,0.05345781658553065,-0.04777040282265866
0.3106553276638319,-0.18934467233616809,0.04387450584707268,-0.06459666802255133
0.31115557778889447,-0.18884442221110553,0.0533832452221927,-0.05330082082141492
0.31165582791395696,-0.18834417208604304,0.0527711236353787,-0.03954753391223386
0.3121560780390195,-0.1878439219609805,0.05525122959704604,-0.047616398257900476
0.31265632816408206,-0.18734367183591794,0.046870953416049854,-0.04343261578265193
0.31315657828914456,-0.18684342171085544,0.04948391696547122,-0.05196560094928127
0.3136568284142071,-0.1863431715857929,0.036701063386932714,-0.05440335972031125
0.3141570785392696,-0.1858429214607304,0.03803352122851748,-0.046208400136705415
0.31465732866433216,-0.18534267133566784,0.04478485575337383,-0.04373311977352168
0.3151575787893947,-0.1848424212106053,0.03949881245840414,-0.06653414419365353
0.3156578289144572,-0.1843421710855428,0.03948640295679638,-0.052242682011446086
0.31615807903951976,-0.18384192096048024,0.04563021545607165,-0.04833071737363904
0.3166583291645823,-0.1833416708354177,0.05374170796785663,-0.025632780400136196
0.3171585792896448,-0.1828414207103552,0.04589214628936132,-0.032145216335067985
0.31765882941470736,-0.18234117058529264,0.04572950924619698,-0.040698936993758636
0.3181590795397699,-0.1818409204602301,0.04295072250053679,-0.04192217316658962
0.3186593296648324,-0.1813406703351676,0.05059767168947772,-0.04467754406269561
0.31915957978989495,-0.18084042021010505,0.05852087186403381,-0.03902730724338502
0.3196598299149575,-0.1803401700850425,0.04069322024134963,-0.029772619979422432
0.32016008004002,-0.17983991995998,0.04320895926161286,-0.03128232920926378
0.32066033016508255,-0.17933966983491745,0.03942808572336359,-0.04796337021560084
0.32116058029014505,-0.17883941970985495,0.053638523012330644,-0.049383014305094564
0.3216608304152076,-0.1783391695847924,0.04452433087227906,-0.03653093603993621
0.32216108054027015,-0.17783891945972985,0.036604277855302764,-0.025043516443962927
0.32266133066533265,-0.17733866933466735,0.04146314318229392,-0.04212069334042115
0.3231615807903952,-0.1768384192096048,0.04786954107390786,-0.051439256903753665
0.32366183091545775,-0.17633816908454225,0.04268727905368572,-0.03659712635599333
0.32416208104052024,-0.17583791895947976,0.03992748546384663,-0.05208395329087112
0.3246623311655828,-0.1753376688344172,0.03519004783244567,-0.04490053813808838
0.32516258129064535,-0.17483741870935465,0.04065920164421799,-0.04109409438431314
0.32566283141570784,-0.17433716858429216,0.05400137510162019,-0.03917818563703434
0.3261630815407704,-0.1738369184592296,0.048405014352447255,-0.044135609413234994
0.3266633316658329,-0.1733366683341671,0.03765072538062464,-0.03615091370908409
0.32716358179089544,-0.17283641820910456,0.053713031605929135,-0.028944659046677416
0.327663831915958,-0.172336168084042,0.04166980108360542,-0.04080692351449498
0.3281640820410205,-0.1718359179589795,0.04856090388508697,-0.05008790976666308
0.32866433216608304,-0.17133566783391696,0.038872168051292566,-0.07058501813395318
0.3291645822911456,-0.1708354177088544,0.05548995151046432,-0.057433829587193376
0.3296648324162081,-0.1703351675837919,0.03930935678270032,-0.04557049356908561
0.33016508254127064,-0.16983491745872936,0.04317514548186061,-0.04848786168786546
0.3306653326663332,-0.1693346673336668,0.03795056564560769,-0.045235117351152265
0.3311655827913957,-0.16883441720860431,0.03412574403839918,-0.04191327038179519
0.33166583291645824,-0.16833416708354176,0.047098368889761155,-0.04290314198468678
0.3321660830415208,-0.1678339169584792,0.04512859676461628,-0.0467617982740431
0.3326663331665833,-0.16733366683341672,0.028103816498759544,-0.04597942278937691
0.33316658329164583,-0.16683341670835417,0.06944499503237075,-0.06177914979814362
0.33366683341670833,-0.16633316658329167,0.05230797851355445,-0.03880202598701679
0.3341670835417709,-0.16583291645822912,0.04316070695580562,-0.06191323862379666
0.33466733366683343,-0.16533266633316657,0.03853090022137793,-0.03733644711291707
0.33516758379189593,-0.16483241620810407,0.0442519555157344,-0.033316449466766165
0.3356678339169585,-0.16433216608304152,0.044743344747882996,-0.037078598139352735
0.33616808404202103,-0.16383191595797897,0.03810930275747661,-0.041161803535395135
0.3366683341670835,-0.16333166583291647,0.03863390112920126,-0.045299199993561835
0.3371685842921461,-0.16283141570785392,0.04256803775084721,-0.06205527642421174
0.33766883441720863,-0.16233116558279137,0.03672334434306975,-0.05141785872248651
0.3381690845422711,-0.16183091545772887,0.05381725732923736,-0.04784406528140219
0.3386693346673337,-0.16133066533266632,0.04971566165560777,-0.051243495992761325
0.3391695847923962,-0.16083041520760383,0.05476516815312387,-0.0377786218941504
0.3396698349174587,-0.16033016508254128,0.047537154057410894,-0.05638267758447097
0.3401700850425213,-0.15982991495747872,0.05105127464740389,-0.07111403682678137
0.34067033516758377,-0.15932966483241623,0.046589611098724656,-0.06475103547446732
0.3411705852926463,-0.15882941470735368,0.04127104393847314,-0.05071964302541313
0.3416708354177089,-0.15832916458229113,0.038319322556753584,-0.03564911839220583
0.34217108554277137,-0.15782891445722863,0.05534596857181883,-0.05138510151705368
0.3426713356678339,-0.15732866433216608,0.03783719761139913,-0.04310798035727727
0.34317158579289647,-0.15682841420710353,0.06274886376395165,-0.043557196910924495
0.34367183591795897,-0.15632816408204103,0.05697006628577586,-0.05665796313318498
0.3441720860430215,-0.15582791395697848,0.038853032713142326,-0.054294338173122667
0.344672336168084,-0.15532766383191599,0.05692127161535205,-0.06005447255055561
0.34517258629314657,-0.15482741370685343,0.05525263734892872,-0.056877302956810157
0.3456728364182091,-0.15432716358179088,0.04361070443717325,-0.0790438830178025
0.3461730865432716,-0.1538269134567284,0.0509460888664323,-0.060003061899073167
0.34667333666833416,-0.15332666333166584,0.05363736255750042,-0.0710527822570674
0.3471735867933967,-0.15282641320660328,0.05701552737447632,-0.0628846553824606
0.3476738369184592,-0.1523261630815408,0.049518274576854836,-0.06852601638989404
0.34817408704352176,-0.15182591295647824,0.058072995444430425,-0.04610803366488124
0.3486743371685843,-0.15132566283141569,0.04396755655375925,-0.05060012583464593
0.3491745872936468,-0.1508254127063532,0.05481522340307796,-0.06736048799445224
0.34967483741870936,-0.15032516258129064,0.061734033692481816,-0.05857891441456003
0.3501750875437719,-0.1498249124562281,0.04391057610499696,-0.07152346104396137
0.3506753376688344,-0.1493246623311656,0.05916765742549773,-0.07596418598708785
0.35117558779389696,-0.14882441220610304,0.037941573700792916,-0.05989085214568822
0.35167583791895946,-0.14832416208104054,0.048241632525329634,-0.06695192007701577
0.352176088044022,-0.147823911955978,0.04718268817084122,-0.06803593686406179
0.35267633816908456,-0.14732366183091544,0.060522606851843914,-0.07575309449730047
0.35317658829414705,-0.14682341170585295,0.06318165605018787,-0.08102155947898029
0.3536768384192096,-0.1463231615807904,0.04475913261352668,-0.07006856491053369
0.35417708854427216,-0.14582291145572784,0.04432255259198742,-0.08032528810425926
0.35467733866933465,-0.14532266133066535,0.0353510758643197,-0.08490197284457311
0.3551775887943972,-0.1448224112056028,0.049168539953138975,-0.07658696787529695
0.35567783891945975,-0.14432216108054025,0.042359249981477436,-0.05604332894197375
0.35617808904452225,-0.14382191095547775,0.041595012890693644,-0.08233209854074496
0.3566783391695848,-0.1433216608304152,0.03463252387616443,-0.05982685814498209
0.3571785892946473,-0.1428214107053527,0.03571270895046772,-0.0653345641612257
0.35767883941970985,-0.14232116058029015,0.048129955953102446,-0.09284323808823529
0.3581790895447724,-0.1418209104552276,0.046636349835557415,-0.0786390128901259
0.3586793396698349,-0.1413206603301651,0.047080921505966655,-0.09094897248425639
0.35917958979489745,-0.14082041020510255,0.04640336643996209,-0.07588373785027264
0.35967983991996,-0.14032016008004,0.035489366330083386,-0.08596084841722891
0.3601800900450225,-0.1398199099549775,0.04329472326506873,-0.07151495626286371
0.36068034017008505,-0.13931965982991495,0.046445607549979555,-0.08001946298471597
0.3611805902951476,-0.1388194097048524,0.04936752859248278,-0.08664017097980574
0.3616808404202101,-0.1383191595797899,0.05289644851873483,-0.0815122628453162
0.36218109054527264,-0.13781890945472736,0.041061355949810134,-0.07760376139255229
0.3626813406703352,-0.1373186593296648,0.06118689519123871,-0.08726617074237755
0.3631815907953977,-0.1368184092046023,0.04456973795602992,-0.07736349957148894
0.36368184092046024,-0.13631815907953976,0.02997276484522977,-0.08489138508657178
0.36418209104552274,-0.13581790895447726,0.05776980320949185,-0.06650713550117804
0.3646823411705853,-0.1353176588294147,0.04596973947720298,-0.07963168292623514
0.36518259129564784,-0.13481740870435216,0.04448982324458436,-0.0731732528528464
0.36568284142071034,-0.13431715857928966,0.05827900534442571,-0.08305183341598962
0.3661830915457729,-0.1338169084542271,0.05691141066101855,-0.0868279671075533
0.36668334167083544,-0.13331665832916456,0.05200375562284615,-0.07956355304201053
0.36718359179589793,-0.13281640820410207,0.04162842053083135,-0.07008629370504353
0.3676838419209605,-0.13231615807903951,0.036323528977083845,-0.07811240581154423
0.36818409204602304,-0.13181590795397696,0.054621920381139125,-0.08394489561064415
0.36868434217108553,-0.13131565782891447,0.04510987710196498,-0.08135075390462611
0.3691845922961481,-0.13081540770385192,0.056734513991908264,-0.09197447684401913
0.3696848424212106,-0.13031515757878942,0.03772283258010217,-0.07695225614913852
0.37018509254627313,-0.12981490745372687,0.03515312779838797,-0.07733378304590817
0.3706853426713357,-0.12931465732866432,0.041039173591737935,-0.09293705974495932
0.3711855927963982,-0.12881440720360182,0.04723979892094611,-0.07502160906637699
0.37168584292146073,-0.12831415707853927,0.03558568807398775,-0.05609081527297201
0.3721860930465233,-0.12781390695347672,0.06352890832844071,-0.0693684852437311
0.3726863431715858,-0.12731365682841422,0.05732528565615852,-0.06971435435098235
0.37318659329664833,-0.12681340670335167,0.05058595848653041,-0.08617167845019268
0.3736868434217109,-0.12631315657828912,0.052731943111597616,-0.05972195326081957
0.3741870935467734,-0.12581290645322663,0.039761329907535524,-0.08310517246994195
0.3746873436718359,-0.12531265632816407,0.04404587284955806,-0.08149075703138
0.3751875937968984,-0.12481240620310158,0.043668041000574254,-0.06768852562782496
0.375687843921961,-0.12431215607803903,0.04524245630865591,-0.06871235603330528
0.3761880940470235,-0.12381190595297648,0.04940756003547789,-0.08071591775288783
0.376688344172086,-0.12331165582791398,0.03902413279669851,-0.0935339188781146
0.37718859429714857,-0.12281140570285143,0.04679527733281134,-0.0855635775625696
0.3776888444222111,-0.12231115557778888,0.045106076734467995,-0.06283151838131186
0.3781890945472736,-0.12181090545272638,0.05090720789026224,-0.08462703238904479
0.37868934467233617,-0.12131065532766383,0.041976323405447276,-0.07256222774021644
0.3791895947973987,-0.12081040520260128,0.04357055318054969,-0.06937472531336526
0.3796898449224612,-0.12031015507753878,0.03512740608159569,-0.07812735294740279
0.38019009504752377,-0.11980990495247623,0.03410687160495394,-0.06404638377892735
0.3806903451725863,-0.11930965482741368,0.04505537153414368,-0.06221438903744597
0.3811905952976488,-0.11880940470235118,0.052613551180567986,-0.08335003384648991
0.38169084542271137,-0.11830915457728863,0.055882934661689136,-0.08723789098255684
0.38219109554777386,-0.11780890445222614,0.036449604085953644,-0.071488851684562
0.3826913456728364,-0.11730865432716359,0.0626723550262356,-0.06108796658780396
0.38319159579789897,-0.11680840420210103,0.042173364768357265,-0.04120119402910474
0.38369184592296146,-0.11630815407703854,0.049177447348678176,-0.08613172920005713
0.384192096048024,-0.11580790395197599,0.05746591080343586,-0.06933958341234767
0.38469234617308656,-0.11530765382691344,0.041855958387233314,-0.07346000533982107
0.38519259629814906,-0.11480740370185094,0.05399444948029557,-0.06294402196293374
0.3856928464232116,-0.11430715357678839,0.040358675503655114,-0.04399189896148105
0.38619309654827416,-0.11380690345172584,0.054547558701483624,-0.06949713330345776
0.38669334667333666,-0.11330665332666334,0.03855624067509916,-0.07977752165708167
0.3871935967983992,-0.11280640320160079,0.04873330000741757,-0.06471319374719568
0.3876938469234617,-0.1123061530765383,0.044048835916815306,-0.07580430926932508
0.38819409704852426,-0.11180590295147574,0.06266338044949232,-0.05677307342896229
0.3886943471735868,-0.11130565282641319,0.04351910035807195,-0.07784041573191337
0.3891945972986493,-0.1108054027013507,0.05968687934075988,-0.06243932056293613
0.38969484742371185,-0.11030515257628815,0.0427045801851293,-0.0738271282888259
0.3901950975487744,-0.1098049024512256,0.06447999416664882,-0.05897333154195626
0.3906953476738369,-0.1093046523261631,0.045263567471567505,-0.06872501566891587
0.39119559779889945,-0.10880440220110055,0.05397790710811748,-0.050705754658487354
0.391695847923962,-0.108304152076038,0.04669307697021066,-0.06535969956365857
0.3921960980490245,-0.1078039019509755,0.04680113510155429,-0.06821468187197705
0.39269634817408705,-0.10730365182591295,0.04830978661831663,-0.05422217786413075
0.3931965982991496,-0.1068034017008504,0.04667195677505608,-0.06185189209726476
0.3936968484242121,-0.1063031515757879,0.05380868583388293,-0.05945970775929012
0.39419709854927465,-0.10580290145072535,0.05318326465209987,-0.06774354770810943
0.39469734867433715,-0.10530265132566285,0.05171324310031881,-0.06715588068300629
0.3951975987993997,-0.1048024012006003,0.0481439688341292,-0.05064768322317155
0.39569784892446225,-0.10430215107553775,0.06131361640830555,-0.05823227933528248
0.39619809904952474,-0.10380190095047526,0.04905739972729934,-0.06284454746428154
0.3966983491745873,-0.1033016508254127,0.05532308762257708,-0.05158803390711099
0.39719859929964985,-0.10280140070035015,0.046221156013928975,-0.06572770954887955
0.39769884942471234,-0.10230115057528766,0.04566762454895787,-0.07432766112712283
0.3981990995497749,-0.1018009004502251,0.045521518535410435,-0.0530065258394388
0.39869934967483744,-0.10130065032516256,0.05585277629418095,-0.058350923587193064
0.39919959979989994,-0.10080040020010006,0.05347471242775994,-0.05940054928174833
0.3996998499249625,-0.10030015007503751,0.03839006766271667,-0.06178148944488131
0.400200100050025,-0.09979989994997501,0.05338783969975949,-0.04663287951285317
0.40070035017508754,-0.09929964982491246,0.04078087407933674,-0.05786632044231463
0.4012006003001501,-0.09879939969984991,0.051325269600296056,-0.06645877490260937
0.4017008504252126,-0.09829914957478741,0.04925840577387678,-0.07276338978369548
0.40220110055027514,-0.09779889944972486,0.04694259710782277,-0.058236122456455236
0.4027013506753377,-0.09729864932466231,0.03637310466555537,-0.05875957612609475
0.4032016008004002,-0.09679839919959982,0.05730674087805765,-0.06099721087257983
0.40370185092546274,-0.09629814907453726,0.059710698617506865,-0.061377759251306105
0.4042021010505253,-0.09579789894947471,0.05649761559686079,-0.05601681144995534
0.4047023511755878,-0.09529764882441222,0.04947824908838664,-0.06815737060359857
0.40520260130065033,-0.09479739869934967,0.05759438137020953,-0.06153847370307787
0.40570285142571283,-0.09429714857428717,0.05135525974683467,-0.06985979443516609
0.4062031015507754,-0.09379689844922462,0.0591216343216103,-0.07795494425206335
0.40670335167583793,-0.09329664832416207,0.050900359931767,-0.05270953535465033
0.4072036018009004,-0.09279639819909957,0.051265167778211315,-0.07786718851893204
0.407703851925963,-0.09229614807403702,0.03454383612169188,-0.07420344186045466
0.40820410205102553,-0.09179589794897447,0.04446084641674568,-0.049987590036699246
0.408704352176088,-0.09129564782391197,0.03946228248525388,-0.07417344703470631
0.4092046023011506,-0.09079539769884942,0.050061110377354535,-0.04690084272884974
0.40970485242621313,-0.09029514757378687,0.048516864760384006,-0.07190320608435076
0.4102051025512756,-0.08979489744872438,0.02377860245747621,-0.06383665546307188
0.4107053526763382,-0.08929464732366182,0.036835335684332185,-0.05791445363884914
0.4112056028014007,-0.08879439719859927,0.06281389397978542,-0.07275975437792431
0.4117058529264632,-0.08829414707353678,0.05065003457457222,-0.057717812281371225
0.4122061030515258,-0.08779389694847423,0.050328712385809014,-0.0703117114128091
0.41270635317658827,-0.08729364682341173,0.05317743232167679,-0.06225754324981226
0.4132066033016508,-0.08679339669834918,0.05181445134476251,-0.07762508206234525
0.4137068534267134,-0.08629314657328663,0.05220102758297755,-0.04911173205672919
0.41420710355177587,-0.08579289644822413,0.04482148384245777,-0.06847560605995066
0.4147073536768384,-0.08529264632316158,0.044822433575984234,-0.06519020213678288
0.41520760380190097,-0.08479239619809903,0.043813391926485264,-0.06749556209119795
0.41570785392696347,-0.08429214607303653,0.056831223540724896,-0.05716703491479211
0.416208104052026,-0.08379189594797398,0.05028485694613925,-0.050519442901046485
0.41670835417708857,-0.08329164582291143,0.05276102302385805,-0.05972208403313921
0.41720860430215106,-0.08279139569784894,0.05684322568409869,-0.0740530562870966
0.4177088544272136,-0.08229114557278638,0.04105311957409937,-0.06662666505758758
0.4182091045522761,-0.08179089544772389,0.05810447640942268,-0.08878290462559245
0.41870935467733866,-0.08129064532266134,0.04974829149409834,-0.06576138403189856
0.4192096048024012,-0.08079039519759879,0.03616012845536043,-0.0866961699057429
0.4197098549274637,-0.08029014507253629,0.04762935389480324,-0.07176565844159745
0.42021010505252626,-0.07978989494747374,0.047987538674350315,-0.08871324588421298
0.4207103551775888,-0.07928964482241119,0.03675752288305173,-0.07767848654283722
0.4212106053026513,-0.07878939469734869,0.05889386695683102,-0.07404262704181458
0.42171085542771386,-0.07828914457228614,0.04337574098191437,-0.07687743852570289
0.4222111055527764,-0.07778889444722359,0.04745957448309748,-0.07013263846847655
0.4227113556778389,-0.07728864432216109,0.04433160701339786,-0.07265144287715779
0.42321160580290146,-0.07678839419709854,0.05071211573765628,-0.07557333935935162
0.423711855927964,-0.07628814407203599,0.05216637923059406,-0.09390984526791964
0.4242121060530265,-0.0757878939469735,0.04826895052186916,-0.10836684929327323
0.42471235617808906,-0.07528764382191094,0.06142274269670357,-0.09251418862484961
0.42521260630315155,-0.07478739369684845,0.0449171395530253,-0.0842680943713363
0.4257128564282141,-0.0742871435717859,0.051740739077861767,-0.08625865238877366
0.42621310655327665,-0.07378689344672335,0.05550541203233985,-0.11037008262632059
0.42671335667833915,-0.07328664332166085,0.046624912288543395,-0.08730343485896344
0.4272136068034017,-0.0727863931965983,0.05108224689214584,-0.08755846664221122
0.42771385692846425,-0.07228614307153575,0.04007826201054459,-0.09977590675404349
0.42821410705352675,-0.07178589294647325,0.05783138135096695,-0.10099926695341109
0.4287143571785893,-0.0712856428214107,0.03969889736649543,-0.08579535835173581
0.42921460730365185,-0.07078539269634815,0.05086682669823167,-0.09071309777969006
0.42971485742871435,-0.07028514257128565,0.0439338359581243,-0.11012193903331836
0.4302151075537769,-0.0697848924462231,0.05258467585787699,-0.08076772341656879
0.4307153576788394,-0.0692846423211606,0.053591396835953695,-0.08649254240326268
0.43121560780390195,-0.06878439219609805,0.05703517617307021,-0.08857694925261368
0.4317158579289645,-0.0682841420710355,0.06063927701764882,-0.11598738677433637
0.432216108054027,-0.06778389194597301,0.05251178038670654,-0.09577521936041757
0.43271635817908954,-0.06728364182091046,0.041898643649228656,-0.09887558241784546
0.4332166083041521,-0.0667833916958479,0.05470579897221736,-0.0893482045916799
0.4337168584292146,-0.06628314157078541,0.05082683356909638,-0.09897690699211792
0.43421710855427714,-0.06578289144572286,0.046379505246008264,-0.09473418462163438
0.4347173586793397,-0.0652826413206603,0.05809118472635956,-0.10143628101120286
0.4352176088044022,-0.06478239119559781,0.048008723071642376,-0.10736445723124571
0.43571785892946474,-0.06428214107053526,0.04396133747451364,-0.09811271563288852
0.43621810905452724,-0.06378189094547276,0.05912344704034987,-0.09931062781159929
0.4367183591795898,-0.06328164082041021,0.04490465748416876,-0.07472825430024127
0.43721860930465234,-0.06278139069534766,0.056181007369399384,-0.09049362716643768
0.43771885942971483,-0.062281140570285165,0.052023223642010584,-0.09631519097388479
0.4382191095547774,-0.061780890445222614,0.04957900593372246,-0.09494118575429782
0.43871935967983994,-0.06128064032016006,0.05407588082856318,-0.10712739073872563
0.43921960980490243,-0.06078039019509757,0.053000013707625644,-0.08453245648232825
0.439719859929965,-0.060280140070035015,0.05518834276004733,-0.08999760356883957
0.44022011005502754,-0.059779889944972464,0.05115934156207303,-0.10442711893934431
0.44072036018009003,-0.05927963981990997,0.047611281242400896,-0.09724250882451389
0.4412206103051526,-0.05877938969484742,0.0466952495609638,-0.0969136855297668
0.44172086043021513,-0.058279139569784866,0.04741080814917878,-0.11757763646908125
0.44222111055527763,-0.05777888944472237,0.05456230179761947,-0.10499880178032515
0.4427213606803402,-0.05727863931965982,0.055987444610375275,-0.10695732314104477
0.4432216108054027,-0.05677838919459732,0.05604224009025818,-0.10250834251098605
0.44372186093046523,-0.05627813906953477,0.040023045348416254,-0.11380505408205334
0.4442221110555278,-0.05577788894447222,0.046358671659951306,-0.09248103354015415
0.4447223611805903,-0.055277638819409725,0.040154061511121,-0.10449779159862681
0.4452226113056528,-0.05477738869434717,0.05586834486338927,-0.09947748868976719
0.4457228614307154,-0.05427713856928462,0.04682448483274061,-0.11314976010004493
0.4462231115557779,-0.053776888444222126,0.06404241924833227,-0.11327132316837851
0.4467233616808404,-0.053276638319159575,0.05521580172833174,-0.10056545135322346
0.447223611805903,-0.052776388194097024,0.0522747526834342,-0.10147111310823398
0.44772386193096547,-0.05227613806903453,0.05607522233748498,-0.11444622224023109
0.448224112056028,-0.05177588794397198,0.04986589055783473,-0.10097171188738027
0.4487243621810905,-0.05127563781890948,0.059716870306043446,-0.1327347102547166
0.44922461230615307,-0.05077538769384693,0.07171240712542713,-0.10815159749683174
0.4497248624312156,-0.05027513756878438,0.06106676931161354,-0.09179185304789489
0.4502251125562781,-0.04977488744372188,0.05132334961919855,-0.09771670514561326
0.45072536268134067,-0.04927463731865933,0.06355817635800863,-0.08446767557976527
0.4512256128064032,-0.04877438719359678,0.053728123384755896,-0.10443449384311995
0.4517258629314657,-0.048274137068534284,0.05361684040628133,-0.10895344064046321
0.45222611305652827,-0.04777388694347173,0.06034964530398351,-0.11292619916770877
0.4527263631815908,-0.04727363681840918,0.04611120913801336,-0.09795091048847862
0.4532266133066533,-0.046773386693346686,0.05604779828687264,-0.09491485958272881
0.45372686343171587,-0.046273136568284134,0.04691902086069706,-0.11153497439845081
0.4542271135567784,-0.04577288644322158,0.061296930192054996,-0.10311209572067376
0.4547273636818409,-0.04527263631815909,0.04756222468353004,-0.09267530867762963
0.45522761380690346,-0.044772386193096536,0.058231005302601134,-0.10073541137601533
0.45572786393196596,-0.04427213606803404,0.05356010456247693,-0.10482716975647766
0.4562281140570285,-0.04377188594297149,0.0658059955817464,-0.08903743965022455
0.45672836418209106,-0.04327163581790894,0.05795895680988786,-0.11053421739464955
0.45722861430715356,-0.04277138569284644,0.05821768166956502,-0.10485009896414274
0.4577288644322161,-0.04227113556778389,0.0500733281404174,-0.11518787984634438
0.45822911455727866,-0.04177088544272134,0.05502792378762207,-0.0859862600685509
0.45872936468234116,-0.041270635317658844,0.0708334009178634,-0.11152943683126265
0.4592296148074037,-0.04077038519259629,0.05712113061301121,-0.09795496797360138
0.45972986493246626,-0.04027013506753374,0.05116107910944885,-0.11524194679007711
0.46023011505752875,-0.039769884942471245,0.048244229737258296,-0.09330996451718539
0.4607303651825913,-0.039269634817408694,0.05638890876474025,-0.08790318980728457
0.4612306153076538,-0.0387693846923462,0.04515149906879643,-0.10114707305666489
0.46173086543271635,-0.03826913456728365,0.06152491210485749,-0.0876633548627339
0.4622311155577789,-0.037768884442221096,0.04475947800400578,-0.09226411328197451
0.4627313656828414,-0.0372686343171586,0.043545272437440635,-0.09788158045673367
0.46323161580790395,-0.03676838419209605,0.062365128965970205,-0.08738722391583412
0.4637318659329665,-0.0362681340670335,0.0516301411385794,-0.08966835283155192
0.464232116058029,-0.035767883941971,0.04255995800499272,-0.10851128374311288
0.46473236618309155,-0.03526763381690845,0.05930998016734719,-0.08092738214071367
0.4652326163081541,-0.0347673836918459,0.05392812472087612,-0.07861721417753118
0.4657328664332166,-0.0342671335667834,0.05632408848144737,-0.08869574864330732
0.46623311655827915,-0.03376688344172085,0.05986331931794214,-0.08073669819015353
0.46673336668334164,-0.033266633316658356,0.05670417964054354,-0.10303450730908445
0.4672336168084042,-0.032766383191595805,0.05990990419673422,-0.09463827872751392
0.46773386693346675,-0.032266133066533254,0.07041651495099341,-0.06816870597405736
0.46823411705852924,-0.03176588294147076,0.058198149671585916,-0.1010338099114915
0.4687343671835918,-0.031265632816408206,0.04866116469183554,-0.09215748166039613
0.46923461730865434,-0.030765382691345655,0.06105902548704101,-0.08909245050981027
0.46973486743371684,-0.03026513256628316,0.06943723856095309,-0.11113333037038386
0.4702351175587794,-0.029764882441220608,0.05565000169048362,-0.09483898345708439
0.47073536768384194,-0.029264632316158057,0.06499446173835327,-0.08162036165597793
0.47123561780890444,-0.02876438219109556,0.04839933340393517,-0.09580037915570883
0.471735867933967,-0.02826413206603301,0.05774798729936804,-0.10248065364003855
0.47223611805902954,-0.02776388194097046,0.053316213713625944,-0.09500512487414974
0.47273636818409204,-0.027263631815907963,0.0526986313339585,-0.08933991308440609
0.4732366183091546,-0.02676338169084541,0.05223219824108095,-0.08253017705508284
0.4737368684342171,-0.026263131565782916,0.07141608753011933,-0.10905926134412192
0.47423711855927964,-0.025762881440720364,0.05751155056290278,-0.06967780851197439
0.4747373686843422,-0.025262631315657813,0.05615192816092289,-0.09685176794320961
0.4752376188094047,-0.024762381190595317,0.07165812270257163,-0.11426538209031635
0.47573786893446723,-0.024262131065532766,0.04889058581465849,-0.09731073151826809
0.4762381190595298,-0.023761880940470215,0.07252780978010698,-0.06994662949959168
0.4767383691845923,-0.02326163081540772,0.06410622089491326,-0.09345433012183109
0.47723861930965483,-0.022761380690345168,0.05979812580443594,-0.09291429681656839
0.4777388694347174,-0.022261130565282616,0.047500314999304634,-0.08537120894103951
0.4782391195597799,-0.02176088044022012,0.05129085366356994,-0.07544369886254101
0.47873936968484243,-0.02126063031515757,0.04843879407535973,-0.08911119348154199
0.4792396198099049,-0.020760380190095074,0.054454979772523074,-0.08695857495332449
0.4797398699349675,-0.020260130065032522,0.0737073635633731,-0.08219286337810718
0.48024012006003003,-0.01975987993996997,0.05422235650123085,-0.10033668128877936
0.4807403701850925,-0.019259629814907475,0.04606266189901901,-0.10031652805151345
0.4812406203101551,-0.018759379689844924,0.05901186121090314,-0.0872923427439431
0.4817408704352176,-0.018259129564782373,0.07662133250460317,-0.113625909874569
0.4822411205602801,-0.017758879439719877,0.05510004400496538,-0.09633511359658038
0.4827413706853427,-0.017258629314657326,0.06193901110693441,-0.0919568536094601
0.4832416208104052,-0.016758379189594774,0.055298119064035686,-0.09950551740418498
0.4837418709354677,-0.01625812906453228,0.07532313521016733,-0.10083504480687847
0.4842421210605303,-0.015757878939469727,0.04202365917267334,-0.08650374981929021
0.4847423711855928,-0.015257628814407176,0.0564984127911445,-0.11118271458320737
0.4852426213106553,-0.01475737868934468,0.06663511786752103,-0.10461561078566275
0.48574287143571787,-0.014257128564282129,0.06604554195738094,-0.1011852974353434
0.48624312156078037,-0.013756878439219633,0.07589802597483275,-0.0987526928506786
0.4867433716858429,-0.013256628314157082,0.060699976153729206,-0.08676975162172654
0.48724362181090547,-0.01275637818909453,0.06604142139611027,-0.1062193883551204
0.48774387193596797,-0.012256128064032035,0.06284971698766405,-0.09635378519810381
0.4882441220610305,-0.011755877938969483,0.05828838786162945,-0.0926150499363476
0.48874437218609307,-0.011255627813906932,0.053247467321821326,-0.09590038118831597
0.48924462231115556,-0.010755377688844436,0.044636672648255465,-0.08633423440130365
0.4897448724362181,-0.010255127563781885,0.063614061424784,-0.09892057382352479
0.49024512256128067,-0.009754877438719334,0.06034635260037199,-0.10256815979331702
0.49074537268634316,-0.009254627313656838,0.06861529562103409,-0.1003417752663629
0.4912456228114057,-0.008754377188594287,0.0557882561529192,-0.0862952735959636
0.4917458729364682,-0.008254127063531791,0.05541520707549005,-0.08859030712673306
0.49224612306153076,-0.00775387693846924,0.048018517111523204,-0.09296762013320634
0.4927463731865933,-0.007253626813406688,0.06566762052336238,-0.12439473942548966
0.4932466233116558,-0.006753376688344193,0.06220843800203557,-0.09367834571885991
0.49374687343671836,-0.006253126563281641,0.06508105933821338,-0.09662704273591975
0.4942471235617809,-0.00575287643821909,0.07080853233233711,-0.10555866690841771
0.4947473736868434,-0.005252626313156594,0.07190391247898763,-0.12187780630917106
0.49524762381190596,-0.004752376188094043,0.052182270449900196,-0.10724951090605489
0.4957478739369685,-0.004252126063031492,0.0663634562959557,-0.11831528638732164
0.496248124062031,-0.003751875937968996,0.06388761290870747,-0.09813338519266397
0.49674837418709356,-0.0032516258129064446,0.06128840965037533,-0.12357305218914055
0.49724862431215605,-0.002751375687843949,0.05741366096368752,-0.1029048347169593
0.4977488744372186,-0.0022511255627813975,0.055798507970125706,-0.10595386042191089
0.49824912456228115,-0.0017508754377188462,0.061470131056963195,-0.12381424980083942
0.49874937468734365,-0.0012506253126563505,0.05967684193883287,-0.12497365797657783
0.4992496248124062,-0.0007503751875937992,0.07067991319162065,-0.1329563315735748
0.49974987493746875,-0.0002501250625312479,0.06908076144296531,-0.12047881943230486
0.5002501250625313,0.0002501250625313034,0.07216444462526533,-0.11341716494642821
0.5007503751875938,0.0007503751875937992,0.05123793129120299,-0.13415555201882365
0.5012506253126563,0.001250625312656295,0.06664301377405682,-0.11464544251694332
0.5017508754377189,0.0017508754377189018,0.06700305923940629,-0.1333603595673792
0.5022511255627814,0.0022511255627813975,0.0590124386590633,-0.12415401591407121
0.5027513756878439,0.0027513756878438933,0.053125111219146925,-0.13185508149335165
0.5032516258129065,0.0032516258129065,0.06509016479708608,-0.1094032626515493
0.503751875937969,0.003751875937968996,0.07075406202072995,-0.11341923076997193
0.5042521260630315,0.004252126063031492,0.06159196414695118,-0.1310603016942926
0.5047523761880941,0.0047523761880940985,0.06685669110592989,-0.1316268909065432
0.5052526263131566,0.005252626313156594,0.068975166612119,-0.11933091599798645
0.5057528764382191,0.00575287643821909,0.07666035446082245,-0.11919559469144868
0.5062531265632816,0.006253126563281586,0.060984091038104336,-0.14072007505438852
0.5067533766883442,0.006753376688344193,0.0681806429256641,-0.11860603297490453
0.5072536268134067,0.007253626813406688,0.0693608099241874,-0.12982906875048153
0.5077538769384692,0.007753876938469184,0.078963807761313,-0.1209632876909117
0.5082541270635318,0.008254127063531791,0.07254502236037616,-0.1447102139516392
0.5087543771885943,0.008754377188594287,0.06796027097849333,-0.14982454423502253
0.5092546273136568,0.009254627313656782,0.07114062418666058,-0.14900369629089405
0.5097548774387194,0.00975487743871939,0.06485577970130298,-0.13451930711161564
0.5102551275637819,0.010255127563781885,0.06314159969203291,-0.1344656577735963
0.5107553776888444,0.01075537768884438,0.07261073127467224,-0.1499622193473431
0.511255627813907,0.011255627813906988,0.06986424958623987,-0.12768435418520171
0.5117558779389695,0.011755877938969483,0.07597222658360873,-0.15133689944347653
0.512256128064032,0.01225612806403198,0.07318853958458565,-0.13995112843141128
0.5127563781890946,0.012756378189094586,0.07642416676481688,-0.14358548852070377
0.5132566283141571,0.013256628314157082,0.07234818181878838,-0.14666015209398964
0.5137568784392196,0.013756878439219578,0.07483570862799449,-0.142967800777085
0.5142571285642822,0.014257128564282184,0.05838027478505451,-0.1438956355662841
0.5147573786893447,0.01475737868934468,0.06416921022887484,-0.13162520118914403
0.5152576288144072,0.015257628814407176,0.06908954838838077,-0.14480851807194375
0.5157578789394698,0.015757878939469783,0.06660644618120158,-0.13213432809859574
0.5162581290645323,0.01625812906453228,0.06884804596882498,-0.13882945233113667
0.5167583791895948,0.016758379189594774,0.06877841889246791,-0.13009561732742317
0.5172586293146574,0.01725862931465738,0.06973113302079206,-0.14582554564465397
0.5177588794397199,0.017758879439719877,0.06915445034349983,-0.14375409512003776
0.5182591295647824,0.018259129564782373,0.07082998418624306,-0.13927739117188934
0.5187593796898449,0.01875937968984487,0.07767454923364504,-0.1460131727649196
0.5192596298149075,0.019259629814907475,0.07190248118322475,-0.14205422262166528
0.51975987993997,0.01975987993996997,0.0934502189092454,-0.1544688296058943
0.5202601300650325,0.020260130065032467,0.0651867849022095,-0.131652838450035
0.5207603801900951,0.020760380190095074,0.062309457124164115,-0.15019824243003152
0.5212606303151576,0.02126063031515757,0.06760169114456764,-0.15744679340744783
0.5217608804402201,0.021760880440220065,0.07103054311108543,-0.13611339761421423
0.5222611305652827,0.022261130565282672,0.05867896895221791,-0.1551854218857727
0.5227613806903452,0.022761380690345168,0.06068554659850421,-0.1390060874948159
0.5232616308154077,0.023261630815407663,0.07083942762205321,-0.13455017749045425
0.5237618809404703,0.02376188094047027,0.08903473228377402,-0.15711790724426708
0.5242621310655328,0.024262131065532766,0.08510257375903997,-0.15766409746327303
0.5247623811905953,0.024762381190595262,0.08432862174150842,-0.14379497171786432
0.5252626313156579,0.02526263131565787,0.08240240231083586,-0.17294640141924986
0.5257628814407204,0.025762881440720364,0.08054600716402523,-0.15325662373299437
0.5262631315657829,0.02626313156578286,0.06490339831884381,-0.15785510354622162
0.5267633816908455,0.026763381690845467,0.07155331967603323,-0.14484436099506445
0.527263631815908,0.027263631815907963,0.07549484479566171,-0.15999556501064827
0.5277638819409705,0.02776388194097046,0.07962027564314444,-0.1589770913984225
0.5282641320660331,0.028264132066033065,0.08050791151174343,-0.15637831212139303
0.5287643821910956,0.02876438219109556,0.07008736482105007,-0.1607797597414599
0.5292646323161581,0.029264632316158057,0.06395964997926482,-0.15853451218639888
0.5297648824412207,0.029764882441220664,0.08293843570678218,-0.14276759919519766
0.5302651325662832,0.03026513256628316,0.07422844597209838,-0.1537981189527937
0.5307653826913457,0.030765382691345655,0.08012442849203354,-0.1626122978547409
0.5312656328164082,0.03126563281640815,0.06328009625304237,-0.13743830035078422
0.5317658829414708,0.03176588294147076,0.08329333626908798,-0.1715578576357709
0.5322661330665333,0.032266133066533254,0.09036788285246532,-0.15469475113688042
0.5327663831915957,0.03276638319159575,0.0789542722162211,-0.1467179975589841
0.5332666333166584,0.033266633316658356,0.07033396006131919,-0.1442554150927215
0.5337668834417209,0.03376688344172085,0.06915506635117882,-0.15532619204102188
0.5342671335667833,0.03426713356678335,0.07213243124775072,-0.15465663723866363
0.534767383691846,0.034767383691845954,0.08813536271533089,-0.1302607255717
0.5352676338169085,0.03526763381690845,0.09062600655321841,-0.16321573108868795
0.535767883941971,0.035767883941970946,0.07133348691773368,-0.14391573754531645
0.5362681340670336,0.03626813406703355,0.07886939990362905,-0.15944918193652763
0.536768384192096,0.03676838419209605,0.074328073903337,-0.1484319410769244
0.5372686343171585,0.037268634317158544,0.08333470904197983,-0.15631576895799443
0.5377688844422212,0.03776888444222115,0.08498922714316018,-0.15323354117561908
0.5382691345672836,0.03826913456728365,0.07872090272087226,-0.146697214945932
0.5387693846923461,0.03876938469234614,0.08385180656322584,-0.1578643755339854
0.5392696348174087,0.03926963481740875,0.08754750625596663,-0.16228350088810423
0.5397698849424712,0.039769884942471245,0.08472607051082717,-0.13860411563806257
0.5402701350675337,0.04027013506753374,0.08011017088698055,-0.1703047861356038
0.5407703851925963,0.04077038519259635,0.08536612777761331,-0.1609295059816971
0.5412706353176588,0.041270635317658844,0.09276581636024163,-0.14371676634120603
0.5417708854427213,0.04177088544272134,0.09048791951441527,-0.17109265432984222
0.542271135567784,0.042271135567783946,0.07816460240819181,-0.15752532559761243
0.5427713856928464,0.04277138569284644,0.07604966694044049,-0.16382074377574285
0.5432716358179089,0.04327163581790894,0.07771925860281542,-0.15060651608877648
0.5437718859429714,0.043771885942971434,0.09313281894661529,-0.1685375138599661
0.544272136068034,0.04427213606803404,0.09282619543419796,-0.1669848206699817
0.5447723861930965,0.044772386193096536,0.0776421996328354,-0.1578939908784014
0.545272636318159,0.04527263631815903,0.09501077609234135,-0.1421586782603414
0.5457728864432216,0.04577288644322164,0.08940429599525654,-0.15129193024067222
0.5462731365682841,0.046273136568284134,0.09507029763489198,-0.13542243007067362
0.5467733866933466,0.04677338669334663,0.08221210137656834,-0.15005971628170195
0.5472736368184092,0.04727363681840924,0.10360442473522072,-0.1679956605888069
0.5477738869434717,0.04777388694347173,0.0963047051134333,-0.14299477577065534
0.5482741370685342,0.04827413706853423,0.08394068784581217,-0.1474252268578696
0.5487743871935968,0.048774387193596835,0.10678089002128896,-0.15946571054773603
0.5492746373186593,0.04927463731865933,0.10357582083379537,-0.15349837933496216
0.5497748874437218,0.04977488744372183,0.09219729980832513,-0.14299081040207443
0.5502751375687844,0.050275137568784434,0.09934400040578047,-0.14856536447927846
0.5507753876938469,0.05077538769384693,0.08982348562120841,-0.14976497333901317
0.5512756378189094,0.051275637818909425,0.08175310868655525,-0.1381672987286056
0.551775887943972,0.05177588794397203,0.08261678673229442,-0.16900405389972314
0.5522761380690345,0.05227613806903453,0.09773345598445812,-0.14945384635253983
0.552776388194097,0.052776388194097024,0.1007153789242223,-0.16366308989186987
0.5532766383191596,0.05327663831915963,0.10130318194192939,-0.1635232059512576
0.5537768884442221,0.053776888444222126,0.0801899542605824,-0.1737877659649154
0.5542771385692846,0.05427713856928462,0.07853899503195151,-0.14140560591293183
0.5547773886943472,0.05477738869434723,0.10052508756294472,-0.16271487947582663
0.5552776388194097,0.055277638819409725,0.0969240631604533,-0.16409779420313791
0.5557778889444722,0.05577788894447222,0.0820707635703508,-0.16542085462934125
0.5562781390695347,0.056278139069534716,0.10236784981547613,-0.14458247145486192
0.5567783891945973,0.05677838919459732,0.0889892828343995,-0.13872406070428608
0.5572786393196598,0.05727863931965982,0.0949776663531458,-0.17088595090526848
0.5577788894447223,0.057778889444722314,0.11431976830773055,-0.17329132928841331
0.5582791395697849,0.05827913956978492,0.09374530828774788,-0.15725482718253894
0.5587793896948474,0.05877938969484742,0.09512631879719884,-0.1645559264050633
0.5592796398199099,0.05927963981990991,0.10457647056651857,-0.14989621696330097
0.5597798899449725,0.05977988994497252,0.10726090838748556,-0.17299772167274574
0.560280140070035,0.060280140070035015,0.09661760821871689,-0.17706892382382947
0.5607803901950975,0.06078039019509751,0.10308767196223564,-0.1728778722160521
0.5612806403201601,0.06128064032016012,0.10834717531814116,-0.16996290341799503
0.5617808904452226,0.061780890445222614,0.0966218500974801,-0.17186355985634855
0.5622811405702851,0.06228114057028511,0.10012782271027834,-0.16710849207612238
0.5627813906953477,0.06278139069534772,0.105156156093402,-0.16422059678883427
0.5632816408204102,0.06328164082041021,0.11116318835068799,-0.16872973616700876
0.5637818909454727,0.06378189094547271,0.10251408370335979,-0.1749798784734974
0.5642821410705353,0.06428214107053531,0.11162372205579942,-0.17221594958086026
0.5647823911955978,0.06478239119559781,0.11213576059487049,-0.16626490960493043
0.5652826413206603,0.0652826413206603,0.11694696044441033,-0.1791519261233066
0.5657828914457229,0.06578289144572291,0.1084337453902442,-0.1773684199820637
0.5662831415707854,0.06628314157078541,0.11439129087603722,-0.19425444071849826
0.5667833916958479,0.0667833916958479,0.10650600158845132,-0.18392548106849865
0.5672836418209104,0.0672836418209104,0.10289420338419343,-0.17201887344502892
0.567783891945973,0.06778389194597301,0.10234728395564667,-0.18744443926728196
0.5682841420710355,0.0682841420710355,0.11419853009021785,-0.1858803251341687
0.568784392196098,0.068784392196098,0.11281329164689836,-0.1942935381081943
0.5692846423211606,0.0692846423211606,0.10070211715345394,-0.18889942171947133
0.5697848924462231,0.0697848924462231,0.11350365725543779,-0.17661745269339568
0.5702851425712856,0.0702851425712856,0.1172364406535096,-0.19566006402809277
0.5707853926963482,0.0707853926963482,0.1126582257421981,-0.19746065603288607
0.5712856428214107,0.0712856428214107,0.11985757520375714,-0.19854484782691062
0.5717858929464732,0.0717858929464732,0.12394495995784684,-0.18445992530099953
0.5722861430715358,0.0722861430715358,0.1258829063569514,-0.1966668813559756
0.5727863931965983,0.0727863931965983,0.13301457586388468,-0.20052937849408975
0.5732866433216608,0.0732866433216608,0.11575371996357844,-0.21305973899335337
0.5737868934467234,0.0737868934467234,0.10744601321382258,-0.21706714444833905
0.5742871435717859,0.0742871435717859,0.11942246052820442,-0.2016615440042641
0.5747873936968484,0.07478739369684839,0.13298367134940156,-0.2078830074176913
0.575287643821911,0.075287643821911,0.11933324924877835,-0.20522356879995246
0.5757878939469735,0.0757878939469735,0.12396930929508052,-0.1841663561206144
0.576288144072036,0.07628814407203599,0.11894757832488091,-0.21067123630255968
0.5767883941970986,0.0767883941970986,0.12446558354086398,-0.19827281265482746
0.5772886443221611,0.07728864432216109,0.1296768619379941,-0.21512353441542695
0.5777888944472236,0.07778889444722359,0.13579127107135835,-0.20589086506574905
0.5782891445722862,0.0782891445722862,0.13267229182827364,-0.19306407926583963
0.5787893946973487,0.07878939469734869,0.12680037147059742,-0.21260726931348686
0.5792896448224112,0.07928964482241119,0.12692274373979806,-0.2263139680909188
0.5797898949474737,0.07978989494747368,0.1412101204845616,-0.22220073834442935
0.5802901450725363,0.08029014507253629,0.13214106941535622,-0.22807446488690644
0.5807903951975988,0.08079039519759879,0.13166122533344113,-0.2231762184343568
0.5812906453226613,0.08129064532266128,0.13658044695503957,-0.23468250215114303
0.5817908954477239,0.08179089544772389,0.1320360304646785,-0.22346348689750078
0.5822911455727864,0.08229114557278638,0.14834572206903135,-0.2370210548686122
0.5827913956978489,0.08279139569784888,0.13528652094559343,-0.22574840333968946
0.5832916458229115,0.08329164582291149,0.13765936118227198,-0.23881962762816464
0.583791895947974,0.08379189594797398,0.1356376610470718,-0.24885975347091896
0.5842921460730365,0.08429214607303648,0.15068832031530227,-0.2400005516114951
0.5847923961980991,0.08479239619809908,0.1432937465651279,-0.23922001997446163
0.5852926463231616,0.08529264632316158,0.13597081414049386,-0.253583653493583
0.5857928964482241,0.08579289644822408,0.15344513115356034,-0.25707323009555205
0.5862931465732867,0.08629314657328668,0.14739013278576663,-0.23945384763574873
0.5867933966983492,0.08679339669834918,0.16494840643972425,-0.2357817768312583
0.5872936468234117,0.08729364682341167,0.14876506643666745,-0.23700660636600232
0.5877938969484743,0.08779389694847428,0.16194585546177612,-0.25496459398581195
0.5882941470735368,0.08829414707353678,0.15961210321461203,-0.2672330346583079
0.5887943971985993,0.08879439719859927,0.1604922236982497,-0.2682271226618402
0.5892946473236619,0.08929464732366188,0.1679170367236407,-0.2669621116320391
0.5897948974487244,0.08979489744872438,0.15248166954197642,-0.26326383112854684
0.5902951475737869,0.09029514757378687,0.14339844042635994,-0.2427412394657648
0.5907953976988495,0.09079539769884948,0.15686650456341047,-0.27068353574874154
0.591295647823912,0.09129564782391197,0.16341456282770386,-0.259479321072542
0.5917958979489745,0.09179589794897447,0.1582318202542197,-0.277391146996144
0.592296148074037,0.09229614807403697,0.17940561431000032,-0.2707361384211881
0.5927963981990996,0.09279639819909957,0.17665677415228478,-0.27040676606123387
0.5932966483241621,0.09329664832416207,0.17075178228249802,-0.24859950826973282
0.5937968984492246,0.09379689844922456,0.16802968196010185,-0.2823854074404381
0.5942971485742872,0.09429714857428717,0.1861927456487066,-0.2925367933838768
0.5947973986993497,0.09479739869934967,0.17481627969252755,-0.2644073912908533
0.5952976488244122,0.09529764882441216,0.1859680485554741,-0.2896448335379096
0.5957978989494748,0.09579789894947477,0.18354798796679608,-0.26166988924797135
0.5962981490745373,0.09629814907453726,0.19530578073579646,-0.28669659190702546
0.5967983991995998,0.09679839919959976,0.18866657979912418,-0.28612320439449207
0.5972986493246624,0.09729864932466237,0.19146113084592473,-0.28638977751584727
0.5977988994497249,0.09779889944972486,0.18395359288862562,-0.2715117784545882
0.5982991495747874,0.09829914957478736,0.1984140819421859,-0.26542840592445843
0.59879939969985,0.09879939969984997,0.19688552231041215,-0.2621643322676804
0.5992996498249125,0.09929964982491246,0.1982954478158578,-0.27854560238800335
0.599799899949975,0.09979989994997496,0.19423310509370337,-0.29305439507279846
0.6003001500750376,0.10030015007503756,0.1966397688598531,-0.29148329031623776
0.6008004002001001,0.10080040020010006,0.20982129942764996,-0.3091249975306532
0.6013006503251626,0.10130065032516256,0.18760178309274997,-0.2829799075424643
0.6018009004502252,0.10180090045022516,0.21752902034270458,-0.29472818995557176
0.6023011505752877,0.10230115057528766,0.21224384428811602,-0.2863333815440438
0.6028014007003502,0.10280140070035015,0.2122757785976491,-0.30023432014593077
0.6033016508254128,0.10330165082541276,0.22851794197146386,-0.29425584775079855
0.6038019009504753,0.10380190095047526,0.22558650090749985,-0.2899667588660998
0.6043021510755378,0.10430215107553775,0.22941758540985815,-0.31161702656116796
0.6048024012006002,0.10480240120060025,0.2258718867345554,-0.29853984846541193
0.6053026513256629,0.10530265132566285,0.23121353923818455,-0.29228133135715667
0.6058029014507254,0.10580290145072535,0.23799757658091797,-0.29666798951870754
0.6063031515757878,0.10630315157578785,0.2324265584518422,-0.285439994330678
0.6068034017008505,0.10680340170085045,0.22325701048427304,-0.2994831865318115
0.607303651825913,0.10730365182591295,0.23367183721992796,-0.29366141552300384
0.6078039019509754,0.10780390195097544,0.24839473592409597,-0.30321910962963
0.608304152076038,0.10830415207603805,0.22008389449051322,-0.29506975731187174
0.6088044022011005,0.10880440220110055,0.2468471799146373,-0.3023195598463231
0.609304652326163,0.10930465232616304,0.2669194170485668,-0.3098633013061495
0.6098049024512256,0.10980490245122565,0.2561227979800049,-0.3028195200669895
0.6103051525762881,0.11030515257628815,0.24653679274280593,-0.29435068094737993
0.6108054027013506,0.11080540270135064,0.24446588271712894,-0.28232781673737406
0.6113056528264132,0.11130565282641325,0.26817192919496,-0.2920282003263735
0.6118059029514757,0.11180590295147574,0.2514467213099768,-0.29801581728854476
0.6123061530765382,0.11230615307653824,0.26464346134364286,-0.30339294773793885
0.6128064032016008,0.11280640320160085,0.2681034530635455,-0.28930190357243996
0.6133066533266633,0.11330665332666334,0.2788318300255054,-0.3120289464614249
0.6138069034517258,0.11380690345172584,0.28783938865101977,-0.3085427586241286
0.6143071535767884,0.11430715357678845,0.2741693982110491,-0.3330082057471494
0.6148074037018509,0.11480740370185094,0.3008294774496128,-0.31954091201675694
0.6153076538269134,0.11530765382691344,0.29619386515912705,-0.31507689669153144
0.615807903951976,0.11580790395197604,0.28595119197935115,-0.3234468301158103
0.6163081540770385,0.11630815407703854,0.2938116737471748,-0.30627962344529774
0.616808404202101,0.11680840420210103,0.2915158301623001,-0.32135806749548557
0.6173086543271635,0.11730865432716353,0.2948365854277113,-0.3059150818074294
0.6178089044522261,0.11780890445222614,0.30607476425387475,-0.31827492176672445
0.6183091545772886,0.11830915457728863,0.3056840414333564,-0.3232343650573466
0.6188094047023511,0.11880940470235113,0.3174673684664269,-0.3373280198702523
0.6193096548274137,0.11930965482741374,0.32403175444212995,-0.3312886696074241
0.6198099049524762,0.11980990495247623,0.32851283244481094,-0.31797439822432744
0.6203101550775387,0.12031015507753873,0.3335802461111324,-0.32454190409349326
0.6208104052026013,0.12081040520260133,0.33666941179152793,-0.32072274534546835
0.6213106553276638,0.12131065532766383,0.3519603025457125,-0.29778320688998705
0.6218109054527263,0.12181090545272633,0.3482344969851343,-0.31996103451193114
0.6223111555777889,0.12231115557778893,0.3552232861853711,-0.3034060390742371
0.6228114057028514,0.12281140570285143,0.3471881274546542,-0.33465808027782995
0.6233116558279139,0.12331165582791392,0.37239597277276065,-0.3343672770677314
0.6238119059529765,0.12381190595297653,0.37353178405696547,-0.32483655698334174
0.624312156078039,0.12431215607803903,0.37499967859251815,-0.30569772424293495
0.6248124062031015,0.12481240620310152,0.3947457116698352,-0.32110160384589903
0.6253126563281641,0.12531265632816413,0.40029698111052436,-0.3060687211835969
0.6258129064532266,0.12581290645322663,0.39663015982184724,-0.3440329110399015
0.6263131565782891,0.12631315657828912,0.4016220547894268,-0.343905115617995
0.6268134067033517,0.12681340670335173,0.40745041597352555,-0.3344543629394368
0.6273136568284142,0.12731365682841422,0.418362281396202,-0.32022875040172816
0.6278139069534767,0.12781390695347672,0.42243647064665485,-0.3097631620489274
0.6283141570785392,0.12831415707853921,0.42526425039837384,-0.32439427290907635
0.6288144072036018,0.12881440720360182,0.4510907856383549,-0.3192416001154741
0.6293146573286643,0.12931465732866432,0.458959494307486,-0.31173997755796
0.6298149074537268,0.1298149074537268,0.4614617748865546,-0.32964841175324117
0.6303151575787894,0.13031515757878942,0.4750212476540594,-0.3259742523354636
0.6308154077038519,0.13081540770385192,0.47567492384194143,-0.3217600005363221
0.6313156578289144,0.1313156578289144,0.47623836867646285,-0.3292118019266024
0.631815907953977,0.13181590795397702,0.478104711004909,-0.3280874715396405
0.6323161580790395,0.13231615807903951,0.4914332943870943,-0.32152403683184166
0.632816408204102,0.132816408204102,0.4964980724971186,-0.32509492638955545
0.6333166583291646,0.13331665832916462,0.5080302144345268,-0.30427706341894095
0.6338169084542271,0.1338169084542271,0.5189797376383768,-0.31135368847853284
0.6343171585792896,0.1343171585792896,0.5175756733556806,-0.3156049250671655
0.6348174087043522,0.13481740870435222,0.515977595521063,-0.3228946179859121
0.6353176588294147,0.1353176588294147,0.5227661968163323,-0.30221525550486755
0.6358179089544772,0.1358179089544772,0.5434893012659928,-0.307093317284626
0.6363181590795398,0.1363181590795398,0.5568870200313596,-0.306790171232739
0.6368184092046023,0.1368184092046023,0.5693810371029263,-0.3177725578105091
0.6373186593296648,0.1373186593296648,0.5616061821404655,-0.308514549925036
0.6378189094547274,0.1378189094547274,0.5768216463101142,-0.27903223685063994
0.6383191595797899,0.1383191595797899,0.5748594373526167,-0.28597762144219313
0.6388194097048524,0.1388194097048524,0.6081936288136306,-0.2886255599125376
0.639319659829915,0.139319659829915,0.6035048109594908,-0.2698395692071726
0.6398199099549775,0.1398199099549775,0.6091758798502434,-0.277371997198105
0.64032016008004,0.14032016008004,0.6188516763964917,-0.27711829200189564
0.6408204102051025,0.1408204102051025,0.6235234438351966,-0.27025408194039713
0.6413206603301651,0.1413206603301651,0.6299469599667927,-0.2663764105198698
0.6418209104552276,0.1418209104552276,0.651894138023243,-0.2562460523275615
0.6423211605802901,0.1423211605802901,0.6630560902091304,-0.27566722970892354
0.6428214107053527,0.1428214107053527,0.6670557912646967,-0.24719334097665335
0.6433216608304152,0.1433216608304152,0.6720881262245617,-0.25169513633742807
0.6438219109554777,0.1438219109554777,0.6805500221390254,-0.25493324820841956
0.6443221610805403,0.1443221610805403,0.7033175395744355,-0.23073579558548926
0.6448224112056028,0.1448224112056028,0.708005593318952,-0.23268656453773398
0.6453226613306653,0.1453226613306653,0.7221793289593911,-0.22576050646525106
0.6458229114557279,0.1458229114557279,0.7216163821748336,-0.20901648513981702
0.6463231615807904,0.1463231615807904,0.7312191570279828,-0.21142545972218446
0.6468234117058529,0.1468234117058529,0.7367288819602825,-0.1938761915618161
0.6473236618309155,0.1473236618309155,0.7481874812561017,-0.206553008818035
0.647823911955978,0.147823911955978,0.7517965021296225,-0.19290283848351483
0.6483241620810405,0.1483241620810405,0.7603021212241375,-0.17617294488288093
0.6488244122061031,0.1488244122061031,0.7575378651265606,-0.1789669906054905
0.6493246623311656,0.1493246623311656,0.764999929741914,-0.16117261165611574
0.6498249124562281,0.1498249124562281,0.7761362211091979,-0.143883263786621
0.6503251625812907,0.1503251625812907,0.7837751344483427,-0.12614435687791709
0.6508254127063532,0.1508254127063532,0.7927364373901538,-0.1336278727487702
0.6513256628314157,0.15132566283141569,0.796219179942876,-0.12206518350082375
0.6518259129564783,0.1518259129564783,0.7989331985784441,-0.12358869999908599
0.6523261630815408,0.1523261630815408,0.8031599561828149,-0.08577915068743736
0.6528264132066033,0.15282641320660328,0.8008117571691978,-0.08318770644132539
0.6533266633316658,0.15332666333166578,0.8137644211727492,-0.07356083129974653
0.6538269134567284,0.1538269134567284,0.8180842259283766,-0.058721587653388675
0.6543271635817909,0.15432716358179088,0.8071848283709044,-0.06437515008687142
0.6548274137068534,0.15482741370685338,0.8241753792494128,-0.049383613502106294
0.655327663831916,0.15532766383191599,0.8070132963890486,-0.05503843218391218
0.6558279139569785,0.15582791395697848,0.8294951804062629,-0.015758663293759842
0.656328164082041,0.15632816408204098,0.822989740238236,-0.00794151369021814
0.6568284142071036,0.15682841420710358,0.8198571833701035,-0.009182588534457954
0.6573286643321661,0.15732866433216608,0.8255062124500457,-1.778057895381567e-05
0.6578289144572286,0.15782891445722858,0.8177586135953255,0.023183015950986697
0.6583291645822912,0.15832916458229118,0.8037702349233911,0.026420635448328934
0.6588294147073537,0.15882941470735368,0.802841979898178,0.0416476542471781
0.6593296648324162,0.15932966483241617,0.7998266002175974,0.05394951316559109
0.6598299149574788,0.15982991495747878,0.8188742765664869,0.06944838061003125
0.6603301650825413,0.16033016508254128,0.7856605435359125,0.07150871727256636
0.6608304152076038,0.16083041520760377,0.8084322078410779,0.10897341470767964
0.6613306653326664,0.16133066533266638,0.8043942726549982,0.101167999004662
0.6618309154577289,0.16183091545772887,0.7967558412529471,0.11391096315244566
0.6623311655827914,0.16233116558279137,0.799250036143579,0.11565108840472409
0.662831415707854,0.16283141570785398,0.7724509909759883,0.137763235649458
0.6633316658329165,0.16333166583291647,0.7801895274242531,0.1360587435954174
0.663831915957979,0.16383191595797897,0.7826167578081759,0.1608016314545707
0.6643321660830416,0.16433216608304158,0.7664715768034808,0.16169588854056782
0.6648324162081041,0.16483241620810407,0.7514096570707488,0.1641509957238549
0.6653326663331666,0.16533266633316657,0.7519707082170368,0.18035120695701604
0.6658329164582291,0.16583291645822906,0.7526427252868796,0.19567956716840387
0.6663331665832917,0.16633316658329167,0.7389216150616594,0.1989092960039811
0.6668334167083542,0.16683341670835417,0.7225225185243559,0.19163748095896643
0.6673336668334167,0.16733366683341666,0.7277785996361448,0.2281548458588826
0.6678339169584793,0.16783391695847927,0.7221722035939242,0.19358515454147393
0.6683341670835418,0.16833416708354176,0.7107708052914583,0.2259497625698058
0.6688344172086043,0.16883441720860426,0.7054453275197297,0.2356472429281118
0.6693346673336669,0.16933466733366687,0.6911472037972183,0.25857421172015327
0.6698349174587294,0.16983491745872936,0.6806017202781004,0.23019568354212316
0.6703351675837919,0.17033516758379186,0.6762783695991768,0.23628591732398266
0.6708354177088545,0.17083541770885446,0.6693219547935143,0.2517649549215
0.671335667833917,0.17133566783391696,0.6619357086671369,0.25814832865854437
0.6718359179589795,0.17183591795897946,0.6499005255235041,0.26656657919668136
0.6723361680840421,0.17233616808404206,0.6406092399713633,0.2673191296098669
0.6728364182091046,0.17283641820910456,0.6348860956451589,0.27002289599858925
0.673336668334167,0.17333666833416705,0.6285402134272601,0.28779702483865427
0.6738369184592297,0.17383691845922966,0.618925226586055,0.2634072988196917
0.6743371685842922,0.17433716858429216,0.6059426153613398,0.2919517888487574
0.6748374187093547,0.17483741870935465,0.5819406492648811,0.2901689701797652
0.6753376688344173,0.17533766883441726,0.5644305835742559,0.28250656979846045
0.6758379189594798,0.17583791895947976,0.5711438293879745,0.29801914762941206
0.6763381690845423,0.17633816908454225,0.5606954824454862,0.3035329293485803
0.6768384192096047,0.17683841920960475,0.5522117887373692,0.28814961179405324
0.6773386693346674,0.17733866933466735,0.5482290908752074,0.3063354155697713
0.6778389194597298,0.17783891945972985,0.5480573644585225,0.3040576610078734
0.6783391695847923,0.17833916958479235,0.5502310070844771,0.30318560896435104
0.678839419709855,0.17883941970985495,0.5201297854234334,0.31068933202270843
0.6793396698349174,0.17933966983491745,0.5052935410309339,0.2914678534783561
0.6798399199599799,0.17983991995997994,0.5150313393163415,0.3166745167765034
0.6803401700850426,0.18034017008504255,0.5062572236829413,0.3073897221078016
0.680840420210105,0.18084042021010505,0.4884631455229186,0.3218354097502029
0.6813406703351675,0.18134067033516754,0.47692052829561016,0.3254007655748771
0.6818409204602301,0.18184092046023015,0.4672531310596961,0.3256136991486491
0.6823411705852926,0.18234117058529264,0.4679939726804741,0.31736312620783563
0.6828414207103551,0.18284142071035514,0.46713831665738437,0.3233085828259582
0.6833416708354177,0.18334167083541775,0.4562500389411444,0.31773707603137136
0.6838419209604802,0.18384192096048024,0.4503044196119158,0.3197914009809922
0.6843421710855427,0.18434217108554274,0.4379149514110069,0.3274776618248693
0.6848424212106053,0.18484242121060535,0.4400115848721643,0.32970237949412445
0.6853426713356678,0.18534267133566784,0.4223513170293748,0.3326281867077418
0.6858429214607303,0.18584292146073034,0.4202554177231591,0.3053234950271161
0.6863431715857929,0.18634317158579294,0.4104297445954894,0.3309818813678736
0.6868434217108554,0.18684342171085544,0.41656366830596875,0.34072353411112155
0.6873436718359179,0.18734367183591794,0.41703081717433504,0.3264786806320462
0.6878439219609805,0.18784392196098054,0.37927876306623454,0.3313924362452315
0.688344172086043,0.18834417208604304,0.38544177750749925,0.316639390745903
0.6888444222111055,0.18884442221110553,0.37232469206307295,0.3197767771347769
0.689344672336168,0.18934467233616803,0.3964029896877299,0.3368260599800077
0.6898449224612306,0.18984492246123064,0.35762084593606414,0.32315814817194705
0.6903451725862931,0.19034517258629313,0.37433229331497075,0.33271644170095194
0.6908454227113556,0.19084542271135563,0.3645132275418358,0.32121870422371696
0.6913456728364182,0.19134567283641823,0.35761559521193065,0.329813579570217
0.6918459229614807,0.19184592296148073,0.35269865385799976,0.3231255658430129
0.6923461730865432,0.19234617308654323,0.32674153020095903,0.33711057848160775
0.6928464232116058,0.19284642321160583,0.3371877888892724,0.3113153498840204
0.6933466733366683,0.19334667333666833,0.32672356669264613,0.31091126298761823
0.6938469234617308,0.19384692346173082,0.3418905771671735,0.3140277401612884
0.6943471735867934,0.19434717358679343,0.3284330953194705,0.33239086023324604
0.6948474237118559,0.19484742371185593,0.3241154442949576,0.32317174532067694
0.6953476738369184,0.19534767383691842,0.32831239889654046,0.3172577289748035
0.695847923961981,0.19584792396198103,0.3051582272076744,0.3069896368789745
0.6963481740870435,0.19634817408704353,0.30210851165308883,0.3191791185504267
0.696848424212106,0.19684842421210602,0.2965763020918982,0.3252172276782018
0.6973486743371686,0.19734867433716863,0.29107251730540895,0.32169052428085193
0.6978489244622311,0.19784892446223112,0.2826867088104719,0.31328548298417674
0.6983491745872936,0.19834917458729362,0.2870391230291863,0.3239162666332426
0.6988494247123562,0.19884942471235623,0.2769961424081366,0.32534103613556375
0.6993496748374187,0.19934967483741872,0.2989798666628017,0.31070792477211634
0.6998499249624812,0.19984992496248122,0.2742131753283998,0.30562840578460526
0.7003501750875438,0.20035017508754382,0.2710214539230106,0.3080547759995968
0.7008504252126063,0.20085042521260632,0.2653829767679926,0.32676718010562145
0.7013506753376688,0.20135067533766882,0.2563666074673245,0.33076830302409294
0.7018509254627313,0.2018509254627313,0.26454700159270933,0.29381658959610857
0.7023511755877939,0.20235117558779392,0.2606821517344904,0.3115238911790505
0.7028514257128564,0.20285142571285641,0.2462980295475636,0.3217136389498558
0.7033516758379189,0.2033516758379189,0.25290730162878844,0.3289656796008693
0.7038519259629815,0.20385192596298152,0.25154117631497647,0.33463642529934984
0.704352176088044,0.204352176088044,0.24746681319536157,0.3232426656865343
0.7048524262131065,0.2048524262131065,0.23912197320765266,0.31049678503589717
0.7053526763381691,0.20535267633816912,0.23680718484403954,0.3034786625602777
0.7058529264632316,0.2058529264632316,0.25101771477883017,0.31536307481144754
0.7063531765882941,0.2063531765882941,0.2367144137545219,0.30255534413341273
0.7068534267133567,0.20685342671335671,0.22050132715814053,0.3026985176162088
0.7073536768384192,0.2073536768384192,0.20626774979318382,0.31220794441925337
0.7078539269634817,0.2078539269634817,0.22534327107666052,0.29411689801155483
0.7083541770885443,0.2083541770885443,0.2308317043461755,0.30634466892927725
0.7088544272136068,0.2088544272136068,0.21388477699918843,0.32547217010747953
0.7093546773386693,0.2093546773386693,0.22985610698359962,0.2842972056659948
0.7098549274637319,0.2098549274637319,0.23423222632819088,0.30801106501185443
0.7103551775887944,0.2103551775887944,0.21095023040696015,0.2936987227665097
0.7108554277138569,0.2108554277138569,0.2078670982532408,0.29482524820870354
0.7113556778389195,0.2113556778389195,0.2119337288390527,0.29057545948513247
0.711855927963982,0.211855927963982,0.18400012634952098,0.2872971719876637
0.7123561780890445,0.2123561780890445,0.20948273715952792,0.2894147284602131
0.7128564282141071,0.2128564282141071,0.1985940209920059,0.2923912748073406
0.7133566783391696,0.2133566783391696,0.19704801038142097,0.27597358882256856
0.7138569284642321,0.2138569284642321,0.1929999433323619,0.2734083370951304
0.7143571785892946,0.2143571785892946,0.19346767716464386,0.27232258648582025
0.7148574287143572,0.2148574287143572,0.18697988356407944,0.28965805920851784
0.7153576788394197,0.2153576788394197,0.1818496162259415,0.2971179388006589
0.7158579289644822,0.2158579289644822,0.19743425246616703,0.26858147359311085
0.7163581790895448,0.2163581790895448,0.18850736306834623,0.2812881871725288
0.7168584292146073,0.2168584292146073,0.20570200156240626,0.265613783936278
0.7173586793396698,0.2173586793396698,0.17833022472688234,0.25310364674206887
0.7178589294647324,0.2178589294647324,0.172525468294989,0.28200377778752217
0.7183591795897949,0.2183591795897949,0.17400501109518232,0.2653652230046835
0.7188594297148574,0.2188594297148574,0.1682723713232858,0.2744956664737078
0.71935967983992,0.21935967983992,0.16884645110552252,0.2625662671022331
0.7198599299649825,0.2198599299649825,0.1765660762175459,0.2695666632840147
0.720360180090045,0.220360180090045,0.17643906372325818,0.2609052957128238
0.7208604302151076,0.2208604302151076,0.16843203177056315,0.27148246718965197
0.7213606803401701,0.2213606803401701,0.1657318799140247,0.2577339243493
0.7218609304652326,0.2218609304652326,0.15901525425161167,0.2688624514842393
0.7223611805902952,0.2223611805902952,0.16058385899846617,0.24728032437770464
0.7228614307153577,0.2228614307153577,0.1612415430489974,0.25804421433937347
0.7233616808404202,0.22336168084042018,0.16407722486233103,0.2250752458232463
0.7238619309654828,0.2238619309654828,0.151869935271294,0.2594620663788794
0.7243621810905453,0.2243621810905453,0.1510071605179398,0.23116854996192185
0.7248624312156078,0.22486243121560778,0.16404114555514512,0.25696056545785484
0.7253626813406704,0.2253626813406704,0.1468654491168198,0.2458873023760958
0.7258629314657329,0.22586293146573289,0.16130573917730584,0.23430753365713822
0.7263631815907954,0.22636318159079538,0.14157036699995487,0.26635951706713756
0.7268634317158579,0.22686343171585788,0.1534038180947689,0.21395537479124865
0.7273636818409205,0.22736368184092048,0.14998240824887457,0.2208186505526292
0.727863931965983,0.22786393196598298,0.12420302017371135,0.23035809503211185
0.7283641820910455,0.22836418209104548,0.13736829483216,0.24229528192665006
0.7288644322161081,0.22886443221610808,0.14550992807913704,0.22955551063854768
0.7293646823411706,0.22936468234117058,0.14399266049228843,0.21205588868920433
0.7298649324662331,0.22986493246623307,0.1314542657760294,0.2204545513266101
0.7303651825912957,0.23036518259129568,0.14457135663699805,0.23399289577280918
0.7308654327163582,0.23086543271635818,0.147551722032629,0.2261888820616319
0.7313656828414207,0.23136568284142067,0.1508927892910622,0.2175978894315716
0.7318659329664833,0.23186593296648328,0.14357303790710982,0.21477548669008537
0.7323661830915458,0.23236618309154577,0.1364041335979348,0.22625901109854618
0.7328664332166083,0.23286643321660827,0.14010530284785713,0.21308061002963374
0.7333666833416709,0.23336668334167088,0.14856897705387956,0.22373925684083543
0.7338669334667334,0.23386693346673337,0.120956683779335,0.22127916279200663
0.7343671835917959,0.23436718359179587,0.13322783366575583,0.21168398041725126
0.7348674337168585,0.23486743371685848,0.14543139387091025,0.22174812625503407
0.735367683841921,0.23536768384192097,0.13534207941250215,0.20105622383829452
0.7358679339669835,0.23586793396698347,0.1268477048298028,0.2150312000172762
0.7363681840920461,0.23636818409204607,0.13385511997026295,0.20912618968238336
0.7368684342171086,0.23686843421710857,0.13564497540292997,0.20195717967591925
0.7373686843421711,0.23736868434217107,0.1225117092064804,0.20783985001246855
0.7378689344672336,0.23786893446723356,0.13527315576301877,0.19713135181257294
0.7383691845922962,0.23836918459229617,0.11914660547038615,0.19839769918210373
0.7388694347173587,0.23886943471735866,0.12068294151452139,0.19963363279511886
0.7393696848424212,0.23936968484242116,0.1301181667365223,0.20322400746732894
0.7398699349674838,0.23986993496748377,0.11362816439680114,0.19765981702729543
0.7403701850925463,0.24037018509254626,0.10830007333938688,0.17018367906326934
0.7408704352176088,0.24087043521760876,0.12820748789118072,0.16836888229920394
0.7413706853426714,0.24137068534267136,0.12268783970958257,0.20056018384714225
0.7418709354677339,0.24187093546773386,0.11916555632180352,0.20866455190711888
0.7423711855927964,0.24237118559279636,0.12613384218414403,0.1873093429611039
0.742871435717859,0.24287143571785896,0.11184599910128447,0.20019216808815712
0.7433716858429215,0.24337168584292146,0.11888508470722459,0.17448864189011543
0.743871935967984,0.24387193596798395,0.1171964964684322,0.1994896245778449
0.7443721860930466,0.24437218609304656,0.11058039269059618,0.17540968287018194
0.7448724362181091,0.24487243621810906,0.12402758289522328,0.20239629917069024
0.7453726863431716,0.24537268634317155,0.1222897422564317,0.17873036707538673
0.7458729364682342,0.24587293646823416,0.08931921585859652,0.18634148863030325
0.7463731865932967,0.24637318659329666,0.10585659682885974,0.186214536223398
0.7468734367183592,0.24687343671835915,0.10200673934541413,0.19168473508683787
0.7473736868434218,0.24737368684342176,0.11026920651931153,0.18389771346026845
0.7478739369684843,0.24787393696848425,0.10713937176693737,0.18273145383901845
0.7483741870935467,0.24837418709354675,0.09357608658287687,0.16388447255391922
0.7488744372186094,0.24887443721860936,0.0897820302037736,0.1785687257836393
0.7493746873436719,0.24937468734367185,0.11094302540400637,0.18910148717409675
0.7498749374687343,0.24987493746873435,0.10880536334924855,0.16008941579831293
0.7503751875937968,0.25037518759379684,0.10359210406406022,0.15719238734975227
0.7508754377188595,0.25087543771885945,0.10967234306487664,0.16368600578017956
0.751375687843922,0.25137568784392195,0.10801679586759064,0.17738390627454054
0.7518759379689844,0.25187593796898444,0.10439207406360727,0.18512120143167118
0.752376188094047,0.25237618809404705,0.10726306826986798,0.17587772703680551
0.7528764382191095,0.25287643821910955,0.09451656167591056,0.17985440616105908
0.753376688344172,0.25337668834417204,0.11356502828621798,0.17499246519090597
0.7538769384692346,0.25387693846923465,0.11256720890542113,0.1580731467879344
0.7543771885942971,0.25437718859429714,0.11163781634311071,0.16914295334498397
0.7548774387193596,0.25487743871935964,0.10885366859560379,0.16310674287249352
0.7553776888444222,0.25537768884442225,0.10658941343720958,0.15242831905088147
0.7558779389694847,0.25587793896948474,0.08910929279122806,0.1667414699707726
0.7563781890945472,0.25637818909454724,0.09797857522191943,0.163086857600898
0.7568784392196098,0.25687843921960984,0.08553675241218489,0.15826347490889245
0.7573786893446723,0.25737868934467234,0.09483578093962614,0.17509973571946494
0.7578789394697348,0.25787893946973484,0.10782941366440946,0.1698500884935828
0.7583791895947974,0.25837918959479744,0.09537178603729442,0.16531789886110457
0.7588794397198599,0.25887943971985994,0.10891203626698634,0.16928971468073187
0.7593796898449224,0.25937968984492243,0.10872201156465414,0.1600229710476269
0.759879939969985,0.25987993996998504,0.10039796554039367,0.16952465977511738
0.7603801900950475,0.26038019009504754,0.10943178303393458,0.17728775299205063
0.76088044022011,0.26088044022011003,0.08303079031651907,0.14662322504754785
0.7613806903451726,0.26138069034517264,0.10288049707510503,0.16315332149500472
0.7618809404702351,0.26188094047023514,0.09586057820445114,0.16767244479950572
0.7623811905952976,0.26238119059529763,0.08499243618400709,0.1568445017741835
0.7628814407203601,0.2628814407203601,0.07407045556304843,0.14117313275404922
0.7633816908454227,0.26338169084542273,0.08471178186314368,0.15733997146482193
0.7638819409704852,0.26388194097048523,0.09329714932365372,0.16327748236507364
0.7643821910955477,0.2643821910955477,0.08052011459698155,0.161102578757653
0.7648824412206103,0.26488244122061033,0.08770078106282622,0.1655014233346614
0.7653826913456728,0.2653826913456728,0.0825406070195767,0.16099863248303525
0.7658829414707353,0.2658829414707353,0.08824407758789637,0.17155456927880472
0.7663831915957979,0.26638319159579793,0.082796648789995,0.1719751614870085
0.7668834417208604,0.2668834417208604,0.09791098053851731,0.16018335841307252
0.7673836918459229,0.2673836918459229,0.07644847836981235,0.1593934819736652
0.7678839419709855,0.26788394197098553,0.09176818919342031,0.16380947530224713
0.768384192096048,0.268384192096048,0.0825014271354694,0.1546928535718
0.7688844422211105,0.2688844422211105,0.09183740938585369,0.15903610613135222
0.7693846923461731,0.2693846923461731,0.08659562011938073,0.1398771579662014
0.7698849424712356,0.2698849424712356,0.09267558147881866,0.14976363372237614
0.7703851925962981,0.2703851925962981,0.0737783350780213,0.1654372956053736
0.7708854427213607,0.2708854427213607,0.09834272389062175,0.16166046108196555
0.7713856928464232,0.2713856928464232,0.06780441933667326,0.17610681239935574
0.7718859429714857,0.2718859429714857,0.0886220539138603,0.16430196075725395
0.7723861930965483,0.2723861930965483,0.09712011714892052,0.1603751412776323
0.7728864432216108,0.2728864432216108,0.08320345873615548,0.15658049827819076
0.7733866933466733,0.2733866933466733,0.08310578304580309,0.15880355970414983
0.7738869434717359,0.2738869434717359,0.08992169654791364,0.1601653494600726
0.7743871935967984,0.2743871935967984,0.08408402249497314,0.16301874051860035
0.7748874437218609,0.2748874437218609,0.0773083515854674,0.15905271318142145
0.7753876938469234,0.2753876938469234,0.07746391671346269,0.14702982773819004
0.775887943971986,0.275887943971986,0.09104820427594565,0.15466247156357657
0.7763881940970485,0.2763881940970485,0.07408534128752928,0.16364406278915325
0.776888444222111,0.276888444222111,0.07676141286936546,0.13691295580376583
0.7773886943471736,0.2773886943471736,0.07172212058212364,0.162014306640112
0.7778889444722361,0.2778889444722361,0.07744232120309329,0.15962702772657295
0.7783891945972986,0.2783891945972986,0.08781395814223755,0.1773739088929358
0.7788894447223612,0.2788894447223612,0.07906700509217696,0.14968220664680587
0.7793896948474237,0.2793896948474237,0.08400814357865205,0.16424903982007866
0.7798899449724862,0.2798899449724862,0.06538498941532306,0.15185631368361788
0.7803901950975488,0.2803901950975488,0.06935612902518401,0.16069625683919272
0.7808904452226113,0.2808904452226113,0.07703344545276103,0.1566842000086462
0.7813906953476738,0.2813906953476738,0.0714810343844333,0.1664706347849083
0.7818909454727364,0.2818909454727364,0.08069753495629615,0.16248602509483187
0.7823911955977989,0.2823911955977989,0.08073628403499834,0.16297197227016053
0.7828914457228614,0.2828914457228614,0.06957276852086794,0.16454053006332192
0.783391695847924,0.283391695847924,0.0850992313174887,0.15441706367922176
0.7838919459729865,0.2838919459729865,0.06363134890773517,0.15143869259338663
0.784392196098049,0.284392196098049,0.06684521342518704,0.16356658028727122
0.7848924462231116,0.2848924462231116,0.08335769276118718,0.15437847738285282
0.7853926963481741,0.2853926963481741,0.07462536776206902,0.15184001122855478
0.7858929464732366,0.2858929464732366,0.055537735982744585,0.1498228608373674
0.7863931965982992,0.2863931965982992,0.07859276723822935,0.15396793481552112
0.7868934467233617,0.2868934467233617,0.08793278656256573,0.1510283460098024
0.7873936968484242,0.2873936968484242,0.07517840226715426,0.15740996188712478
0.7878939469734867,0.2878939469734867,0.06091787839053668,0.14959361340782268
0.7883941970985493,0.2883941970985493,0.07526579186341852,0.15320516273760137
0.7888944472236118,0.2888944472236118,0.07706480368814383,0.1423142698984138
0.7893946973486743,0.2893946973486743,0.0661821149514111,0.1382325017491369
0.7898949474737369,0.2898949474737369,0.06907255985029577,0.1507717026255881
0.7903951975987994,0.2903951975987994,0.0486973875794882,0.14665924601379846
0.7908954477238619,0.2908954477238619,0.07603992670703502,0.1581111607640161
0.7913956978489245,0.2913956978489245,0.07442320145367914,0.13016028644426522
0.791895947973987,0.291895947973987,0.06673310412093589,0.15236930484568503
0.7923961980990495,0.2923961980990495,0.06369089950875186,0.15628952530036783
0.7928964482241121,0.2928964482241121,0.06552019916733512,0.14641196028756845
0.7933966983491746,0.2933966983491746,0.06863271049542606,0.17460187667773686
0.7938969484742371,0.2938969484742371,0.07618489955901497,0.14660141310312225
0.7943971985992997,0.2943971985992997,0.07926609689186995,0.14564354757964773
0.7948974487243622,0.2948974487243622,0.062405722485414886,0.14689089985786588
0.7953976988494247,0.2953976988494247,0.07543028009209624,0.1473078912503412
0.7958979489744873,0.2958979489744873,0.07256307289425663,0.13509813460497164
0.7963981990995498,0.2963981990995498,0.07204123707707989,0.149401970742721
0.7968984492246123,0.2968984492246123,0.07150944440243343,0.1491171844694294
0.7973986993496749,0.2973986993496749,0.056295419336789526,0.13634375472343926
0.7978989494747374,0.2978989494747374,0.07802561714495533,0.14269555300936534
0.7983991995997999,0.2983991995997999,0.08435197987612611,0.1300148093584921
0.7988994497248624,0.2988994497248624,0.0764138466199428,0.1254851793917169
0.799399699849925,0.299399699849925,0.06830319807808265,0.1374965749152857
0.7998999499749875,0.2998999499749875,0.0747398357379535,0.1366426992861627
0.80040020010005,0.30040020010005,0.06754946035295897,0.12398855695539725
0.8009004502251126,0.3009004502251126,0.0573816717564572,0.12661736291956327
0.8014007003501751,0.3014007003501751,0.06325492549612471,0.1328114869594791
0.8019009504752376,0.3019009504752376,0.06724873044594243,0.13136810416211372
0.8024012006003002,0.3024012006003002,0.06875514531705242,0.14817892608733932
0.8029014507253627,0.3029014507253627,0.06792505265142226,0.13571352859845467
0.8034017008504252,0.30340170085042517,0.07548104699726292,0.113048969941757
0.8039019509754878,0.3039019509754878,0.05316706134476755,0.1571712890456057
0.8044022011005503,0.3044022011005503,0.07680834879662624,0.1381133518733534
0.8049024512256128,0.30490245122561277,0.07298376309851314,0.1125100208617286
0.8054027013506754,0.3054027013506754,0.07334972492247734,0.1284200104463109
0.8059029514757379,0.30590295147573787,0.07765175388220753,0.12158517394274758
0.8064032016008004,0.30640320160080037,0.08192514339439089,0.1316135995153687
0.806903451725863,0.306903451725863,0.06282482864282203,0.1456700679358379
0.8074037018509255,0.30740370185092547,0.060923101158449,0.12002527368349807
0.807903951975988,0.30790395197598797,0.06684552423380873,0.14397252919129053
0.8084042021010506,0.3084042021010506,0.06178381061835862,0.11369306288845578
0.8089044522261131,0.30890445222611307,0.0725011859292326,0.11078712885777356
0.8094047023511756,0.30940470235117556,0.052985085487172616,0.09505491394375906
0.8099049524762382,0.30990495247623817,0.06917615700201717,0.10669257274393884
0.8104052026013007,0.31040520260130067,0.06856579858458878,0.1043080351453524
0.8109054527263632,0.31090545272636316,0.05689363625566875,0.1139605664526091
0.8114057028514257,0.31140570285142566,0.06505649897275595,0.11177800848434151
0.8119059529764883,0.31190595297648827,0.06043302436038187,0.11769273162833245
0.8124062031015508,0.31240620310155076,0.05952375126791294,0.11398598851765966
0.8129064532266133,0.31290645322661326,0.06261168992230336,0.12193138111697249
0.8134067033516759,0.31340670335167586,0.050332869110787735,0.12174183833983412
0.8139069534767384,0.31390695347673836,0.06195871189092405,0.10901067933281579
0.8144072036018009,0.31440720360180086,0.07275776576425311,0.09872965524132808
0.8149074537268635,0.31490745372686346,0.05319924853768996,0.10282072362516889
0.815407703851926,0.31540770385192596,0.07458505381185848,0.11211360891169507
0.8159079539769885,0.31590795397698845,0.06583550029045855,0.11137896059135921
0.8164082041020511,0.31640820410205106,0.07770224303660198,0.11306034022679956
0.8169084542271136,0.31690845422711356,0.056981430122167116,0.10613053590536199
0.817408704352176,0.31740870435217605,0.059093393112360885,0.10993089950859686
0.8179089544772387,0.31790895447723866,0.06234962909212012,0.11605575308976873
0.8184092046023012,0.31840920460230115,0.07575118550830143,0.11981076821949
0.8189094547273637,0.31890945472736365,0.05375536452261965,0.12051631521158365
0.8194097048524263,0.31940970485242626,0.0632442002682926,0.11084051927440869
0.8199099549774888,0.31990995497748875,0.0705020794891847,0.0957957484000561
0.8204102051025512,0.32041020510255125,0.07879672586011563,0.10411662356839384
0.8209104552276139,0.32091045522761386,0.060150633642778235,0.10079071330405903
0.8214107053526764,0.32141070535267635,0.06763214238999093,0.09851394963117915
0.8219109554777388,0.32191095547773885,0.05704728899044594,0.09099514219860934
0.8224112056028015,0.32241120560280145,0.05517638559488857,0.09129551974323001
0.822911455727864,0.32291145572786395,0.049115192528451326,0.09951771226693569
0.8234117058529264,0.32341170585292645,0.05673753141334088,0.11314964809353945
0.8239119559779889,0.32391195597798894,0.05835011033631604,0.10455176468119345
0.8244122061030515,0.32441220610305155,0.06791696013533119,0.09911540463140571
0.824912456228114,0.32491245622811404,0.051584854778759556,0.10212058599663004
0.8254127063531765,0.32541270635317654,0.06700642337886425,0.08029574832855589
0.8259129564782391,0.32591295647823915,0.0485619105093445,0.09978076873866447
0.8264132066033016,0.32641320660330164,0.06837495463606083,0.09641799646352428
0.8269134567283641,0.32691345672836414,0.0597928451727191,0.08342830379614208
0.8274137068534267,0.32741370685342674,0.05987592099386933,0.08217539217932224
0.8279139569784892,0.32791395697848924,0.04499035202976083,0.09752489220569549
0.8284142071035517,0.32841420710355174,0.05643890893831896,0.08877503182025563
0.8289144572286143,0.32891445722861434,0.06624358441847367,0.08393350948582079
0.8294147073536768,0.32941470735367684,0.05014848807330975,0.10789935895721026
0.8299149574787393,0.32991495747873933,0.05724479046490312,0.11389311552002096
0.8304152076038019,0.33041520760380194,0.059305256947107574,0.10306503605691891
0.8309154577288644,0.33091545772886444,0.06461540074960742,0.0959582271775647
0.8314157078539269,0.33141570785392693,0.06779492364725172,0.10267116840316742
0.8319159579789895,0.33191595797898954,0.06162275428568452,0.06297704211324481
0.832416208104052,0.33241620810405204,0.06828539339758774,0.09289081611463791
0.8329164582291145,0.33291645822911453,0.07266791408538076,0.09450906395859164
0.8334167083541771,0.33341670835417714,0.05956640020401736,0.1043350813609885
0.8339169584792396,0.33391695847923963,0.058209888297109845,0.10394327557713075
0.8344172086043021,0.33441720860430213,0.06662238176098344,0.08985614123873918
0.8349174587293647,0.33491745872936474,0.05547296947333185,0.08064483792156854
0.8354177088544272,0.33541770885442723,0.06179993958223261,0.08080984878264931
0.8359179589794897,0.33591795897948973,0.05860833331742498,0.10275250939344617
0.8364182091045522,0.3364182091045522,0.0449112309725595,0.08712252747958424
0.8369184592296148,0.33691845922961483,0.05336538562287216,0.09756242227927099
0.8374187093546773,0.3374187093546773,0.07531198757661137,0.07800623659800597
0.8379189594797398,0.3379189594797398,0.059719926141407156,0.09390397907625811
0.8384192096048024,0.33841920960480243,0.054370988344941994,0.09697320213044562
0.8389194597298649,0.3389194597298649,0.05511235120747569,0.08051055712152372
0.8394197098549274,0.3394197098549274,0.05561204138083584,0.08859625004655908
0.83991995997999,0.33991995997999,0.062428623022416786,0.10224012801007919
0.8404202101050525,0.3404202101050525,0.0636509414410191,0.10558607148802568
0.840920460230115,0.340920460230115,0.047225022928639726,0.10584919167955104
0.8414207103551776,0.3414207103551776,0.06040085115511454,0.07954520857046267
0.8419209604802401,0.3419209604802401,0.059042290104078715,0.0928968718072572
0.8424212106053026,0.3424212106053026,0.05403821639341373,0.10947386195516573
0.8429214607303652,0.3429214607303652,0.04448969542722381,0.10295767482836149
0.8434217108554277,0.3434217108554277,0.04503583144047861,0.08900701273009012
0.8439219609804902,0.3439219609804902,0.06339634535396042,0.09434359048616651
0.8444222111055528,0.3444222111055528,0.060036642245868715,0.09963160297223465
0.8449224612306153,0.3449224612306153,0.05530254989768697,0.08192549207512459
0.8454227113556778,0.3454227113556778,0.06387532525224457,0.10175046813175044
0.8459229614807404,0.3459229614807404,0.053496623172996895,0.08847476518135987
0.8464232116058029,0.3464232116058029,0.05860955799051367,0.1076131942258998
0.8469234617308654,0.3469234617308654,0.05774137505316308,0.107146598163781
0.847423711855928,0.347423711855928,0.07085633092815775,0.09706407418178713
0.8479239619809905,0.3479239619809905,0.0656747211915204,0.11608666438995524
0.848424212106053,0.348424212106053,0.05017487688281584,0.10973444044738644
0.8489244622311155,0.3489244622311155,0.06386958870150453,0.10317928528661703
0.8494247123561781,0.3494247123561781,0.06719574945405156,0.090632132391987
0.8499249624812406,0.3499249624812406,0.06379388860163988,0.09828658956303336
0.8504252126063031,0.3504252126063031,0.06218078278831853,0.11029685753983595
0.8509254627313657,0.3509254627313657,0.04780765181003323,0.0864259126773746
0.8514257128564282,0.3514257128564282,0.06369417898787266,0.08566594933947744
0.8519259629814907,0.3519259629814907,0.05276219682364818,0.10798764673324718
0.8524262131065533,0.3524262131065533,0.058901321692063045,0.08555444750812476
0.8529264632316158,0.3529264632316158,0.0602300075094648,0.1063189004291683
0.8534267133566783,0.3534267133566783,0.05676337870863561,0.09969484652375821
0.8539269634817409,0.3539269634817409,0.04973423905149787,0.10840817518692035
0.8544272136068034,0.3544272136068034,0.06039347562523696,0.11236849495365807
0.8549274637318659,0.3549274637318659,0.04824371015520674,0.08380519401436379
0.8554277138569285,0.3554277138569285,0.04984915342022341,0.08457446291850568
0.855927963981991,0.355927963981991,0.04877489811667282,0.09857704371484534
0.8564282141070535,0.3564282141070535,0.048495797200173635,0.10514366605218212
0.8569284642321161,0.3569284642321161,0.06564732315391297,0.10138055335772204
0.8574287143571786,0.3574287143571786,0.05495158338568868,0.07630707845793415
0.8579289644822411,0.3579289644822411,0.0518689101258844,0.10759364756242765
0.8584292146073037,0.3584292146073037,0.049628908750062845,0.0956210518605577
0.8589294647323662,0.3589294647323662,0.04985295737846543,0.08603222870046379
0.8594297148574287,0.3594297148574287,0.05388640063434356,0.10359430384341926
0.8599299649824912,0.3599299649824912,0.04869374311136723,0.12018332381096238
0.8604302151075538,0.3604302151075538,0.059689058987531296,0.11576321271812415
0.8609304652326163,0.3609304652326163,0.05845285391474225,0.1103804250772171
0.8614307153576788,0.3614307153576788,0.06238872903189881,0.10905847984738838
0.8619309654827414,0.3619309654827414,0.055814909107105876,0.10688661389594295
0.8624312156078039,0.3624312156078039,0.034743167693128324,0.09441828993955903
0.8629314657328664,0.3629314657328664,0.05114880221107518,0.11535182136043094
0.863431715857929,0.363431715857929,0.0444244972594606,0.09553795631155447
0.8639319659829915,0.3639319659829915,0.05497908175644001,0.12777483266429124
0.864432216108054,0.364432216108054,0.04822646551682197,0.09956422531633777
0.8649324662331166,0.3649324662331166,0.05480665760270408,0.10472340527902774
0.8654327163581791,0.3654327163581791,0.0576054259757342,0.09699054312700389
0.8659329664832416,0.3659329664832416,0.06116703729699642,0.10916695374704263
0.8664332166083042,0.3664332166083042,0.04944921277995942,0.10895207608156876
0.8669334667333667,0.3669334667333667,0.03583348518030456,0.10943504804140586
0.8674337168584292,0.3674337168584292,0.040182680086781934,0.09528572645918569
0.8679339669834918,0.3679339669834918,0.05073901337681254,0.09947878136607453
0.8684342171085543,0.3684342171085543,0.040595345138709334,0.09860321842914127
0.8689344672336168,0.3689344672336168,0.046125563890771146,0.09730819947222843
0.8694347173586794,0.3694347173586794,0.047551102021576655,0.1024245548144627
0.8699349674837419,0.3699349674837419,0.05270538042390671,0.1007560109946613
0.8704352176088044,0.3704352176088044,0.06412001865528473,0.09694215878847537
0.870935467733867,0.370935467733867,0.046326736851684244,0.09237862797612528
0.8714357178589295,0.3714357178589295,0.053429859692157314,0.10135424976095596
0.871935967983992,0.371935967983992,0.05395818678440303,0.1222583803607073
0.8724362181090545,0.3724362181090545,0.03747677518421736,0.1154937633335717
0.8729364682341171,0.3729364682341171,0.05467100389716481,0.10105118763644272
0.8734367183591796,0.3734367183591796,0.03979929474491346,0.09823654241318226
0.8739369684842421,0.37393696848424207,0.0476099196405964,0.0894359257086936
0.8744372186093047,0.3744372186093047,0.05198954300074868,0.09247109182362193
0.8749374687343672,0.3749374687343672,0.06108273313356495,0.09157496779951937
0.8754377188594297,0.37543771885942967,0.056330898867733147,0.10065077704135666
0.8759379689844923,0.3759379689844923,0.046643311716370144,0.10412256707222872
0.8764382191095548,0.3764382191095548,0.05350401301809179,0.10868087676913767
0.8769384692346173,0.37693846923461727,0.053813419621184355,0.11155327286755048
0.8774387193596799,0.3774387193596799,0.04104896025078756,0.07756263268126354
0.8779389694847424,0.37793896948474237,0.043671565917284126,0.0953580068591933
0.8784392196098049,0.37843921960980487,0.05377896890808483,0.08184106716145294
0.8789394697348675,0.3789394697348675,0.06031318485899234,0.09026276118968074
0.87943971985993,0.37943971985992997,0.050311606318401,0.097895409416948
0.8799399699849925,0.37993996998499246,0.04743489218019154,0.08878225248418584
0.8804402201100551,0.38044022011005507,0.05163304124167747,0.09543489572699894
0.8809404702351176,0.38094047023511757,0.051137111728165846,0.10978238146939057
0.8814407203601801,0.38144072036018006,0.06213569545117361,0.09921825338842898
0.8819409704852427,0.38194097048524267,0.05604208242395117,0.07043437018582856
0.8824412206103052,0.38244122061030517,0.03371217874028552,0.08024961678117301
0.8829414707353677,0.38294147073536766,0.054165030409296946,0.08412975384068787
0.8834417208604303,0.38344172086043027,0.03951499752670093,0.08438037185510688
0.8839419709854928,0.38394197098549276,0.07183382199201425,0.08351186915181086
0.8844422211105553,0.38444222111055526,0.04240943841790171,0.08656187290065505
0.8849424712356178,0.38494247123561776,0.049454403657597616,0.07157479682213745
0.8854427213606804,0.38544272136068036,0.05813677399894708,0.08364718997681153
0.8859429714857429,0.38594297148574286,0.04502785218057167,0.0846552331280748
0.8864432216108054,0.38644322161080535,0.05791086209935439,0.058170834149202516
0.886943471735868,0.38694347173586796,0.035103867968365524,0.07891532515184484
0.8874437218609305,0.38744372186093046,0.04676675304945951,0.07458595957005669
0.887943971985993,0.38794397198599295,0.055560461717478374,0.09399646407235884
0.8884442221110556,0.38844422211105556,0.05148470186759424,0.09298136202242664
0.888944472236118,0.38894447223611806,0.035897208488787614,0.06597712135130895
0.8894447223611806,0.38944472236118055,0.054032667927104656,0.06782646602025251
0.8899449724862432,0.38994497248624316,0.04021761900059614,0.08377923480878115
0.8904452226113057,0.39044522261130565,0.05804584022409454,0.07586093882224608
0.8909454727363681,0.39094547273636815,0.05816707376587312,0.054018990847489456
0.8914457228614308,0.39144572286143076,0.05797339413728865,0.062843242598563
0.8919459729864933,0.39194597298649325,0.056112291804010665,0.06747002326673612
0.8924462231115557,0.39244622311155575,0.04117251542833217,0.05801026596866848
0.8929464732366184,0.39294647323661835,0.05629688592537212,0.07159909167580171
0.8934467233616809,0.39344672336168085,0.0481829910528699,0.07113773404965058
0.8939469734867433,0.39394697348674335,0.0635060608084705,0.0755525804226592
0.894447223611806,0.39444722361180595,0.048481344434429245,0.07701343370703581
0.8949474737368684,0.39494747373686845,0.04956608988438719,0.07090310394893128
0.8954477238619309,0.39544772386193094,0.05200166303955889,0.07027858779079238
0.8959479739869936,0.39594797398699355,0.05926833691966281,0.07216901208067698
0.896448224112056,0.39644822411205605,0.06148860878427366,0.05891260641028933
0.8969484742371185,0.39694847423711854,0.05644568521356119,0.05584190679701621
0.897448724362181,0.39744872436218104,0.05630582950752045,0.057010680004737774
0.8979489744872436,0.39794897448724365,0.05754494882428002,0.06941227795897295
0.8984492246123061,0.39844922461230614,0.0461582853021208,0.05684285519122453
0.8989494747373686,0.39894947473736864,0.029948044607048297,0.07512363323411526
0.8994497248624312,0.39944972486243124,0.042066174267343895,0.0613327834044479
0.8999499749874937,0.39994997498749374,0.054531115428714194,0.06836100080724487
0.9004502251125562,0.40045022511255624,0.04076980525973169,0.05133017715674392
0.9009504752376188,0.40095047523761884,0.05511031169661981,0.0564461213893102
0.9014507253626813,0.40145072536268134,0.03713158159407407,0.07373449449692775
0.9019509754877438,0.40195097548774383,0.03870890648489382,0.06719306396161123
0.9024512256128064,0.40245122561280644,0.05533246360473349,0.07791540853070603
0.9029514757378689,0.40295147573786894,0.051543755673518835,0.0742901441843702
0.9034517258629314,0.40345172586293143,0.0586591094520114,0.05824018501062522
0.903951975987994,0.40395197598799404,0.050252770477694234,0.05024964871651194
0.9044522261130565,0.40445222611305653,0.04105041800051429,0.06393180502333569
0.904952476238119,0.40495247623811903,0.060499719207307394,0.05598125727349102
0.9054527263631816,0.40545272636318164,0.04507154152979041,0.05837752401935735
0.9059529764882441,0.40595297648824413,0.044755737035888817,0.05845970525905801
0.9064532266133066,0.40645322661330663,0.05623935536193164,0.0549933850392143
0.9069534767383692,0.40695347673836924,0.047311906744337474,0.06791806557898623
0.9074537268634317,0.40745372686343173,0.05349535862832475,0.054555840633393256
0.9079539769884942,0.4079539769884942,0.04985369067527504,0.052171610237197553
0.9084542271135568,0.40845422711355683,0.05663395369219519,0.05636396730144201
0.9089544772386193,0.40895447723861933,0.048939423272595185,0.06982552953483491
0.9094547273636818,0.4094547273636818,0.0551148066647967,0.05931979174004693
0.9099549774887443,0.4099549774887443,0.04233364973887538,0.0712841009659376
0.9104552276138069,0.41045522761380693,0.04783755799836385,0.08047226564595608
0.9109554777388694,0.4109554777388694,0.055326136157135164,0.05159255690924452
0.9114557278639319,0.4114557278639319,0.048510913232050173,0.06355843509006848
0.9119559779889945,0.4119559779889945,0.04178512864314297,0.06988243993689705
0.912456228114057,0.412456228114057,0.042056164049785974,0.06269347592525219
0.9129564782391195,0.4129564782391195,0.03970523444817098,0.06910687412958924
0.9134567283641821,0.4134567283641821,0.05725509852426012,0.059410773766905664
0.9139569784892446,0.4139569784892446,0.05447542720514555,0.058949613921061496
0.9144572286143071,0.4144572286143071,0.05695122330511429,0.049327221841721045
0.9149574787393697,0.4149574787393697,0.049387344022504664,0.05783076230259588
0.9154577288644322,0.4154577288644322,0.042682940692125235,0.07321261971946616
0.9159579789894947,0.4159579789894947,0.04350973409210683,0.07495101359661287
0.9164582291145573,0.4164582291145573,0.04590300061484093,0.05671221302696654
0.9169584792396198,0.4169584792396198,0.058312331255379324,0.04601720603977663
0.9174587293646823,0.4174587293646823,0.04924433402798107,0.06625432014570512
0.9179589794897449,0.4179589794897449,0.05604481522887099,0.054702751364125286
0.9184592296148074,0.4184592296148074,0.038530445607272486,0.08013234007724261
0.9189594797398699,0.4189594797398699,0.05849137164757796,0.07837824018243604
0.9194597298649325,0.4194597298649325,0.046705380555641086,0.059183602375766656
0.919959979989995,0.419959979989995,0.059083740780234296,0.06317015580381152
0.9204602301150575,0.4204602301150575,0.06330323618313649,0.07121166813457643
0.92096048024012,0.42096048024012,0.04927475991270174,0.06058975274404769
0.9214607303651826,0.4214607303651826,0.053486946498341396,0.06748757025352897
0.9219609804902451,0.4219609804902451,0.04197795231232525,0.08193504664640228
0.9224612306153076,0.4224612306153076,0.05018350031559711,0.0511678420250629
0.9229614807403702,0.4229614807403702,0.04902869115785907,0.06566577453663577
0.9234617308654327,0.4234617308654327,0.05268295616046817,0.06700383882760477
0.9239619809904952,0.4239619809904952,0.053568490751917955,0.07306080289807608
0.9244622311155578,0.4244622311155578,0.062053267761877376,0.08078138204542597
0.9249624812406203,0.4249624812406203,0.057457980715476475,0.06709407634001668
0.9254627313656828,0.4254627313656828,0.054535090005654194,0.07696008561922557
0.9259629814907454,0.4259629814907454,0.06620017425505811,0.06984257561210906
0.9264632316158079,0.4264632316158079,0.039923629177011456,0.08738513185708358
0.9269634817408704,0.4269634817408704,0.04641547476855663,0.06938916200199156
0.927463731865933,0.427463731865933,0.03908057621258293,0.08594463721833584
0.9279639819909955,0.4279639819909955,0.029330156313707008,0.07772529498370681
0.928464232116058,0.428464232116058,0.049277219471881656,0.06227090035523555
0.9289644822411206,0.4289644822411206,0.05229884044166251,0.06029081851738584
0.9294647323661831,0.4294647323661831,0.039093637961954246,0.07406509557879709
0.9299649824912456,0.4299649824912456,0.04014744281400728,0.09729490881729848
0.9304652326163082,0.4304652326163082,0.05612115337057327,0.08150309757928284
0.9309654827413707,0.4309654827413707,0.05927484345302181,0.0855250586679102
0.9314657328664332,0.4314657328664332,0.051492721595237496,0.09999763661118548
0.9319659829914958,0.4319659829914958,0.04257307107226525,0.061633395393197156
0.9324662331165583,0.4324662331165583,0.0536685973737983,0.06870220582295122
0.9329664832416208,0.4329664832416208,0.04394870258955714,0.07298349689141795
0.9334667333666833,0.4334667333666833,0.045893430231691,0.06712586607774633
0.9339669834917459,0.4339669834917459,0.058526362838028374,0.08389161173737512
0.9344672336168084,0.4344672336168084,0.05211667391818209,0.08466073898401849
0.9349674837418709,0.4349674837418709,0.03268829724448253,0.08456061606213866
0.9354677338669335,0.4354677338669335,0.03582731764536894,0.07875203807170321
0.935967983991996,0.435967983991996,0.03544292529835347,0.06125111108651812
0.9364682341170585,0.4364682341170585,0.06272697795671436,0.09268741555113058
0.9369684842421211,0.4369684842421211,0.05658153873382865,0.08370100845464153
0.9374687343671836,0.4374687343671836,0.04894337173408254,0.07069454496783388
0.9379689844922461,0.4379689844922461,0.058050825276403234,0.07420017332872438
0.9384692346173087,0.4384692346173087,0.046830549922789844,0.07191930776558231
0.9389694847423712,0.4389694847423712,0.04435520811543411,0.06878902330898147
0.9394697348674337,0.4394697348674337,0.04343836650654707,0.07857852711266151
0.9399699849924963,0.4399699849924963,0.05271322297981595,0.08169057396978303
0.9404702351175588,0.4404702351175588,0.05051255119305438,0.06600755594155475
0.9409704852426213,0.4409704852426213,0.04712390893047256,0.09219396204281209
0.9414707353676839,0.4414707353676839,0.03840304230689025,0.07756704779671002
0.9419709854927464,0.4419709854927464,0.03956537797549792,0.07634192262826478
0.9424712356178089,0.4424712356178089,0.04417102579100407,0.08955127556244995
0.9429714857428715,0.4429714857428715,0.05281731763106672,0.10245531067234445
0.943471735867934,0.443471735867934,0.041578808526500935,0.06904097654984136
0.9439719859929965,0.4439719859929965,0.04824019276283689,0.0786573171307573
0.9444722361180591,0.4444722361180591,0.04884837092786803,0.07354327144673509
0.9449724862431216,0.4449724862431216,0.056904782760940145,0.0868497700047493
0.9454727363681841,0.4454727363681841,0.037955257729547096,0.08386293078029167
0.9459729864932466,0.44597298649324657,0.043063262042183935,0.05980632511147372
0.9464732366183092,0.4464732366183092,0.06113308616550975,0.06645489613469649
0.9469734867433717,0.4469734867433717,0.05198697499152391,0.08214609056513401
0.9474737368684342,0.44747373686843417,0.052587650073097056,0.0840950208501199
0.9479739869934968,0.4479739869934968,0.06437616256679315,0.08199164237318718
0.9484742371185593,0.44847423711855927,0.037040520691589404,0.0726629880536593
0.9489744872436218,0.44897448724362177,0.04274175186392741,0.09549305621888593
0.9494747373686844,0.4494747373686844,0.047328975476284,0.07905536167061673
0.9499749874937469,0.44997498749374687,0.05629910515967419,0.05753076275986324
0.9504752376188094,0.45047523761880937,0.04957852590286083,0.07560907457166212
0.950975487743872,0.45097548774387197,0.05029269234578447,0.08708871663791036
0.9514757378689345,0.45147573786893447,0.022867064323595785,0.07549015068473909
0.951975987993997,0.45197598799399696,0.039583042205444986,0.05361096271474339
0.9524762381190596,0.45247623811905957,0.04152601216117797,0.07756122679184614
0.9529764882441221,0.45297648824412207,0.05251849540508366,0.08269679045772892
0.9534767383691846,0.45347673836918456,0.033188310897911515,0.07824302569097154
0.9539769884942472,0.45397698849424717,0.03697922819940369,0.06670080944522223
0.9544772386193097,0.45447723861930966,0.05595967156135115,0.08134666562606258
0.9549774887443722,0.45497748874437216,0.035518799366494366,0.0564077099353017
0.9554777388694348,0.45547773886943477,0.025331408559858944,0.050446212951223215
0.9559779889944973,0.45597798899449726,0.03431129581014765,0.07125955007036601
0.9564782391195598,0.45647823911955976,0.047590785683648176,0.05636101590264736
0.9569784892446224,0.45697848924462237,0.05054616282661957,0.06859991318050511
0.9574787393696849,0.45747873936968486,0.047332272022493835,0.08392439741940808
0.9579789894947474,0.45797898949474736,0.042798283169397586,0.08379018894697204
0.9584792396198099,0.45847923961980985,0.03780917804748116,0.05822145240028694
0.9589794897448725,0.45897948974487246,0.041393447125127346,0.07305775561443074
0.959479739869935,0.45947973986993496,0.046915716613374146,0.06348661373781626
0.9599799899949975,0.45997998999499745,0.04952322247340857,0.030444610924552536
0.9604802401200601,0.46048024012006006,0.04481803114402103,0.06439770164603835
0.9609804902451226,0.46098049024512255,0.03723349116538588,0.04726746729569419
0.961480740370185,0.46148074037018505,0.04491034264222522,0.0863656910015623
0.9619809904952477,0.46198099049524766,0.05181960867690843,0.07637809560596764
0.9624812406203102,0.46248124062031015,0.03580053278454834,0.06229244290631149
0.9629814907453726,0.46298149074537265,0.055180986883709246,0.05468406940572007
0.9634817408704353,0.46348174087043525,0.030837669224102453,0.061422054093437276
0.9639819909954978,0.46398199099549775,0.04433531102234639,0.06458545013270499
0.9644822411205602,0.46448224112056025,0.03680014242628726,0.0509879135695354
0.9649824912456229,0.46498249124562285,0.03908179376265932,0.05744973478999448
0.9654827413706853,0.46548274137068535,0.04088197390692972,0.04204873411203112
0.9659829914957478,0.46598299149574784,0.05532405729905364,0.047120482697221154
0.9664832416208105,0.46648324162081045,0.046377764190884706,0.03612191616252569
0.966983491745873,0.46698349174587295,0.061193448138429855,0.05009986707550929
0.9674837418709354,0.46748374187093544,0.05372367336426402,0.04583064773885131
0.967983991995998,0.46798399199599805,0.03304995063933427,0.05132523703441719
0.9684842421210605,0.46848424212106055,0.03823106835779461,0.06158930403040799
0.968984492246123,0.46898449224612304,0.046221488971053964,0.06243203655708803
0.9694847423711856,0.46948474237118565,0.048678736850291005,0.05010566692874511
0.9699849924962481,0.46998499249624814,0.047212435644391655,0.06433092314213938
0.9704852426213106,0.47048524262131064,0.03726126582051371,0.041633594671351574
0.9709854927463731,0.47098549274637314,0.06096115843323567,0.0412966367246262
0.9714857428714357,0.47148574287143574,0.059605756754702074,0.04432083942574287
0.9719859929964982,0.47198599299649824,0.046451212372760745,0.04436712813568071
0.9724862431215607,0.47248624312156073,0.029004140764910417,0.06397316485345442
0.9729864932466233,0.47298649324662334,0.045809599551342985,0.0439304867393183
0.9734867433716858,0.47348674337168584,0.03820885395379996,0.05736948765828258
0.9739869934967483,0.47398699349674833,0.056896020117690384,0.05069629288092175
0.9744872436218109,0.47448724362181094,0.05148138230692079,0.03578159490440527
0.9749874937468734,0.47498749374687343,0.0452410678467102,0.049164471808483844
0.9754877438719359,0.47548774387193593,0.05654744790400186,0.02043847725571291
0.9759879939969985,0.47598799399699854,0.050513310975733305,0.030837263862934172
0.976488244122061,0.47648824412206103,0.04614244896512257,0.04228790942741257
0.9769884942471235,0.47698849424712353,0.031873888187522216,0.0493926682623179
0.9774887443721861,0.47748874437218614,0.04780122103144461,0.05092026098871659
0.9779889944972486,0.47798899449724863,0.05267259745218683,0.03749930046613048
0.9784892446223111,0.4784892446223111,0.049783224896061955,0.03269787404164254
0.9789894947473737,0.47898949474737373,0.03601016871676782,0.046044263067720935
0.9794897448724362,0.47948974487243623,0.05915676410903842,0.04675054444185995
0.9799899949974987,0.4799899949974987,0.042343261474884035,0.032911673209280894
0.9804902451225613,0.48049024512256133,0.05112046689233245,0.035525429552845836
0.9809904952476238,0.48099049524762383,0.043586168626195465,0.03399992665087115
0.9814907453726863,0.4814907453726863,0.04575382131370629,0.048291765107639786
0.9819909954977488,0.4819909954977488,0.04091726588796979,0.04386563347046436
0.9824912456228114,0.4824912456228114,0.03537489160444042,0.04575353074414451
0.9829914957478739,0.4829914957478739,0.03452797178387452,0.04827437210487088
0.9834917458729364,0.4834917458729364,0.040443335841032935,0.04085466626012759
0.983991995997999,0.483991995997999,0.042650846176694575,0.044019157278923304
0.9844922461230615,0.4844922461230615,0.042397110619924516,0.022914447355358736
0.984992496248124,0.484992496248124,0.03732375844360784,0.04696031713807084
0.9854927463731866,0.4854927463731866,0.03279048101259398,0.036099631450710684
0.9859929964982491,0.4859929964982491,0.033490429216180076,0.05435665563565288
0.9864932466233116,0.4864932466233116,0.03704875125101195,0.044284747597787465
0.9869934967483742,0.4869934967483742,0.03257914031288405,0.05898460327678349
0.9874937468734367,0.4874937468734367,0.04833655211294721,0.05397905891007092
0.9879939969984992,0.4879939969984992,0.04453079007355713,0.0480005136835475
0.9884942471235618,0.4884942471235618,0.05548943407154247,0.04874864280913815
0.9889944972486243,0.4889944972486243,0.048122325581717855,0.04148293861864305
0.9894947473736868,0.4894947473736868,0.04352668797611253,0.03808066205930159
0.9899949974987494,0.4899949974987494,0.06345840170887287,0.053979592063601464
0.9904952476238119,0.4904952476238119,0.04956274877806093,0.0458957177910017
0.9909954977488744,0.4909954977488744,0.03829167540010626,0.0559999942117874
0.991495747873937,0.491495747873937,0.041813339287367524,0.041195720117520374
0.9919959979989995,0.4919959979989995,0.046653358343626085,0.060978367826345505
0.992496248124062,0.492496248124062,0.030504780541376203,0.06634892407120978
0.9929964982491246,0.4929964982491246,0.06009247266364989,0.04851562264089535
0.9934967483741871,0.4934967483741871,0.04185212854863655,0.03683751180419728
0.9939969984992496,0.4939969984992496,0.04985657417465983,0.06738876504834113
0.9944972486243121,0.4944972486243121,0.03909670887974401,0.045973946781869716
0.9949974987493747,0.4949974987493747,0.04514538405679558,0.04508566261018848
0.9954977488744372,0.4954977488744372,0.05446075604705494,0.062025132940807116
0.9959979989994997,0.4959979989994997,0.03920430978050431,0.04437965187631553
0.9964982491245623,0.4964982491245623,0.056170110755515784,0.044991858708556945
0.9969984992496248,0.4969984992496248,0.05572955622068205,0.050989469417521444
0.9974987493746873,0.4974987493746873,0.050990088760667955,0.04654476203301611
0.9979989994997499,0.4979989994997499,0.047925435190212834,0.08185509402765954
0.9984992496248124,0.4984992496248124,0.052514505113729626,0.04004799404132413
0.9989994997498749,0.4989994997498749,0.04714565052696719,0.05183870626608166
0.9994997498749375,0.4994997498749375,0.05030513980966928,0.04559712576933203
1.0,0.5,0.027935797417459822,0.04629621072338903
