#-----------------------------------------------------------
# Vivado v2020.2 (64-bit)
# SW Build 3064766 on Wed Nov 18 09:12:45 MST 2020
# IP Build 3064653 on Wed Nov 18 14:17:31 MST 2020
# Start of session at: Mon Jul 27 17:40:45 2026
# Process ID: 4284
# Current directory: C:/Users/chris/dlcpro_v1
# Command line: vivado.exe -mode batch -source C:\Users\chris\FPGA_Projects\A-high-speed-data-acquisition-framework-main\run_pl_udp_rollback_verify.tcl
# Log file: C:/Users/chris/dlcpro_v1/vivado.log
# Journal file: C:/Users/chris/dlcpro_v1\vivado.jou
#-----------------------------------------------------------
source {C:\Users\chris\FPGA_Projects\A-high-speed-data-acquisition-framework-main\run_pl_udp_rollback_verify.tcl}
# set root [file dirname [file normalize [info script]]]
# set out_dir [file join $root reports pl_udp_pc_v2 rollback_verify]
# file mkdir $out_dir
# open_project [file join $root AXI_DMA.xpr]
Scanning sources...
Finished scanning sources
INFO: [IP_Flow 19-234] Refreshing IP repositories
INFO: [IP_Flow 19-1700] Loaded user IP repository 'c:/Users/chris/FPGA_Projects/ip_repo/myip_1.0'.
INFO: [IP_Flow 19-2313] Loaded Vivado IP repository 'C:/baidunetdiskdownload/Vivado2020_2/Vivado/2020.2/data/ip'.
open_project: Time (s): cpu = 00:00:05 ; elapsed = 00:00:08 . Memory (MB): peak = 1121.906 ; gain = 0.000
# set_property verilog_define {} [get_filesets sources_1]
# update_compile_order -fileset sources_1
update_compile_order: Time (s): cpu = 00:00:00 ; elapsed = 00:00:05 . Memory (MB): peak = 1121.906 ; gain = 0.000
# reset_run synth_1
WARNING: [Vivado 12-1017] Problems encountered:
1. Failed to delete one or more files in run directory C:/Users/chris/FPGA_Projects/A-high-speed-data-acquisition-framework-main/AXI_DMA.runs/synth_1

# launch_runs synth_1 -jobs 6
[Mon Jul 27 17:41:06 2026] Launched synth_1...
Run output will be captured here: C:/Users/chris/FPGA_Projects/A-high-speed-data-acquisition-framework-main/AXI_DMA.runs/synth_1/runme.log
# wait_on_run synth_1
[Mon Jul 27 17:41:06 2026] Waiting for synth_1 to finish...

*** Running vivado
    with args -log top.vds -m64 -product Vivado -mode batch -messageDb vivado.pb -notrace -source top.tcl



****** Vivado v2020.2 (64-bit)
  **** SW Build 3064766 on Wed Nov 18 09:12:45 MST 2020
  **** IP Build 3064653 on Wed Nov 18 14:17:31 MST 2020
    ** Copyright 1986-2020 Xilinx, Inc. All Rights Reserved.

source top.tcl -notrace
INFO: [IP_Flow 19-234] Refreshing IP repositories
INFO: [IP_Flow 19-1700] Loaded user IP repository 'c:/Users/chris/FPGA_Projects/ip_repo/myip_1.0'.
INFO: [IP_Flow 19-2313] Loaded Vivado IP repository 'C:/baidunetdiskdownload/Vivado2020_2/Vivado/2020.2/data/ip'.
WARNING: [IP_Flow 19-4995] The host OS only allows 260 characters in a normal path. The IP cache path is more than 80 characters. If you experience issues with IP caching, please consider changing the IP cache to a location with a shorter path. Alternately consider using the OS subst command to map part of the path to a drive letter. 
Current IP cache path is c:/Users/chris/FPGA_Projects/A-high-speed-data-acquisition-framework-main/AXI_DMA.cache/ip 
INFO: [IP_Flow 19-5107] Inferred bus interface 'S_AXI' of definition 'xilinx.com:interface:aximm:1.0' (from X_INTERFACE_INFO parameter from HDL file).
INFO: [IP_Flow 19-5107] Inferred bus interface 'S_AXI' of definition 'xilinx.com:interface:aximm:1.0' (from 'X_INTERFACE_INFO' attribute).
INFO: [IP_Flow 19-5107] Inferred bus interface 'S_AXI_CLK' of definition 'xilinx.com:signal:clock:1.0' (from X_INTERFACE_INFO parameter from HDL file).
INFO: [IP_Flow 19-5107] Inferred bus interface 'S_AXI_CLK' of definition 'xilinx.com:signal:clock:1.0' (from 'X_INTERFACE_INFO' attribute).
INFO: [IP_Flow 19-5107] Inferred bus interface 'S_AXI_RST' of definition 'xilinx.com:signal:reset:1.0' (from X_INTERFACE_INFO parameter from HDL file).
INFO: [IP_Flow 19-5107] Inferred bus interface 'S_AXI_RST' of definition 'xilinx.com:signal:reset:1.0' (from 'X_INTERFACE_INFO' attribute).
INFO: [IP_Flow 19-5107] Inferred bus interface 'fifo_reset' of definition 'xilinx.com:signal:reset:1.0' (from Xilinx Repository).
INFO: [IP_Flow 19-5107] Inferred bus interface 'sample_clk' of definition 'xilinx.com:signal:clock:1.0' (from Xilinx Repository).
INFO: [IP_Flow 19-4728] Bus Interface 'S_AXI_CLK': Added interface parameter 'ASSOCIATED_BUSIF' with value 'S_AXI'.
INFO: [IP_Flow 19-4728] Bus Interface 'S_AXI': Added interface parameter 'PROTOCOL' with value 'AXI4LITE'.
INFO: [IP_Flow 19-4728] Bus Interface 'S_AXI': Added interface parameter 'DATA_WIDTH' with value '32'.
INFO: [IP_Flow 19-4728] Bus Interface 'S_AXI': Added interface parameter 'ADDR_WIDTH' with value '8'.
INFO: [IP_Flow 19-4728] Bus Interface 'S_AXI_CLK': Added interface parameter 'ASSOCIATED_RESET' with value 's_axi_aresetn'.
INFO: [IP_Flow 19-4728] Bus Interface 'S_AXI_RST': Added interface parameter 'POLARITY' with value 'ACTIVE_LOW'.
WARNING: [IP_Flow 19-5661] Bus Interface 'sample_clk' does not have any bus interfaces associated with it.
INFO: [IP_Flow 19-234] Refreshing IP repositories
INFO: [IP_Flow 19-1700] Loaded user IP repository 'c:/Users/chris/FPGA_Projects/ip_repo/myip_1.0'.
WARNING: [IP_Flow 19-587] [HDL Parser] HDL port or parameter 'word_count' has a dependency on the module local parameter or undefined parameter 'COUNT_WIDTH'.
INFO: [IP_Flow 19-5107] Inferred bus interface 'm_axis' of definition 'xilinx.com:interface:axis:1.0' (from Xilinx Repository).
INFO: [IP_Flow 19-5107] Inferred bus interface 'frame_reset' of definition 'xilinx.com:signal:reset:1.0' (from Xilinx Repository).
INFO: [IP_Flow 19-5107] Inferred bus interface 'resetn' of definition 'xilinx.com:signal:reset:1.0' (from Xilinx Repository).
INFO: [IP_Flow 19-5107] Inferred bus interface 'clk' of definition 'xilinx.com:signal:clock:1.0' (from Xilinx Repository).
INFO: [IP_Flow 19-4728] Bus Interface 'resetn': Added interface parameter 'POLARITY' with value 'ACTIVE_LOW'.
INFO: [IP_Flow 19-4728] Bus Interface 'clk': Added interface parameter 'ASSOCIATED_BUSIF' with value 'm_axis'.
INFO: [IP_Flow 19-4728] Bus Interface 'clk': Added interface parameter 'ASSOCIATED_RESET' with value 'resetn'.
INFO: [IP_Flow 19-234] Refreshing IP repositories
INFO: [IP_Flow 19-1700] Loaded user IP repository 'c:/Users/chris/FPGA_Projects/ip_repo/myip_1.0'.
add_files: Time (s): cpu = 00:00:04 ; elapsed = 00:00:08 . Memory (MB): peak = 1121.465 ; gain = 0.000
Command: synth_design -top top -part xc7z020clg400-2
Starting synth_design
Attempting to get a license for feature 'Synthesis' and/or device 'xc7z020'
INFO: [Common 17-349] Got license for feature 'Synthesis' and/or device 'xc7z020'
INFO: [Device 21-403] Loading part xc7z020clg400-2
INFO: [Synth 8-7079] Multithreading enabled for synth_design using a maximum of 2 processes.
INFO: [Synth 8-7078] Launching helper process for spawning children vivado processes
INFO: [Synth 8-7075] Helper process launched with PID 9324
---------------------------------------------------------------------------------
Starting RTL Elaboration : Time (s): cpu = 00:00:05 ; elapsed = 00:00:06 . Memory (MB): peak = 1237.719 ; gain = 116.254
---------------------------------------------------------------------------------
INFO: [Synth 8-6157] synthesizing module 'top' [C:/Users/chris/FPGA_Projects/A-high-speed-data-acquisition-framework-main/AXI_DMA.srcs/sources_1/new/top.v:3]
	Parameter BOARD_IP bound to: 32'b11000000101010000001010000000010 
	Parameter BOARD_MAC bound to: 48'b000000000000101000110101000000100001111000000001 
	Parameter HOST_IP bound to: 32'b11000000101010000001010000000001 
	Parameter HOST_MAC bound to: 48'b111111111111111111111111111111111111111111111111 
INFO: [Synth 8-6157] synthesizing module 'pl_system_clock' [C:/Users/chris/FPGA_Projects/A-high-speed-data-acquisition-framework-main/AXI_DMA.srcs/sources_1/new/pl_system_clock.v:5]
INFO: [Synth 8-6157] synthesizing module 'MMCME2_BASE' [C:/baidunetdiskdownload/Vivado2020_2/Vivado/2020.2/scripts/rt/data/unisim_comp.v:40118]
	Parameter BANDWIDTH bound to: OPTIMIZED - type: string 
	Parameter CLKFBOUT_MULT_F bound to: 20.000000 - type: double 
	Parameter CLKFBOUT_PHASE bound to: 0.000000 - type: double 
	Parameter CLKIN1_PERIOD bound to: 20.000000 - type: double 
	Parameter CLKOUT0_DIVIDE_F bound to: 10.000000 - type: double 
	Parameter CLKOUT0_DUTY_CYCLE bound to: 0.500000 - type: double 
	Parameter CLKOUT0_PHASE bound to: 0.000000 - type: double 
	Parameter CLKOUT1_DIVIDE bound to: 20 - type: integer 
	Parameter CLKOUT1_DUTY_CYCLE bound to: 0.500000 - type: double 
	Parameter CLKOUT1_PHASE bound to: 0.000000 - type: double 
	Parameter CLKOUT2_DIVIDE bound to: 1 - type: integer 
	Parameter CLKOUT2_DUTY_CYCLE bound to: 0.500000 - type: double 
	Parameter CLKOUT2_PHASE bound to: 0.000000 - type: double 
	Parameter CLKOUT3_DIVIDE bound to: 1 - type: integer 
	Parameter CLKOUT3_DUTY_CYCLE bound to: 0.500000 - type: double 
	Parameter CLKOUT3_PHASE bound to: 0.000000 - type: double 
	Parameter CLKOUT4_CASCADE bound to: FALSE - type: string 
	Parameter CLKOUT4_DIVIDE bound to: 1 - type: integer 
	Parameter CLKOUT4_DUTY_CYCLE bound to: 0.500000 - type: double 
	Parameter CLKOUT4_PHASE bound to: 0.000000 - type: double 
	Parameter CLKOUT5_DIVIDE bound to: 1 - type: integer 
	Parameter CLKOUT5_DUTY_CYCLE bound to: 0.500000 - type: double 
	Parameter CLKOUT5_PHASE bound to: 0.000000 - type: double 
	Parameter CLKOUT6_DIVIDE bound to: 1 - type: integer 
	Parameter CLKOUT6_DUTY_CYCLE bound to: 0.500000 - type: double 
	Parameter CLKOUT6_PHASE bound to: 0.000000 - type: double 
	Parameter DIVCLK_DIVIDE bound to: 1 - type: integer 
	Parameter REF_JITTER1 bound to: 0.010000 - type: double 
	Parameter STARTUP_WAIT bound to: FALSE - type: string 
INFO: [Synth 8-6155] done synthesizing module 'MMCME2_BASE' (1#1) [C:/baidunetdiskdownload/Vivado2020_2/Vivado/2020.2/scripts/rt/data/unisim_comp.v:40118]
WARNING: [Synth 8-7071] port 'CLKFBOUTB' of module 'MMCME2_BASE' is unconnected for instance 'system_mmcm' [C:/Users/chris/FPGA_Projects/A-high-speed-data-acquisition-framework-main/AXI_DMA.srcs/sources_1/new/pl_system_clock.v:25]
WARNING: [Synth 8-7023] instance 'system_mmcm' of module 'MMCME2_BASE' has 18 connections declared, but only 17 given [C:/Users/chris/FPGA_Projects/A-high-speed-data-acquisition-framework-main/AXI_DMA.srcs/sources_1/new/pl_system_clock.v:25]
INFO: [Synth 8-6157] synthesizing module 'BUFG' [C:/baidunetdiskdownload/Vivado2020_2/Vivado/2020.2/scripts/rt/data/unisim_comp.v:1083]
INFO: [Synth 8-6155] done synthesizing module 'BUFG' (2#1) [C:/baidunetdiskdownload/Vivado2020_2/Vivado/2020.2/scripts/rt/data/unisim_comp.v:1083]
INFO: [Synth 8-6155] done synthesizing module 'pl_system_clock' (3#1) [C:/Users/chris/FPGA_Projects/A-high-speed-data-acquisition-framework-main/AXI_DMA.srcs/sources_1/new/pl_system_clock.v:5]
INFO: [Synth 8-6157] synthesizing module 'phy_reset_sequencer' [C:/Users/chris/FPGA_Projects/A-high-speed-data-acquisition-framework-main/AXI_DMA.srcs/sources_1/new/phy_reset_sequencer.v:6]
	Parameter HOLD_CYCLES bound to: 1000000 - type: integer 
	Parameter COUNTER_WIDTH bound to: 20 - type: integer 
INFO: [Synth 8-6155] done synthesizing module 'phy_reset_sequencer' (4#1) [C:/Users/chris/FPGA_Projects/A-high-speed-data-acquisition-framework-main/AXI_DMA.srcs/sources_1/new/phy_reset_sequencer.v:6]
INFO: [Synth 8-6157] synthesizing module 'pl_rgmii_clock' [C:/Users/chris/FPGA_Projects/A-high-speed-data-acquisition-framework-main/AXI_DMA.srcs/sources_1/new/pl_rgmii_clock.v:7]
INFO: [Synth 8-6157] synthesizing module 'MMCME2_BASE__parameterized0' [C:/baidunetdiskdownload/Vivado2020_2/Vivado/2020.2/scripts/rt/data/unisim_comp.v:40118]
	Parameter BANDWIDTH bound to: OPTIMIZED - type: string 
	Parameter CLKFBOUT_MULT_F bound to: 8.000000 - type: double 
	Parameter CLKFBOUT_PHASE bound to: 0.000000 - type: double 
	Parameter CLKIN1_PERIOD bound to: 8.000000 - type: double 
	Parameter CLKOUT0_DIVIDE_F bound to: 8.000000 - type: double 
	Parameter CLKOUT0_DUTY_CYCLE bound to: 0.500000 - type: double 
	Parameter CLKOUT0_PHASE bound to: 208.125000 - type: double 
	Parameter CLKOUT1_DIVIDE bound to: 1 - type: integer 
	Parameter CLKOUT1_DUTY_CYCLE bound to: 0.500000 - type: double 
	Parameter CLKOUT1_PHASE bound to: 0.000000 - type: double 
	Parameter CLKOUT2_DIVIDE bound to: 1 - type: integer 
	Parameter CLKOUT2_DUTY_CYCLE bound to: 0.500000 - type: double 
	Parameter CLKOUT2_PHASE bound to: 0.000000 - type: double 
	Parameter CLKOUT3_DIVIDE bound to: 1 - type: integer 
	Parameter CLKOUT3_DUTY_CYCLE bound to: 0.500000 - type: double 
	Parameter CLKOUT3_PHASE bound to: 0.000000 - type: double 
	Parameter CLKOUT4_CASCADE bound to: FALSE - type: string 
	Parameter CLKOUT4_DIVIDE bound to: 1 - type: integer 
	Parameter CLKOUT4_DUTY_CYCLE bound to: 0.500000 - type: double 
	Parameter CLKOUT4_PHASE bound to: 0.000000 - type: double 
	Parameter CLKOUT5_DIVIDE bound to: 1 - type: integer 
	Parameter CLKOUT5_DUTY_CYCLE bound to: 0.500000 - type: double 
	Parameter CLKOUT5_PHASE bound to: 0.000000 - type: double 
	Parameter CLKOUT6_DIVIDE bound to: 1 - type: integer 
	Parameter CLKOUT6_DUTY_CYCLE bound to: 0.500000 - type: double 
	Parameter CLKOUT6_PHASE bound to: 0.000000 - type: double 
	Parameter DIVCLK_DIVIDE bound to: 1 - type: integer 
	Parameter REF_JITTER1 bound to: 0.010000 - type: double 
	Parameter STARTUP_WAIT bound to: FALSE - type: string 
INFO: [Synth 8-6155] done synthesizing module 'MMCME2_BASE__parameterized0' (4#1) [C:/baidunetdiskdownload/Vivado2020_2/Vivado/2020.2/scripts/rt/data/unisim_comp.v:40118]
WARNING: [Synth 8-7071] port 'CLKFBOUTB' of module 'MMCME2_BASE' is unconnected for instance 'rgmii_mmcm' [C:/Users/chris/FPGA_Projects/A-high-speed-data-acquisition-framework-main/AXI_DMA.srcs/sources_1/new/pl_rgmii_clock.v:25]
WARNING: [Synth 8-7023] instance 'rgmii_mmcm' of module 'MMCME2_BASE' has 18 connections declared, but only 17 given [C:/Users/chris/FPGA_Projects/A-high-speed-data-acquisition-framework-main/AXI_DMA.srcs/sources_1/new/pl_rgmii_clock.v:25]
INFO: [Synth 8-6155] done synthesizing module 'pl_rgmii_clock' (5#1) [C:/Users/chris/FPGA_Projects/A-high-speed-data-acquisition-framework-main/AXI_DMA.srcs/sources_1/new/pl_rgmii_clock.v:7]
INFO: [Synth 8-6157] synthesizing module 'gmii_to_rgmii' [C:/Users/chris/FPGA_Projects/A-high-speed-data-acquisition-framework-main/AXI_DMA.srcs/sources_1/new/gmii_to_rgmii.v:10]
INFO: [Synth 8-6157] synthesizing module 'rgmii_rx' [C:/Users/chris/FPGA_Projects/A-high-speed-data-acquisition-framework-main/AXI_DMA.srcs/sources_1/new/rgmii_rx.v:10]
INFO: [Synth 8-6157] synthesizing module 'IDDR2' [C:/baidunetdiskdownload/Vivado2020_2/Vivado/2020.2/scripts/rt/data/unisim_comp.v:34964]
	Parameter DDR_ALIGNMENT bound to: C0 - type: string 
	Parameter INIT_Q0 bound to: 1'b0 
	Parameter INIT_Q1 bound to: 1'b0 
	Parameter SRTYPE bound to: ASYNC - type: string 
INFO: [Synth 8-6155] done synthesizing module 'IDDR2' (6#1) [C:/baidunetdiskdownload/Vivado2020_2/Vivado/2020.2/scripts/rt/data/unisim_comp.v:34964]
INFO: [Synth 8-6155] done synthesizing module 'rgmii_rx' (7#1) [C:/Users/chris/FPGA_Projects/A-high-speed-data-acquisition-framework-main/AXI_DMA.srcs/sources_1/new/rgmii_rx.v:10]
INFO: [Synth 8-6157] synthesizing module 'rgmii_tx' [C:/Users/chris/FPGA_Projects/A-high-speed-data-acquisition-framework-main/AXI_DMA.srcs/sources_1/new/rgmii_tx.v:10]
INFO: [Synth 8-6157] synthesizing module 'ODDR2' [C:/baidunetdiskdownload/Vivado2020_2/Vivado/2020.2/scripts/rt/data/unisim_comp.v:49817]
	Parameter DDR_ALIGNMENT bound to: C0 - type: string 
	Parameter INIT bound to: 1'b0 
	Parameter SRTYPE bound to: ASYNC - type: string 
INFO: [Synth 8-6155] done synthesizing module 'ODDR2' (8#1) [C:/baidunetdiskdownload/Vivado2020_2/Vivado/2020.2/scripts/rt/data/unisim_comp.v:49817]
INFO: [Synth 8-6155] done synthesizing module 'rgmii_tx' (9#1) [C:/Users/chris/FPGA_Projects/A-high-speed-data-acquisition-framework-main/AXI_DMA.srcs/sources_1/new/rgmii_tx.v:10]
INFO: [Synth 8-6155] done synthesizing module 'gmii_to_rgmii' (10#1) [C:/Users/chris/FPGA_Projects/A-high-speed-data-acquisition-framework-main/AXI_DMA.srcs/sources_1/new/gmii_to_rgmii.v:10]
INFO: [Synth 8-6157] synthesizing module 'udp' [C:/Users/chris/FPGA_Projects/A-high-speed-data-acquisition-framework-main/AXI_DMA.srcs/sources_1/new/udp.v:3]
	Parameter BOARD_MAC bound to: 48'b000000000000101000110101000000100001111000000001 
	Parameter BOARD_IP bound to: 32'b11000000101010000001010000000010 
	Parameter DES_MAC bound to: 48'b111111111111111111111111111111111111111111111111 
	Parameter DES_IP bound to: 32'b11000000101010000001010000000001 
INFO: [Synth 8-6157] synthesizing module 'udp_rx' [C:/Users/chris/FPGA_Projects/A-high-speed-data-acquisition-framework-main/AXI_DMA.srcs/sources_1/new/udp_rx.v:10]
	Parameter BOARD_MAC bound to: 48'b000000000000101000110101000000100001111000000001 
	Parameter BOARD_IP bound to: -1062726654 - type: integer 
	Parameter st_idle bound to: 7'b0000001 
	Parameter st_preamble bound to: 7'b0000010 
	Parameter st_eth_head bound to: 7'b0000100 
	Parameter st_ip_head bound to: 7'b0001000 
	Parameter st_udp_head bound to: 7'b0010000 
	Parameter st_rx_data bound to: 7'b0100000 
	Parameter st_rx_end bound to: 7'b1000000 
	Parameter ETH_TYPE bound to: 16'b0000100000000000 
INFO: [Synth 8-6155] done synthesizing module 'udp_rx' (11#1) [C:/Users/chris/FPGA_Projects/A-high-speed-data-acquisition-framework-main/AXI_DMA.srcs/sources_1/new/udp_rx.v:10]
INFO: [Synth 8-6157] synthesizing module 'udp_tx' [C:/Users/chris/FPGA_Projects/A-high-speed-data-acquisition-framework-main/AXI_DMA.srcs/sources_1/new/udp_tx.v:10]
	Parameter BOARD_MAC bound to: 48'b000000000000101000110101000000100001111000000001 
	Parameter BOARD_IP bound to: -1062726654 - type: integer 
	Parameter DES_MAC bound to: 48'b111111111111111111111111111111111111111111111111 
	Parameter DES_IP bound to: -1062726655 - type: integer 
	Parameter st_idle bound to: 7'b0000001 
	Parameter st_check_sum bound to: 7'b0000010 
	Parameter st_preamble bound to: 7'b0000100 
	Parameter st_eth_head bound to: 7'b0001000 
	Parameter st_ip_head bound to: 7'b0010000 
	Parameter st_tx_data bound to: 7'b0100000 
	Parameter st_crc bound to: 7'b1000000 
	Parameter ETH_TYPE bound to: 16'b0000100000000000 
	Parameter MIN_DATA_NUM bound to: 16'b0000000000010010 
INFO: [Synth 8-6155] done synthesizing module 'udp_tx' (12#1) [C:/Users/chris/FPGA_Projects/A-high-speed-data-acquisition-framework-main/AXI_DMA.srcs/sources_1/new/udp_tx.v:10]
INFO: [Synth 8-6157] synthesizing module 'crc32_d8' [C:/Users/chris/FPGA_Projects/A-high-speed-data-acquisition-framework-main/AXI_DMA.srcs/sources_1/new/crc32_d8.v:10]
INFO: [Synth 8-6155] done synthesizing module 'crc32_d8' (13#1) [C:/Users/chris/FPGA_Projects/A-high-speed-data-acquisition-framework-main/AXI_DMA.srcs/sources_1/new/crc32_d8.v:10]
INFO: [Synth 8-6155] done synthesizing module 'udp' (14#1) [C:/Users/chris/FPGA_Projects/A-high-speed-data-acquisition-framework-main/AXI_DMA.srcs/sources_1/new/udp.v:3]
INFO: [Synth 8-6157] synthesizing module 'pl_daq_control' [C:/Users/chris/FPGA_Projects/A-high-speed-data-acquisition-framework-main/AXI_DMA.srcs/sources_1/new/pl_daq_control.v:5]
	Parameter MAGIC bound to: 1347175505 - type: integer 
	Parameter CMD_DISCOVER bound to: 8'b00000001 
	Parameter CMD_GET_STATUS bound to: 8'b00000010 
	Parameter CMD_SELECT_ADC bound to: 8'b00000011 
	Parameter CMD_CONFIG_RATE bound to: 8'b00000100 
	Parameter CMD_ACQ_START bound to: 8'b00000101 
	Parameter CMD_ACQ_STOP bound to: 8'b00000110 
	Parameter CMD_MONITOR_START bound to: 8'b00000111 
	Parameter CMD_MONITOR_STOP bound to: 8'b00001000 
	Parameter CMD_SET_ADC_TEST bound to: 8'b00001001 
	Parameter CMD_CLEAR_STATS bound to: 8'b00001010 
INFO: [Synth 8-6155] done synthesizing module 'pl_daq_control' (15#1) [C:/Users/chris/FPGA_Projects/A-high-speed-data-acquisition-framework-main/AXI_DMA.srcs/sources_1/new/pl_daq_control.v:5]
INFO: [Synth 8-6157] synthesizing module 'pl_daq_control_cdc' [C:/Users/chris/FPGA_Projects/A-high-speed-data-acquisition-framework-main/AXI_DMA.srcs/sources_1/new/pl_daq_control_cdc.v:5]
INFO: [Synth 8-6155] done synthesizing module 'pl_daq_control_cdc' (16#1) [C:/Users/chris/FPGA_Projects/A-high-speed-data-acquisition-framework-main/AXI_DMA.srcs/sources_1/new/pl_daq_control_cdc.v:5]
INFO: [Synth 8-6157] synthesizing module 'daq_acq_manager' [C:/Users/chris/FPGA_Projects/A-high-speed-data-acquisition-framework-main/AXI_DMA.srcs/sources_1/new/daq_acq_manager.v:5]
	Parameter ARM_DELAY_CYCLES bound to: 100000 - type: integer 
	Parameter FIFO_RESET_CYCLES bound to: 1024 - type: integer 
	Parameter ST_STOPPED bound to: 3'b000 
	Parameter ST_CONFIGURED bound to: 3'b001 
	Parameter ST_ARMING bound to: 3'b010 
	Parameter ST_RUNNING bound to: 3'b011 
	Parameter ST_ERROR bound to: 3'b100 
INFO: [Synth 8-6155] done synthesizing module 'daq_acq_manager' (17#1) [C:/Users/chris/FPGA_Projects/A-high-speed-data-acquisition-framework-main/AXI_DMA.srcs/sources_1/new/daq_acq_manager.v:5]
INFO: [Synth 8-6157] synthesizing module 'adc_rate_clock_gen' [C:/Users/chris/FPGA_Projects/A-high-speed-data-acquisition-framework-main/AXI_DMA.srcs/sources_1/new/adc_rate_clock_gen.v:11]
INFO: [Synth 8-6157] synthesizing module 'MMCME2_BASE__parameterized1' [C:/baidunetdiskdownload/Vivado2020_2/Vivado/2020.2/scripts/rt/data/unisim_comp.v:40118]
	Parameter BANDWIDTH bound to: OPTIMIZED - type: string 
	Parameter CLKFBOUT_MULT_F bound to: 6.000000 - type: double 
	Parameter CLKFBOUT_PHASE bound to: 0.000000 - type: double 
	Parameter CLKIN1_PERIOD bound to: 10.000000 - type: double 
	Parameter CLKOUT0_DIVIDE_F bound to: 7.500000 - type: double 
	Parameter CLKOUT0_DUTY_CYCLE bound to: 0.500000 - type: double 
	Parameter CLKOUT0_PHASE bound to: 0.000000 - type: double 
	Parameter CLKOUT1_DIVIDE bound to: 1 - type: integer 
	Parameter CLKOUT1_DUTY_CYCLE bound to: 0.500000 - type: double 
	Parameter CLKOUT1_PHASE bound to: 0.000000 - type: double 
	Parameter CLKOUT2_DIVIDE bound to: 1 - type: integer 
	Parameter CLKOUT2_DUTY_CYCLE bound to: 0.500000 - type: double 
	Parameter CLKOUT2_PHASE bound to: 0.000000 - type: double 
	Parameter CLKOUT3_DIVIDE bound to: 1 - type: integer 
	Parameter CLKOUT3_DUTY_CYCLE bound to: 0.500000 - type: double 
	Parameter CLKOUT3_PHASE bound to: 0.000000 - type: double 
	Parameter CLKOUT4_CASCADE bound to: FALSE - type: string 
	Parameter CLKOUT4_DIVIDE bound to: 1 - type: integer 
	Parameter CLKOUT4_DUTY_CYCLE bound to: 0.500000 - type: double 
	Parameter CLKOUT4_PHASE bound to: 0.000000 - type: double 
	Parameter CLKOUT5_DIVIDE bound to: 1 - type: integer 
	Parameter CLKOUT5_DUTY_CYCLE bound to: 0.500000 - type: double 
	Parameter CLKOUT5_PHASE bound to: 0.000000 - type: double 
	Parameter CLKOUT6_DIVIDE bound to: 1 - type: integer 
	Parameter CLKOUT6_DUTY_CYCLE bound to: 0.500000 - type: double 
	Parameter CLKOUT6_PHASE bound to: 0.000000 - type: double 
	Parameter DIVCLK_DIVIDE bound to: 1 - type: integer 
	Parameter REF_JITTER1 bound to: 0.010000 - type: double 
	Parameter STARTUP_WAIT bound to: FALSE - type: string 
INFO: [Synth 8-6155] done synthesizing module 'MMCME2_BASE__parameterized1' (17#1) [C:/baidunetdiskdownload/Vivado2020_2/Vivado/2020.2/scripts/rt/data/unisim_comp.v:40118]
WARNING: [Synth 8-7071] port 'CLKFBOUTB' of module 'MMCME2_BASE' is unconnected for instance 'rate_mmcm' [C:/Users/chris/FPGA_Projects/A-high-speed-data-acquisition-framework-main/AXI_DMA.srcs/sources_1/new/adc_rate_clock_gen.v:38]
WARNING: [Synth 8-7023] instance 'rate_mmcm' of module 'MMCME2_BASE' has 18 connections declared, but only 17 given [C:/Users/chris/FPGA_Projects/A-high-speed-data-acquisition-framework-main/AXI_DMA.srcs/sources_1/new/adc_rate_clock_gen.v:38]
INFO: [Synth 8-6157] synthesizing module 'ODDR' [C:/baidunetdiskdownload/Vivado2020_2/Vivado/2020.2/scripts/rt/data/unisim_comp.v:49791]
	Parameter DDR_CLK_EDGE bound to: SAME_EDGE - type: string 
	Parameter INIT bound to: 1'b0 
	Parameter IS_C_INVERTED bound to: 1'b0 
	Parameter IS_D1_INVERTED bound to: 1'b0 
	Parameter IS_D2_INVERTED bound to: 1'b0 
	Parameter SRTYPE bound to: ASYNC - type: string 
INFO: [Synth 8-6155] done synthesizing module 'ODDR' (18#1) [C:/baidunetdiskdownload/Vivado2020_2/Vivado/2020.2/scripts/rt/data/unisim_comp.v:49791]
INFO: [Synth 8-6155] done synthesizing module 'adc_rate_clock_gen' (19#1) [C:/Users/chris/FPGA_Projects/A-high-speed-data-acquisition-framework-main/AXI_DMA.srcs/sources_1/new/adc_rate_clock_gen.v:11]
INFO: [Synth 8-6157] synthesizing module 'ad9269_input_frontend' [C:/Users/chris/FPGA_Projects/A-high-speed-data-acquisition-framework-main/AXI_DMA.srcs/sources_1/new/ad9269_input_frontend.v:3]
INFO: [Synth 8-6157] synthesizing module 'IDDR' [C:/baidunetdiskdownload/Vivado2020_2/Vivado/2020.2/scripts/rt/data/unisim_comp.v:34938]
	Parameter DDR_CLK_EDGE bound to: SAME_EDGE_PIPELINED - type: string 
	Parameter INIT_Q1 bound to: 1'b0 
	Parameter INIT_Q2 bound to: 1'b0 
	Parameter IS_C_INVERTED bound to: 1'b0 
	Parameter IS_D_INVERTED bound to: 1'b0 
	Parameter SRTYPE bound to: SYNC - type: string 
INFO: [Synth 8-6155] done synthesizing module 'IDDR' (20#1) [C:/baidunetdiskdownload/Vivado2020_2/Vivado/2020.2/scripts/rt/data/unisim_comp.v:34938]
INFO: [Synth 8-6157] synthesizing module 'IBUF' [C:/baidunetdiskdownload/Vivado2020_2/Vivado/2020.2/scripts/rt/data/unisim_comp.v:32983]
	Parameter CAPACITANCE bound to: DONT_CARE - type: string 
	Parameter IBUF_DELAY_VALUE bound to: 0 - type: string 
	Parameter IBUF_LOW_PWR bound to: TRUE - type: string 
	Parameter IFD_DELAY_VALUE bound to: AUTO - type: string 
	Parameter IOSTANDARD bound to: DEFAULT - type: string 
INFO: [Synth 8-6155] done synthesizing module 'IBUF' (21#1) [C:/baidunetdiskdownload/Vivado2020_2/Vivado/2020.2/scripts/rt/data/unisim_comp.v:32983]
INFO: [Synth 8-6157] synthesizing module 'BUFIO' [C:/baidunetdiskdownload/Vivado2020_2/Vivado/2020.2/scripts/rt/data/unisim_comp.v:1344]
INFO: [Synth 8-6155] done synthesizing module 'BUFIO' (22#1) [C:/baidunetdiskdownload/Vivado2020_2/Vivado/2020.2/scripts/rt/data/unisim_comp.v:1344]
INFO: [Synth 8-6157] synthesizing module 'BUFR' [C:/baidunetdiskdownload/Vivado2020_2/Vivado/2020.2/scripts/rt/data/unisim_comp.v:1410]
	Parameter BUFR_DIVIDE bound to: BYPASS - type: string 
	Parameter SIM_DEVICE bound to: 7SERIES - type: string 
INFO: [Synth 8-6155] done synthesizing module 'BUFR' (23#1) [C:/baidunetdiskdownload/Vivado2020_2/Vivado/2020.2/scripts/rt/data/unisim_comp.v:1410]
INFO: [Synth 8-6155] done synthesizing module 'ad9269_input_frontend' (24#1) [C:/Users/chris/FPGA_Projects/A-high-speed-data-acquisition-framework-main/AXI_DMA.srcs/sources_1/new/ad9269_input_frontend.v:3]
INFO: [Synth 8-6157] synthesizing module 'ad9269_spi_init' [C:/Users/chris/FPGA_Projects/A-high-speed-data-acquisition-framework-main/AXI_DMA.srcs/sources_1/new/ad9269_spi_init.v:6]
	Parameter STARTUP_CYCLES bound to: 5000000 - type: integer 
	Parameter HALF_PERIOD_CYCLES bound to: 5 - type: integer 
	Parameter ST_WAIT bound to: 0 - type: integer 
	Parameter ST_LOAD bound to: 1 - type: integer 
	Parameter ST_SHIFT bound to: 2 - type: integer 
	Parameter ST_GAP bound to: 3 - type: integer 
	Parameter ST_VERIFY bound to: 4 - type: integer 
	Parameter ST_DONE bound to: 5 - type: integer 
	Parameter ST_FAILED bound to: 6 - type: integer 
INFO: [Synth 8-155] case statement is not full and has no default [C:/Users/chris/FPGA_Projects/A-high-speed-data-acquisition-framework-main/AXI_DMA.srcs/sources_1/new/ad9269_spi_init.v:121]
INFO: [Synth 8-6155] done synthesizing module 'ad9269_spi_init' (25#1) [C:/Users/chris/FPGA_Projects/A-high-speed-data-acquisition-framework-main/AXI_DMA.srcs/sources_1/new/ad9269_spi_init.v:6]
INFO: [Synth 8-6157] synthesizing module 'IOBUF' [C:/baidunetdiskdownload/Vivado2020_2/Vivado/2020.2/scripts/rt/data/unisim_comp.v:36242]
	Parameter DRIVE bound to: 12 - type: integer 
	Parameter IBUF_LOW_PWR bound to: TRUE - type: string 
	Parameter IOSTANDARD bound to: DEFAULT - type: string 
	Parameter SLEW bound to: SLOW - type: string 
INFO: [Synth 8-6155] done synthesizing module 'IOBUF' (26#1) [C:/baidunetdiskdownload/Vivado2020_2/Vivado/2020.2/scripts/rt/data/unisim_comp.v:36242]
INFO: [Synth 8-6157] synthesizing module 'ad9269_ingress' [C:/Users/chris/FPGA_Projects/A-high-speed-data-acquisition-framework-main/AXI_DMA.srcs/sources_1/new/ad9269_ingress.v:5]
	Parameter FIFO_DEPTH bound to: 16384 - type: integer 
	Parameter SIM_ASSERT_CHK bound to: 1 - type: integer 
	Parameter COUNT_WIDTH bound to: 15 - type: integer 
INFO: [Synth 8-6157] synthesizing module 'xpm_fifo_async' [C:/baidunetdiskdownload/Vivado2020_2/Vivado/2020.2/data/ip/xpm/xpm_fifo/hdl/xpm_fifo.sv:2142]
	Parameter FIFO_MEMORY_TYPE bound to: block - type: string 
	Parameter ECC_MODE bound to: no_ecc - type: string 
	Parameter RELATED_CLOCKS bound to: 0 - type: integer 
	Parameter SIM_ASSERT_CHK bound to: 1 - type: integer 
	Parameter CASCADE_HEIGHT bound to: 0 - type: integer 
	Parameter FIFO_WRITE_DEPTH bound to: 16384 - type: integer 
	Parameter WRITE_DATA_WIDTH bound to: 34 - type: integer 
	Parameter WR_DATA_COUNT_WIDTH bound to: 15 - type: integer 
	Parameter PROG_FULL_THRESH bound to: 16368 - type: integer 
	Parameter FULL_RESET_VALUE bound to: 0 - type: integer 
	Parameter USE_ADV_FEATURES bound to: 0707 - type: string 
	Parameter READ_MODE bound to: fwft - type: string 
	Parameter FIFO_READ_LATENCY bound to: 0 - type: integer 
	Parameter READ_DATA_WIDTH bound to: 34 - type: integer 
	Parameter RD_DATA_COUNT_WIDTH bound to: 15 - type: integer 
	Parameter PROG_EMPTY_THRESH bound to: 16 - type: integer 
	Parameter DOUT_RESET_VALUE bound to: 0 - type: string 
	Parameter CDC_SYNC_STAGES bound to: 2 - type: integer 
	Parameter WAKEUP_TIME bound to: 0 - type: integer 
	Parameter EN_ADV_FEATURE_ASYNC bound to: 16'b0000011100000111 
	Parameter P_FIFO_MEMORY_TYPE bound to: 2 - type: integer 
	Parameter P_COMMON_CLOCK bound to: 0 - type: integer 
	Parameter P_ECC_MODE bound to: 0 - type: integer 
	Parameter P_READ_MODE bound to: 1 - type: integer 
	Parameter P_WAKEUP_TIME bound to: 2 - type: integer 
INFO: [Synth 8-6157] synthesizing module 'xpm_fifo_base' [C:/baidunetdiskdownload/Vivado2020_2/Vivado/2020.2/data/ip/xpm/xpm_fifo/hdl/xpm_fifo.sv:56]
	Parameter COMMON_CLOCK bound to: 0 - type: integer 
	Parameter RELATED_CLOCKS bound to: 0 - type: integer 
	Parameter FIFO_MEMORY_TYPE bound to: 2 - type: integer 
	Parameter ECC_MODE bound to: 0 - type: integer 
	Parameter SIM_ASSERT_CHK bound to: 1 - type: integer 
	Parameter CASCADE_HEIGHT bound to: 0 - type: integer 
	Parameter FIFO_WRITE_DEPTH bound to: 16384 - type: integer 
	Parameter WRITE_DATA_WIDTH bound to: 34 - type: integer 
	Parameter WR_DATA_COUNT_WIDTH bound to: 15 - type: integer 
	Parameter PROG_FULL_THRESH bound to: 16368 - type: integer 
	Parameter USE_ADV_FEATURES bound to: 0707 - type: string 
	Parameter READ_MODE bound to: 1 - type: integer 
	Parameter FIFO_READ_LATENCY bound to: 0 - type: integer 
	Parameter READ_DATA_WIDTH bound to: 34 - type: integer 
	Parameter RD_DATA_COUNT_WIDTH bound to: 15 - type: integer 
	Parameter PROG_EMPTY_THRESH bound to: 16 - type: integer 
	Parameter DOUT_RESET_VALUE bound to: 0 - type: string 
	Parameter CDC_DEST_SYNC_FF bound to: 2 - type: integer 
	Parameter FULL_RESET_VALUE bound to: 0 - type: integer 
	Parameter REMOVE_WR_RD_PROT_LOGIC bound to: 0 - type: integer 
	Parameter WAKEUP_TIME bound to: 0 - type: integer 
	Parameter VERSION bound to: 0 - type: integer 
	Parameter invalid bound to: 0 - type: integer 
	Parameter stage1_valid bound to: 2 - type: integer 
	Parameter stage2_valid bound to: 1 - type: integer 
	Parameter both_stages_valid bound to: 3 - type: integer 
	Parameter FIFO_MEM_TYPE bound to: 2 - type: integer 
	Parameter RD_MODE bound to: 1 - type: integer 
	Parameter ENABLE_ECC bound to: 0 - type: integer 
	Parameter FIFO_READ_DEPTH bound to: 16384 - type: integer 
	Parameter FIFO_SIZE bound to: 557056 - type: integer 
	Parameter WR_WIDTH_LOG bound to: 6 - type: integer 
	Parameter WR_DEPTH_LOG bound to: 14 - type: integer 
	Parameter WR_PNTR_WIDTH bound to: 14 - type: integer 
	Parameter RD_PNTR_WIDTH bound to: 14 - type: integer 
	Parameter FULL_RST_VAL bound to: 1'b0 
	Parameter WR_RD_RATIO bound to: 0 - type: integer 
	Parameter READ_MODE_LL bound to: 1 - type: integer 
	Parameter PF_THRESH_ADJ bound to: 16366 - type: integer 
	Parameter PE_THRESH_ADJ bound to: 14 - type: integer 
	Parameter PF_THRESH_MIN bound to: 7 - type: integer 
	Parameter PF_THRESH_MAX bound to: 16379 - type: integer 
	Parameter PE_THRESH_MIN bound to: 5 - type: integer 
	Parameter PE_THRESH_MAX bound to: 16379 - type: integer 
	Parameter WR_DC_WIDTH_EXT bound to: 15 - type: integer 
	Parameter RD_DC_WIDTH_EXT bound to: 15 - type: integer 
	Parameter RD_LATENCY bound to: 2 - type: integer 
	Parameter WIDTH_RATIO bound to: 1 - type: integer 
	Parameter EN_ADV_FEATURE bound to: 16'b0000011100000111 
	Parameter EN_OF bound to: 1'b1 
	Parameter EN_PF bound to: 1'b1 
	Parameter EN_WDC bound to: 1'b1 
	Parameter EN_AF bound to: 1'b0 
	Parameter EN_WACK bound to: 1'b0 
	Parameter FG_EQ_ASYM_DOUT bound to: 1'b0 
	Parameter EN_UF bound to: 1'b1 
	Parameter EN_PE bound to: 1'b1 
	Parameter EN_RDC bound to: 1'b1 
	Parameter EN_AE bound to: 1'b0 
	Parameter EN_DVLD bound to: 1'b0 
INFO: [Synth 8-6157] synthesizing module 'xpm_memory_base' [C:/baidunetdiskdownload/Vivado2020_2/Vivado/2020.2/data/ip/xpm/xpm_memory/hdl/xpm_memory.sv:57]
	Parameter MEMORY_TYPE bound to: 1 - type: integer 
	Parameter MEMORY_SIZE bound to: 557056 - type: integer 
	Parameter MEMORY_PRIMITIVE bound to: 2 - type: integer 
	Parameter CLOCKING_MODE bound to: 1 - type: integer 
	Parameter ECC_MODE bound to: 0 - type: integer 
	Parameter MEMORY_INIT_FILE bound to: none - type: string 
	Parameter MEMORY_INIT_PARAM bound to: (null) - type: string 
	Parameter USE_MEM_INIT_MMI bound to: 0 - type: integer 
	Parameter USE_MEM_INIT bound to: 0 - type: integer 
	Parameter MEMORY_OPTIMIZATION bound to: true - type: string 
	Parameter WAKEUP_TIME bound to: 0 - type: integer 
	Parameter AUTO_SLEEP_TIME bound to: 0 - type: integer 
	Parameter MESSAGE_CONTROL bound to: 0 - type: integer 
	Parameter VERSION bound to: 0 - type: integer 
	Parameter USE_EMBEDDED_CONSTRAINT bound to: 0 - type: integer 
	Parameter CASCADE_HEIGHT bound to: 0 - type: integer 
	Parameter SIM_ASSERT_CHK bound to: 0 - type: integer 
	Parameter WRITE_PROTECT bound to: 1 - type: integer 
	Parameter WRITE_DATA_WIDTH_A bound to: 34 - type: integer 
	Parameter READ_DATA_WIDTH_A bound to: 34 - type: integer 
	Parameter BYTE_WRITE_WIDTH_A bound to: 34 - type: integer 
	Parameter ADDR_WIDTH_A bound to: 14 - type: integer 
	Parameter READ_RESET_VALUE_A bound to: 0 - type: string 
	Parameter READ_LATENCY_A bound to: 2 - type: integer 
	Parameter WRITE_MODE_A bound to: 2 - type: integer 
	Parameter RST_MODE_A bound to: SYNC - type: string 
	Parameter WRITE_DATA_WIDTH_B bound to: 34 - type: integer 
	Parameter READ_DATA_WIDTH_B bound to: 34 - type: integer 
	Parameter BYTE_WRITE_WIDTH_B bound to: 34 - type: integer 
	Parameter ADDR_WIDTH_B bound to: 14 - type: integer 
	Parameter READ_RESET_VALUE_B bound to: 0 - type: string 
	Parameter READ_LATENCY_B bound to: 2 - type: integer 
	Parameter WRITE_MODE_B bound to: 2 - type: integer 
	Parameter RST_MODE_B bound to: SYNC - type: string 
	Parameter P_MEMORY_PRIMITIVE bound to: block - type: string 
	Parameter P_MIN_WIDTH_DATA_A bound to: 34 - type: integer 
	Parameter P_MIN_WIDTH_DATA_B bound to: 34 - type: integer 
	Parameter P_MIN_WIDTH_DATA bound to: 34 - type: integer 
	Parameter P_MIN_WIDTH_DATA_ECC bound to: 34 - type: integer 
	Parameter P_MAX_DEPTH_DATA bound to: 16384 - type: integer 
	Parameter P_ECC_MODE bound to: no_ecc - type: string 
	Parameter P_MEMORY_OPT bound to: yes - type: string 
	Parameter P_WIDTH_COL_WRITE_A bound to: 34 - type: integer 
	Parameter P_WIDTH_COL_WRITE_B bound to: 34 - type: integer 
	Parameter P_NUM_COLS_WRITE_A bound to: 1 - type: integer 
	Parameter P_NUM_COLS_WRITE_B bound to: 1 - type: integer 
	Parameter P_NUM_ROWS_WRITE_A bound to: 1 - type: integer 
	Parameter P_NUM_ROWS_WRITE_B bound to: 1 - type: integer 
	Parameter P_NUM_ROWS_READ_A bound to: 1 - type: integer 
	Parameter P_NUM_ROWS_READ_B bound to: 1 - type: integer 
	Parameter P_WIDTH_ADDR_WRITE_A bound to: 14 - type: integer 
	Parameter P_WIDTH_ADDR_WRITE_B bound to: 14 - type: integer 
	Parameter P_WIDTH_ADDR_READ_A bound to: 14 - type: integer 
	Parameter P_WIDTH_ADDR_READ_B bound to: 14 - type: integer 
	Parameter P_WIDTH_ADDR_LSB_WRITE_A bound to: 0 - type: integer 
	Parameter P_WIDTH_ADDR_LSB_WRITE_B bound to: 0 - type: integer 
	Parameter P_WIDTH_ADDR_LSB_READ_A bound to: 0 - type: integer 
	Parameter P_WIDTH_ADDR_LSB_READ_B bound to: 0 - type: integer 
	Parameter P_ENABLE_BYTE_WRITE_A bound to: 0 - type: integer 
	Parameter P_ENABLE_BYTE_WRITE_B bound to: 0 - type: integer 
	Parameter P_SDP_WRITE_MODE bound to: no - type: string 
	Parameter rsta_loop_iter bound to: 36 - type: integer 
	Parameter rstb_loop_iter bound to: 36 - type: integer 
	Parameter NUM_CHAR_LOC bound to: 0 - type: integer 
	Parameter MAX_NUM_CHAR bound to: 0 - type: integer 
	Parameter P_MIN_WIDTH_DATA_SHFT bound to: 34 - type: integer 
	Parameter P_MIN_WIDTH_DATA_LDW bound to: 4 - type: integer 
INFO: [Synth 8-6155] done synthesizing module 'xpm_memory_base' (27#1) [C:/baidunetdiskdownload/Vivado2020_2/Vivado/2020.2/data/ip/xpm/xpm_memory/hdl/xpm_memory.sv:57]
INFO: [Synth 8-6157] synthesizing module 'xpm_cdc_gray' [C:/baidunetdiskdownload/Vivado2020_2/Vivado/2020.2/data/ip/xpm/xpm_cdc/hdl/xpm_cdc.sv:284]
	Parameter DEST_SYNC_FF bound to: 2 - type: integer 
	Parameter INIT_SYNC_FF bound to: 1 - type: integer 
	Parameter REG_OUTPUT bound to: 0 - type: integer 
	Parameter SIM_ASSERT_CHK bound to: 0 - type: integer 
	Parameter SIM_LOSSLESS_GRAY_CHK bound to: 0 - type: integer 
	Parameter VERSION bound to: 0 - type: integer 
	Parameter WIDTH bound to: 14 - type: integer 
INFO: [Synth 8-6155] done synthesizing module 'xpm_cdc_gray' (28#1) [C:/baidunetdiskdownload/Vivado2020_2/Vivado/2020.2/data/ip/xpm/xpm_cdc/hdl/xpm_cdc.sv:284]
INFO: [Synth 8-6157] synthesizing module 'xpm_fifo_reg_vec' [C:/baidunetdiskdownload/Vivado2020_2/Vivado/2020.2/data/ip/xpm/xpm_fifo/hdl/xpm_fifo.sv:1880]
	Parameter REG_WIDTH bound to: 14 - type: integer 
INFO: [Synth 8-6155] done synthesizing module 'xpm_fifo_reg_vec' (29#1) [C:/baidunetdiskdownload/Vivado2020_2/Vivado/2020.2/data/ip/xpm/xpm_fifo/hdl/xpm_fifo.sv:1880]
INFO: [Synth 8-6157] synthesizing module 'xpm_cdc_gray__parameterized0' [C:/baidunetdiskdownload/Vivado2020_2/Vivado/2020.2/data/ip/xpm/xpm_cdc/hdl/xpm_cdc.sv:284]
	Parameter DEST_SYNC_FF bound to: 4 - type: integer 
	Parameter INIT_SYNC_FF bound to: 1 - type: integer 
	Parameter REG_OUTPUT bound to: 0 - type: integer 
	Parameter SIM_ASSERT_CHK bound to: 0 - type: integer 
	Parameter SIM_LOSSLESS_GRAY_CHK bound to: 0 - type: integer 
	Parameter VERSION bound to: 0 - type: integer 
	Parameter WIDTH bound to: 15 - type: integer 
INFO: [Synth 8-6155] done synthesizing module 'xpm_cdc_gray__parameterized0' (29#1) [C:/baidunetdiskdownload/Vivado2020_2/Vivado/2020.2/data/ip/xpm/xpm_cdc/hdl/xpm_cdc.sv:284]
INFO: [Synth 8-6157] synthesizing module 'xpm_fifo_reg_vec__parameterized0' [C:/baidunetdiskdownload/Vivado2020_2/Vivado/2020.2/data/ip/xpm/xpm_fifo/hdl/xpm_fifo.sv:1880]
	Parameter REG_WIDTH bound to: 15 - type: integer 
INFO: [Synth 8-6155] done synthesizing module 'xpm_fifo_reg_vec__parameterized0' (29#1) [C:/baidunetdiskdownload/Vivado2020_2/Vivado/2020.2/data/ip/xpm/xpm_fifo/hdl/xpm_fifo.sv:1880]
INFO: [Synth 8-6157] synthesizing module 'xpm_cdc_gray__parameterized1' [C:/baidunetdiskdownload/Vivado2020_2/Vivado/2020.2/data/ip/xpm/xpm_cdc/hdl/xpm_cdc.sv:284]
	Parameter DEST_SYNC_FF bound to: 2 - type: integer 
	Parameter INIT_SYNC_FF bound to: 1 - type: integer 
	Parameter REG_OUTPUT bound to: 0 - type: integer 
	Parameter SIM_ASSERT_CHK bound to: 0 - type: integer 
	Parameter SIM_LOSSLESS_GRAY_CHK bound to: 0 - type: integer 
	Parameter VERSION bound to: 0 - type: integer 
	Parameter WIDTH bound to: 15 - type: integer 
INFO: [Synth 8-6155] done synthesizing module 'xpm_cdc_gray__parameterized1' (29#1) [C:/baidunetdiskdownload/Vivado2020_2/Vivado/2020.2/data/ip/xpm/xpm_cdc/hdl/xpm_cdc.sv:284]
INFO: [Synth 8-226] default block is never used [C:/baidunetdiskdownload/Vivado2020_2/Vivado/2020.2/data/ip/xpm/xpm_fifo/hdl/xpm_fifo.sv:1204]
INFO: [Synth 8-226] default block is never used [C:/baidunetdiskdownload/Vivado2020_2/Vivado/2020.2/data/ip/xpm/xpm_fifo/hdl/xpm_fifo.sv:1271]
INFO: [Synth 8-226] default block is never used [C:/baidunetdiskdownload/Vivado2020_2/Vivado/2020.2/data/ip/xpm/xpm_fifo/hdl/xpm_fifo.sv:1293]
INFO: [Synth 8-6157] synthesizing module 'xpm_fifo_reg_bit' [C:/baidunetdiskdownload/Vivado2020_2/Vivado/2020.2/data/ip/xpm/xpm_fifo/hdl/xpm_fifo.sv:1902]
	Parameter RST_VALUE bound to: 0 - type: integer 
INFO: [Synth 8-6155] done synthesizing module 'xpm_fifo_reg_bit' (30#1) [C:/baidunetdiskdownload/Vivado2020_2/Vivado/2020.2/data/ip/xpm/xpm_fifo/hdl/xpm_fifo.sv:1902]
INFO: [Synth 8-6157] synthesizing module 'xpm_counter_updn' [C:/baidunetdiskdownload/Vivado2020_2/Vivado/2020.2/data/ip/xpm/xpm_fifo/hdl/xpm_fifo.sv:1854]
	Parameter COUNTER_WIDTH bound to: 2 - type: integer 
	Parameter RESET_VALUE bound to: 0 - type: integer 
INFO: [Synth 8-6155] done synthesizing module 'xpm_counter_updn' (31#1) [C:/baidunetdiskdownload/Vivado2020_2/Vivado/2020.2/data/ip/xpm/xpm_fifo/hdl/xpm_fifo.sv:1854]
INFO: [Synth 8-6157] synthesizing module 'xpm_fifo_rst' [C:/baidunetdiskdownload/Vivado2020_2/Vivado/2020.2/data/ip/xpm/xpm_fifo/hdl/xpm_fifo.sv:1618]
	Parameter COMMON_CLOCK bound to: 0 - type: integer 
	Parameter CDC_DEST_SYNC_FF bound to: 2 - type: integer 
	Parameter SIM_ASSERT_CHK bound to: 1 - type: integer 
INFO: [Synth 8-6157] synthesizing module 'xpm_cdc_sync_rst' [C:/baidunetdiskdownload/Vivado2020_2/Vivado/2020.2/data/ip/xpm/xpm_cdc/hdl/xpm_cdc.sv:1059]
	Parameter DEST_SYNC_FF bound to: 2 - type: integer 
	Parameter INIT bound to: 32'sb00000000000000000000000000000000 
	Parameter INIT_SYNC_FF bound to: 1 - type: integer 
	Parameter SIM_ASSERT_CHK bound to: 0 - type: integer 
	Parameter VERSION bound to: 0 - type: integer 
	Parameter DEF_VAL bound to: 1'b0 
INFO: [Synth 8-6155] done synthesizing module 'xpm_cdc_sync_rst' (32#1) [C:/baidunetdiskdownload/Vivado2020_2/Vivado/2020.2/data/ip/xpm/xpm_cdc/hdl/xpm_cdc.sv:1059]
INFO: [Synth 8-6155] done synthesizing module 'xpm_fifo_rst' (33#1) [C:/baidunetdiskdownload/Vivado2020_2/Vivado/2020.2/data/ip/xpm/xpm_fifo/hdl/xpm_fifo.sv:1618]
INFO: [Synth 8-6157] synthesizing module 'xpm_counter_updn__parameterized0' [C:/baidunetdiskdownload/Vivado2020_2/Vivado/2020.2/data/ip/xpm/xpm_fifo/hdl/xpm_fifo.sv:1854]
	Parameter COUNTER_WIDTH bound to: 15 - type: integer 
	Parameter RESET_VALUE bound to: 0 - type: integer 
INFO: [Synth 8-6155] done synthesizing module 'xpm_counter_updn__parameterized0' (33#1) [C:/baidunetdiskdownload/Vivado2020_2/Vivado/2020.2/data/ip/xpm/xpm_fifo/hdl/xpm_fifo.sv:1854]
INFO: [Synth 8-6157] synthesizing module 'xpm_counter_updn__parameterized1' [C:/baidunetdiskdownload/Vivado2020_2/Vivado/2020.2/data/ip/xpm/xpm_fifo/hdl/xpm_fifo.sv:1854]
	Parameter COUNTER_WIDTH bound to: 14 - type: integer 
	Parameter RESET_VALUE bound to: 1 - type: integer 
INFO: [Synth 8-6155] done synthesizing module 'xpm_counter_updn__parameterized1' (33#1) [C:/baidunetdiskdownload/Vivado2020_2/Vivado/2020.2/data/ip/xpm/xpm_fifo/hdl/xpm_fifo.sv:1854]
INFO: [Synth 8-6157] synthesizing module 'xpm_counter_updn__parameterized2' [C:/baidunetdiskdownload/Vivado2020_2/Vivado/2020.2/data/ip/xpm/xpm_fifo/hdl/xpm_fifo.sv:1854]
	Parameter COUNTER_WIDTH bound to: 14 - type: integer 
	Parameter RESET_VALUE bound to: 2 - type: integer 
INFO: [Synth 8-6155] done synthesizing module 'xpm_counter_updn__parameterized2' (33#1) [C:/baidunetdiskdownload/Vivado2020_2/Vivado/2020.2/data/ip/xpm/xpm_fifo/hdl/xpm_fifo.sv:1854]
INFO: [Synth 8-6155] done synthesizing module 'xpm_fifo_base' (34#1) [C:/baidunetdiskdownload/Vivado2020_2/Vivado/2020.2/data/ip/xpm/xpm_fifo/hdl/xpm_fifo.sv:56]
INFO: [Synth 8-6155] done synthesizing module 'xpm_fifo_async' (35#1) [C:/baidunetdiskdownload/Vivado2020_2/Vivado/2020.2/data/ip/xpm/xpm_fifo/hdl/xpm_fifo.sv:2142]
WARNING: [Synth 8-693] zero replication count - replication ignored [C:/Users/chris/FPGA_Projects/A-high-speed-data-acquisition-framework-main/AXI_DMA.srcs/sources_1/new/ad9269_ingress.v:86]
INFO: [Synth 8-6155] done synthesizing module 'ad9269_ingress' (36#1) [C:/Users/chris/FPGA_Projects/A-high-speed-data-acquisition-framework-main/AXI_DMA.srcs/sources_1/new/ad9269_ingress.v:5]
INFO: [Synth 8-6157] synthesizing module 'peak_feature_engine' [C:/Users/chris/FPGA_Projects/A-high-speed-data-acquisition-framework-main/AXI_DMA.srcs/sources_1/new/peak_feature_engine.v:5]
	Parameter PRE_SAMPLES bound to: 1024 - type: integer 
	Parameter POST_SAMPLES bound to: 1024 - type: integer 
	Parameter HEADER_WORDS bound to: 32 - type: integer 
	Parameter FRAME_WORDS bound to: 2080 - type: integer 
	Parameter PTR_W bound to: 10 - type: integer 
	Parameter POST_W bound to: 11 - type: integer 
	Parameter OUT_W bound to: 12 - type: integer 
INFO: [Synth 8-6157] synthesizing module 'iterative_isqrt64' [C:/Users/chris/FPGA_Projects/A-high-speed-data-acquisition-framework-main/AXI_DMA.srcs/sources_1/new/peak_feature_engine.v:496]
INFO: [Synth 8-6155] done synthesizing module 'iterative_isqrt64' (37#1) [C:/Users/chris/FPGA_Projects/A-high-speed-data-acquisition-framework-main/AXI_DMA.srcs/sources_1/new/peak_feature_engine.v:496]
INFO: [Synth 8-6157] synthesizing module 'iterative_signed_divider' [C:/Users/chris/FPGA_Projects/A-high-speed-data-acquisition-framework-main/AXI_DMA.srcs/sources_1/new/peak_feature_engine.v:539]
	Parameter WIDTH bound to: 34 - type: integer 
INFO: [Synth 8-6155] done synthesizing module 'iterative_signed_divider' (38#1) [C:/Users/chris/FPGA_Projects/A-high-speed-data-acquisition-framework-main/AXI_DMA.srcs/sources_1/new/peak_feature_engine.v:539]
INFO: [Synth 8-6155] done synthesizing module 'peak_feature_engine' (39#1) [C:/Users/chris/FPGA_Projects/A-high-speed-data-acquisition-framework-main/AXI_DMA.srcs/sources_1/new/peak_feature_engine.v:5]
INFO: [Synth 8-6157] synthesizing module 'ad9269_scope_capture' [C:/Users/chris/FPGA_Projects/A-high-speed-data-acquisition-framework-main/AXI_DMA.srcs/sources_1/new/ad9269_scope_capture.v:7]
	Parameter SAMPLES_PER_FRAME bound to: 8192 - type: integer 
	Parameter HEADER_WORDS bound to: 16 - type: integer 
	Parameter CORE_HZ bound to: 100000000 - type: integer 
	Parameter PRE_SAMPLES bound to: 2048 - type: integer 
	Parameter POST_SAMPLES bound to: 6144 - type: integer 
	Parameter ADDR_W bound to: 13 - type: integer 
	Parameter TOTAL_WORDS bound to: 8208 - type: integer 
	Parameter MAGIC_SCOP bound to: 1347371859 - type: integer 
	Parameter SEND_LOAD bound to: 2'b00 
	Parameter SEND_RAM_WAIT bound to: 2'b01 
	Parameter SEND_RAM_DATA bound to: 2'b10 
	Parameter SEND_AXIS bound to: 2'b11 
INFO: [Synth 8-6155] done synthesizing module 'ad9269_scope_capture' (40#1) [C:/Users/chris/FPGA_Projects/A-high-speed-data-acquisition-framework-main/AXI_DMA.srcs/sources_1/new/ad9269_scope_capture.v:7]
INFO: [Synth 8-6157] synthesizing module 'adc_activity_meter' [C:/Users/chris/FPGA_Projects/A-high-speed-data-acquisition-framework-main/AXI_DMA.srcs/sources_1/new/adc_activity_meter.v:5]
	Parameter REF_HZ bound to: 100000000 - type: integer 
INFO: [Synth 8-6155] done synthesizing module 'adc_activity_meter' (41#1) [C:/Users/chris/FPGA_Projects/A-high-speed-data-acquisition-framework-main/AXI_DMA.srcs/sources_1/new/adc_activity_meter.v:5]
INFO: [Synth 8-6157] synthesizing module 'pl_raw_udp_streamer' [C:/Users/chris/FPGA_Projects/A-high-speed-data-acquisition-framework-main/AXI_DMA.srcs/sources_1/new/pl_raw_udp_streamer.v:6]
	Parameter FIFO_DEPTH bound to: 16384 - type: integer 
	Parameter SIM_ASSERT_CHK bound to: 1 - type: integer 
	Parameter DATA_MAGIC bound to: 1145131332 - type: integer 
	Parameter STATUS_MAGIC bound to: 1145131347 - type: integer 
	Parameter HEADER_BYTES bound to: 16'b0000000000101000 
	Parameter STD_PAYLOAD_BYTES bound to: 16'b0000010110000000 
	Parameter JUMBO_PAYLOAD_BYTES bound to: 16'b0010000000000000 
	Parameter STD_PAYLOAD_WORDS bound to: 15'b000000101100000 
	Parameter JUMBO_PAYLOAD_WORDS bound to: 15'b000100000000000 
INFO: [Synth 8-6157] synthesizing module 'xpm_fifo_async__parameterized0' [C:/baidunetdiskdownload/Vivado2020_2/Vivado/2020.2/data/ip/xpm/xpm_fifo/hdl/xpm_fifo.sv:2142]
	Parameter FIFO_MEMORY_TYPE bound to: block - type: string 
	Parameter ECC_MODE bound to: no_ecc - type: string 
	Parameter RELATED_CLOCKS bound to: 0 - type: integer 
	Parameter SIM_ASSERT_CHK bound to: 1 - type: integer 
	Parameter CASCADE_HEIGHT bound to: 0 - type: integer 
	Parameter FIFO_WRITE_DEPTH bound to: 16384 - type: integer 
	Parameter WRITE_DATA_WIDTH bound to: 32 - type: integer 
	Parameter WR_DATA_COUNT_WIDTH bound to: 15 - type: integer 
	Parameter PROG_FULL_THRESH bound to: 16368 - type: integer 
	Parameter FULL_RESET_VALUE bound to: 0 - type: integer 
	Parameter USE_ADV_FEATURES bound to: 0707 - type: string 
	Parameter READ_MODE bound to: fwft - type: string 
	Parameter FIFO_READ_LATENCY bound to: 0 - type: integer 
	Parameter READ_DATA_WIDTH bound to: 32 - type: integer 
	Parameter RD_DATA_COUNT_WIDTH bound to: 15 - type: integer 
	Parameter PROG_EMPTY_THRESH bound to: 16 - type: integer 
	Parameter DOUT_RESET_VALUE bound to: 0 - type: string 
	Parameter CDC_SYNC_STAGES bound to: 2 - type: integer 
	Parameter WAKEUP_TIME bound to: 0 - type: integer 
	Parameter EN_ADV_FEATURE_ASYNC bound to: 16'b0000011100000111 
	Parameter P_FIFO_MEMORY_TYPE bound to: 2 - type: integer 
	Parameter P_COMMON_CLOCK bound to: 0 - type: integer 
	Parameter P_ECC_MODE bound to: 0 - type: integer 
	Parameter P_READ_MODE bound to: 1 - type: integer 
	Parameter P_WAKEUP_TIME bound to: 2 - type: integer 
INFO: [Synth 8-6157] synthesizing module 'xpm_fifo_base__parameterized0' [C:/baidunetdiskdownload/Vivado2020_2/Vivado/2020.2/data/ip/xpm/xpm_fifo/hdl/xpm_fifo.sv:56]
	Parameter COMMON_CLOCK bound to: 0 - type: integer 
	Parameter RELATED_CLOCKS bound to: 0 - type: integer 
	Parameter FIFO_MEMORY_TYPE bound to: 2 - type: integer 
	Parameter ECC_MODE bound to: 0 - type: integer 
	Parameter SIM_ASSERT_CHK bound to: 1 - type: integer 
	Parameter CASCADE_HEIGHT bound to: 0 - type: integer 
	Parameter FIFO_WRITE_DEPTH bound to: 16384 - type: integer 
	Parameter WRITE_DATA_WIDTH bound to: 32 - type: integer 
	Parameter WR_DATA_COUNT_WIDTH bound to: 15 - type: integer 
	Parameter PROG_FULL_THRESH bound to: 16368 - type: integer 
	Parameter USE_ADV_FEATURES bound to: 0707 - type: string 
	Parameter READ_MODE bound to: 1 - type: integer 
	Parameter FIFO_READ_LATENCY bound to: 0 - type: integer 
	Parameter READ_DATA_WIDTH bound to: 32 - type: integer 
	Parameter RD_DATA_COUNT_WIDTH bound to: 15 - type: integer 
	Parameter PROG_EMPTY_THRESH bound to: 16 - type: integer 
	Parameter DOUT_RESET_VALUE bound to: 0 - type: string 
	Parameter CDC_DEST_SYNC_FF bound to: 2 - type: integer 
	Parameter FULL_RESET_VALUE bound to: 0 - type: integer 
	Parameter REMOVE_WR_RD_PROT_LOGIC bound to: 0 - type: integer 
	Parameter WAKEUP_TIME bound to: 0 - type: integer 
	Parameter VERSION bound to: 0 - type: integer 
	Parameter invalid bound to: 0 - type: integer 
	Parameter stage1_valid bound to: 2 - type: integer 
	Parameter stage2_valid bound to: 1 - type: integer 
	Parameter both_stages_valid bound to: 3 - type: integer 
	Parameter FIFO_MEM_TYPE bound to: 2 - type: integer 
	Parameter RD_MODE bound to: 1 - type: integer 
	Parameter ENABLE_ECC bound to: 0 - type: integer 
	Parameter FIFO_READ_DEPTH bound to: 16384 - type: integer 
	Parameter FIFO_SIZE bound to: 524288 - type: integer 
	Parameter WR_WIDTH_LOG bound to: 5 - type: integer 
	Parameter WR_DEPTH_LOG bound to: 14 - type: integer 
	Parameter WR_PNTR_WIDTH bound to: 14 - type: integer 
	Parameter RD_PNTR_WIDTH bound to: 14 - type: integer 
	Parameter FULL_RST_VAL bound to: 1'b0 
	Parameter WR_RD_RATIO bound to: 0 - type: integer 
	Parameter READ_MODE_LL bound to: 1 - type: integer 
	Parameter PF_THRESH_ADJ bound to: 16366 - type: integer 
	Parameter PE_THRESH_ADJ bound to: 14 - type: integer 
	Parameter PF_THRESH_MIN bound to: 7 - type: integer 
	Parameter PF_THRESH_MAX bound to: 16379 - type: integer 
	Parameter PE_THRESH_MIN bound to: 5 - type: integer 
	Parameter PE_THRESH_MAX bound to: 16379 - type: integer 
	Parameter WR_DC_WIDTH_EXT bound to: 15 - type: integer 
	Parameter RD_DC_WIDTH_EXT bound to: 15 - type: integer 
	Parameter RD_LATENCY bound to: 2 - type: integer 
	Parameter WIDTH_RATIO bound to: 1 - type: integer 
	Parameter EN_ADV_FEATURE bound to: 16'b0000011100000111 
	Parameter EN_OF bound to: 1'b1 
	Parameter EN_PF bound to: 1'b1 
	Parameter EN_WDC bound to: 1'b1 
	Parameter EN_AF bound to: 1'b0 
	Parameter EN_WACK bound to: 1'b0 
	Parameter FG_EQ_ASYM_DOUT bound to: 1'b0 
	Parameter EN_UF bound to: 1'b1 
	Parameter EN_PE bound to: 1'b1 
	Parameter EN_RDC bound to: 1'b1 
	Parameter EN_AE bound to: 1'b0 
	Parameter EN_DVLD bound to: 1'b0 
INFO: [Synth 8-6157] synthesizing module 'xpm_memory_base__parameterized0' [C:/baidunetdiskdownload/Vivado2020_2/Vivado/2020.2/data/ip/xpm/xpm_memory/hdl/xpm_memory.sv:57]
	Parameter MEMORY_TYPE bound to: 1 - type: integer 
	Parameter MEMORY_SIZE bound to: 524288 - type: integer 
	Parameter MEMORY_PRIMITIVE bound to: 2 - type: integer 
	Parameter CLOCKING_MODE bound to: 1 - type: integer 
	Parameter ECC_MODE bound to: 0 - type: integer 
	Parameter MEMORY_INIT_FILE bound to: none - type: string 
	Parameter MEMORY_INIT_PARAM bound to: (null) - type: string 
	Parameter USE_MEM_INIT_MMI bound to: 0 - type: integer 
	Parameter USE_MEM_INIT bound to: 0 - type: integer 
	Parameter MEMORY_OPTIMIZATION bound to: true - type: string 
	Parameter WAKEUP_TIME bound to: 0 - type: integer 
	Parameter AUTO_SLEEP_TIME bound to: 0 - type: integer 
	Parameter MESSAGE_CONTROL bound to: 0 - type: integer 
	Parameter VERSION bound to: 0 - type: integer 
	Parameter USE_EMBEDDED_CONSTRAINT bound to: 0 - type: integer 
	Parameter CASCADE_HEIGHT bound to: 0 - type: integer 
	Parameter SIM_ASSERT_CHK bound to: 0 - type: integer 
	Parameter WRITE_PROTECT bound to: 1 - type: integer 
	Parameter WRITE_DATA_WIDTH_A bound to: 32 - type: integer 
	Parameter READ_DATA_WIDTH_A bound to: 32 - type: integer 
	Parameter BYTE_WRITE_WIDTH_A bound to: 32 - type: integer 
	Parameter ADDR_WIDTH_A bound to: 14 - type: integer 
	Parameter READ_RESET_VALUE_A bound to: 0 - type: string 
	Parameter READ_LATENCY_A bound to: 2 - type: integer 
	Parameter WRITE_MODE_A bound to: 2 - type: integer 
	Parameter RST_MODE_A bound to: SYNC - type: string 
	Parameter WRITE_DATA_WIDTH_B bound to: 32 - type: integer 
	Parameter READ_DATA_WIDTH_B bound to: 32 - type: integer 
	Parameter BYTE_WRITE_WIDTH_B bound to: 32 - type: integer 
	Parameter ADDR_WIDTH_B bound to: 14 - type: integer 
	Parameter READ_RESET_VALUE_B bound to: 0 - type: string 
	Parameter READ_LATENCY_B bound to: 2 - type: integer 
	Parameter WRITE_MODE_B bound to: 2 - type: integer 
	Parameter RST_MODE_B bound to: SYNC - type: string 
	Parameter P_MEMORY_PRIMITIVE bound to: block - type: string 
	Parameter P_MIN_WIDTH_DATA_A bound to: 32 - type: integer 
	Parameter P_MIN_WIDTH_DATA_B bound to: 32 - type: integer 
	Parameter P_MIN_WIDTH_DATA bound to: 32 - type: integer 
	Parameter P_MIN_WIDTH_DATA_ECC bound to: 32 - type: integer 
	Parameter P_MAX_DEPTH_DATA bound to: 16384 - type: integer 
	Parameter P_ECC_MODE bound to: no_ecc - type: string 
	Parameter P_MEMORY_OPT bound to: yes - type: string 
	Parameter P_WIDTH_COL_WRITE_A bound to: 32 - type: integer 
	Parameter P_WIDTH_COL_WRITE_B bound to: 32 - type: integer 
	Parameter P_NUM_COLS_WRITE_A bound to: 1 - type: integer 
	Parameter P_NUM_COLS_WRITE_B bound to: 1 - type: integer 
	Parameter P_NUM_ROWS_WRITE_A bound to: 1 - type: integer 
	Parameter P_NUM_ROWS_WRITE_B bound to: 1 - type: integer 
	Parameter P_NUM_ROWS_READ_A bound to: 1 - type: integer 
	Parameter P_NUM_ROWS_READ_B bound to: 1 - type: integer 
	Parameter P_WIDTH_ADDR_WRITE_A bound to: 14 - type: integer 
	Parameter P_WIDTH_ADDR_WRITE_B bound to: 14 - type: integer 
	Parameter P_WIDTH_ADDR_READ_A bound to: 14 - type: integer 
	Parameter P_WIDTH_ADDR_READ_B bound to: 14 - type: integer 
	Parameter P_WIDTH_ADDR_LSB_WRITE_A bound to: 0 - type: integer 
	Parameter P_WIDTH_ADDR_LSB_WRITE_B bound to: 0 - type: integer 
	Parameter P_WIDTH_ADDR_LSB_READ_A bound to: 0 - type: integer 
	Parameter P_WIDTH_ADDR_LSB_READ_B bound to: 0 - type: integer 
	Parameter P_ENABLE_BYTE_WRITE_A bound to: 0 - type: integer 
	Parameter P_ENABLE_BYTE_WRITE_B bound to: 0 - type: integer 
	Parameter P_SDP_WRITE_MODE bound to: no - type: string 
	Parameter rsta_loop_iter bound to: 32 - type: integer 
	Parameter rstb_loop_iter bound to: 32 - type: integer 
	Parameter NUM_CHAR_LOC bound to: 0 - type: integer 
	Parameter MAX_NUM_CHAR bound to: 0 - type: integer 
	Parameter P_MIN_WIDTH_DATA_SHFT bound to: 32 - type: integer 
	Parameter P_MIN_WIDTH_DATA_LDW bound to: 4 - type: integer 
INFO: [Synth 8-6155] done synthesizing module 'xpm_memory_base__parameterized0' (41#1) [C:/baidunetdiskdownload/Vivado2020_2/Vivado/2020.2/data/ip/xpm/xpm_memory/hdl/xpm_memory.sv:57]
INFO: [Synth 8-226] default block is never used [C:/baidunetdiskdownload/Vivado2020_2/Vivado/2020.2/data/ip/xpm/xpm_fifo/hdl/xpm_fifo.sv:1204]
INFO: [Synth 8-226] default block is never used [C:/baidunetdiskdownload/Vivado2020_2/Vivado/2020.2/data/ip/xpm/xpm_fifo/hdl/xpm_fifo.sv:1271]
INFO: [Synth 8-226] default block is never used [C:/baidunetdiskdownload/Vivado2020_2/Vivado/2020.2/data/ip/xpm/xpm_fifo/hdl/xpm_fifo.sv:1293]
INFO: [Synth 8-6155] done synthesizing module 'xpm_fifo_base__parameterized0' (41#1) [C:/baidunetdiskdownload/Vivado2020_2/Vivado/2020.2/data/ip/xpm/xpm_fifo/hdl/xpm_fifo.sv:56]
INFO: [Synth 8-6155] done synthesizing module 'xpm_fifo_async__parameterized0' (41#1) [C:/baidunetdiskdownload/Vivado2020_2/Vivado/2020.2/data/ip/xpm/xpm_fifo/hdl/xpm_fifo.sv:2142]
INFO: [Synth 8-6155] done synthesizing module 'pl_raw_udp_streamer' (42#1) [C:/Users/chris/FPGA_Projects/A-high-speed-data-acquisition-framework-main/AXI_DMA.srcs/sources_1/new/pl_raw_udp_streamer.v:6]
INFO: [Synth 8-6157] synthesizing module 'System_wrapper' [C:/Users/chris/FPGA_Projects/A-high-speed-data-acquisition-framework-main/AXI_DMA.srcs/sources_1/bd/System/hdl/System_wrapper.v:12]
INFO: [Synth 8-6157] synthesizing module 'System' [C:/Users/chris/FPGA_Projects/A-high-speed-data-acquisition-framework-main/AXI_DMA.srcs/sources_1/bd/System/synth/System.v:1344]
INFO: [Synth 8-6157] synthesizing module 'Controller_imp_1TFATZB' [C:/Users/chris/FPGA_Projects/A-high-speed-data-acquisition-framework-main/AXI_DMA.srcs/sources_1/bd/System/synth/System.v:12]
INFO: [Synth 8-6157] synthesizing module 'System_processing_system7_0_0' [c:/Users/chris/FPGA_Projects/A-high-speed-data-acquisition-framework-main/AXI_DMA.srcs/sources_1/bd/System/ip/System_processing_system7_0_0/synth/System_processing_system7_0_0.v:60]
INFO: [Synth 8-6157] synthesizing module 'processing_system7_v5_5_processing_system7' [c:/Users/chris/FPGA_Projects/A-high-speed-data-acquisition-framework-main/AXI_DMA.srcs/sources_1/bd/System/ip/System_processing_system7_0_0/hdl/verilog/processing_system7_v5_5_processing_system7.v:161]
	Parameter C_USE_DEFAULT_ACP_USER_VAL bound to: 0 - type: integer 
	Parameter C_S_AXI_ACP_ARUSER_VAL bound to: 31 - type: integer 
	Parameter C_S_AXI_ACP_AWUSER_VAL bound to: 31 - type: integer 
	Parameter C_M_AXI_GP0_THREAD_ID_WIDTH bound to: 12 - type: integer 
	Parameter C_M_AXI_GP1_THREAD_ID_WIDTH bound to: 12 - type: integer 
	Parameter C_M_AXI_GP0_ENABLE_STATIC_REMAP bound to: 0 - type: integer 
	Parameter C_M_AXI_GP1_ENABLE_STATIC_REMAP bound to: 0 - type: integer 
	Parameter C_M_AXI_GP0_ID_WIDTH bound to: 12 - type: integer 
	Parameter C_M_AXI_GP1_ID_WIDTH bound to: 12 - type: integer 
	Parameter C_S_AXI_GP0_ID_WIDTH bound to: 6 - type: integer 
	Parameter C_S_AXI_GP1_ID_WIDTH bound to: 6 - type: integer 
	Parameter C_S_AXI_HP0_ID_WIDTH bound to: 6 - type: integer 
	Parameter C_S_AXI_HP1_ID_WIDTH bound to: 6 - type: integer 
	Parameter C_S_AXI_HP2_ID_WIDTH bound to: 6 - type: integer 
	Parameter C_S_AXI_HP3_ID_WIDTH bound to: 6 - type: integer 
	Parameter C_S_AXI_ACP_ID_WIDTH bound to: 3 - type: integer 
	Parameter C_S_AXI_HP0_DATA_WIDTH bound to: 64 - type: integer 
	Parameter C_S_AXI_HP1_DATA_WIDTH bound to: 64 - type: integer 
	Parameter C_S_AXI_HP2_DATA_WIDTH bound to: 64 - type: integer 
	Parameter C_S_AXI_HP3_DATA_WIDTH bound to: 64 - type: integer 
	Parameter C_INCLUDE_ACP_TRANS_CHECK bound to: 0 - type: integer 
	Parameter C_NUM_F2P_INTR_INPUTS bound to: 1 - type: integer 
	Parameter C_FCLK_CLK0_BUF bound to: TRUE - type: string 
	Parameter C_FCLK_CLK1_BUF bound to: FALSE - type: string 
	Parameter C_FCLK_CLK2_BUF bound to: FALSE - type: string 
	Parameter C_FCLK_CLK3_BUF bound to: FALSE - type: string 
	Parameter C_EMIO_GPIO_WIDTH bound to: 33 - type: integer 
	Parameter C_INCLUDE_TRACE_BUFFER bound to: 0 - type: integer 
	Parameter C_TRACE_BUFFER_FIFO_SIZE bound to: 128 - type: integer 
	Parameter C_TRACE_BUFFER_CLOCK_DELAY bound to: 12 - type: integer 
	Parameter USE_TRACE_DATA_EDGE_DETECTOR bound to: 0 - type: integer 
	Parameter C_TRACE_PIPELINE_WIDTH bound to: 8 - type: integer 
	Parameter C_PS7_SI_REV bound to: PRODUCTION - type: string 
	Parameter C_EN_EMIO_ENET0 bound to: 0 - type: integer 
	Parameter C_EN_EMIO_ENET1 bound to: 0 - type: integer 
	Parameter C_EN_EMIO_TRACE bound to: 0 - type: integer 
	Parameter C_DQ_WIDTH bound to: 32 - type: integer 
	Parameter C_DQS_WIDTH bound to: 4 - type: integer 
	Parameter C_DM_WIDTH bound to: 4 - type: integer 
	Parameter C_MIO_PRIMITIVE bound to: 54 - type: integer 
	Parameter C_PACKAGE_NAME bound to: clg400 - type: string 
	Parameter C_IRQ_F2P_MODE bound to: DIRECT - type: string 
	Parameter C_TRACE_INTERNAL_WIDTH bound to: 2 - type: integer 
	Parameter C_EN_EMIO_PJTAG bound to: 0 - type: integer 
	Parameter C_USE_AXI_NONSECURE bound to: 0 - type: integer 
	Parameter C_USE_S_AXI_HP0 bound to: 1 - type: integer 
	Parameter C_USE_S_AXI_HP1 bound to: 1 - type: integer 
	Parameter C_USE_S_AXI_HP2 bound to: 0 - type: integer 
	Parameter C_USE_S_AXI_HP3 bound to: 0 - type: integer 
	Parameter C_USE_M_AXI_GP0 bound to: 1 - type: integer 
	Parameter C_USE_M_AXI_GP1 bound to: 0 - type: integer 
	Parameter C_USE_S_AXI_GP0 bound to: 0 - type: integer 
	Parameter C_USE_S_AXI_GP1 bound to: 0 - type: integer 
	Parameter C_USE_S_AXI_ACP bound to: 0 - type: integer 
	Parameter C_GP0_EN_MODIFIABLE_TXN bound to: 1 - type: integer 
	Parameter C_GP1_EN_MODIFIABLE_TXN bound to: 1 - type: integer 
INFO: [Synth 8-6157] synthesizing module 'BIBUF' [C:/baidunetdiskdownload/Vivado2020_2/Vivado/2020.2/scripts/rt/data/unisim_comp.v:730]
INFO: [Synth 8-6155] done synthesizing module 'BIBUF' (43#1) [C:/baidunetdiskdownload/Vivado2020_2/Vivado/2020.2/scripts/rt/data/unisim_comp.v:730]
INFO: [Synth 8-6157] synthesizing module 'PS7' [C:/baidunetdiskdownload/Vivado2020_2/Vivado/2020.2/scripts/rt/data/unisim_comp.v:62034]
INFO: [Synth 8-6155] done synthesizing module 'PS7' (44#1) [C:/baidunetdiskdownload/Vivado2020_2/Vivado/2020.2/scripts/rt/data/unisim_comp.v:62034]
INFO: [Synth 8-6155] done synthesizing module 'processing_system7_v5_5_processing_system7' (45#1) [c:/Users/chris/FPGA_Projects/A-high-speed-data-acquisition-framework-main/AXI_DMA.srcs/sources_1/bd/System/ip/System_processing_system7_0_0/hdl/verilog/processing_system7_v5_5_processing_system7.v:161]
WARNING: [Synth 8-7071] port 'M_AXI_GP0_ARESETN' of module 'processing_system7_v5_5_processing_system7' is unconnected for instance 'inst' [c:/Users/chris/FPGA_Projects/A-high-speed-data-acquisition-framework-main/AXI_DMA.srcs/sources_1/bd/System/ip/System_processing_system7_0_0/synth/System_processing_system7_0_0.v:607]
WARNING: [Synth 8-7071] port 'M_AXI_GP1_ARESETN' of module 'processing_system7_v5_5_processing_system7' is unconnected for instance 'inst' [c:/Users/chris/FPGA_Projects/A-high-speed-data-acquisition-framework-main/AXI_DMA.srcs/sources_1/bd/System/ip/System_processing_system7_0_0/synth/System_processing_system7_0_0.v:607]
WARNING: [Synth 8-7071] port 'S_AXI_GP0_ARESETN' of module 'processing_system7_v5_5_processing_system7' is unconnected for instance 'inst' [c:/Users/chris/FPGA_Projects/A-high-speed-data-acquisition-framework-main/AXI_DMA.srcs/sources_1/bd/System/ip/System_processing_system7_0_0/synth/System_processing_system7_0_0.v:607]
WARNING: [Synth 8-7071] port 'S_AXI_GP1_ARESETN' of module 'processing_system7_v5_5_processing_system7' is unconnected for instance 'inst' [c:/Users/chris/FPGA_Projects/A-high-speed-data-acquisition-framework-main/AXI_DMA.srcs/sources_1/bd/System/ip/System_processing_system7_0_0/synth/System_processing_system7_0_0.v:607]
WARNING: [Synth 8-7071] port 'S_AXI_ACP_ARESETN' of module 'processing_system7_v5_5_processing_system7' is unconnected for instance 'inst' [c:/Users/chris/FPGA_Projects/A-high-speed-data-acquisition-framework-main/AXI_DMA.srcs/sources_1/bd/System/ip/System_processing_system7_0_0/synth/System_processing_system7_0_0.v:607]
WARNING: [Synth 8-7071] port 'S_AXI_HP0_ARESETN' of module 'processing_system7_v5_5_processing_system7' is unconnected for instance 'inst' [c:/Users/chris/FPGA_Projects/A-high-speed-data-acquisition-framework-main/AXI_DMA.srcs/sources_1/bd/System/ip/System_processing_system7_0_0/synth/System_processing_system7_0_0.v:607]
WARNING: [Synth 8-7071] port 'S_AXI_HP1_ARESETN' of module 'processing_system7_v5_5_processing_system7' is unconnected for instance 'inst' [c:/Users/chris/FPGA_Projects/A-high-speed-data-acquisition-framework-main/AXI_DMA.srcs/sources_1/bd/System/ip/System_processing_system7_0_0/synth/System_processing_system7_0_0.v:607]
WARNING: [Synth 8-7071] port 'S_AXI_HP2_ARESETN' of module 'processing_system7_v5_5_processing_system7' is unconnected for instance 'inst' [c:/Users/chris/FPGA_Projects/A-high-speed-data-acquisition-framework-main/AXI_DMA.srcs/sources_1/bd/System/ip/System_processing_system7_0_0/synth/System_processing_system7_0_0.v:607]
WARNING: [Synth 8-7071] port 'S_AXI_HP3_ARESETN' of module 'processing_system7_v5_5_processing_system7' is unconnected for instance 'inst' [c:/Users/chris/FPGA_Projects/A-high-speed-data-acquisition-framework-main/AXI_DMA.srcs/sources_1/bd/System/ip/System_processing_system7_0_0/synth/System_processing_system7_0_0.v:607]
WARNING: [Synth 8-7071] port 'DMA0_RSTN' of module 'processing_system7_v5_5_processing_system7' is unconnected for instance 'inst' [c:/Users/chris/FPGA_Projects/A-high-speed-data-acquisition-framework-main/AXI_DMA.srcs/sources_1/bd/System/ip/System_processing_system7_0_0/synth/System_processing_system7_0_0.v:607]
WARNING: [Synth 8-7071] port 'DMA1_RSTN' of module 'processing_system7_v5_5_processing_system7' is unconnected for instance 'inst' [c:/Users/chris/FPGA_Projects/A-high-speed-data-acquisition-framework-main/AXI_DMA.srcs/sources_1/bd/System/ip/System_processing_system7_0_0/synth/System_processing_system7_0_0.v:607]
WARNING: [Synth 8-7071] port 'DMA2_RSTN' of module 'processing_system7_v5_5_processing_system7' is unconnected for instance 'inst' [c:/Users/chris/FPGA_Projects/A-high-speed-data-acquisition-framework-main/AXI_DMA.srcs/sources_1/bd/System/ip/System_processing_system7_0_0/synth/System_processing_system7_0_0.v:607]
WARNING: [Synth 8-7071] port 'DMA3_RSTN' of module 'processing_system7_v5_5_processing_system7' is unconnected for instance 'inst' [c:/Users/chris/FPGA_Projects/A-high-speed-data-acquisition-framework-main/AXI_DMA.srcs/sources_1/bd/System/ip/System_processing_system7_0_0/synth/System_processing_system7_0_0.v:607]
WARNING: [Synth 8-7023] instance 'inst' of module 'processing_system7_v5_5_processing_system7' has 685 connections declared, but only 672 given [c:/Users/chris/FPGA_Projects/A-high-speed-data-acquisition-framework-main/AXI_DMA.srcs/sources_1/bd/System/ip/System_processing_system7_0_0/synth/System_processing_system7_0_0.v:607]
INFO: [Synth 8-6155] done synthesizing module 'System_processing_system7_0_0' (46#1) [c:/Users/chris/FPGA_Projects/A-high-speed-data-acquisition-framework-main/AXI_DMA.srcs/sources_1/bd/System/ip/System_processing_system7_0_0/synth/System_processing_system7_0_0.v:60]
WARNING: [Synth 8-7071] port 'GPIO_O' of module 'System_processing_system7_0_0' is unconnected for instance 'processing_system7_0' [C:/Users/chris/FPGA_Projects/A-high-speed-data-acquisition-framework-main/AXI_DMA.srcs/sources_1/bd/System/synth/System.v:601]
WARNING: [Synth 8-7071] port 'GPIO_T' of module 'System_processing_system7_0_0' is unconnected for instance 'processing_system7_0' [C:/Users/chris/FPGA_Projects/A-high-speed-data-acquisition-framework-main/AXI_DMA.srcs/sources_1/bd/System/synth/System.v:601]
WARNING: [Synth 8-7071] port 'S_AXI_HP0_BID' of module 'System_processing_system7_0_0' is unconnected for instance 'processing_system7_0' [C:/Users/chris/FPGA_Projects/A-high-speed-data-acquisition-framework-main/AXI_DMA.srcs/sources_1/bd/System/synth/System.v:601]
WARNING: [Synth 8-7071] port 'S_AXI_HP0_RID' of module 'System_processing_system7_0_0' is unconnected for instance 'processing_system7_0' [C:/Users/chris/FPGA_Projects/A-high-speed-data-acquisition-framework-main/AXI_DMA.srcs/sources_1/bd/System/synth/System.v:601]
WARNING: [Synth 8-7071] port 'S_AXI_HP0_RCOUNT' of module 'System_processing_system7_0_0' is unconnected for instance 'processing_system7_0' [C:/Users/chris/FPGA_Projects/A-high-speed-data-acquisition-framework-main/AXI_DMA.srcs/sources_1/bd/System/synth/System.v:601]
WARNING: [Synth 8-7071] port 'S_AXI_HP0_WCOUNT' of module 'System_processing_system7_0_0' is unconnected for instance 'processing_system7_0' [C:/Users/chris/FPGA_Projects/A-high-speed-data-acquisition-framework-main/AXI_DMA.srcs/sources_1/bd/System/synth/System.v:601]
WARNING: [Synth 8-7071] port 'S_AXI_HP0_RACOUNT' of module 'System_processing_system7_0_0' is unconnected for instance 'processing_system7_0' [C:/Users/chris/FPGA_Projects/A-high-speed-data-acquisition-framework-main/AXI_DMA.srcs/sources_1/bd/System/synth/System.v:601]
WARNING: [Synth 8-7071] port 'S_AXI_HP0_WACOUNT' of module 'System_processing_system7_0_0' is unconnected for instance 'processing_system7_0' [C:/Users/chris/FPGA_Projects/A-high-speed-data-acquisition-framework-main/AXI_DMA.srcs/sources_1/bd/System/synth/System.v:601]
WARNING: [Synth 8-7071] port 'S_AXI_HP1_BID' of module 'System_processing_system7_0_0' is unconnected for instance 'processing_system7_0' [C:/Users/chris/FPGA_Projects/A-high-speed-data-acquisition-framework-main/AXI_DMA.srcs/sources_1/bd/System/synth/System.v:601]
WARNING: [Synth 8-7071] port 'S_AXI_HP1_RID' of module 'System_processing_system7_0_0' is unconnected for instance 'processing_system7_0' [C:/Users/chris/FPGA_Projects/A-high-speed-data-acquisition-framework-main/AXI_DMA.srcs/sources_1/bd/System/synth/System.v:601]
WARNING: [Synth 8-7071] port 'S_AXI_HP1_RCOUNT' of module 'System_processing_system7_0_0' is unconnected for instance 'processing_system7_0' [C:/Users/chris/FPGA_Projects/A-high-speed-data-acquisition-framework-main/AXI_DMA.srcs/sources_1/bd/System/synth/System.v:601]
WARNING: [Synth 8-7071] port 'S_AXI_HP1_WCOUNT' of module 'System_processing_system7_0_0' is unconnected for instance 'processing_system7_0' [C:/Users/chris/FPGA_Projects/A-high-speed-data-acquisition-framework-main/AXI_DMA.srcs/sources_1/bd/System/synth/System.v:601]
WARNING: [Synth 8-7071] port 'S_AXI_HP1_RACOUNT' of module 'System_processing_system7_0_0' is unconnected for instance 'processing_system7_0' [C:/Users/chris/FPGA_Projects/A-high-speed-data-acquisition-framework-main/AXI_DMA.srcs/sources_1/bd/System/synth/System.v:601]
WARNING: [Synth 8-7071] port 'S_AXI_HP1_WACOUNT' of module 'System_processing_system7_0_0' is unconnected for instance 'processing_system7_0' [C:/Users/chris/FPGA_Projects/A-high-speed-data-acquisition-framework-main/AXI_DMA.srcs/sources_1/bd/System/synth/System.v:601]
WARNING: [Synth 8-7023] instance 'processing_system7_0' of module 'System_processing_system7_0_0' has 157 connections declared, but only 143 given [C:/Users/chris/FPGA_Projects/A-high-speed-data-acquisition-framework-main/AXI_DMA.srcs/sources_1/bd/System/synth/System.v:601]
INFO: [Synth 8-6157] synthesizing module 'System_ps7_0_axi_periph_1' [C:/Users/chris/FPGA_Projects/A-high-speed-data-acquisition-framework-main/AXI_DMA.srcs/sources_1/bd/System/synth/System.v:2327]
INFO: [Synth 8-6157] synthesizing module 'm00_couplers_imp_L4J9WS' [C:/Users/chris/FPGA_Projects/A-high-speed-data-acquisition-framework-main/AXI_DMA.srcs/sources_1/bd/System/synth/System.v:3005]
INFO: [Synth 8-6155] done synthesizing module 'm00_couplers_imp_L4J9WS' (47#1) [C:/Users/chris/FPGA_Projects/A-high-speed-data-acquisition-framework-main/AXI_DMA.srcs/sources_1/bd/System/synth/System.v:3005]
INFO: [Synth 8-6157] synthesizing module 'm01_couplers_imp_1QSDRP9' [C:/Users/chris/FPGA_Projects/A-high-speed-data-acquisition-framework-main/AXI_DMA.srcs/sources_1/bd/System/synth/System.v:3130]
INFO: [Synth 8-6155] done synthesizing module 'm01_couplers_imp_1QSDRP9' (48#1) [C:/Users/chris/FPGA_Projects/A-high-speed-data-acquisition-framework-main/AXI_DMA.srcs/sources_1/bd/System/synth/System.v:3130]
INFO: [Synth 8-6157] synthesizing module 'm02_couplers_imp_1KGUEMN' [C:/Users/chris/FPGA_Projects/A-high-speed-data-acquisition-framework-main/AXI_DMA.srcs/sources_1/bd/System/synth/System.v:3255]
INFO: [Synth 8-6155] done synthesizing module 'm02_couplers_imp_1KGUEMN' (49#1) [C:/Users/chris/FPGA_Projects/A-high-speed-data-acquisition-framework-main/AXI_DMA.srcs/sources_1/bd/System/synth/System.v:3255]
INFO: [Synth 8-6157] synthesizing module 's00_couplers_imp_YBEGL9' [C:/Users/chris/FPGA_Projects/A-high-speed-data-acquisition-framework-main/AXI_DMA.srcs/sources_1/bd/System/synth/System.v:3401]
INFO: [Synth 8-6157] synthesizing module 'System_auto_pc_0' [c:/Users/chris/FPGA_Projects/A-high-speed-data-acquisition-framework-main/AXI_DMA.srcs/sources_1/bd/System/ip/System_auto_pc_0/synth/System_auto_pc_0.v:58]
INFO: [Synth 8-6157] synthesizing module 'axi_protocol_converter_v2_1_22_axi_protocol_converter' [c:/Users/chris/FPGA_Projects/A-high-speed-data-acquisition-framework-main/AXI_DMA.srcs/sources_1/bd/System/ipshared/5cee/hdl/axi_protocol_converter_v2_1_vl_rfs.v:4808]
	Parameter C_FAMILY bound to: zynq - type: string 
	Parameter C_M_AXI_PROTOCOL bound to: 2 - type: integer 
	Parameter C_S_AXI_PROTOCOL bound to: 1 - type: integer 
	Parameter C_IGNORE_ID bound to: 0 - type: integer 
	Parameter C_AXI_ID_WIDTH bound to: 12 - type: integer 
	Parameter C_AXI_ADDR_WIDTH bound to: 32 - type: integer 
	Parameter C_AXI_DATA_WIDTH bound to: 32 - type: integer 
	Parameter C_AXI_SUPPORTS_WRITE bound to: 1 - type: integer 
	Parameter C_AXI_SUPPORTS_READ bound to: 1 - type: integer 
	Parameter C_AXI_SUPPORTS_USER_SIGNALS bound to: 0 - type: integer 
	Parameter C_AXI_AWUSER_WIDTH bound to: 1 - type: integer 
	Parameter C_AXI_ARUSER_WIDTH bound to: 1 - type: integer 
	Parameter C_AXI_WUSER_WIDTH bound to: 1 - type: integer 
	Parameter C_AXI_RUSER_WIDTH bound to: 1 - type: integer 
	Parameter C_AXI_BUSER_WIDTH bound to: 1 - type: integer 
	Parameter C_TRANSLATION_MODE bound to: 2 - type: integer 
	Parameter P_AXI4 bound to: 0 - type: integer 
	Parameter P_AXI3 bound to: 1 - type: integer 
	Parameter P_AXILITE bound to: 2 - type: integer 
	Parameter P_AXILITE_SIZE bound to: 3'b010 
	Parameter P_INCR bound to: 2'b01 
	Parameter P_DECERR bound to: 2'b11 
	Parameter P_SLVERR bound to: 2'b10 
	Parameter P_PROTECTION bound to: 1 - type: integer 
	Parameter P_CONVERSION bound to: 2 - type: integer 
INFO: [Synth 8-6157] synthesizing module 'axi_protocol_converter_v2_1_22_b2s' [c:/Users/chris/FPGA_Projects/A-high-speed-data-acquisition-framework-main/AXI_DMA.srcs/sources_1/bd/System/ipshared/5cee/hdl/axi_protocol_converter_v2_1_vl_rfs.v:4226]
	Parameter C_S_AXI_PROTOCOL bound to: 1 - type: integer 
	Parameter C_AXI_ID_WIDTH bound to: 12 - type: integer 
	Parameter C_AXI_ADDR_WIDTH bound to: 32 - type: integer 
	Parameter C_AXI_DATA_WIDTH bound to: 32 - type: integer 
	Parameter C_AXI_SUPPORTS_WRITE bound to: 1 - type: integer 
	Parameter C_AXI_SUPPORTS_READ bound to: 1 - type: integer 
INFO: [Synth 8-6157] synthesizing module 'axi_protocol_converter_v2_1_22_b2s_aw_channel' [c:/Users/chris/FPGA_Projects/A-high-speed-data-acquisition-framework-main/AXI_DMA.srcs/sources_1/bd/System/ipshared/5cee/hdl/axi_protocol_converter_v2_1_vl_rfs.v:3971]
	Parameter C_ID_WIDTH bound to: 12 - type: integer 
	Parameter C_AXI_ADDR_WIDTH bound to: 32 - type: integer 
INFO: [Synth 8-6157] synthesizing module 'axi_protocol_converter_v2_1_22_b2s_cmd_translator' [c:/Users/chris/FPGA_Projects/A-high-speed-data-acquisition-framework-main/AXI_DMA.srcs/sources_1/bd/System/ipshared/5cee/hdl/axi_protocol_converter_v2_1_vl_rfs.v:3464]
	Parameter C_AXI_ADDR_WIDTH bound to: 32 - type: integer 
	Parameter P_AXBURST_FIXED bound to: 2'b00 
	Parameter P_AXBURST_INCR bound to: 2'b01 
	Parameter P_AXBURST_WRAP bound to: 2'b10 
INFO: [Synth 8-6157] synthesizing module 'axi_protocol_converter_v2_1_22_b2s_incr_cmd' [c:/Users/chris/FPGA_Projects/A-high-speed-data-acquisition-framework-main/AXI_DMA.srcs/sources_1/bd/System/ipshared/5cee/hdl/axi_protocol_converter_v2_1_vl_rfs.v:3092]
	Parameter C_AXI_ADDR_WIDTH bound to: 32 - type: integer 
	Parameter L_AXI_ADDR_LOW_BIT bound to: 12 - type: integer 
INFO: [Synth 8-6155] done synthesizing module 'axi_protocol_converter_v2_1_22_b2s_incr_cmd' (50#1) [c:/Users/chris/FPGA_Projects/A-high-speed-data-acquisition-framework-main/AXI_DMA.srcs/sources_1/bd/System/ipshared/5cee/hdl/axi_protocol_converter_v2_1_vl_rfs.v:3092]
INFO: [Synth 8-6157] synthesizing module 'axi_protocol_converter_v2_1_22_b2s_wrap_cmd' [c:/Users/chris/FPGA_Projects/A-high-speed-data-acquisition-framework-main/AXI_DMA.srcs/sources_1/bd/System/ipshared/5cee/hdl/axi_protocol_converter_v2_1_vl_rfs.v:2902]
	Parameter C_AXI_ADDR_WIDTH bound to: 32 - type: integer 
	Parameter L_AXI_ADDR_LOW_BIT bound to: 12 - type: integer 
INFO: [Synth 8-6155] done synthesizing module 'axi_protocol_converter_v2_1_22_b2s_wrap_cmd' (51#1) [c:/Users/chris/FPGA_Projects/A-high-speed-data-acquisition-framework-main/AXI_DMA.srcs/sources_1/bd/System/ipshared/5cee/hdl/axi_protocol_converter_v2_1_vl_rfs.v:2902]
INFO: [Synth 8-6155] done synthesizing module 'axi_protocol_converter_v2_1_22_b2s_cmd_translator' (52#1) [c:/Users/chris/FPGA_Projects/A-high-speed-data-acquisition-framework-main/AXI_DMA.srcs/sources_1/bd/System/ipshared/5cee/hdl/axi_protocol_converter_v2_1_vl_rfs.v:3464]
INFO: [Synth 8-6157] synthesizing module 'axi_protocol_converter_v2_1_22_b2s_wr_cmd_fsm' [c:/Users/chris/FPGA_Projects/A-high-speed-data-acquisition-framework-main/AXI_DMA.srcs/sources_1/bd/System/ipshared/5cee/hdl/axi_protocol_converter_v2_1_vl_rfs.v:3224]
	Parameter SM_IDLE bound to: 2'b00 
	Parameter SM_CMD_EN bound to: 2'b01 
	Parameter SM_CMD_ACCEPTED bound to: 2'b10 
	Parameter SM_DONE_WAIT bound to: 2'b11 
INFO: [Synth 8-226] default block is never used [c:/Users/chris/FPGA_Projects/A-high-speed-data-acquisition-framework-main/AXI_DMA.srcs/sources_1/bd/System/ipshared/5cee/hdl/axi_protocol_converter_v2_1_vl_rfs.v:3277]
INFO: [Synth 8-6155] done synthesizing module 'axi_protocol_converter_v2_1_22_b2s_wr_cmd_fsm' (53#1) [c:/Users/chris/FPGA_Projects/A-high-speed-data-acquisition-framework-main/AXI_DMA.srcs/sources_1/bd/System/ipshared/5cee/hdl/axi_protocol_converter_v2_1_vl_rfs.v:3224]
INFO: [Synth 8-6155] done synthesizing module 'axi_protocol_converter_v2_1_22_b2s_aw_channel' (54#1) [c:/Users/chris/FPGA_Projects/A-high-speed-data-acquisition-framework-main/AXI_DMA.srcs/sources_1/bd/System/ipshared/5cee/hdl/axi_protocol_converter_v2_1_vl_rfs.v:3971]
INFO: [Synth 8-6157] synthesizing module 'axi_protocol_converter_v2_1_22_b2s_b_channel' [c:/Users/chris/FPGA_Projects/A-high-speed-data-acquisition-framework-main/AXI_DMA.srcs/sources_1/bd/System/ipshared/5cee/hdl/axi_protocol_converter_v2_1_vl_rfs.v:3606]
	Parameter C_ID_WIDTH bound to: 12 - type: integer 
	Parameter LP_RESP_OKAY bound to: 2'b00 
	Parameter LP_RESP_EXOKAY bound to: 2'b01 
	Parameter LP_RESP_SLVERROR bound to: 2'b10 
	Parameter LP_RESP_DECERR bound to: 2'b11 
	Parameter P_WIDTH bound to: 20 - type: integer 
	Parameter P_DEPTH bound to: 4 - type: integer 
	Parameter P_AWIDTH bound to: 2 - type: integer 
	Parameter P_RWIDTH bound to: 2 - type: integer 
	Parameter P_RDEPTH bound to: 4 - type: integer 
	Parameter P_RAWIDTH bound to: 2 - type: integer 
INFO: [Synth 8-6157] synthesizing module 'axi_protocol_converter_v2_1_22_b2s_simple_fifo' [c:/Users/chris/FPGA_Projects/A-high-speed-data-acquisition-framework-main/AXI_DMA.srcs/sources_1/bd/System/ipshared/5cee/hdl/axi_protocol_converter_v2_1_vl_rfs.v:2816]
	Parameter C_WIDTH bound to: 20 - type: integer 
	Parameter C_AWIDTH bound to: 2 - type: integer 
	Parameter C_DEPTH bound to: 4 - type: integer 
	Parameter C_EMPTY bound to: 2'b11 
	Parameter C_EMPTY_PRE bound to: 2'b00 
	Parameter C_FULL bound to: 2'b10 
	Parameter C_FULL_PRE bound to: 2'b01 
INFO: [Synth 8-6155] done synthesizing module 'axi_protocol_converter_v2_1_22_b2s_simple_fifo' (55#1) [c:/Users/chris/FPGA_Projects/A-high-speed-data-acquisition-framework-main/AXI_DMA.srcs/sources_1/bd/System/ipshared/5cee/hdl/axi_protocol_converter_v2_1_vl_rfs.v:2816]
INFO: [Synth 8-6157] synthesizing module 'axi_protocol_converter_v2_1_22_b2s_simple_fifo__parameterized0' [c:/Users/chris/FPGA_Projects/A-high-speed-data-acquisition-framework-main/AXI_DMA.srcs/sources_1/bd/System/ipshared/5cee/hdl/axi_protocol_converter_v2_1_vl_rfs.v:2816]
	Parameter C_WIDTH bound to: 2 - type: integer 
	Parameter C_AWIDTH bound to: 2 - type: integer 
	Parameter C_DEPTH bound to: 4 - type: integer 
	Parameter C_EMPTY bound to: 2'b11 
	Parameter C_EMPTY_PRE bound to: 2'b00 
	Parameter C_FULL bound to: 2'b10 
	Parameter C_FULL_PRE bound to: 2'b01 
INFO: [Synth 8-6155] done synthesizing module 'axi_protocol_converter_v2_1_22_b2s_simple_fifo__parameterized0' (55#1) [c:/Users/chris/FPGA_Projects/A-high-speed-data-acquisition-framework-main/AXI_DMA.srcs/sources_1/bd/System/ipshared/5cee/hdl/axi_protocol_converter_v2_1_vl_rfs.v:2816]
INFO: [Synth 8-6155] done synthesizing module 'axi_protocol_converter_v2_1_22_b2s_b_channel' (56#1) [c:/Users/chris/FPGA_Projects/A-high-speed-data-acquisition-framework-main/AXI_DMA.srcs/sources_1/bd/System/ipshared/5cee/hdl/axi_protocol_converter_v2_1_vl_rfs.v:3606]
INFO: [Synth 8-6157] synthesizing module 'axi_protocol_converter_v2_1_22_b2s_ar_channel' [c:/Users/chris/FPGA_Projects/A-high-speed-data-acquisition-framework-main/AXI_DMA.srcs/sources_1/bd/System/ipshared/5cee/hdl/axi_protocol_converter_v2_1_vl_rfs.v:4082]
	Parameter C_ID_WIDTH bound to: 12 - type: integer 
	Parameter C_AXI_ADDR_WIDTH bound to: 32 - type: integer 
INFO: [Synth 8-6157] synthesizing module 'axi_protocol_converter_v2_1_22_b2s_rd_cmd_fsm' [c:/Users/chris/FPGA_Projects/A-high-speed-data-acquisition-framework-main/AXI_DMA.srcs/sources_1/bd/System/ipshared/5cee/hdl/axi_protocol_converter_v2_1_vl_rfs.v:3334]
	Parameter SM_IDLE bound to: 2'b00 
	Parameter SM_CMD_EN bound to: 2'b01 
	Parameter SM_CMD_ACCEPTED bound to: 2'b10 
	Parameter SM_DONE bound to: 2'b11 
INFO: [Synth 8-226] default block is never used [c:/Users/chris/FPGA_Projects/A-high-speed-data-acquisition-framework-main/AXI_DMA.srcs/sources_1/bd/System/ipshared/5cee/hdl/axi_protocol_converter_v2_1_vl_rfs.v:3395]
INFO: [Synth 8-6155] done synthesizing module 'axi_protocol_converter_v2_1_22_b2s_rd_cmd_fsm' (57#1) [c:/Users/chris/FPGA_Projects/A-high-speed-data-acquisition-framework-main/AXI_DMA.srcs/sources_1/bd/System/ipshared/5cee/hdl/axi_protocol_converter_v2_1_vl_rfs.v:3334]
INFO: [Synth 8-6155] done synthesizing module 'axi_protocol_converter_v2_1_22_b2s_ar_channel' (58#1) [c:/Users/chris/FPGA_Projects/A-high-speed-data-acquisition-framework-main/AXI_DMA.srcs/sources_1/bd/System/ipshared/5cee/hdl/axi_protocol_converter_v2_1_vl_rfs.v:4082]
INFO: [Synth 8-6157] synthesizing module 'axi_protocol_converter_v2_1_22_b2s_r_channel' [c:/Users/chris/FPGA_Projects/A-high-speed-data-acquisition-framework-main/AXI_DMA.srcs/sources_1/bd/System/ipshared/5cee/hdl/axi_protocol_converter_v2_1_vl_rfs.v:3811]
	Parameter C_ID_WIDTH bound to: 12 - type: integer 
	Parameter C_DATA_WIDTH bound to: 32 - type: integer 
	Parameter P_WIDTH bound to: 13 - type: integer 
	Parameter P_DEPTH bound to: 32 - type: integer 
	Parameter P_AWIDTH bound to: 5 - type: integer 
	Parameter P_D_WIDTH bound to: 34 - type: integer 
	Parameter P_D_DEPTH bound to: 32 - type: integer 
	Parameter P_D_AWIDTH bound to: 5 - type: integer 
INFO: [Synth 8-6157] synthesizing module 'axi_protocol_converter_v2_1_22_b2s_simple_fifo__parameterized1' [c:/Users/chris/FPGA_Projects/A-high-speed-data-acquisition-framework-main/AXI_DMA.srcs/sources_1/bd/System/ipshared/5cee/hdl/axi_protocol_converter_v2_1_vl_rfs.v:2816]
	Parameter C_WIDTH bound to: 34 - type: integer 
	Parameter C_AWIDTH bound to: 5 - type: integer 
	Parameter C_DEPTH bound to: 32 - type: integer 
	Parameter C_EMPTY bound to: 5'b11111 
	Parameter C_EMPTY_PRE bound to: 5'b00000 
	Parameter C_FULL bound to: 5'b11110 
	Parameter C_FULL_PRE bound to: 5'b11010 
INFO: [Synth 8-6155] done synthesizing module 'axi_protocol_converter_v2_1_22_b2s_simple_fifo__parameterized1' (58#1) [c:/Users/chris/FPGA_Projects/A-high-speed-data-acquisition-framework-main/AXI_DMA.srcs/sources_1/bd/System/ipshared/5cee/hdl/axi_protocol_converter_v2_1_vl_rfs.v:2816]
INFO: [Synth 8-6157] synthesizing module 'axi_protocol_converter_v2_1_22_b2s_simple_fifo__parameterized2' [c:/Users/chris/FPGA_Projects/A-high-speed-data-acquisition-framework-main/AXI_DMA.srcs/sources_1/bd/System/ipshared/5cee/hdl/axi_protocol_converter_v2_1_vl_rfs.v:2816]
	Parameter C_WIDTH bound to: 13 - type: integer 
	Parameter C_AWIDTH bound to: 5 - type: integer 
	Parameter C_DEPTH bound to: 32 - type: integer 
	Parameter C_EMPTY bound to: 5'b11111 
	Parameter C_EMPTY_PRE bound to: 5'b00000 
	Parameter C_FULL bound to: 5'b11110 
	Parameter C_FULL_PRE bound to: 5'b11010 
INFO: [Synth 8-6155] done synthesizing module 'axi_protocol_converter_v2_1_22_b2s_simple_fifo__parameterized2' (58#1) [c:/Users/chris/FPGA_Projects/A-high-speed-data-acquisition-framework-main/AXI_DMA.srcs/sources_1/bd/System/ipshared/5cee/hdl/axi_protocol_converter_v2_1_vl_rfs.v:2816]
INFO: [Synth 8-6155] done synthesizing module 'axi_protocol_converter_v2_1_22_b2s_r_channel' (59#1) [c:/Users/chris/FPGA_Projects/A-high-speed-data-acquisition-framework-main/AXI_DMA.srcs/sources_1/bd/System/ipshared/5cee/hdl/axi_protocol_converter_v2_1_vl_rfs.v:3811]
INFO: [Synth 8-6157] synthesizing module 'axi_register_slice_v2_1_22_axi_register_slice' [c:/Users/chris/FPGA_Projects/A-high-speed-data-acquisition-framework-main/AXI_DMA.srcs/sources_1/bd/System/ipshared/af2c/hdl/axi_register_slice_v2_1_vl_rfs.v:3726]
	Parameter C_FAMILY bound to: virtex6 - type: string 
	Parameter C_AXI_PROTOCOL bound to: 1 - type: integer 
	Parameter C_AXI_ID_WIDTH bound to: 12 - type: integer 
	Parameter C_AXI_ADDR_WIDTH bound to: 32 - type: integer 
	Parameter C_AXI_DATA_WIDTH bound to: 32 - type: integer 
	Parameter C_AXI_SUPPORTS_USER_SIGNALS bound to: 0 - type: integer 
	Parameter C_AXI_AWUSER_WIDTH bound to: 1 - type: integer 
	Parameter C_AXI_ARUSER_WIDTH bound to: 1 - type: integer 
	Parameter C_AXI_WUSER_WIDTH bound to: 1 - type: integer 
	Parameter C_AXI_RUSER_WIDTH bound to: 1 - type: integer 
	Parameter C_AXI_BUSER_WIDTH bound to: 1 - type: integer 
	Parameter C_REG_CONFIG_AW bound to: 1 - type: integer 
	Parameter C_REG_CONFIG_W bound to: 0 - type: integer 
	Parameter C_REG_CONFIG_B bound to: 1 - type: integer 
	Parameter C_REG_CONFIG_AR bound to: 1 - type: integer 
	Parameter C_REG_CONFIG_R bound to: 1 - type: integer 
	Parameter C_RESERVE_MODE bound to: 0 - type: integer 
	Parameter C_NUM_SLR_CROSSINGS bound to: 0 - type: integer 
	Parameter C_PIPELINES_MASTER_AW bound to: 0 - type: integer 
	Parameter C_PIPELINES_MASTER_W bound to: 0 - type: integer 
	Parameter C_PIPELINES_MASTER_B bound to: 0 - type: integer 
	Parameter C_PIPELINES_MASTER_AR bound to: 0 - type: integer 
	Parameter C_PIPELINES_MASTER_R bound to: 0 - type: integer 
	Parameter C_PIPELINES_SLAVE_AW bound to: 0 - type: integer 
	Parameter C_PIPELINES_SLAVE_W bound to: 0 - type: integer 
	Parameter C_PIPELINES_SLAVE_B bound to: 0 - type: integer 
	Parameter C_PIPELINES_SLAVE_AR bound to: 0 - type: integer 
	Parameter C_PIPELINES_SLAVE_R bound to: 0 - type: integer 
	Parameter C_PIPELINES_MIDDLE_AW bound to: 0 - type: integer 
	Parameter C_PIPELINES_MIDDLE_W bound to: 0 - type: integer 
	Parameter C_PIPELINES_MIDDLE_B bound to: 0 - type: integer 
	Parameter C_PIPELINES_MIDDLE_AR bound to: 0 - type: integer 
	Parameter C_PIPELINES_MIDDLE_R bound to: 0 - type: integer 
	Parameter C_AXI_SUPPORTS_REGION_SIGNALS bound to: 0 - type: integer 
	Parameter P_FORWARD bound to: 0 - type: integer 
	Parameter P_RESPONSE bound to: 1 - type: integer 
	Parameter G_AXI_AWADDR_INDEX bound to: 0 - type: integer 
	Parameter G_AXI_AWADDR_WIDTH bound to: 32 - type: integer 
	Parameter G_AXI_AWPROT_INDEX bound to: 32 - type: integer 
	Parameter G_AXI_AWPROT_WIDTH bound to: 3 - type: integer 
	Parameter G_AXI_AWSIZE_INDEX bound to: 35 - type: integer 
	Parameter G_AXI_AWSIZE_WIDTH bound to: 3 - type: integer 
	Parameter G_AXI_AWBURST_INDEX bound to: 38 - type: integer 
	Parameter G_AXI_AWBURST_WIDTH bound to: 2 - type: integer 
	Parameter G_AXI_AWCACHE_INDEX bound to: 40 - type: integer 
	Parameter G_AXI_AWCACHE_WIDTH bound to: 4 - type: integer 
	Parameter G_AXI_AWLEN_INDEX bound to: 44 - type: integer 
	Parameter G_AXI_AWLEN_WIDTH bound to: 4 - type: integer 
	Parameter G_AXI_AWLOCK_INDEX bound to: 48 - type: integer 
	Parameter G_AXI_AWLOCK_WIDTH bound to: 2 - type: integer 
	Parameter G_AXI_AWID_INDEX bound to: 50 - type: integer 
	Parameter G_AXI_AWID_WIDTH bound to: 12 - type: integer 
	Parameter G_AXI_AWQOS_INDEX bound to: 62 - type: integer 
	Parameter G_AXI_AWQOS_WIDTH bound to: 4 - type: integer 
	Parameter G_AXI_AWREGION_INDEX bound to: 66 - type: integer 
	Parameter G_AXI_AWREGION_WIDTH bound to: 0 - type: integer 
	Parameter G_AXI_AWUSER_INDEX bound to: 66 - type: integer 
	Parameter G_AXI_AWUSER_WIDTH bound to: 0 - type: integer 
	Parameter G_AXI_AWPAYLOAD_WIDTH bound to: 66 - type: integer 
	Parameter G_AXI_ARADDR_INDEX bound to: 0 - type: integer 
	Parameter G_AXI_ARADDR_WIDTH bound to: 32 - type: integer 
	Parameter G_AXI_ARPROT_INDEX bound to: 32 - type: integer 
	Parameter G_AXI_ARPROT_WIDTH bound to: 3 - type: integer 
	Parameter G_AXI_ARSIZE_INDEX bound to: 35 - type: integer 
	Parameter G_AXI_ARSIZE_WIDTH bound to: 3 - type: integer 
	Parameter G_AXI_ARBURST_INDEX bound to: 38 - type: integer 
	Parameter G_AXI_ARBURST_WIDTH bound to: 2 - type: integer 
	Parameter G_AXI_ARCACHE_INDEX bound to: 40 - type: integer 
	Parameter G_AXI_ARCACHE_WIDTH bound to: 4 - type: integer 
	Parameter G_AXI_ARLEN_INDEX bound to: 44 - type: integer 
	Parameter G_AXI_ARLEN_WIDTH bound to: 4 - type: integer 
	Parameter G_AXI_ARLOCK_INDEX bound to: 48 - type: integer 
	Parameter G_AXI_ARLOCK_WIDTH bound to: 2 - type: integer 
	Parameter G_AXI_ARID_INDEX bound to: 50 - type: integer 
	Parameter G_AXI_ARID_WIDTH bound to: 12 - type: integer 
	Parameter G_AXI_ARQOS_INDEX bound to: 62 - type: integer 
	Parameter G_AXI_ARQOS_WIDTH bound to: 4 - type: integer 
	Parameter G_AXI_ARREGION_INDEX bound to: 66 - type: integer 
	Parameter G_AXI_ARREGION_WIDTH bound to: 0 - type: integer 
	Parameter G_AXI_ARUSER_INDEX bound to: 66 - type: integer 
	Parameter G_AXI_ARUSER_WIDTH bound to: 0 - type: integer 
	Parameter G_AXI_ARPAYLOAD_WIDTH bound to: 66 - type: integer 
	Parameter G_AXI_WDATA_INDEX bound to: 0 - type: integer 
	Parameter G_AXI_WDATA_WIDTH bound to: 32 - type: integer 
	Parameter G_AXI_WSTRB_INDEX bound to: 32 - type: integer 
	Parameter G_AXI_WSTRB_WIDTH bound to: 4 - type: integer 
	Parameter G_AXI_WLAST_INDEX bound to: 36 - type: integer 
	Parameter G_AXI_WLAST_WIDTH bound to: 1 - type: integer 
	Parameter G_AXI_WID_INDEX bound to: 37 - type: integer 
	Parameter G_AXI_WID_WIDTH bound to: 12 - type: integer 
	Parameter G_AXI_WUSER_INDEX bound to: 49 - type: integer 
	Parameter G_AXI_WUSER_WIDTH bound to: 0 - type: integer 
	Parameter G_AXI_WPAYLOAD_WIDTH bound to: 49 - type: integer 
	Parameter G_AXI_BRESP_INDEX bound to: 0 - type: integer 
	Parameter G_AXI_BRESP_WIDTH bound to: 2 - type: integer 
	Parameter G_AXI_BID_INDEX bound to: 2 - type: integer 
	Parameter G_AXI_BID_WIDTH bound to: 12 - type: integer 
	Parameter G_AXI_BUSER_INDEX bound to: 14 - type: integer 
	Parameter G_AXI_BUSER_WIDTH bound to: 0 - type: integer 
	Parameter G_AXI_BPAYLOAD_WIDTH bound to: 14 - type: integer 
	Parameter G_AXI_RDATA_INDEX bound to: 0 - type: integer 
	Parameter G_AXI_RDATA_WIDTH bound to: 32 - type: integer 
	Parameter G_AXI_RRESP_INDEX bound to: 32 - type: integer 
	Parameter G_AXI_RRESP_WIDTH bound to: 2 - type: integer 
	Parameter G_AXI_RLAST_INDEX bound to: 34 - type: integer 
	Parameter G_AXI_RLAST_WIDTH bound to: 1 - type: integer 
	Parameter G_AXI_RID_INDEX bound to: 35 - type: integer 
	Parameter G_AXI_RID_WIDTH bound to: 12 - type: integer 
	Parameter G_AXI_RUSER_INDEX bound to: 47 - type: integer 
	Parameter G_AXI_RUSER_WIDTH bound to: 0 - type: integer 
	Parameter G_AXI_RPAYLOAD_WIDTH bound to: 47 - type: integer 
INFO: [Synth 8-6157] synthesizing module 'axi_infrastructure_v1_1_0_axi2vector' [c:/Users/chris/FPGA_Projects/A-high-speed-data-acquisition-framework-main/AXI_DMA.srcs/sources_1/bd/System/ipshared/ec67/hdl/axi_infrastructure_v1_1_vl_rfs.v:60]
	Parameter C_AXI_PROTOCOL bound to: 1 - type: integer 
	Parameter C_AXI_ID_WIDTH bound to: 12 - type: integer 
	Parameter C_AXI_ADDR_WIDTH bound to: 32 - type: integer 
	Parameter C_AXI_DATA_WIDTH bound to: 32 - type: integer 
	Parameter C_AXI_SUPPORTS_USER_SIGNALS bound to: 0 - type: integer 
	Parameter C_AXI_SUPPORTS_REGION_SIGNALS bound to: 0 - type: integer 
	Parameter C_AXI_AWUSER_WIDTH bound to: 1 - type: integer 
	Parameter C_AXI_WUSER_WIDTH bound to: 1 - type: integer 
	Parameter C_AXI_BUSER_WIDTH bound to: 1 - type: integer 
	Parameter C_AXI_ARUSER_WIDTH bound to: 1 - type: integer 
	Parameter C_AXI_RUSER_WIDTH bound to: 1 - type: integer 
	Parameter C_AWPAYLOAD_WIDTH bound to: 66 - type: integer 
	Parameter C_WPAYLOAD_WIDTH bound to: 49 - type: integer 
	Parameter C_BPAYLOAD_WIDTH bound to: 14 - type: integer 
	Parameter C_ARPAYLOAD_WIDTH bound to: 66 - type: integer 
	Parameter C_RPAYLOAD_WIDTH bound to: 47 - type: integer 
	Parameter G_AXI_AWADDR_INDEX bound to: 0 - type: integer 
	Parameter G_AXI_AWADDR_WIDTH bound to: 32 - type: integer 
	Parameter G_AXI_AWPROT_INDEX bound to: 32 - type: integer 
	Parameter G_AXI_AWPROT_WIDTH bound to: 3 - type: integer 
	Parameter G_AXI_AWSIZE_INDEX bound to: 35 - type: integer 
	Parameter G_AXI_AWSIZE_WIDTH bound to: 3 - type: integer 
	Parameter G_AXI_AWBURST_INDEX bound to: 38 - type: integer 
	Parameter G_AXI_AWBURST_WIDTH bound to: 2 - type: integer 
	Parameter G_AXI_AWCACHE_INDEX bound to: 40 - type: integer 
	Parameter G_AXI_AWCACHE_WIDTH bound to: 4 - type: integer 
	Parameter G_AXI_AWLEN_INDEX bound to: 44 - type: integer 
	Parameter G_AXI_AWLEN_WIDTH bound to: 4 - type: integer 
	Parameter G_AXI_AWLOCK_INDEX bound to: 48 - type: integer 
	Parameter G_AXI_AWLOCK_WIDTH bound to: 2 - type: integer 
	Parameter G_AXI_AWID_INDEX bound to: 50 - type: integer 
	Parameter G_AXI_AWID_WIDTH bound to: 12 - type: integer 
	Parameter G_AXI_AWQOS_INDEX bound to: 62 - type: integer 
	Parameter G_AXI_AWQOS_WIDTH bound to: 4 - type: integer 
	Parameter G_AXI_AWREGION_INDEX bound to: 66 - type: integer 
	Parameter G_AXI_AWREGION_WIDTH bound to: 0 - type: integer 
	Parameter G_AXI_AWUSER_INDEX bound to: 66 - type: integer 
	Parameter G_AXI_AWUSER_WIDTH bound to: 0 - type: integer 
	Parameter G_AXI_AWPAYLOAD_WIDTH bound to: 66 - type: integer 
	Parameter G_AXI_ARADDR_INDEX bound to: 0 - type: integer 
	Parameter G_AXI_ARADDR_WIDTH bound to: 32 - type: integer 
	Parameter G_AXI_ARPROT_INDEX bound to: 32 - type: integer 
	Parameter G_AXI_ARPROT_WIDTH bound to: 3 - type: integer 
	Parameter G_AXI_ARSIZE_INDEX bound to: 35 - type: integer 
	Parameter G_AXI_ARSIZE_WIDTH bound to: 3 - type: integer 
	Parameter G_AXI_ARBURST_INDEX bound to: 38 - type: integer 
	Parameter G_AXI_ARBURST_WIDTH bound to: 2 - type: integer 
	Parameter G_AXI_ARCACHE_INDEX bound to: 40 - type: integer 
	Parameter G_AXI_ARCACHE_WIDTH bound to: 4 - type: integer 
	Parameter G_AXI_ARLEN_INDEX bound to: 44 - type: integer 
	Parameter G_AXI_ARLEN_WIDTH bound to: 4 - type: integer 
	Parameter G_AXI_ARLOCK_INDEX bound to: 48 - type: integer 
	Parameter G_AXI_ARLOCK_WIDTH bound to: 2 - type: integer 
	Parameter G_AXI_ARID_INDEX bound to: 50 - type: integer 
	Parameter G_AXI_ARID_WIDTH bound to: 12 - type: integer 
	Parameter G_AXI_ARQOS_INDEX bound to: 62 - type: integer 
	Parameter G_AXI_ARQOS_WIDTH bound to: 4 - type: integer 
	Parameter G_AXI_ARREGION_INDEX bound to: 66 - type: integer 
	Parameter G_AXI_ARREGION_WIDTH bound to: 0 - type: integer 
	Parameter G_AXI_ARUSER_INDEX bound to: 66 - type: integer 
	Parameter G_AXI_ARUSER_WIDTH bound to: 0 - type: integer 
	Parameter G_AXI_ARPAYLOAD_WIDTH bound to: 66 - type: integer 
	Parameter G_AXI_WDATA_INDEX bound to: 0 - type: integer 
	Parameter G_AXI_WDATA_WIDTH bound to: 32 - type: integer 
	Parameter G_AXI_WSTRB_INDEX bound to: 32 - type: integer 
	Parameter G_AXI_WSTRB_WIDTH bound to: 4 - type: integer 
	Parameter G_AXI_WLAST_INDEX bound to: 36 - type: integer 
	Parameter G_AXI_WLAST_WIDTH bound to: 1 - type: integer 
	Parameter G_AXI_WID_INDEX bound to: 37 - type: integer 
	Parameter G_AXI_WID_WIDTH bound to: 12 - type: integer 
	Parameter G_AXI_WUSER_INDEX bound to: 49 - type: integer 
	Parameter G_AXI_WUSER_WIDTH bound to: 0 - type: integer 
	Parameter G_AXI_WPAYLOAD_WIDTH bound to: 49 - type: integer 
	Parameter G_AXI_BRESP_INDEX bound to: 0 - type: integer 
	Parameter G_AXI_BRESP_WIDTH bound to: 2 - type: integer 
	Parameter G_AXI_BID_INDEX bound to: 2 - type: integer 
	Parameter G_AXI_BID_WIDTH bound to: 12 - type: integer 
	Parameter G_AXI_BUSER_INDEX bound to: 14 - type: integer 
	Parameter G_AXI_BUSER_WIDTH bound to: 0 - type: integer 
	Parameter G_AXI_BPAYLOAD_WIDTH bound to: 14 - type: integer 
	Parameter G_AXI_RDATA_INDEX bound to: 0 - type: integer 
	Parameter G_AXI_RDATA_WIDTH bound to: 32 - type: integer 
	Parameter G_AXI_RRESP_INDEX bound to: 32 - type: integer 
	Parameter G_AXI_RRESP_WIDTH bound to: 2 - type: integer 
	Parameter G_AXI_RLAST_INDEX bound to: 34 - type: integer 
	Parameter G_AXI_RLAST_WIDTH bound to: 1 - type: integer 
	Parameter G_AXI_RID_INDEX bound to: 35 - type: integer 
	Parameter G_AXI_RID_WIDTH bound to: 12 - type: integer 
	Parameter G_AXI_RUSER_INDEX bound to: 47 - type: integer 
	Parameter G_AXI_RUSER_WIDTH bound to: 0 - type: integer 
	Parameter G_AXI_RPAYLOAD_WIDTH bound to: 47 - type: integer 
INFO: [Synth 8-6155] done synthesizing module 'axi_infrastructure_v1_1_0_axi2vector' (60#1) [c:/Users/chris/FPGA_Projects/A-high-speed-data-acquisition-framework-main/AXI_DMA.srcs/sources_1/bd/System/ipshared/ec67/hdl/axi_infrastructure_v1_1_vl_rfs.v:60]
INFO: [Synth 8-6157] synthesizing module 'axi_infrastructure_v1_1_0_vector2axi' [c:/Users/chris/FPGA_Projects/A-high-speed-data-acquisition-framework-main/AXI_DMA.srcs/sources_1/bd/System/ipshared/ec67/hdl/axi_infrastructure_v1_1_vl_rfs.v:474]
	Parameter C_AXI_PROTOCOL bound to: 1 - type: integer 
	Parameter C_AXI_ID_WIDTH bound to: 12 - type: integer 
	Parameter C_AXI_ADDR_WIDTH bound to: 32 - type: integer 
	Parameter C_AXI_DATA_WIDTH bound to: 32 - type: integer 
	Parameter C_AXI_SUPPORTS_USER_SIGNALS bound to: 0 - type: integer 
	Parameter C_AXI_SUPPORTS_REGION_SIGNALS bound to: 0 - type: integer 
	Parameter C_AXI_AWUSER_WIDTH bound to: 1 - type: integer 
	Parameter C_AXI_WUSER_WIDTH bound to: 1 - type: integer 
	Parameter C_AXI_BUSER_WIDTH bound to: 1 - type: integer 
	Parameter C_AXI_ARUSER_WIDTH bound to: 1 - type: integer 
	Parameter C_AXI_RUSER_WIDTH bound to: 1 - type: integer 
	Parameter C_AWPAYLOAD_WIDTH bound to: 66 - type: integer 
	Parameter C_WPAYLOAD_WIDTH bound to: 49 - type: integer 
	Parameter C_BPAYLOAD_WIDTH bound to: 14 - type: integer 
	Parameter C_ARPAYLOAD_WIDTH bound to: 66 - type: integer 
	Parameter C_RPAYLOAD_WIDTH bound to: 47 - type: integer 
	Parameter G_AXI_AWADDR_INDEX bound to: 0 - type: integer 
	Parameter G_AXI_AWADDR_WIDTH bound to: 32 - type: integer 
	Parameter G_AXI_AWPROT_INDEX bound to: 32 - type: integer 
	Parameter G_AXI_AWPROT_WIDTH bound to: 3 - type: integer 
	Parameter G_AXI_AWSIZE_INDEX bound to: 35 - type: integer 
	Parameter G_AXI_AWSIZE_WIDTH bound to: 3 - type: integer 
	Parameter G_AXI_AWBURST_INDEX bound to: 38 - type: integer 
	Parameter G_AXI_AWBURST_WIDTH bound to: 2 - type: integer 
	Parameter G_AXI_AWCACHE_INDEX bound to: 40 - type: integer 
	Parameter G_AXI_AWCACHE_WIDTH bound to: 4 - type: integer 
	Parameter G_AXI_AWLEN_INDEX bound to: 44 - type: integer 
	Parameter G_AXI_AWLEN_WIDTH bound to: 4 - type: integer 
	Parameter G_AXI_AWLOCK_INDEX bound to: 48 - type: integer 
	Parameter G_AXI_AWLOCK_WIDTH bound to: 2 - type: integer 
	Parameter G_AXI_AWID_INDEX bound to: 50 - type: integer 
	Parameter G_AXI_AWID_WIDTH bound to: 12 - type: integer 
	Parameter G_AXI_AWQOS_INDEX bound to: 62 - type: integer 
	Parameter G_AXI_AWQOS_WIDTH bound to: 4 - type: integer 
	Parameter G_AXI_AWREGION_INDEX bound to: 66 - type: integer 
	Parameter G_AXI_AWREGION_WIDTH bound to: 0 - type: integer 
	Parameter G_AXI_AWUSER_INDEX bound to: 66 - type: integer 
	Parameter G_AXI_AWUSER_WIDTH bound to: 0 - type: integer 
	Parameter G_AXI_AWPAYLOAD_WIDTH bound to: 66 - type: integer 
	Parameter G_AXI_ARADDR_INDEX bound to: 0 - type: integer 
	Parameter G_AXI_ARADDR_WIDTH bound to: 32 - type: integer 
	Parameter G_AXI_ARPROT_INDEX bound to: 32 - type: integer 
	Parameter G_AXI_ARPROT_WIDTH bound to: 3 - type: integer 
	Parameter G_AXI_ARSIZE_INDEX bound to: 35 - type: integer 
	Parameter G_AXI_ARSIZE_WIDTH bound to: 3 - type: integer 
	Parameter G_AXI_ARBURST_INDEX bound to: 38 - type: integer 
	Parameter G_AXI_ARBURST_WIDTH bound to: 2 - type: integer 
	Parameter G_AXI_ARCACHE_INDEX bound to: 40 - type: integer 
	Parameter G_AXI_ARCACHE_WIDTH bound to: 4 - type: integer 
	Parameter G_AXI_ARLEN_INDEX bound to: 44 - type: integer 
	Parameter G_AXI_ARLEN_WIDTH bound to: 4 - type: integer 
	Parameter G_AXI_ARLOCK_INDEX bound to: 48 - type: integer 
	Parameter G_AXI_ARLOCK_WIDTH bound to: 2 - type: integer 
	Parameter G_AXI_ARID_INDEX bound to: 50 - type: integer 
	Parameter G_AXI_ARID_WIDTH bound to: 12 - type: integer 
	Parameter G_AXI_ARQOS_INDEX bound to: 62 - type: integer 
	Parameter G_AXI_ARQOS_WIDTH bound to: 4 - type: integer 
	Parameter G_AXI_ARREGION_INDEX bound to: 66 - type: integer 
	Parameter G_AXI_ARREGION_WIDTH bound to: 0 - type: integer 
	Parameter G_AXI_ARUSER_INDEX bound to: 66 - type: integer 
	Parameter G_AXI_ARUSER_WIDTH bound to: 0 - type: integer 
	Parameter G_AXI_ARPAYLOAD_WIDTH bound to: 66 - type: integer 
	Parameter G_AXI_WDATA_INDEX bound to: 0 - type: integer 
	Parameter G_AXI_WDATA_WIDTH bound to: 32 - type: integer 
	Parameter G_AXI_WSTRB_INDEX bound to: 32 - type: integer 
	Parameter G_AXI_WSTRB_WIDTH bound to: 4 - type: integer 
	Parameter G_AXI_WLAST_INDEX bound to: 36 - type: integer 
	Parameter G_AXI_WLAST_WIDTH bound to: 1 - type: integer 
	Parameter G_AXI_WID_INDEX bound to: 37 - type: integer 
	Parameter G_AXI_WID_WIDTH bound to: 12 - type: integer 
	Parameter G_AXI_WUSER_INDEX bound to: 49 - type: integer 
	Parameter G_AXI_WUSER_WIDTH bound to: 0 - type: integer 
	Parameter G_AXI_WPAYLOAD_WIDTH bound to: 49 - type: integer 
	Parameter G_AXI_BRESP_INDEX bound to: 0 - type: integer 
	Parameter G_AXI_BRESP_WIDTH bound to: 2 - type: integer 
	Parameter G_AXI_BID_INDEX bound to: 2 - type: integer 
	Parameter G_AXI_BID_WIDTH bound to: 12 - type: integer 
	Parameter G_AXI_BUSER_INDEX bound to: 14 - type: integer 
	Parameter G_AXI_BUSER_WIDTH bound to: 0 - type: integer 
	Parameter G_AXI_BPAYLOAD_WIDTH bound to: 14 - type: integer 
	Parameter G_AXI_RDATA_INDEX bound to: 0 - type: integer 
	Parameter G_AXI_RDATA_WIDTH bound to: 32 - type: integer 
	Parameter G_AXI_RRESP_INDEX bound to: 32 - type: integer 
	Parameter G_AXI_RRESP_WIDTH bound to: 2 - type: integer 
	Parameter G_AXI_RLAST_INDEX bound to: 34 - type: integer 
	Parameter G_AXI_RLAST_WIDTH bound to: 1 - type: integer 
	Parameter G_AXI_RID_INDEX bound to: 35 - type: integer 
	Parameter G_AXI_RID_WIDTH bound to: 12 - type: integer 
	Parameter G_AXI_RUSER_INDEX bound to: 47 - type: integer 
	Parameter G_AXI_RUSER_WIDTH bound to: 0 - type: integer 
	Parameter G_AXI_RPAYLOAD_WIDTH bound to: 47 - type: integer 
INFO: [Synth 8-6155] done synthesizing module 'axi_infrastructure_v1_1_0_vector2axi' (61#1) [c:/Users/chris/FPGA_Projects/A-high-speed-data-acquisition-framework-main/AXI_DMA.srcs/sources_1/bd/System/ipshared/ec67/hdl/axi_infrastructure_v1_1_vl_rfs.v:474]
INFO: [Synth 8-6157] synthesizing module 'axi_register_slice_v2_1_22_axic_register_slice' [c:/Users/chris/FPGA_Projects/A-high-speed-data-acquisition-framework-main/AXI_DMA.srcs/sources_1/bd/System/ipshared/af2c/hdl/axi_register_slice_v2_1_vl_rfs.v:1498]
	Parameter C_FAMILY bound to: virtex6 - type: string 
	Parameter C_DATA_WIDTH bound to: 66 - type: integer 
	Parameter C_REG_CONFIG bound to: 1 - type: integer 
INFO: [Synth 8-6155] done synthesizing module 'axi_register_slice_v2_1_22_axic_register_slice' (62#1) [c:/Users/chris/FPGA_Projects/A-high-speed-data-acquisition-framework-main/AXI_DMA.srcs/sources_1/bd/System/ipshared/af2c/hdl/axi_register_slice_v2_1_vl_rfs.v:1498]
INFO: [Synth 8-6157] synthesizing module 'axi_register_slice_v2_1_22_axic_register_slice__parameterized0' [c:/Users/chris/FPGA_Projects/A-high-speed-data-acquisition-framework-main/AXI_DMA.srcs/sources_1/bd/System/ipshared/af2c/hdl/axi_register_slice_v2_1_vl_rfs.v:1498]
	Parameter C_FAMILY bound to: virtex6 - type: string 
	Parameter C_DATA_WIDTH bound to: 49 - type: integer 
	Parameter C_REG_CONFIG bound to: 0 - type: integer 
INFO: [Synth 8-6155] done synthesizing module 'axi_register_slice_v2_1_22_axic_register_slice__parameterized0' (62#1) [c:/Users/chris/FPGA_Projects/A-high-speed-data-acquisition-framework-main/AXI_DMA.srcs/sources_1/bd/System/ipshared/af2c/hdl/axi_register_slice_v2_1_vl_rfs.v:1498]
INFO: [Synth 8-6157] synthesizing module 'axi_register_slice_v2_1_22_axic_register_slice__parameterized1' [c:/Users/chris/FPGA_Projects/A-high-speed-data-acquisition-framework-main/AXI_DMA.srcs/sources_1/bd/System/ipshared/af2c/hdl/axi_register_slice_v2_1_vl_rfs.v:1498]
	Parameter C_FAMILY bound to: virtex6 - type: string 
	Parameter C_DATA_WIDTH bound to: 14 - type: integer 
	Parameter C_REG_CONFIG bound to: 1 - type: integer 
INFO: [Synth 8-6155] done synthesizing module 'axi_register_slice_v2_1_22_axic_register_slice__parameterized1' (62#1) [c:/Users/chris/FPGA_Projects/A-high-speed-data-acquisition-framework-main/AXI_DMA.srcs/sources_1/bd/System/ipshared/af2c/hdl/axi_register_slice_v2_1_vl_rfs.v:1498]
INFO: [Synth 8-6157] synthesizing module 'axi_register_slice_v2_1_22_axic_register_slice__parameterized2' [c:/Users/chris/FPGA_Projects/A-high-speed-data-acquisition-framework-main/AXI_DMA.srcs/sources_1/bd/System/ipshared/af2c/hdl/axi_register_slice_v2_1_vl_rfs.v:1498]
	Parameter C_FAMILY bound to: virtex6 - type: string 
	Parameter C_DATA_WIDTH bound to: 47 - type: integer 
	Parameter C_REG_CONFIG bound to: 1 - type: integer 
INFO: [Synth 8-6155] done synthesizing module 'axi_register_slice_v2_1_22_axic_register_slice__parameterized2' (62#1) [c:/Users/chris/FPGA_Projects/A-high-speed-data-acquisition-framework-main/AXI_DMA.srcs/sources_1/bd/System/ipshared/af2c/hdl/axi_register_slice_v2_1_vl_rfs.v:1498]
INFO: [Synth 8-6155] done synthesizing module 'axi_register_slice_v2_1_22_axi_register_slice' (63#1) [c:/Users/chris/FPGA_Projects/A-high-speed-data-acquisition-framework-main/AXI_DMA.srcs/sources_1/bd/System/ipshared/af2c/hdl/axi_register_slice_v2_1_vl_rfs.v:3726]
WARNING: [Synth 8-7071] port 'aclk2x' of module 'axi_register_slice_v2_1_22_axi_register_slice' is unconnected for instance 'SI_REG' [c:/Users/chris/FPGA_Projects/A-high-speed-data-acquisition-framework-main/AXI_DMA.srcs/sources_1/bd/System/ipshared/5cee/hdl/axi_protocol_converter_v2_1_vl_rfs.v:4392]
WARNING: [Synth 8-7023] instance 'SI_REG' of module 'axi_register_slice_v2_1_22_axi_register_slice' has 93 connections declared, but only 92 given [c:/Users/chris/FPGA_Projects/A-high-speed-data-acquisition-framework-main/AXI_DMA.srcs/sources_1/bd/System/ipshared/5cee/hdl/axi_protocol_converter_v2_1_vl_rfs.v:4392]
INFO: [Synth 8-6157] synthesizing module 'axi_register_slice_v2_1_22_axi_register_slice__parameterized0' [c:/Users/chris/FPGA_Projects/A-high-speed-data-acquisition-framework-main/AXI_DMA.srcs/sources_1/bd/System/ipshared/af2c/hdl/axi_register_slice_v2_1_vl_rfs.v:3726]
	Parameter C_FAMILY bound to: virtex6 - type: string 
	Parameter C_AXI_PROTOCOL bound to: 2 - type: integer 
	Parameter C_AXI_ID_WIDTH bound to: 1 - type: integer 
	Parameter C_AXI_ADDR_WIDTH bound to: 32 - type: integer 
	Parameter C_AXI_DATA_WIDTH bound to: 32 - type: integer 
	Parameter C_AXI_SUPPORTS_USER_SIGNALS bound to: 0 - type: integer 
	Parameter C_AXI_AWUSER_WIDTH bound to: 1 - type: integer 
	Parameter C_AXI_ARUSER_WIDTH bound to: 1 - type: integer 
	Parameter C_AXI_WUSER_WIDTH bound to: 1 - type: integer 
	Parameter C_AXI_RUSER_WIDTH bound to: 1 - type: integer 
	Parameter C_AXI_BUSER_WIDTH bound to: 1 - type: integer 
	Parameter C_REG_CONFIG_AW bound to: 0 - type: integer 
	Parameter C_REG_CONFIG_W bound to: 0 - type: integer 
	Parameter C_REG_CONFIG_B bound to: 0 - type: integer 
	Parameter C_REG_CONFIG_AR bound to: 0 - type: integer 
	Parameter C_REG_CONFIG_R bound to: 0 - type: integer 
	Parameter C_RESERVE_MODE bound to: 0 - type: integer 
	Parameter C_NUM_SLR_CROSSINGS bound to: 0 - type: integer 
	Parameter C_PIPELINES_MASTER_AW bound to: 0 - type: integer 
	Parameter C_PIPELINES_MASTER_W bound to: 0 - type: integer 
	Parameter C_PIPELINES_MASTER_B bound to: 0 - type: integer 
	Parameter C_PIPELINES_MASTER_AR bound to: 0 - type: integer 
	Parameter C_PIPELINES_MASTER_R bound to: 0 - type: integer 
	Parameter C_PIPELINES_SLAVE_AW bound to: 0 - type: integer 
	Parameter C_PIPELINES_SLAVE_W bound to: 0 - type: integer 
	Parameter C_PIPELINES_SLAVE_B bound to: 0 - type: integer 
	Parameter C_PIPELINES_SLAVE_AR bound to: 0 - type: integer 
	Parameter C_PIPELINES_SLAVE_R bound to: 0 - type: integer 
	Parameter C_PIPELINES_MIDDLE_AW bound to: 0 - type: integer 
	Parameter C_PIPELINES_MIDDLE_W bound to: 0 - type: integer 
	Parameter C_PIPELINES_MIDDLE_B bound to: 0 - type: integer 
	Parameter C_PIPELINES_MIDDLE_AR bound to: 0 - type: integer 
	Parameter C_PIPELINES_MIDDLE_R bound to: 0 - type: integer 
	Parameter C_AXI_SUPPORTS_REGION_SIGNALS bound to: 0 - type: integer 
	Parameter P_FORWARD bound to: 0 - type: integer 
	Parameter P_RESPONSE bound to: 1 - type: integer 
	Parameter G_AXI_AWADDR_INDEX bound to: 0 - type: integer 
	Parameter G_AXI_AWADDR_WIDTH bound to: 32 - type: integer 
	Parameter G_AXI_AWPROT_INDEX bound to: 32 - type: integer 
	Parameter G_AXI_AWPROT_WIDTH bound to: 3 - type: integer 
	Parameter G_AXI_AWSIZE_INDEX bound to: 35 - type: integer 
	Parameter G_AXI_AWSIZE_WIDTH bound to: 0 - type: integer 
	Parameter G_AXI_AWBURST_INDEX bound to: 35 - type: integer 
	Parameter G_AXI_AWBURST_WIDTH bound to: 0 - type: integer 
	Parameter G_AXI_AWCACHE_INDEX bound to: 35 - type: integer 
	Parameter G_AXI_AWCACHE_WIDTH bound to: 0 - type: integer 
	Parameter G_AXI_AWLEN_INDEX bound to: 35 - type: integer 
	Parameter G_AXI_AWLEN_WIDTH bound to: 0 - type: integer 
	Parameter G_AXI_AWLOCK_INDEX bound to: 35 - type: integer 
	Parameter G_AXI_AWLOCK_WIDTH bound to: 0 - type: integer 
	Parameter G_AXI_AWID_INDEX bound to: 35 - type: integer 
	Parameter G_AXI_AWID_WIDTH bound to: 0 - type: integer 
	Parameter G_AXI_AWQOS_INDEX bound to: 35 - type: integer 
	Parameter G_AXI_AWQOS_WIDTH bound to: 0 - type: integer 
	Parameter G_AXI_AWREGION_INDEX bound to: 35 - type: integer 
	Parameter G_AXI_AWREGION_WIDTH bound to: 0 - type: integer 
	Parameter G_AXI_AWUSER_INDEX bound to: 35 - type: integer 
	Parameter G_AXI_AWUSER_WIDTH bound to: 0 - type: integer 
	Parameter G_AXI_AWPAYLOAD_WIDTH bound to: 35 - type: integer 
	Parameter G_AXI_ARADDR_INDEX bound to: 0 - type: integer 
	Parameter G_AXI_ARADDR_WIDTH bound to: 32 - type: integer 
	Parameter G_AXI_ARPROT_INDEX bound to: 32 - type: integer 
	Parameter G_AXI_ARPROT_WIDTH bound to: 3 - type: integer 
	Parameter G_AXI_ARSIZE_INDEX bound to: 35 - type: integer 
	Parameter G_AXI_ARSIZE_WIDTH bound to: 0 - type: integer 
	Parameter G_AXI_ARBURST_INDEX bound to: 35 - type: integer 
	Parameter G_AXI_ARBURST_WIDTH bound to: 0 - type: integer 
	Parameter G_AXI_ARCACHE_INDEX bound to: 35 - type: integer 
	Parameter G_AXI_ARCACHE_WIDTH bound to: 0 - type: integer 
	Parameter G_AXI_ARLEN_INDEX bound to: 35 - type: integer 
	Parameter G_AXI_ARLEN_WIDTH bound to: 0 - type: integer 
	Parameter G_AXI_ARLOCK_INDEX bound to: 35 - type: integer 
	Parameter G_AXI_ARLOCK_WIDTH bound to: 0 - type: integer 
	Parameter G_AXI_ARID_INDEX bound to: 35 - type: integer 
	Parameter G_AXI_ARID_WIDTH bound to: 0 - type: integer 
	Parameter G_AXI_ARQOS_INDEX bound to: 35 - type: integer 
	Parameter G_AXI_ARQOS_WIDTH bound to: 0 - type: integer 
	Parameter G_AXI_ARREGION_INDEX bound to: 35 - type: integer 
	Parameter G_AXI_ARREGION_WIDTH bound to: 0 - type: integer 
	Parameter G_AXI_ARUSER_INDEX bound to: 35 - type: integer 
	Parameter G_AXI_ARUSER_WIDTH bound to: 0 - type: integer 
	Parameter G_AXI_ARPAYLOAD_WIDTH bound to: 35 - type: integer 
	Parameter G_AXI_WDATA_INDEX bound to: 0 - type: integer 
	Parameter G_AXI_WDATA_WIDTH bound to: 32 - type: integer 
	Parameter G_AXI_WSTRB_INDEX bound to: 32 - type: integer 
	Parameter G_AXI_WSTRB_WIDTH bound to: 4 - type: integer 
	Parameter G_AXI_WLAST_INDEX bound to: 36 - type: integer 
	Parameter G_AXI_WLAST_WIDTH bound to: 0 - type: integer 
	Parameter G_AXI_WID_INDEX bound to: 36 - type: integer 
	Parameter G_AXI_WID_WIDTH bound to: 0 - type: integer 
	Parameter G_AXI_WUSER_INDEX bound to: 36 - type: integer 
	Parameter G_AXI_WUSER_WIDTH bound to: 0 - type: integer 
	Parameter G_AXI_WPAYLOAD_WIDTH bound to: 36 - type: integer 
	Parameter G_AXI_BRESP_INDEX bound to: 0 - type: integer 
	Parameter G_AXI_BRESP_WIDTH bound to: 2 - type: integer 
	Parameter G_AXI_BID_INDEX bound to: 2 - type: integer 
	Parameter G_AXI_BID_WIDTH bound to: 0 - type: integer 
	Parameter G_AXI_BUSER_INDEX bound to: 2 - type: integer 
	Parameter G_AXI_BUSER_WIDTH bound to: 0 - type: integer 
	Parameter G_AXI_BPAYLOAD_WIDTH bound to: 2 - type: integer 
	Parameter G_AXI_RDATA_INDEX bound to: 0 - type: integer 
	Parameter G_AXI_RDATA_WIDTH bound to: 32 - type: integer 
	Parameter G_AXI_RRESP_INDEX bound to: 32 - type: integer 
	Parameter G_AXI_RRESP_WIDTH bound to: 2 - type: integer 
	Parameter G_AXI_RLAST_INDEX bound to: 34 - type: integer 
	Parameter G_AXI_RLAST_WIDTH bound to: 0 - type: integer 
	Parameter G_AXI_RID_INDEX bound to: 34 - type: integer 
	Parameter G_AXI_RID_WIDTH bound to: 0 - type: integer 
	Parameter G_AXI_RUSER_INDEX bound to: 34 - type: integer 
	Parameter G_AXI_RUSER_WIDTH bound to: 0 - type: integer 
	Parameter G_AXI_RPAYLOAD_WIDTH bound to: 34 - type: integer 
INFO: [Synth 8-6157] synthesizing module 'axi_infrastructure_v1_1_0_axi2vector__parameterized0' [c:/Users/chris/FPGA_Projects/A-high-speed-data-acquisition-framework-main/AXI_DMA.srcs/sources_1/bd/System/ipshared/ec67/hdl/axi_infrastructure_v1_1_vl_rfs.v:60]
	Parameter C_AXI_PROTOCOL bound to: 2 - type: integer 
	Parameter C_AXI_ID_WIDTH bound to: 1 - type: integer 
	Parameter C_AXI_ADDR_WIDTH bound to: 32 - type: integer 
	Parameter C_AXI_DATA_WIDTH bound to: 32 - type: integer 
	Parameter C_AXI_SUPPORTS_USER_SIGNALS bound to: 0 - type: integer 
	Parameter C_AXI_SUPPORTS_REGION_SIGNALS bound to: 0 - type: integer 
	Parameter C_AXI_AWUSER_WIDTH bound to: 1 - type: integer 
	Parameter C_AXI_WUSER_WIDTH bound to: 1 - type: integer 
	Parameter C_AXI_BUSER_WIDTH bound to: 1 - type: integer 
	Parameter C_AXI_ARUSER_WIDTH bound to: 1 - type: integer 
	Parameter C_AXI_RUSER_WIDTH bound to: 1 - type: integer 
	Parameter C_AWPAYLOAD_WIDTH bound to: 35 - type: integer 
	Parameter C_WPAYLOAD_WIDTH bound to: 36 - type: integer 
	Parameter C_BPAYLOAD_WIDTH bound to: 2 - type: integer 
	Parameter C_ARPAYLOAD_WIDTH bound to: 35 - type: integer 
	Parameter C_RPAYLOAD_WIDTH bound to: 34 - type: integer 
	Parameter G_AXI_AWADDR_INDEX bound to: 0 - type: integer 
	Parameter G_AXI_AWADDR_WIDTH bound to: 32 - type: integer 
	Parameter G_AXI_AWPROT_INDEX bound to: 32 - type: integer 
	Parameter G_AXI_AWPROT_WIDTH bound to: 3 - type: integer 
	Parameter G_AXI_AWSIZE_INDEX bound to: 35 - type: integer 
	Parameter G_AXI_AWSIZE_WIDTH bound to: 0 - type: integer 
	Parameter G_AXI_AWBURST_INDEX bound to: 35 - type: integer 
	Parameter G_AXI_AWBURST_WIDTH bound to: 0 - type: integer 
	Parameter G_AXI_AWCACHE_INDEX bound to: 35 - type: integer 
	Parameter G_AXI_AWCACHE_WIDTH bound to: 0 - type: integer 
	Parameter G_AXI_AWLEN_INDEX bound to: 35 - type: integer 
	Parameter G_AXI_AWLEN_WIDTH bound to: 0 - type: integer 
	Parameter G_AXI_AWLOCK_INDEX bound to: 35 - type: integer 
	Parameter G_AXI_AWLOCK_WIDTH bound to: 0 - type: integer 
	Parameter G_AXI_AWID_INDEX bound to: 35 - type: integer 
	Parameter G_AXI_AWID_WIDTH bound to: 0 - type: integer 
	Parameter G_AXI_AWQOS_INDEX bound to: 35 - type: integer 
	Parameter G_AXI_AWQOS_WIDTH bound to: 0 - type: integer 
	Parameter G_AXI_AWREGION_INDEX bound to: 35 - type: integer 
	Parameter G_AXI_AWREGION_WIDTH bound to: 0 - type: integer 
	Parameter G_AXI_AWUSER_INDEX bound to: 35 - type: integer 
	Parameter G_AXI_AWUSER_WIDTH bound to: 0 - type: integer 
	Parameter G_AXI_AWPAYLOAD_WIDTH bound to: 35 - type: integer 
	Parameter G_AXI_ARADDR_INDEX bound to: 0 - type: integer 
	Parameter G_AXI_ARADDR_WIDTH bound to: 32 - type: integer 
	Parameter G_AXI_ARPROT_INDEX bound to: 32 - type: integer 
	Parameter G_AXI_ARPROT_WIDTH bound to: 3 - type: integer 
	Parameter G_AXI_ARSIZE_INDEX bound to: 35 - type: integer 
	Parameter G_AXI_ARSIZE_WIDTH bound to: 0 - type: integer 
	Parameter G_AXI_ARBURST_INDEX bound to: 35 - type: integer 
	Parameter G_AXI_ARBURST_WIDTH bound to: 0 - type: integer 
	Parameter G_AXI_ARCACHE_INDEX bound to: 35 - type: integer 
	Parameter G_AXI_ARCACHE_WIDTH bound to: 0 - type: integer 
	Parameter G_AXI_ARLEN_INDEX bound to: 35 - type: integer 
	Parameter G_AXI_ARLEN_WIDTH bound to: 0 - type: integer 
	Parameter G_AXI_ARLOCK_INDEX bound to: 35 - type: integer 
	Parameter G_AXI_ARLOCK_WIDTH bound to: 0 - type: integer 
	Parameter G_AXI_ARID_INDEX bound to: 35 - type: integer 
	Parameter G_AXI_ARID_WIDTH bound to: 0 - type: integer 
	Parameter G_AXI_ARQOS_INDEX bound to: 35 - type: integer 
	Parameter G_AXI_ARQOS_WIDTH bound to: 0 - type: integer 
	Parameter G_AXI_ARREGION_INDEX bound to: 35 - type: integer 
	Parameter G_AXI_ARREGION_WIDTH bound to: 0 - type: integer 
	Parameter G_AXI_ARUSER_INDEX bound to: 35 - type: integer 
	Parameter G_AXI_ARUSER_WIDTH bound to: 0 - type: integer 
	Parameter G_AXI_ARPAYLOAD_WIDTH bound to: 35 - type: integer 
	Parameter G_AXI_WDATA_INDEX bound to: 0 - type: integer 
	Parameter G_AXI_WDATA_WIDTH bound to: 32 - type: integer 
	Parameter G_AXI_WSTRB_INDEX bound to: 32 - type: integer 
	Parameter G_AXI_WSTRB_WIDTH bound to: 4 - type: integer 
	Parameter G_AXI_WLAST_INDEX bound to: 36 - type: integer 
	Parameter G_AXI_WLAST_WIDTH bound to: 0 - type: integer 
	Parameter G_AXI_WID_INDEX bound to: 36 - type: integer 
	Parameter G_AXI_WID_WIDTH bound to: 0 - type: integer 
	Parameter G_AXI_WUSER_INDEX bound to: 36 - type: integer 
	Parameter G_AXI_WUSER_WIDTH bound to: 0 - type: integer 
	Parameter G_AXI_WPAYLOAD_WIDTH bound to: 36 - type: integer 
	Parameter G_AXI_BRESP_INDEX bound to: 0 - type: integer 
	Parameter G_AXI_BRESP_WIDTH bound to: 2 - type: integer 
	Parameter G_AXI_BID_INDEX bound to: 2 - type: integer 
	Parameter G_AXI_BID_WIDTH bound to: 0 - type: integer 
	Parameter G_AXI_BUSER_INDEX bound to: 2 - type: integer 
	Parameter G_AXI_BUSER_WIDTH bound to: 0 - type: integer 
	Parameter G_AXI_BPAYLOAD_WIDTH bound to: 2 - type: integer 
	Parameter G_AXI_RDATA_INDEX bound to: 0 - type: integer 
	Parameter G_AXI_RDATA_WIDTH bound to: 32 - type: integer 
	Parameter G_AXI_RRESP_INDEX bound to: 32 - type: integer 
	Parameter G_AXI_RRESP_WIDTH bound to: 2 - type: integer 
	Parameter G_AXI_RLAST_INDEX bound to: 34 - type: integer 
	Parameter G_AXI_RLAST_WIDTH bound to: 0 - type: integer 
	Parameter G_AXI_RID_INDEX bound to: 34 - type: integer 
	Parameter G_AXI_RID_WIDTH bound to: 0 - type: integer 
	Parameter G_AXI_RUSER_INDEX bound to: 34 - type: integer 
	Parameter G_AXI_RUSER_WIDTH bound to: 0 - type: integer 
	Parameter G_AXI_RPAYLOAD_WIDTH bound to: 34 - type: integer 
INFO: [Synth 8-6155] done synthesizing module 'axi_infrastructure_v1_1_0_axi2vector__parameterized0' (63#1) [c:/Users/chris/FPGA_Projects/A-high-speed-data-acquisition-framework-main/AXI_DMA.srcs/sources_1/bd/System/ipshared/ec67/hdl/axi_infrastructure_v1_1_vl_rfs.v:60]
INFO: [Synth 8-6157] synthesizing module 'axi_infrastructure_v1_1_0_vector2axi__parameterized0' [c:/Users/chris/FPGA_Projects/A-high-speed-data-acquisition-framework-main/AXI_DMA.srcs/sources_1/bd/System/ipshared/ec67/hdl/axi_infrastructure_v1_1_vl_rfs.v:474]
	Parameter C_AXI_PROTOCOL bound to: 2 - type: integer 
	Parameter C_AXI_ID_WIDTH bound to: 1 - type: integer 
	Parameter C_AXI_ADDR_WIDTH bound to: 32 - type: integer 
	Parameter C_AXI_DATA_WIDTH bound to: 32 - type: integer 
	Parameter C_AXI_SUPPORTS_USER_SIGNALS bound to: 0 - type: integer 
	Parameter C_AXI_SUPPORTS_REGION_SIGNALS bound to: 0 - type: integer 
	Parameter C_AXI_AWUSER_WIDTH bound to: 1 - type: integer 
	Parameter C_AXI_WUSER_WIDTH bound to: 1 - type: integer 
	Parameter C_AXI_BUSER_WIDTH bound to: 1 - type: integer 
	Parameter C_AXI_ARUSER_WIDTH bound to: 1 - type: integer 
	Parameter C_AXI_RUSER_WIDTH bound to: 1 - type: integer 
	Parameter C_AWPAYLOAD_WIDTH bound to: 35 - type: integer 
	Parameter C_WPAYLOAD_WIDTH bound to: 36 - type: integer 
	Parameter C_BPAYLOAD_WIDTH bound to: 2 - type: integer 
	Parameter C_ARPAYLOAD_WIDTH bound to: 35 - type: integer 
	Parameter C_RPAYLOAD_WIDTH bound to: 34 - type: integer 
	Parameter G_AXI_AWADDR_INDEX bound to: 0 - type: integer 
	Parameter G_AXI_AWADDR_WIDTH bound to: 32 - type: integer 
	Parameter G_AXI_AWPROT_INDEX bound to: 32 - type: integer 
	Parameter G_AXI_AWPROT_WIDTH bound to: 3 - type: integer 
	Parameter G_AXI_AWSIZE_INDEX bound to: 35 - type: integer 
	Parameter G_AXI_AWSIZE_WIDTH bound to: 0 - type: integer 
	Parameter G_AXI_AWBURST_INDEX bound to: 35 - type: integer 
	Parameter G_AXI_AWBURST_WIDTH bound to: 0 - type: integer 
	Parameter G_AXI_AWCACHE_INDEX bound to: 35 - type: integer 
	Parameter G_AXI_AWCACHE_WIDTH bound to: 0 - type: integer 
	Parameter G_AXI_AWLEN_INDEX bound to: 35 - type: integer 
	Parameter G_AXI_AWLEN_WIDTH bound to: 0 - type: integer 
	Parameter G_AXI_AWLOCK_INDEX bound to: 35 - type: integer 
	Parameter G_AXI_AWLOCK_WIDTH bound to: 0 - type: integer 
	Parameter G_AXI_AWID_INDEX bound to: 35 - type: integer 
	Parameter G_AXI_AWID_WIDTH bound to: 0 - type: integer 
	Parameter G_AXI_AWQOS_INDEX bound to: 35 - type: integer 
	Parameter G_AXI_AWQOS_WIDTH bound to: 0 - type: integer 
	Parameter G_AXI_AWREGION_INDEX bound to: 35 - type: integer 
	Parameter G_AXI_AWREGION_WIDTH bound to: 0 - type: integer 
	Parameter G_AXI_AWUSER_INDEX bound to: 35 - type: integer 
	Parameter G_AXI_AWUSER_WIDTH bound to: 0 - type: integer 
	Parameter G_AXI_AWPAYLOAD_WIDTH bound to: 35 - type: integer 
	Parameter G_AXI_ARADDR_INDEX bound to: 0 - type: integer 
	Parameter G_AXI_ARADDR_WIDTH bound to: 32 - type: integer 
	Parameter G_AXI_ARPROT_INDEX bound to: 32 - type: integer 
	Parameter G_AXI_ARPROT_WIDTH bound to: 3 - type: integer 
	Parameter G_AXI_ARSIZE_INDEX bound to: 35 - type: integer 
	Parameter G_AXI_ARSIZE_WIDTH bound to: 0 - type: integer 
	Parameter G_AXI_ARBURST_INDEX bound to: 35 - type: integer 
	Parameter G_AXI_ARBURST_WIDTH bound to: 0 - type: integer 
	Parameter G_AXI_ARCACHE_INDEX bound to: 35 - type: integer 
	Parameter G_AXI_ARCACHE_WIDTH bound to: 0 - type: integer 
	Parameter G_AXI_ARLEN_INDEX bound to: 35 - type: integer 
	Parameter G_AXI_ARLEN_WIDTH bound to: 0 - type: integer 
	Parameter G_AXI_ARLOCK_INDEX bound to: 35 - type: integer 
	Parameter G_AXI_ARLOCK_WIDTH bound to: 0 - type: integer 
	Parameter G_AXI_ARID_INDEX bound to: 35 - type: integer 
	Parameter G_AXI_ARID_WIDTH bound to: 0 - type: integer 
	Parameter G_AXI_ARQOS_INDEX bound to: 35 - type: integer 
	Parameter G_AXI_ARQOS_WIDTH bound to: 0 - type: integer 
	Parameter G_AXI_ARREGION_INDEX bound to: 35 - type: integer 
	Parameter G_AXI_ARREGION_WIDTH bound to: 0 - type: integer 
	Parameter G_AXI_ARUSER_INDEX bound to: 35 - type: integer 
	Parameter G_AXI_ARUSER_WIDTH bound to: 0 - type: integer 
	Parameter G_AXI_ARPAYLOAD_WIDTH bound to: 35 - type: integer 
	Parameter G_AXI_WDATA_INDEX bound to: 0 - type: integer 
	Parameter G_AXI_WDATA_WIDTH bound to: 32 - type: integer 
	Parameter G_AXI_WSTRB_INDEX bound to: 32 - type: integer 
	Parameter G_AXI_WSTRB_WIDTH bound to: 4 - type: integer 
	Parameter G_AXI_WLAST_INDEX bound to: 36 - type: integer 
	Parameter G_AXI_WLAST_WIDTH bound to: 0 - type: integer 
	Parameter G_AXI_WID_INDEX bound to: 36 - type: integer 
	Parameter G_AXI_WID_WIDTH bound to: 0 - type: integer 
	Parameter G_AXI_WUSER_INDEX bound to: 36 - type: integer 
	Parameter G_AXI_WUSER_WIDTH bound to: 0 - type: integer 
	Parameter G_AXI_WPAYLOAD_WIDTH bound to: 36 - type: integer 
	Parameter G_AXI_BRESP_INDEX bound to: 0 - type: integer 
	Parameter G_AXI_BRESP_WIDTH bound to: 2 - type: integer 
	Parameter G_AXI_BID_INDEX bound to: 2 - type: integer 
	Parameter G_AXI_BID_WIDTH bound to: 0 - type: integer 
	Parameter G_AXI_BUSER_INDEX bound to: 2 - type: integer 
	Parameter G_AXI_BUSER_WIDTH bound to: 0 - type: integer 
	Parameter G_AXI_BPAYLOAD_WIDTH bound to: 2 - type: integer 
	Parameter G_AXI_RDATA_INDEX bound to: 0 - type: integer 
	Parameter G_AXI_RDATA_WIDTH bound to: 32 - type: integer 
	Parameter G_AXI_RRESP_INDEX bound to: 32 - type: integer 
	Parameter G_AXI_RRESP_WIDTH bound to: 2 - type: integer 
	Parameter G_AXI_RLAST_INDEX bound to: 34 - type: integer 
	Parameter G_AXI_RLAST_WIDTH bound to: 0 - type: integer 
	Parameter G_AXI_RID_INDEX bound to: 34 - type: integer 
	Parameter G_AXI_RID_WIDTH bound to: 0 - type: integer 
	Parameter G_AXI_RUSER_INDEX bound to: 34 - type: integer 
	Parameter G_AXI_RUSER_WIDTH bound to: 0 - type: integer 
	Parameter G_AXI_RPAYLOAD_WIDTH bound to: 34 - type: integer 
INFO: [Synth 8-6155] done synthesizing module 'axi_infrastructure_v1_1_0_vector2axi__parameterized0' (63#1) [c:/Users/chris/FPGA_Projects/A-high-speed-data-acquisition-framework-main/AXI_DMA.srcs/sources_1/bd/System/ipshared/ec67/hdl/axi_infrastructure_v1_1_vl_rfs.v:474]
INFO: [Synth 8-6157] synthesizing module 'axi_register_slice_v2_1_22_axic_register_slice__parameterized3' [c:/Users/chris/FPGA_Projects/A-high-speed-data-acquisition-framework-main/AXI_DMA.srcs/sources_1/bd/System/ipshared/af2c/hdl/axi_register_slice_v2_1_vl_rfs.v:1498]
	Parameter C_FAMILY bound to: virtex6 - type: string 
	Parameter C_DATA_WIDTH bound to: 35 - type: integer 
	Parameter C_REG_CONFIG bound to: 0 - type: integer 
INFO: [Synth 8-6155] done synthesizing module 'axi_register_slice_v2_1_22_axic_register_slice__parameterized3' (63#1) [c:/Users/chris/FPGA_Projects/A-high-speed-data-acquisition-framework-main/AXI_DMA.srcs/sources_1/bd/System/ipshared/af2c/hdl/axi_register_slice_v2_1_vl_rfs.v:1498]
INFO: [Synth 8-6157] synthesizing module 'axi_register_slice_v2_1_22_axic_register_slice__parameterized4' [c:/Users/chris/FPGA_Projects/A-high-speed-data-acquisition-framework-main/AXI_DMA.srcs/sources_1/bd/System/ipshared/af2c/hdl/axi_register_slice_v2_1_vl_rfs.v:1498]
	Parameter C_FAMILY bound to: virtex6 - type: string 
	Parameter C_DATA_WIDTH bound to: 36 - type: integer 
	Parameter C_REG_CONFIG bound to: 0 - type: integer 
INFO: [Synth 8-6155] done synthesizing module 'axi_register_slice_v2_1_22_axic_register_slice__parameterized4' (63#1) [c:/Users/chris/FPGA_Projects/A-high-speed-data-acquisition-framework-main/AXI_DMA.srcs/sources_1/bd/System/ipshared/af2c/hdl/axi_register_slice_v2_1_vl_rfs.v:1498]
INFO: [Synth 8-6157] synthesizing module 'axi_register_slice_v2_1_22_axic_register_slice__parameterized5' [c:/Users/chris/FPGA_Projects/A-high-speed-data-acquisition-framework-main/AXI_DMA.srcs/sources_1/bd/System/ipshared/af2c/hdl/axi_register_slice_v2_1_vl_rfs.v:1498]
	Parameter C_FAMILY bound to: virtex6 - type: string 
	Parameter C_DATA_WIDTH bound to: 2 - type: integer 
	Parameter C_REG_CONFIG bound to: 0 - type: integer 
INFO: [Synth 8-6155] done synthesizing module 'axi_register_slice_v2_1_22_axic_register_slice__parameterized5' (63#1) [c:/Users/chris/FPGA_Projects/A-high-speed-data-acquisition-framework-main/AXI_DMA.srcs/sources_1/bd/System/ipshared/af2c/hdl/axi_register_slice_v2_1_vl_rfs.v:1498]
INFO: [Synth 8-6157] synthesizing module 'axi_register_slice_v2_1_22_axic_register_slice__parameterized6' [c:/Users/chris/FPGA_Projects/A-high-speed-data-acquisition-framework-main/AXI_DMA.srcs/sources_1/bd/System/ipshared/af2c/hdl/axi_register_slice_v2_1_vl_rfs.v:1498]
	Parameter C_FAMILY bound to: virtex6 - type: string 
	Parameter C_DATA_WIDTH bound to: 34 - type: integer 
	Parameter C_REG_CONFIG bound to: 0 - type: integer 
INFO: [Synth 8-6155] done synthesizing module 'axi_register_slice_v2_1_22_axic_register_slice__parameterized6' (63#1) [c:/Users/chris/FPGA_Projects/A-high-speed-data-acquisition-framework-main/AXI_DMA.srcs/sources_1/bd/System/ipshared/af2c/hdl/axi_register_slice_v2_1_vl_rfs.v:1498]
INFO: [Synth 8-6155] done synthesizing module 'axi_register_slice_v2_1_22_axi_register_slice__parameterized0' (63#1) [c:/Users/chris/FPGA_Projects/A-high-speed-data-acquisition-framework-main/AXI_DMA.srcs/sources_1/bd/System/ipshared/af2c/hdl/axi_register_slice_v2_1_vl_rfs.v:3726]
WARNING: [Synth 8-7071] port 'aclk2x' of module 'axi_register_slice_v2_1_22_axi_register_slice' is unconnected for instance 'MI_REG' [c:/Users/chris/FPGA_Projects/A-high-speed-data-acquisition-framework-main/AXI_DMA.srcs/sources_1/bd/System/ipshared/5cee/hdl/axi_protocol_converter_v2_1_vl_rfs.v:4647]
WARNING: [Synth 8-7023] instance 'MI_REG' of module 'axi_register_slice_v2_1_22_axi_register_slice' has 93 connections declared, but only 92 given [c:/Users/chris/FPGA_Projects/A-high-speed-data-acquisition-framework-main/AXI_DMA.srcs/sources_1/bd/System/ipshared/5cee/hdl/axi_protocol_converter_v2_1_vl_rfs.v:4647]
INFO: [Synth 8-6155] done synthesizing module 'axi_protocol_converter_v2_1_22_b2s' (64#1) [c:/Users/chris/FPGA_Projects/A-high-speed-data-acquisition-framework-main/AXI_DMA.srcs/sources_1/bd/System/ipshared/5cee/hdl/axi_protocol_converter_v2_1_vl_rfs.v:4226]
INFO: [Synth 8-6155] done synthesizing module 'axi_protocol_converter_v2_1_22_axi_protocol_converter' (65#1) [c:/Users/chris/FPGA_Projects/A-high-speed-data-acquisition-framework-main/AXI_DMA.srcs/sources_1/bd/System/ipshared/5cee/hdl/axi_protocol_converter_v2_1_vl_rfs.v:4808]
INFO: [Synth 8-6155] done synthesizing module 'System_auto_pc_0' (66#1) [c:/Users/chris/FPGA_Projects/A-high-speed-data-acquisition-framework-main/AXI_DMA.srcs/sources_1/bd/System/ip/System_auto_pc_0/synth/System_auto_pc_0.v:58]
INFO: [Synth 8-6155] done synthesizing module 's00_couplers_imp_YBEGL9' (67#1) [C:/Users/chris/FPGA_Projects/A-high-speed-data-acquisition-framework-main/AXI_DMA.srcs/sources_1/bd/System/synth/System.v:3401]
INFO: [Synth 8-6157] synthesizing module 'System_xbar_0' [c:/Users/chris/FPGA_Projects/A-high-speed-data-acquisition-framework-main/AXI_DMA.srcs/sources_1/bd/System/ip/System_xbar_0/synth/System_xbar_0.v:59]
INFO: [Synth 8-6157] synthesizing module 'axi_crossbar_v2_1_23_axi_crossbar' [c:/Users/chris/FPGA_Projects/A-high-speed-data-acquisition-framework-main/AXI_DMA.srcs/sources_1/bd/System/ipshared/bc0a/hdl/axi_crossbar_v2_1_vl_rfs.v:4884]
	Parameter C_FAMILY bound to: zynq - type: string 
	Parameter C_NUM_SLAVE_SLOTS bound to: 1 - type: integer 
	Parameter C_NUM_MASTER_SLOTS bound to: 3 - type: integer 
	Parameter C_AXI_ID_WIDTH bound to: 1 - type: integer 
	Parameter C_AXI_ADDR_WIDTH bound to: 32 - type: integer 
	Parameter C_AXI_DATA_WIDTH bound to: 32 - type: integer 
	Parameter C_AXI_PROTOCOL bound to: 2 - type: integer 
	Parameter C_NUM_ADDR_RANGES bound to: 1 - type: integer 
	Parameter C_M_AXI_BASE_ADDR bound to: 192'b000000000000000000000000000000000100001111000001000000000000000000000000000000000000000000000000010000000100000100000000000000000000000000000000000000000000000001000000010000000000000000000000 
	Parameter C_M_AXI_ADDR_WIDTH bound to: 96'b000000000000000000000000000100000000000000000000000000000001000000000000000000000000000000010000 
	Parameter C_S_AXI_BASE_ID bound to: 0 - type: integer 
	Parameter C_S_AXI_THREAD_ID_WIDTH bound to: 0 - type: integer 
	Parameter C_AXI_SUPPORTS_USER_SIGNALS bound to: 0 - type: integer 
	Parameter C_AXI_AWUSER_WIDTH bound to: 1 - type: integer 
	Parameter C_AXI_ARUSER_WIDTH bound to: 1 - type: integer 
	Parameter C_AXI_WUSER_WIDTH bound to: 1 - type: integer 
	Parameter C_AXI_RUSER_WIDTH bound to: 1 - type: integer 
	Parameter C_AXI_BUSER_WIDTH bound to: 1 - type: integer 
	Parameter C_M_AXI_WRITE_CONNECTIVITY bound to: 96'b000000000000000000000000000000010000000000000000000000000000000100000000000000000000000000000001 
	Parameter C_M_AXI_READ_CONNECTIVITY bound to: 96'b000000000000000000000000000000010000000000000000000000000000000100000000000000000000000000000001 
	Parameter C_R_REGISTER bound to: 1 - type: integer 
	Parameter C_S_AXI_SINGLE_THREAD bound to: 1 - type: integer 
	Parameter C_S_AXI_WRITE_ACCEPTANCE bound to: 1 - type: integer 
	Parameter C_S_AXI_READ_ACCEPTANCE bound to: 1 - type: integer 
	Parameter C_M_AXI_WRITE_ISSUING bound to: 96'b000000000000000000000000000000010000000000000000000000000000000100000000000000000000000000000001 
	Parameter C_M_AXI_READ_ISSUING bound to: 96'b000000000000000000000000000000010000000000000000000000000000000100000000000000000000000000000001 
	Parameter C_S_AXI_ARB_PRIORITY bound to: 0 - type: integer 
	Parameter C_M_AXI_SECURE bound to: 96'b000000000000000000000000000000000000000000000000000000000000000000000000000000000000000000000000 
	Parameter C_CONNECTIVITY_MODE bound to: 0 - type: integer 
	Parameter P_ONES bound to: 65'b11111111111111111111111111111111111111111111111111111111111111111 
	Parameter P_S_AXI_BASE_ID bound to: 64'b0000000000000000000000000000000000000000000000000000000000000000 
	Parameter P_S_AXI_HIGH_ID bound to: 64'b0000000000000000000000000000000000000000000000000000000000000000 
	Parameter P_AXI4 bound to: 0 - type: integer 
	Parameter P_AXI3 bound to: 1 - type: integer 
	Parameter P_AXILITE bound to: 2 - type: integer 
	Parameter P_AXILITE_SIZE bound to: 3'b010 
	Parameter P_INCR bound to: 2'b01 
	Parameter P_M_AXI_SUPPORTS_WRITE bound to: 3'b111 
	Parameter P_M_AXI_SUPPORTS_READ bound to: 3'b111 
	Parameter P_S_AXI_SUPPORTS_WRITE bound to: 1'b1 
	Parameter P_S_AXI_SUPPORTS_READ bound to: 1'b1 
	Parameter C_DEBUG bound to: 1 - type: integer 
	Parameter P_RANGE_CHECK bound to: 1 - type: integer 
	Parameter P_ADDR_DECODE bound to: 1 - type: integer 
	Parameter P_M_AXI_ERR_MODE bound to: 96'b000000000000000000000000000000000000000000000000000000000000000000000000000000000000000000000000 
	Parameter P_LEN bound to: 8 - type: integer 
	Parameter P_LOCK bound to: 1 - type: integer 
	Parameter P_FAMILY bound to: zynq - type: string 
INFO: [Synth 8-6157] synthesizing module 'axi_crossbar_v2_1_23_crossbar_sasd' [c:/Users/chris/FPGA_Projects/A-high-speed-data-acquisition-framework-main/AXI_DMA.srcs/sources_1/bd/System/ipshared/bc0a/hdl/axi_crossbar_v2_1_vl_rfs.v:1240]
	Parameter C_FAMILY bound to: zynq - type: string 
	Parameter C_NUM_SLAVE_SLOTS bound to: 1 - type: integer 
	Parameter C_NUM_MASTER_SLOTS bound to: 3 - type: integer 
	Parameter C_NUM_ADDR_RANGES bound to: 1 - type: integer 
	Parameter C_AXI_ID_WIDTH bound to: 1 - type: integer 
	Parameter C_AXI_ADDR_WIDTH bound to: 32 - type: integer 
	Parameter C_AXI_DATA_WIDTH bound to: 32 - type: integer 
	Parameter C_AXI_PROTOCOL bound to: 2 - type: integer 
	Parameter C_M_AXI_BASE_ADDR bound to: 192'b000000000000000000000000000000000100001111000001000000000000000000000000000000000000000000000000010000000100000100000000000000000000000000000000000000000000000001000000010000000000000000000000 
	Parameter C_M_AXI_HIGH_ADDR bound to: 192'b000000000000000000000000000000000100001111000001111111111111111100000000000000000000000000000000010000000100000111111111111111110000000000000000000000000000000001000000010000001111111111111111 
	Parameter C_S_AXI_BASE_ID bound to: 64'b0000000000000000000000000000000000000000000000000000000000000000 
	Parameter C_S_AXI_HIGH_ID bound to: 64'b0000000000000000000000000000000000000000000000000000000000000000 
	Parameter C_AXI_SUPPORTS_USER_SIGNALS bound to: 0 - type: integer 
	Parameter C_AXI_AWUSER_WIDTH bound to: 1 - type: integer 
	Parameter C_AXI_ARUSER_WIDTH bound to: 1 - type: integer 
	Parameter C_AXI_WUSER_WIDTH bound to: 1 - type: integer 
	Parameter C_AXI_RUSER_WIDTH bound to: 1 - type: integer 
	Parameter C_AXI_BUSER_WIDTH bound to: 1 - type: integer 
	Parameter C_S_AXI_SUPPORTS_WRITE bound to: 1'b1 
	Parameter C_S_AXI_SUPPORTS_READ bound to: 1'b1 
	Parameter C_M_AXI_SUPPORTS_WRITE bound to: 3'b111 
	Parameter C_M_AXI_SUPPORTS_READ bound to: 3'b111 
	Parameter C_S_AXI_ARB_PRIORITY bound to: 0 - type: integer 
	Parameter C_M_AXI_SECURE bound to: 96'b000000000000000000000000000000000000000000000000000000000000000000000000000000000000000000000000 
	Parameter C_M_AXI_ERR_MODE bound to: 96'b000000000000000000000000000000000000000000000000000000000000000000000000000000000000000000000000 
	Parameter C_R_REGISTER bound to: 1 - type: integer 
	Parameter C_RANGE_CHECK bound to: 1 - type: integer 
	Parameter C_ADDR_DECODE bound to: 1 - type: integer 
	Parameter C_DEBUG bound to: 1 - type: integer 
	Parameter P_AXI4 bound to: 0 - type: integer 
	Parameter P_AXI3 bound to: 1 - type: integer 
	Parameter P_AXILITE bound to: 2 - type: integer 
	Parameter P_NUM_MASTER_SLOTS_DE bound to: 4 - type: integer 
	Parameter P_NUM_MASTER_SLOTS_LOG bound to: 2 - type: integer 
	Parameter P_NUM_MASTER_SLOTS_DE_LOG bound to: 2 - type: integer 
	Parameter P_NUM_SLAVE_SLOTS_LOG bound to: 1 - type: integer 
	Parameter P_AXI_AUSER_WIDTH bound to: 1 - type: integer 
	Parameter P_AXI_WID_WIDTH bound to: 1 - type: integer 
	Parameter P_AMESG_WIDTH bound to: 64 - type: integer 
	Parameter P_BMESG_WIDTH bound to: 3 - type: integer 
	Parameter P_RMESG_WIDTH bound to: 36 - type: integer 
	Parameter P_WMESG_WIDTH bound to: 39 - type: integer 
	Parameter P_AXILITE_ERRMODE bound to: 1 - type: integer 
	Parameter P_NONSECURE_BIT bound to: 1 - type: integer 
	Parameter P_M_SECURE_MASK bound to: 3'b000 
	Parameter P_M_AXILITE_MASK bound to: 3'b000 
	Parameter P_FIXED bound to: 2'b00 
	Parameter P_BYPASS bound to: 0 - type: integer 
	Parameter P_LIGHTWT bound to: 7 - type: integer 
	Parameter P_FULLY_REG bound to: 1 - type: integer 
	Parameter P_R_REG_CONFIG bound to: 1 - type: integer 
	Parameter P_DECERR bound to: 2'b11 
INFO: [Synth 8-6157] synthesizing module 'axi_crossbar_v2_1_23_addr_decoder' [c:/Users/chris/FPGA_Projects/A-high-speed-data-acquisition-framework-main/AXI_DMA.srcs/sources_1/bd/System/ipshared/bc0a/hdl/axi_crossbar_v2_1_vl_rfs.v:794]
INFO: [Common 17-14] Message 'Synth 8-6157' appears 100 times and further instances of the messages will be disabled. Use the Tcl command set_msg_config to change the current settings.
	Parameter C_FAMILY bound to: zynq - type: string 
	Parameter C_NUM_TARGETS bound to: 3 - type: integer 
	Parameter C_NUM_TARGETS_LOG bound to: 2 - type: integer 
	Parameter C_NUM_RANGES bound to: 1 - type: integer 
	Parameter C_ADDR_WIDTH bound to: 32 - type: integer 
	Parameter C_TARGET_ENC bound to: 1 - type: integer 
	Parameter C_TARGET_HOT bound to: 1 - type: integer 
	Parameter C_REGION_ENC bound to: 1 - type: integer 
	Parameter C_BASE_ADDR bound to: 192'b000000000000000000000000000000000100001111000001000000000000000000000000000000000000000000000000010000000100000100000000000000000000000000000000000000000000000001000000010000000000000000000000 
	Parameter C_HIGH_ADDR bound to: 192'b000000000000000000000000000000000100001111000001111111111111111100000000000000000000000000000000010000000100000111111111111111110000000000000000000000000000000001000000010000001111111111111111 
	Parameter C_TARGET_QUAL bound to: 4'b0111 
	Parameter C_RESOLUTION bound to: 2 - type: integer 
	Parameter C_COMPARATOR_THRESHOLD bound to: 6 - type: integer 
	Parameter C_FAMILY bound to: rtl - type: string 
	Parameter C_VALUE bound to: 30'b010000000100000000000000000000 
	Parameter C_DATA_WIDTH bound to: 30 - type: integer 
	Parameter C_BITS_PER_LUT bound to: 6 - type: integer 
	Parameter C_NUM_LUT bound to: 5 - type: integer 
	Parameter C_FIX_DATA_WIDTH bound to: 30 - type: integer 
	Parameter C_FAMILY bound to: rtl - type: string 
INFO: [Synth 8-6155] done synthesizing module 'generic_baseblocks_v2_1_0_carry_and' (68#1) [c:/Users/chris/FPGA_Projects/A-high-speed-data-acquisition-framework-main/AXI_DMA.srcs/sources_1/bd/System/ipshared/b752/hdl/generic_baseblocks_v2_1_vl_rfs.v:62]
INFO: [Synth 8-6155] done synthesizing module 'generic_baseblocks_v2_1_0_comparator_static' (69#1) [c:/Users/chris/FPGA_Projects/A-high-speed-data-acquisition-framework-main/AXI_DMA.srcs/sources_1/bd/System/ipshared/b752/hdl/generic_baseblocks_v2_1_vl_rfs.v:2133]
	Parameter C_FAMILY bound to: rtl - type: string 
	Parameter C_VALUE bound to: 30'b010000000100000100000000000000 
	Parameter C_DATA_WIDTH bound to: 30 - type: integer 
	Parameter C_BITS_PER_LUT bound to: 6 - type: integer 
	Parameter C_NUM_LUT bound to: 5 - type: integer 
	Parameter C_FIX_DATA_WIDTH bound to: 30 - type: integer 
INFO: [Synth 8-6155] done synthesizing module 'generic_baseblocks_v2_1_0_comparator_static__parameterized0' (69#1) [c:/Users/chris/FPGA_Projects/A-high-speed-data-acquisition-framework-main/AXI_DMA.srcs/sources_1/bd/System/ipshared/b752/hdl/generic_baseblocks_v2_1_vl_rfs.v:2133]
	Parameter C_FAMILY bound to: rtl - type: string 
	Parameter C_VALUE bound to: 30'b010000111100000100000000000000 
	Parameter C_DATA_WIDTH bound to: 30 - type: integer 
	Parameter C_BITS_PER_LUT bound to: 6 - type: integer 
	Parameter C_NUM_LUT bound to: 5 - type: integer 
	Parameter C_FIX_DATA_WIDTH bound to: 30 - type: integer 
INFO: [Synth 8-6155] done synthesizing module 'generic_baseblocks_v2_1_0_comparator_static__parameterized1' (69#1) [c:/Users/chris/FPGA_Projects/A-high-speed-data-acquisition-framework-main/AXI_DMA.srcs/sources_1/bd/System/ipshared/b752/hdl/generic_baseblocks_v2_1_vl_rfs.v:2133]
INFO: [Synth 8-6155] done synthesizing module 'axi_crossbar_v2_1_23_addr_decoder' (70#1) [c:/Users/chris/FPGA_Projects/A-high-speed-data-acquisition-framework-main/AXI_DMA.srcs/sources_1/bd/System/ipshared/bc0a/hdl/axi_crossbar_v2_1_vl_rfs.v:794]
	Parameter C_AXI_ID_WIDTH bound to: 1 - type: integer 
	Parameter C_AXI_DATA_WIDTH bound to: 32 - type: integer 
	Parameter C_AXI_BUSER_WIDTH bound to: 1 - type: integer 
	Parameter C_AXI_RUSER_WIDTH bound to: 1 - type: integer 
	Parameter C_AXI_PROTOCOL bound to: 2 - type: integer 
	Parameter C_RESP bound to: 3 - type: integer 
	Parameter P_WRITE_IDLE bound to: 2'b00 
	Parameter P_WRITE_DATA bound to: 2'b01 
	Parameter P_WRITE_RESP bound to: 2'b10 
	Parameter P_READ_IDLE bound to: 1'b0 
	Parameter P_READ_DATA bound to: 1'b1 
	Parameter P_AXI4 bound to: 0 - type: integer 
	Parameter P_AXI3 bound to: 1 - type: integer 
	Parameter P_AXILITE bound to: 2 - type: integer 
INFO: [Synth 8-6155] done synthesizing module 'axi_crossbar_v2_1_23_decerr_slave' (71#1) [c:/Users/chris/FPGA_Projects/A-high-speed-data-acquisition-framework-main/AXI_DMA.srcs/sources_1/bd/System/ipshared/bc0a/hdl/axi_crossbar_v2_1_vl_rfs.v:3501]
	Parameter C_FAMILY bound to: zynq - type: string 
	Parameter C_NUM_S bound to: 1 - type: integer 
	Parameter C_NUM_S_LOG bound to: 1 - type: integer 
	Parameter C_AMESG_WIDTH bound to: 64 - type: integer 
	Parameter C_GRANT_ENC bound to: 1 - type: integer 
	Parameter C_ARB_PRIORITY bound to: 0 - type: integer 
	Parameter P_PRIO_MASK bound to: 1'b0 
INFO: [Synth 8-6155] done synthesizing module 'axi_crossbar_v2_1_23_addr_arbiter_sasd' (72#1) [c:/Users/chris/FPGA_Projects/A-high-speed-data-acquisition-framework-main/AXI_DMA.srcs/sources_1/bd/System/ipshared/bc0a/hdl/axi_crossbar_v2_1_vl_rfs.v:65]
	Parameter C_NUM_M bound to: 3 - type: integer 
INFO: [Synth 8-6155] done synthesizing module 'axi_crossbar_v2_1_23_splitter' (73#1) [c:/Users/chris/FPGA_Projects/A-high-speed-data-acquisition-framework-main/AXI_DMA.srcs/sources_1/bd/System/ipshared/bc0a/hdl/axi_crossbar_v2_1_vl_rfs.v:4461]
	Parameter C_NUM_M bound to: 2 - type: integer 
INFO: [Synth 8-6155] done synthesizing module 'axi_crossbar_v2_1_23_splitter__parameterized0' (73#1) [c:/Users/chris/FPGA_Projects/A-high-speed-data-acquisition-framework-main/AXI_DMA.srcs/sources_1/bd/System/ipshared/bc0a/hdl/axi_crossbar_v2_1_vl_rfs.v:4461]
INFO: [Common 17-14] Message 'Synth 8-6155' appears 100 times and further instances of the messages will be disabled. Use the Tcl command set_msg_config to change the current settings.
	Parameter C_FAMILY bound to: rtl - type: string 
	Parameter C_RATIO bound to: 4 - type: integer 
	Parameter C_SEL_WIDTH bound to: 2 - type: integer 
	Parameter C_DATA_WIDTH bound to: 1 - type: integer 
	Parameter C_FAMILY bound to: rtl - type: string 
	Parameter C_RATIO bound to: 1 - type: integer 
	Parameter C_SEL_WIDTH bound to: 1 - type: integer 
	Parameter C_DATA_WIDTH bound to: 1 - type: integer 
	Parameter C_FAMILY bound to: rtl - type: string 
	Parameter C_RATIO bound to: 4 - type: integer 
	Parameter C_SEL_WIDTH bound to: 2 - type: integer 
	Parameter C_DATA_WIDTH bound to: 36 - type: integer 
	Parameter C_FAMILY bound to: zynq - type: string 
	Parameter C_DATA_WIDTH bound to: 36 - type: integer 
	Parameter C_REG_CONFIG bound to: 1 - type: integer 
	Parameter C_FAMILY bound to: rtl - type: string 
	Parameter C_RATIO bound to: 4 - type: integer 
	Parameter C_SEL_WIDTH bound to: 2 - type: integer 
	Parameter C_DATA_WIDTH bound to: 3 - type: integer 
INFO: [Synth 8-638] synthesizing module 'System_rst_ps7_0_100M_1' [c:/Users/chris/FPGA_Projects/A-high-speed-data-acquisition-framework-main/AXI_DMA.srcs/sources_1/bd/System/ip/System_rst_ps7_0_100M_1/synth/System_rst_ps7_0_100M_1.vhd:74]
	Parameter C_FAMILY bound to: zynq - type: string 
	Parameter C_EXT_RST_WIDTH bound to: 4 - type: integer 
	Parameter C_AUX_RST_WIDTH bound to: 4 - type: integer 
	Parameter C_EXT_RESET_HIGH bound to: 1'b0 
	Parameter C_AUX_RESET_HIGH bound to: 1'b0 
	Parameter C_NUM_BUS_RST bound to: 1 - type: integer 
	Parameter C_NUM_PERP_RST bound to: 1 - type: integer 
	Parameter C_NUM_INTERCONNECT_ARESETN bound to: 1 - type: integer 
	Parameter C_NUM_PERP_ARESETN bound to: 1 - type: integer 
INFO: [Synth 8-3491] module 'proc_sys_reset' declared at 'c:/Users/chris/FPGA_Projects/A-high-speed-data-acquisition-framework-main/AXI_DMA.srcs/sources_1/bd/System/ipshared/8842/hdl/proc_sys_reset_v5_0_vh_rfs.vhd:1264' bound to instance 'U0' of component 'proc_sys_reset' [c:/Users/chris/FPGA_Projects/A-high-speed-data-acquisition-framework-main/AXI_DMA.srcs/sources_1/bd/System/ip/System_rst_ps7_0_100M_1/synth/System_rst_ps7_0_100M_1.vhd:129]
INFO: [Synth 8-638] synthesizing module 'proc_sys_reset' [c:/Users/chris/FPGA_Projects/A-high-speed-data-acquisition-framework-main/AXI_DMA.srcs/sources_1/bd/System/ipshared/8842/hdl/proc_sys_reset_v5_0_vh_rfs.vhd:1323]
	Parameter C_FAMILY bound to: zynq - type: string 
	Parameter C_EXT_RST_WIDTH bound to: 4 - type: integer 
	Parameter C_AUX_RST_WIDTH bound to: 4 - type: integer 
	Parameter C_EXT_RESET_HIGH bound to: 1'b0 
	Parameter C_AUX_RESET_HIGH bound to: 1'b0 
	Parameter C_NUM_BUS_RST bound to: 1 - type: integer 
	Parameter C_NUM_PERP_RST bound to: 1 - type: integer 
	Parameter C_NUM_INTERCONNECT_ARESETN bound to: 1 - type: integer 
	Parameter C_NUM_PERP_ARESETN bound to: 1 - type: integer 
	Parameter INIT bound to: 1'b1 
	Parameter IS_C_INVERTED bound to: 1'b0 
	Parameter IS_D_INVERTED bound to: 1'b0 
	Parameter IS_R_INVERTED bound to: 1'b0 
INFO: [Synth 8-113] binding component instance 'FDRE_inst' to cell 'FDRE' [c:/Users/chris/FPGA_Projects/A-high-speed-data-acquisition-framework-main/AXI_DMA.srcs/sources_1/bd/System/ipshared/8842/hdl/proc_sys_reset_v5_0_vh_rfs.vhd:1392]
	Parameter INIT bound to: 1'b1 
	Parameter IS_C_INVERTED bound to: 1'b0 
	Parameter IS_D_INVERTED bound to: 1'b0 
	Parameter IS_R_INVERTED bound to: 1'b0 
INFO: [Synth 8-113] binding component instance 'FDRE_BSR' to cell 'FDRE' [c:/Users/chris/FPGA_Projects/A-high-speed-data-acquisition-framework-main/AXI_DMA.srcs/sources_1/bd/System/ipshared/8842/hdl/proc_sys_reset_v5_0_vh_rfs.vhd:1408]
	Parameter INIT bound to: 1'b0 
	Parameter IS_C_INVERTED bound to: 1'b0 
	Parameter IS_D_INVERTED bound to: 1'b0 
	Parameter IS_R_INVERTED bound to: 1'b0 
INFO: [Synth 8-113] binding component instance 'FDRE_BSR_N' to cell 'FDRE' [c:/Users/chris/FPGA_Projects/A-high-speed-data-acquisition-framework-main/AXI_DMA.srcs/sources_1/bd/System/ipshared/8842/hdl/proc_sys_reset_v5_0_vh_rfs.vhd:1434]
	Parameter INIT bound to: 1'b1 
	Parameter IS_C_INVERTED bound to: 1'b0 
	Parameter IS_D_INVERTED bound to: 1'b0 
	Parameter IS_R_INVERTED bound to: 1'b0 
INFO: [Synth 8-113] binding component instance 'FDRE_PER' to cell 'FDRE' [c:/Users/chris/FPGA_Projects/A-high-speed-data-acquisition-framework-main/AXI_DMA.srcs/sources_1/bd/System/ipshared/8842/hdl/proc_sys_reset_v5_0_vh_rfs.vhd:1457]
	Parameter INIT bound to: 1'b0 
	Parameter IS_C_INVERTED bound to: 1'b0 
	Parameter IS_D_INVERTED bound to: 1'b0 
	Parameter IS_R_INVERTED bound to: 1'b0 
INFO: [Synth 8-113] binding component instance 'FDRE_PER_N' to cell 'FDRE' [c:/Users/chris/FPGA_Projects/A-high-speed-data-acquisition-framework-main/AXI_DMA.srcs/sources_1/bd/System/ipshared/8842/hdl/proc_sys_reset_v5_0_vh_rfs.vhd:1481]
INFO: [Synth 8-638] synthesizing module 'lpf' [c:/Users/chris/FPGA_Projects/A-high-speed-data-acquisition-framework-main/AXI_DMA.srcs/sources_1/bd/System/ipshared/8842/hdl/proc_sys_reset_v5_0_vh_rfs.vhd:816]
	Parameter C_EXT_RST_WIDTH bound to: 4 - type: integer 
	Parameter C_AUX_RST_WIDTH bound to: 4 - type: integer 
	Parameter C_EXT_RESET_HIGH bound to: 1'b0 
	Parameter C_AUX_RESET_HIGH bound to: 1'b0 
INFO: [Synth 8-3491] module 'SRL16' declared at 'C:/baidunetdiskdownload/Vivado2020_2/Vivado/2020.2/scripts/rt/data/unisim_comp.v:78018' bound to instance 'POR_SRL_I' of component 'SRL16' [c:/Users/chris/FPGA_Projects/A-high-speed-data-acquisition-framework-main/AXI_DMA.srcs/sources_1/bd/System/ipshared/8842/hdl/proc_sys_reset_v5_0_vh_rfs.vhd:868]
	Parameter INIT bound to: 16'b0000000000000000 
INFO: [Synth 8-638] synthesizing module 'cdc_sync' [c:/Users/chris/FPGA_Projects/A-high-speed-data-acquisition-framework-main/AXI_DMA.srcs/sources_1/bd/System/ipshared/ef1e/hdl/lib_cdc_v1_0_rfs.vhd:106]
	Parameter C_CDC_TYPE bound to: 1 - type: integer 
	Parameter C_RESET_STATE bound to: 0 - type: integer 
	Parameter C_SINGLE_BIT bound to: 1 - type: integer 
	Parameter C_FLOP_INPUT bound to: 0 - type: integer 
	Parameter C_VECTOR_WIDTH bound to: 2 - type: integer 
	Parameter C_MTBF_STAGES bound to: 4 - type: integer 
	Parameter INIT bound to: 1'b0 
INFO: [Synth 8-113] binding component instance 'CROSS_PLEVEL_IN2SCNDRY_IN_cdc_to' to cell 'FDR' [c:/Users/chris/FPGA_Projects/A-high-speed-data-acquisition-framework-main/AXI_DMA.srcs/sources_1/bd/System/ipshared/ef1e/hdl/lib_cdc_v1_0_rfs.vhd:514]
	Parameter INIT bound to: 1'b0 
INFO: [Synth 8-113] binding component instance 'CROSS_PLEVEL_IN2SCNDRY_s_level_out_d2' to cell 'FDR' [c:/Users/chris/FPGA_Projects/A-high-speed-data-acquisition-framework-main/AXI_DMA.srcs/sources_1/bd/System/ipshared/ef1e/hdl/lib_cdc_v1_0_rfs.vhd:545]
	Parameter INIT bound to: 1'b0 
INFO: [Synth 8-113] binding component instance 'CROSS_PLEVEL_IN2SCNDRY_s_level_out_d3' to cell 'FDR' [c:/Users/chris/FPGA_Projects/A-high-speed-data-acquisition-framework-main/AXI_DMA.srcs/sources_1/bd/System/ipshared/ef1e/hdl/lib_cdc_v1_0_rfs.vhd:554]
	Parameter INIT bound to: 1'b0 
INFO: [Synth 8-113] binding component instance 'CROSS_PLEVEL_IN2SCNDRY_s_level_out_d4' to cell 'FDR' [c:/Users/chris/FPGA_Projects/A-high-speed-data-acquisition-framework-main/AXI_DMA.srcs/sources_1/bd/System/ipshared/ef1e/hdl/lib_cdc_v1_0_rfs.vhd:564]
	Parameter INIT bound to: 1'b0 
INFO: [Synth 8-113] binding component instance 'CROSS_PLEVEL_IN2SCNDRY_s_level_out_d5' to cell 'FDR' [c:/Users/chris/FPGA_Projects/A-high-speed-data-acquisition-framework-main/AXI_DMA.srcs/sources_1/bd/System/ipshared/ef1e/hdl/lib_cdc_v1_0_rfs.vhd:574]
	Parameter INIT bound to: 1'b0 
INFO: [Synth 8-113] binding component instance 'CROSS_PLEVEL_IN2SCNDRY_s_level_out_d6' to cell 'FDR' [c:/Users/chris/FPGA_Projects/A-high-speed-data-acquisition-framework-main/AXI_DMA.srcs/sources_1/bd/System/ipshared/ef1e/hdl/lib_cdc_v1_0_rfs.vhd:584]
INFO: [Synth 8-256] done synthesizing module 'cdc_sync' (80#1) [c:/Users/chris/FPGA_Projects/A-high-speed-data-acquisition-framework-main/AXI_DMA.srcs/sources_1/bd/System/ipshared/ef1e/hdl/lib_cdc_v1_0_rfs.vhd:106]
INFO: [Synth 8-256] done synthesizing module 'lpf' (81#1) [c:/Users/chris/FPGA_Projects/A-high-speed-data-acquisition-framework-main/AXI_DMA.srcs/sources_1/bd/System/ipshared/8842/hdl/proc_sys_reset_v5_0_vh_rfs.vhd:816]
INFO: [Synth 8-638] synthesizing module 'sequence_psr' [c:/Users/chris/FPGA_Projects/A-high-speed-data-acquisition-framework-main/AXI_DMA.srcs/sources_1/bd/System/ipshared/8842/hdl/proc_sys_reset_v5_0_vh_rfs.vhd:301]
INFO: [Synth 8-638] synthesizing module 'upcnt_n' [c:/Users/chris/FPGA_Projects/A-high-speed-data-acquisition-framework-main/AXI_DMA.srcs/sources_1/bd/System/ipshared/8842/hdl/proc_sys_reset_v5_0_vh_rfs.vhd:125]
	Parameter C_SIZE bound to: 6 - type: integer 
INFO: [Synth 8-256] done synthesizing module 'upcnt_n' (82#1) [c:/Users/chris/FPGA_Projects/A-high-speed-data-acquisition-framework-main/AXI_DMA.srcs/sources_1/bd/System/ipshared/8842/hdl/proc_sys_reset_v5_0_vh_rfs.vhd:125]
INFO: [Synth 8-256] done synthesizing module 'sequence_psr' (83#1) [c:/Users/chris/FPGA_Projects/A-high-speed-data-acquisition-framework-main/AXI_DMA.srcs/sources_1/bd/System/ipshared/8842/hdl/proc_sys_reset_v5_0_vh_rfs.vhd:301]
INFO: [Synth 8-256] done synthesizing module 'proc_sys_reset' (84#1) [c:/Users/chris/FPGA_Projects/A-high-speed-data-acquisition-framework-main/AXI_DMA.srcs/sources_1/bd/System/ipshared/8842/hdl/proc_sys_reset_v5_0_vh_rfs.vhd:1323]
INFO: [Synth 8-256] done synthesizing module 'System_rst_ps7_0_100M_1' (85#1) [c:/Users/chris/FPGA_Projects/A-high-speed-data-acquisition-framework-main/AXI_DMA.srcs/sources_1/bd/System/ip/System_rst_ps7_0_100M_1/synth/System_rst_ps7_0_100M_1.vhd:74]
WARNING: [Synth 8-7071] port 'mb_reset' of module 'System_rst_ps7_0_100M_1' is unconnected for instance 'rst_ps7_0_100M' [C:/Users/chris/FPGA_Projects/A-high-speed-data-acquisition-framework-main/AXI_DMA.srcs/sources_1/bd/System/synth/System.v:845]
WARNING: [Synth 8-7071] port 'bus_struct_reset' of module 'System_rst_ps7_0_100M_1' is unconnected for instance 'rst_ps7_0_100M' [C:/Users/chris/FPGA_Projects/A-high-speed-data-acquisition-framework-main/AXI_DMA.srcs/sources_1/bd/System/synth/System.v:845]
WARNING: [Synth 8-7071] port 'peripheral_reset' of module 'System_rst_ps7_0_100M_1' is unconnected for instance 'rst_ps7_0_100M' [C:/Users/chris/FPGA_Projects/A-high-speed-data-acquisition-framework-main/AXI_DMA.srcs/sources_1/bd/System/synth/System.v:845]
WARNING: [Synth 8-7071] port 'interconnect_aresetn' of module 'System_rst_ps7_0_100M_1' is unconnected for instance 'rst_ps7_0_100M' [C:/Users/chris/FPGA_Projects/A-high-speed-data-acquisition-framework-main/AXI_DMA.srcs/sources_1/bd/System/synth/System.v:845]
WARNING: [Synth 8-7023] instance 'rst_ps7_0_100M' of module 'System_rst_ps7_0_100M_1' has 10 connections declared, but only 6 given [C:/Users/chris/FPGA_Projects/A-high-speed-data-acquisition-framework-main/AXI_DMA.srcs/sources_1/bd/System/synth/System.v:845]
INFO: [Synth 8-638] synthesizing module 'System_axi_dma_0_0' [c:/Users/chris/FPGA_Projects/A-high-speed-data-acquisition-framework-main/AXI_DMA.srcs/sources_1/bd/System/ip/System_axi_dma_0_0/synth/System_axi_dma_0_0.vhd:137]
	Parameter C_S_AXI_LITE_ADDR_WIDTH bound to: 10 - type: integer 
	Parameter C_S_AXI_LITE_DATA_WIDTH bound to: 32 - type: integer 
	Parameter C_DLYTMR_RESOLUTION bound to: 125 - type: integer 
	Parameter C_PRMRY_IS_ACLK_ASYNC bound to: 0 - type: integer 
	Parameter C_ENABLE_MULTI_CHANNEL bound to: 0 - type: integer 
	Parameter C_NUM_MM2S_CHANNELS bound to: 1 - type: integer 
	Parameter C_NUM_S2MM_CHANNELS bound to: 1 - type: integer 
	Parameter C_INCLUDE_SG bound to: 1 - type: integer 
	Parameter C_SG_INCLUDE_STSCNTRL_STRM bound to: 0 - type: integer 
	Parameter C_SG_USE_STSAPP_LENGTH bound to: 0 - type: integer 
	Parameter C_SG_LENGTH_WIDTH bound to: 26 - type: integer 
	Parameter C_M_AXI_SG_ADDR_WIDTH bound to: 32 - type: integer 
	Parameter C_M_AXI_SG_DATA_WIDTH bound to: 32 - type: integer 
	Parameter C_M_AXIS_MM2S_CNTRL_TDATA_WIDTH bound to: 32 - type: integer 
	Parameter C_S_AXIS_S2MM_STS_TDATA_WIDTH bound to: 32 - type: integer 
	Parameter C_MICRO_DMA bound to: 0 - type: integer 
	Parameter C_INCLUDE_MM2S bound to: 0 - type: integer 
	Parameter C_INCLUDE_MM2S_SF bound to: 1 - type: integer 
	Parameter C_MM2S_BURST_SIZE bound to: 16 - type: integer 
	Parameter C_M_AXI_MM2S_ADDR_WIDTH bound to: 32 - type: integer 
	Parameter C_M_AXI_MM2S_DATA_WIDTH bound to: 32 - type: integer 
	Parameter C_M_AXIS_MM2S_TDATA_WIDTH bound to: 32 - type: integer 
	Parameter C_INCLUDE_MM2S_DRE bound to: 0 - type: integer 
	Parameter C_INCLUDE_S2MM bound to: 1 - type: integer 
	Parameter C_INCLUDE_S2MM_SF bound to: 1 - type: integer 
	Parameter C_S2MM_BURST_SIZE bound to: 64 - type: integer 
	Parameter C_M_AXI_S2MM_ADDR_WIDTH bound to: 32 - type: integer 
	Parameter C_M_AXI_S2MM_DATA_WIDTH bound to: 32 - type: integer 
	Parameter C_S_AXIS_S2MM_TDATA_WIDTH bound to: 32 - type: integer 
	Parameter C_INCLUDE_S2MM_DRE bound to: 1 - type: integer 
	Parameter C_INCREASE_THROUGHPUT bound to: 0 - type: integer 
	Parameter C_FAMILY bound to: zynq - type: string 
INFO: [Synth 8-3491] module 'axi_dma' declared at 'c:/Users/chris/FPGA_Projects/A-high-speed-data-acquisition-framework-main/AXI_DMA.srcs/sources_1/bd/System/ipshared/89d8/hdl/axi_dma_v7_1_vh_rfs.vhd:21833' bound to instance 'U0' of component 'axi_dma' [c:/Users/chris/FPGA_Projects/A-high-speed-data-acquisition-framework-main/AXI_DMA.srcs/sources_1/bd/System/ip/System_axi_dma_0_0/synth/System_axi_dma_0_0.vhd:389]
INFO: [Synth 8-638] synthesizing module 'axi_dma' [c:/Users/chris/FPGA_Projects/A-high-speed-data-acquisition-framework-main/AXI_DMA.srcs/sources_1/bd/System/ipshared/89d8/hdl/axi_dma_v7_1_vh_rfs.vhd:22178]
	Parameter C_S_AXI_LITE_ADDR_WIDTH bound to: 10 - type: integer 
	Parameter C_S_AXI_LITE_DATA_WIDTH bound to: 32 - type: integer 
	Parameter C_DLYTMR_RESOLUTION bound to: 125 - type: integer 
	Parameter C_PRMRY_IS_ACLK_ASYNC bound to: 0 - type: integer 
	Parameter C_INCLUDE_SG bound to: 1 - type: integer 
	Parameter C_SG_INCLUDE_STSCNTRL_STRM bound to: 0 - type: integer 
	Parameter C_SG_USE_STSAPP_LENGTH bound to: 0 - type: integer 
	Parameter C_SG_LENGTH_WIDTH bound to: 26 - type: integer 
	Parameter C_M_AXI_SG_ADDR_WIDTH bound to: 32 - type: integer 
	Parameter C_M_AXI_SG_DATA_WIDTH bound to: 32 - type: integer 
	Parameter C_M_AXIS_MM2S_CNTRL_TDATA_WIDTH bound to: 32 - type: integer 
	Parameter C_S_AXIS_S2MM_STS_TDATA_WIDTH bound to: 32 - type: integer 
	Parameter C_INCLUDE_MM2S bound to: 0 - type: integer 
	Parameter C_INCLUDE_MM2S_SF bound to: 1 - type: integer 
	Parameter C_INCLUDE_MM2S_DRE bound to: 0 - type: integer 
	Parameter C_MM2S_BURST_SIZE bound to: 16 - type: integer 
	Parameter C_M_AXI_MM2S_ADDR_WIDTH bound to: 32 - type: integer 
	Parameter C_M_AXI_MM2S_DATA_WIDTH bound to: 32 - type: integer 
	Parameter C_M_AXIS_MM2S_TDATA_WIDTH bound to: 32 - type: integer 
	Parameter C_INCLUDE_S2MM bound to: 1 - type: integer 
	Parameter C_INCLUDE_S2MM_SF bound to: 1 - type: integer 
	Parameter C_INCLUDE_S2MM_DRE bound to: 1 - type: integer 
	Parameter C_S2MM_BURST_SIZE bound to: 64 - type: integer 
	Parameter C_M_AXI_S2MM_ADDR_WIDTH bound to: 32 - type: integer 
	Parameter C_M_AXI_S2MM_DATA_WIDTH bound to: 32 - type: integer 
	Parameter C_S_AXIS_S2MM_TDATA_WIDTH bound to: 32 - type: integer 
	Parameter C_ENABLE_MULTI_CHANNEL bound to: 0 - type: integer 
	Parameter C_NUM_S2MM_CHANNELS bound to: 1 - type: integer 
	Parameter C_NUM_MM2S_CHANNELS bound to: 1 - type: integer 
	Parameter C_FAMILY bound to: zynq - type: string 
	Parameter C_MICRO_DMA bound to: 0 - type: integer 
	Parameter C_INCREASE_THROUGHPUT bound to: 0 - type: integer 
	Parameter C_INSTANCE bound to: axi_dma - type: string 
INFO: [Synth 8-638] synthesizing module 'axi_dma_rst_module' [c:/Users/chris/FPGA_Projects/A-high-speed-data-acquisition-framework-main/AXI_DMA.srcs/sources_1/bd/System/ipshared/89d8/hdl/axi_dma_v7_1_vh_rfs.vhd:1595]
	Parameter C_INCLUDE_MM2S bound to: 0 - type: integer 
	Parameter C_INCLUDE_S2MM bound to: 1 - type: integer 
	Parameter C_INCLUDE_SG bound to: 1 - type: integer 
	Parameter C_SG_INCLUDE_STSCNTRL_STRM bound to: 0 - type: integer 
	Parameter C_PRMRY_IS_ACLK_ASYNC bound to: 1 - type: integer 
	Parameter C_M_AXI_MM2S_ACLK_FREQ_HZ bound to: 100000000 - type: integer 
	Parameter C_M_AXI_S2MM_ACLK_FREQ_HZ bound to: 100000000 - type: integer 
	Parameter C_M_AXI_SG_ACLK_FREQ_HZ bound to: 100000000 - type: integer 
INFO: [Synth 8-638] synthesizing module 'cdc_sync__parameterized0' [c:/Users/chris/FPGA_Projects/A-high-speed-data-acquisition-framework-main/AXI_DMA.srcs/sources_1/bd/System/ipshared/ef1e/hdl/lib_cdc_v1_0_rfs.vhd:106]
	Parameter C_CDC_TYPE bound to: 1 - type: integer 
	Parameter C_RESET_STATE bound to: 0 - type: integer 
	Parameter C_SINGLE_BIT bound to: 1 - type: integer 
	Parameter C_FLOP_INPUT bound to: 0 - type: integer 
	Parameter C_VECTOR_WIDTH bound to: 32 - type: integer 
	Parameter C_MTBF_STAGES bound to: 4 - type: integer 
	Parameter INIT bound to: 1'b0 
INFO: [Synth 8-113] binding component instance 'CROSS_PLEVEL_IN2SCNDRY_IN_cdc_to' to cell 'FDR' [c:/Users/chris/FPGA_Projects/A-high-speed-data-acquisition-framework-main/AXI_DMA.srcs/sources_1/bd/System/ipshared/ef1e/hdl/lib_cdc_v1_0_rfs.vhd:514]
	Parameter INIT bound to: 1'b0 
INFO: [Synth 8-113] binding component instance 'CROSS_PLEVEL_IN2SCNDRY_s_level_out_d2' to cell 'FDR' [c:/Users/chris/FPGA_Projects/A-high-speed-data-acquisition-framework-main/AXI_DMA.srcs/sources_1/bd/System/ipshared/ef1e/hdl/lib_cdc_v1_0_rfs.vhd:545]
	Parameter INIT bound to: 1'b0 
INFO: [Synth 8-113] binding component instance 'CROSS_PLEVEL_IN2SCNDRY_s_level_out_d3' to cell 'FDR' [c:/Users/chris/FPGA_Projects/A-high-speed-data-acquisition-framework-main/AXI_DMA.srcs/sources_1/bd/System/ipshared/ef1e/hdl/lib_cdc_v1_0_rfs.vhd:554]
	Parameter INIT bound to: 1'b0 
INFO: [Synth 8-113] binding component instance 'CROSS_PLEVEL_IN2SCNDRY_s_level_out_d4' to cell 'FDR' [c:/Users/chris/FPGA_Projects/A-high-speed-data-acquisition-framework-main/AXI_DMA.srcs/sources_1/bd/System/ipshared/ef1e/hdl/lib_cdc_v1_0_rfs.vhd:564]
	Parameter INIT bound to: 1'b0 
INFO: [Synth 8-113] binding component instance 'CROSS_PLEVEL_IN2SCNDRY_s_level_out_d5' to cell 'FDR' [c:/Users/chris/FPGA_Projects/A-high-speed-data-acquisition-framework-main/AXI_DMA.srcs/sources_1/bd/System/ipshared/ef1e/hdl/lib_cdc_v1_0_rfs.vhd:574]
	Parameter INIT bound to: 1'b0 
INFO: [Synth 8-113] binding component instance 'CROSS_PLEVEL_IN2SCNDRY_s_level_out_d6' to cell 'FDR' [c:/Users/chris/FPGA_Projects/A-high-speed-data-acquisition-framework-main/AXI_DMA.srcs/sources_1/bd/System/ipshared/ef1e/hdl/lib_cdc_v1_0_rfs.vhd:584]
INFO: [Synth 8-256] done synthesizing module 'cdc_sync__parameterized0' (86#1) [c:/Users/chris/FPGA_Projects/A-high-speed-data-acquisition-framework-main/AXI_DMA.srcs/sources_1/bd/System/ipshared/ef1e/hdl/lib_cdc_v1_0_rfs.vhd:106]
INFO: [Synth 8-638] synthesizing module 'axi_dma_reset' [c:/Users/chris/FPGA_Projects/A-high-speed-data-acquisition-framework-main/AXI_DMA.srcs/sources_1/bd/System/ipshared/89d8/hdl/axi_dma_v7_1_vh_rfs.vhd:603]
	Parameter C_INCLUDE_SG bound to: 1 - type: integer 
	Parameter C_SG_INCLUDE_STSCNTRL_STRM bound to: 0 - type: integer 
	Parameter C_PRMRY_IS_ACLK_ASYNC bound to: 1 - type: integer 
	Parameter C_AXI_PRMRY_ACLK_FREQ_HZ bound to: 100000000 - type: integer 
	Parameter C_AXI_SCNDRY_ACLK_FREQ_HZ bound to: 100000000 - type: integer 
INFO: [Synth 8-256] done synthesizing module 'axi_dma_reset' (87#1) [c:/Users/chris/FPGA_Projects/A-high-speed-data-acquisition-framework-main/AXI_DMA.srcs/sources_1/bd/System/ipshared/89d8/hdl/axi_dma_v7_1_vh_rfs.vhd:603]
INFO: [Synth 8-256] done synthesizing module 'axi_dma_rst_module' (88#1) [c:/Users/chris/FPGA_Projects/A-high-speed-data-acquisition-framework-main/AXI_DMA.srcs/sources_1/bd/System/ipshared/89d8/hdl/axi_dma_v7_1_vh_rfs.vhd:1595]
INFO: [Synth 8-638] synthesizing module 'axi_dma_reg_module' [c:/Users/chris/FPGA_Projects/A-high-speed-data-acquisition-framework-main/AXI_DMA.srcs/sources_1/bd/System/ipshared/89d8/hdl/axi_dma_v7_1_vh_rfs.vhd:8436]
	Parameter C_INCLUDE_MM2S bound to: 0 - type: integer 
	Parameter C_INCLUDE_S2MM bound to: 1 - type: integer 
	Parameter C_INCLUDE_SG bound to: 1 - type: integer 
	Parameter C_SG_LENGTH_WIDTH bound to: 26 - type: integer 
	Parameter C_AXI_LITE_IS_ASYNC bound to: 1 - type: integer 
	Parameter C_S_AXI_LITE_ADDR_WIDTH bound to: 10 - type: integer 
	Parameter C_S_AXI_LITE_DATA_WIDTH bound to: 32 - type: integer 
	Parameter C_M_AXI_SG_ADDR_WIDTH bound to: 32 - type: integer 
	Parameter C_M_AXI_MM2S_ADDR_WIDTH bound to: 32 - type: integer 
	Parameter C_M_AXI_S2MM_ADDR_WIDTH bound to: 32 - type: integer 
	Parameter C_NUM_S2MM_CHANNELS bound to: 1 - type: integer 
	Parameter C_MICRO_DMA bound to: 0 - type: integer 
	Parameter C_ENABLE_MULTI_CHANNEL bound to: 0 - type: integer 
INFO: [Synth 8-638] synthesizing module 'axi_dma_lite_if' [c:/Users/chris/FPGA_Projects/A-high-speed-data-acquisition-framework-main/AXI_DMA.srcs/sources_1/bd/System/ipshared/89d8/hdl/axi_dma_v7_1_vh_rfs.vhd:2066]
	Parameter C_NUM_CE bound to: 23 - type: integer 
	Parameter C_AXI_LITE_IS_ASYNC bound to: 1 - type: integer 
	Parameter C_S_AXI_LITE_ADDR_WIDTH bound to: 10 - type: integer 
	Parameter C_S_AXI_LITE_DATA_WIDTH bound to: 32 - type: integer 
INFO: [Synth 8-638] synthesizing module 'cdc_sync__parameterized1' [c:/Users/chris/FPGA_Projects/A-high-speed-data-acquisition-framework-main/AXI_DMA.srcs/sources_1/bd/System/ipshared/ef1e/hdl/lib_cdc_v1_0_rfs.vhd:106]
	Parameter C_CDC_TYPE bound to: 1 - type: integer 
	Parameter C_RESET_STATE bound to: 0 - type: integer 
	Parameter C_SINGLE_BIT bound to: 0 - type: integer 
	Parameter C_FLOP_INPUT bound to: 0 - type: integer 
	Parameter C_VECTOR_WIDTH bound to: 10 - type: integer 
	Parameter C_MTBF_STAGES bound to: 1 - type: integer 
	Parameter INIT bound to: 1'b0 
INFO: [Synth 8-113] binding component instance 'CROSS2_PLEVEL_IN2SCNDRY_IN_cdc_to' to cell 'FDR' [c:/Users/chris/FPGA_Projects/A-high-speed-data-acquisition-framework-main/AXI_DMA.srcs/sources_1/bd/System/ipshared/ef1e/hdl/lib_cdc_v1_0_rfs.vhd:736]
	Parameter INIT bound to: 1'b0 
INFO: [Synth 8-113] binding component instance 'CROSS2_PLEVEL_IN2SCNDRY_IN_cdc_to' to cell 'FDR' [c:/Users/chris/FPGA_Projects/A-high-speed-data-acquisition-framework-main/AXI_DMA.srcs/sources_1/bd/System/ipshared/ef1e/hdl/lib_cdc_v1_0_rfs.vhd:736]
	Parameter INIT bound to: 1'b0 
INFO: [Synth 8-113] binding component instance 'CROSS2_PLEVEL_IN2SCNDRY_IN_cdc_to' to cell 'FDR' [c:/Users/chris/FPGA_Projects/A-high-speed-data-acquisition-framework-main/AXI_DMA.srcs/sources_1/bd/System/ipshared/ef1e/hdl/lib_cdc_v1_0_rfs.vhd:736]
	Parameter INIT bound to: 1'b0 
INFO: [Synth 8-113] binding component instance 'CROSS2_PLEVEL_IN2SCNDRY_IN_cdc_to' to cell 'FDR' [c:/Users/chris/FPGA_Projects/A-high-speed-data-acquisition-framework-main/AXI_DMA.srcs/sources_1/bd/System/ipshared/ef1e/hdl/lib_cdc_v1_0_rfs.vhd:736]
	Parameter INIT bound to: 1'b0 
INFO: [Synth 8-113] binding component instance 'CROSS2_PLEVEL_IN2SCNDRY_IN_cdc_to' to cell 'FDR' [c:/Users/chris/FPGA_Projects/A-high-speed-data-acquisition-framework-main/AXI_DMA.srcs/sources_1/bd/System/ipshared/ef1e/hdl/lib_cdc_v1_0_rfs.vhd:736]
	Parameter INIT bound to: 1'b0 
INFO: [Synth 8-113] binding component instance 'CROSS2_PLEVEL_IN2SCNDRY_IN_cdc_to' to cell 'FDR' [c:/Users/chris/FPGA_Projects/A-high-speed-data-acquisition-framework-main/AXI_DMA.srcs/sources_1/bd/System/ipshared/ef1e/hdl/lib_cdc_v1_0_rfs.vhd:736]
	Parameter INIT bound to: 1'b0 
INFO: [Synth 8-113] binding component instance 'CROSS2_PLEVEL_IN2SCNDRY_IN_cdc_to' to cell 'FDR' [c:/Users/chris/FPGA_Projects/A-high-speed-data-acquisition-framework-main/AXI_DMA.srcs/sources_1/bd/System/ipshared/ef1e/hdl/lib_cdc_v1_0_rfs.vhd:736]
	Parameter INIT bound to: 1'b0 
INFO: [Synth 8-113] binding component instance 'CROSS2_PLEVEL_IN2SCNDRY_IN_cdc_to' to cell 'FDR' [c:/Users/chris/FPGA_Projects/A-high-speed-data-acquisition-framework-main/AXI_DMA.srcs/sources_1/bd/System/ipshared/ef1e/hdl/lib_cdc_v1_0_rfs.vhd:736]
	Parameter INIT bound to: 1'b0 
INFO: [Synth 8-113] binding component instance 'CROSS2_PLEVEL_IN2SCNDRY_IN_cdc_to' to cell 'FDR' [c:/Users/chris/FPGA_Projects/A-high-speed-data-acquisition-framework-main/AXI_DMA.srcs/sources_1/bd/System/ipshared/ef1e/hdl/lib_cdc_v1_0_rfs.vhd:736]
	Parameter INIT bound to: 1'b0 
INFO: [Synth 8-113] binding component instance 'CROSS2_PLEVEL_IN2SCNDRY_IN_cdc_to' to cell 'FDR' [c:/Users/chris/FPGA_Projects/A-high-speed-data-acquisition-framework-main/AXI_DMA.srcs/sources_1/bd/System/ipshared/ef1e/hdl/lib_cdc_v1_0_rfs.vhd:736]
	Parameter INIT bound to: 1'b0 
INFO: [Synth 8-113] binding component instance 'CROSS2_PLEVEL_IN2SCNDRY_s_level_out_bus_d2' to cell 'FDR' [c:/Users/chris/FPGA_Projects/A-high-speed-data-acquisition-framework-main/AXI_DMA.srcs/sources_1/bd/System/ipshared/ef1e/hdl/lib_cdc_v1_0_rfs.vhd:772]
	Parameter INIT bound to: 1'b0 
INFO: [Synth 8-113] binding component instance 'CROSS2_PLEVEL_IN2SCNDRY_s_level_out_bus_d2' to cell 'FDR' [c:/Users/chris/FPGA_Projects/A-high-speed-data-acquisition-framework-main/AXI_DMA.srcs/sources_1/bd/System/ipshared/ef1e/hdl/lib_cdc_v1_0_rfs.vhd:772]
	Parameter INIT bound to: 1'b0 
INFO: [Synth 8-113] binding component instance 'CROSS2_PLEVEL_IN2SCNDRY_s_level_out_bus_d2' to cell 'FDR' [c:/Users/chris/FPGA_Projects/A-high-speed-data-acquisition-framework-main/AXI_DMA.srcs/sources_1/bd/System/ipshared/ef1e/hdl/lib_cdc_v1_0_rfs.vhd:772]
	Parameter INIT bound to: 1'b0 
INFO: [Synth 8-113] binding component instance 'CROSS2_PLEVEL_IN2SCNDRY_s_level_out_bus_d2' to cell 'FDR' [c:/Users/chris/FPGA_Projects/A-high-speed-data-acquisition-framework-main/AXI_DMA.srcs/sources_1/bd/System/ipshared/ef1e/hdl/lib_cdc_v1_0_rfs.vhd:772]
	Parameter INIT bound to: 1'b0 
INFO: [Synth 8-113] binding component instance 'CROSS2_PLEVEL_IN2SCNDRY_s_level_out_bus_d2' to cell 'FDR' [c:/Users/chris/FPGA_Projects/A-high-speed-data-acquisition-framework-main/AXI_DMA.srcs/sources_1/bd/System/ipshared/ef1e/hdl/lib_cdc_v1_0_rfs.vhd:772]
	Parameter INIT bound to: 1'b0 
INFO: [Synth 8-113] binding component instance 'CROSS2_PLEVEL_IN2SCNDRY_s_level_out_bus_d2' to cell 'FDR' [c:/Users/chris/FPGA_Projects/A-high-speed-data-acquisition-framework-main/AXI_DMA.srcs/sources_1/bd/System/ipshared/ef1e/hdl/lib_cdc_v1_0_rfs.vhd:772]
	Parameter INIT bound to: 1'b0 
INFO: [Synth 8-113] binding component instance 'CROSS2_PLEVEL_IN2SCNDRY_s_level_out_bus_d2' to cell 'FDR' [c:/Users/chris/FPGA_Projects/A-high-speed-data-acquisition-framework-main/AXI_DMA.srcs/sources_1/bd/System/ipshared/ef1e/hdl/lib_cdc_v1_0_rfs.vhd:772]
	Parameter INIT bound to: 1'b0 
INFO: [Synth 8-113] binding component instance 'CROSS2_PLEVEL_IN2SCNDRY_s_level_out_bus_d2' to cell 'FDR' [c:/Users/chris/FPGA_Projects/A-high-speed-data-acquisition-framework-main/AXI_DMA.srcs/sources_1/bd/System/ipshared/ef1e/hdl/lib_cdc_v1_0_rfs.vhd:772]
	Parameter INIT bound to: 1'b0 
INFO: [Synth 8-113] binding component instance 'CROSS2_PLEVEL_IN2SCNDRY_s_level_out_bus_d2' to cell 'FDR' [c:/Users/chris/FPGA_Projects/A-high-speed-data-acquisition-framework-main/AXI_DMA.srcs/sources_1/bd/System/ipshared/ef1e/hdl/lib_cdc_v1_0_rfs.vhd:772]
	Parameter INIT bound to: 1'b0 
INFO: [Synth 8-113] binding component instance 'CROSS2_PLEVEL_IN2SCNDRY_s_level_out_bus_d2' to cell 'FDR' [c:/Users/chris/FPGA_Projects/A-high-speed-data-acquisition-framework-main/AXI_DMA.srcs/sources_1/bd/System/ipshared/ef1e/hdl/lib_cdc_v1_0_rfs.vhd:772]
	Parameter INIT bound to: 1'b0 
INFO: [Synth 8-113] binding component instance 'CROSS2_PLEVEL_IN2SCNDRY_s_level_out_bus_d3' to cell 'FDR' [c:/Users/chris/FPGA_Projects/A-high-speed-data-acquisition-framework-main/AXI_DMA.srcs/sources_1/bd/System/ipshared/ef1e/hdl/lib_cdc_v1_0_rfs.vhd:788]
	Parameter INIT bound to: 1'b0 
INFO: [Synth 8-113] binding component instance 'CROSS2_PLEVEL_IN2SCNDRY_s_level_out_bus_d3' to cell 'FDR' [c:/Users/chris/FPGA_Projects/A-high-speed-data-acquisition-framework-main/AXI_DMA.srcs/sources_1/bd/System/ipshared/ef1e/hdl/lib_cdc_v1_0_rfs.vhd:788]
	Parameter INIT bound to: 1'b0 
INFO: [Synth 8-113] binding component instance 'CROSS2_PLEVEL_IN2SCNDRY_s_level_out_bus_d3' to cell 'FDR' [c:/Users/chris/FPGA_Projects/A-high-speed-data-acquisition-framework-main/AXI_DMA.srcs/sources_1/bd/System/ipshared/ef1e/hdl/lib_cdc_v1_0_rfs.vhd:788]
	Parameter INIT bound to: 1'b0 
INFO: [Synth 8-113] binding component instance 'CROSS2_PLEVEL_IN2SCNDRY_s_level_out_bus_d3' to cell 'FDR' [c:/Users/chris/FPGA_Projects/A-high-speed-data-acquisition-framework-main/AXI_DMA.srcs/sources_1/bd/System/ipshared/ef1e/hdl/lib_cdc_v1_0_rfs.vhd:788]
	Parameter INIT bound to: 1'b0 
INFO: [Synth 8-113] binding component instance 'CROSS2_PLEVEL_IN2SCNDRY_s_level_out_bus_d3' to cell 'FDR' [c:/Users/chris/FPGA_Projects/A-high-speed-data-acquisition-framework-main/AXI_DMA.srcs/sources_1/bd/System/ipshared/ef1e/hdl/lib_cdc_v1_0_rfs.vhd:788]
	Parameter INIT bound to: 1'b0 
INFO: [Synth 8-113] binding component instance 'CROSS2_PLEVEL_IN2SCNDRY_s_level_out_bus_d3' to cell 'FDR' [c:/Users/chris/FPGA_Projects/A-high-speed-data-acquisition-framework-main/AXI_DMA.srcs/sources_1/bd/System/ipshared/ef1e/hdl/lib_cdc_v1_0_rfs.vhd:788]
	Parameter INIT bound to: 1'b0 
INFO: [Synth 8-113] binding component instance 'CROSS2_PLEVEL_IN2SCNDRY_s_level_out_bus_d3' to cell 'FDR' [c:/Users/chris/FPGA_Projects/A-high-speed-data-acquisition-framework-main/AXI_DMA.srcs/sources_1/bd/System/ipshared/ef1e/hdl/lib_cdc_v1_0_rfs.vhd:788]
	Parameter INIT bound to: 1'b0 
INFO: [Synth 8-113] binding component instance 'CROSS2_PLEVEL_IN2SCNDRY_s_level_out_bus_d3' to cell 'FDR' [c:/Users/chris/FPGA_Projects/A-high-speed-data-acquisition-framework-main/AXI_DMA.srcs/sources_1/bd/System/ipshared/ef1e/hdl/lib_cdc_v1_0_rfs.vhd:788]
	Parameter INIT bound to: 1'b0 
INFO: [Synth 8-113] binding component instance 'CROSS2_PLEVEL_IN2SCNDRY_s_level_out_bus_d3' to cell 'FDR' [c:/Users/chris/FPGA_Projects/A-high-speed-data-acquisition-framework-main/AXI_DMA.srcs/sources_1/bd/System/ipshared/ef1e/hdl/lib_cdc_v1_0_rfs.vhd:788]
	Parameter INIT bound to: 1'b0 
INFO: [Synth 8-113] binding component instance 'CROSS2_PLEVEL_IN2SCNDRY_s_level_out_bus_d3' to cell 'FDR' [c:/Users/chris/FPGA_Projects/A-high-speed-data-acquisition-framework-main/AXI_DMA.srcs/sources_1/bd/System/ipshared/ef1e/hdl/lib_cdc_v1_0_rfs.vhd:788]
	Parameter INIT bound to: 1'b0 
INFO: [Synth 8-113] binding component instance 'CROSS2_PLEVEL_IN2SCNDRY_s_level_out_bus_d4' to cell 'FDR' [c:/Users/chris/FPGA_Projects/A-high-speed-data-acquisition-framework-main/AXI_DMA.srcs/sources_1/bd/System/ipshared/ef1e/hdl/lib_cdc_v1_0_rfs.vhd:804]
	Parameter INIT bound to: 1'b0 
INFO: [Synth 8-113] binding component instance 'CROSS2_PLEVEL_IN2SCNDRY_s_level_out_bus_d4' to cell 'FDR' [c:/Users/chris/FPGA_Projects/A-high-speed-data-acquisition-framework-main/AXI_DMA.srcs/sources_1/bd/System/ipshared/ef1e/hdl/lib_cdc_v1_0_rfs.vhd:804]
	Parameter INIT bound to: 1'b0 
INFO: [Synth 8-113] binding component instance 'CROSS2_PLEVEL_IN2SCNDRY_s_level_out_bus_d4' to cell 'FDR' [c:/Users/chris/FPGA_Projects/A-high-speed-data-acquisition-framework-main/AXI_DMA.srcs/sources_1/bd/System/ipshared/ef1e/hdl/lib_cdc_v1_0_rfs.vhd:804]
	Parameter INIT bound to: 1'b0 
INFO: [Synth 8-113] binding component instance 'CROSS2_PLEVEL_IN2SCNDRY_s_level_out_bus_d4' to cell 'FDR' [c:/Users/chris/FPGA_Projects/A-high-speed-data-acquisition-framework-main/AXI_DMA.srcs/sources_1/bd/System/ipshared/ef1e/hdl/lib_cdc_v1_0_rfs.vhd:804]
	Parameter INIT bound to: 1'b0 
INFO: [Synth 8-113] binding component instance 'CROSS2_PLEVEL_IN2SCNDRY_s_level_out_bus_d4' to cell 'FDR' [c:/Users/chris/FPGA_Projects/A-high-speed-data-acquisition-framework-main/AXI_DMA.srcs/sources_1/bd/System/ipshared/ef1e/hdl/lib_cdc_v1_0_rfs.vhd:804]
	Parameter INIT bound to: 1'b0 
INFO: [Synth 8-113] binding component instance 'CROSS2_PLEVEL_IN2SCNDRY_s_level_out_bus_d4' to cell 'FDR' [c:/Users/chris/FPGA_Projects/A-high-speed-data-acquisition-framework-main/AXI_DMA.srcs/sources_1/bd/System/ipshared/ef1e/hdl/lib_cdc_v1_0_rfs.vhd:804]
	Parameter INIT bound to: 1'b0 
INFO: [Synth 8-113] binding component instance 'CROSS2_PLEVEL_IN2SCNDRY_s_level_out_bus_d4' to cell 'FDR' [c:/Users/chris/FPGA_Projects/A-high-speed-data-acquisition-framework-main/AXI_DMA.srcs/sources_1/bd/System/ipshared/ef1e/hdl/lib_cdc_v1_0_rfs.vhd:804]
	Parameter INIT bound to: 1'b0 
INFO: [Synth 8-113] binding component instance 'CROSS2_PLEVEL_IN2SCNDRY_s_level_out_bus_d4' to cell 'FDR' [c:/Users/chris/FPGA_Projects/A-high-speed-data-acquisition-framework-main/AXI_DMA.srcs/sources_1/bd/System/ipshared/ef1e/hdl/lib_cdc_v1_0_rfs.vhd:804]
	Parameter INIT bound to: 1'b0 
INFO: [Synth 8-113] binding component instance 'CROSS2_PLEVEL_IN2SCNDRY_s_level_out_bus_d4' to cell 'FDR' [c:/Users/chris/FPGA_Projects/A-high-speed-data-acquisition-framework-main/AXI_DMA.srcs/sources_1/bd/System/ipshared/ef1e/hdl/lib_cdc_v1_0_rfs.vhd:804]
	Parameter INIT bound to: 1'b0 
INFO: [Synth 8-113] binding component instance 'CROSS2_PLEVEL_IN2SCNDRY_s_level_out_bus_d4' to cell 'FDR' [c:/Users/chris/FPGA_Projects/A-high-speed-data-acquisition-framework-main/AXI_DMA.srcs/sources_1/bd/System/ipshared/ef1e/hdl/lib_cdc_v1_0_rfs.vhd:804]
	Parameter INIT bound to: 1'b0 
INFO: [Synth 8-113] binding component instance 'CROSS2_PLEVEL_IN2SCNDRY_s_level_out_bus_d5' to cell 'FDR' [c:/Users/chris/FPGA_Projects/A-high-speed-data-acquisition-framework-main/AXI_DMA.srcs/sources_1/bd/System/ipshared/ef1e/hdl/lib_cdc_v1_0_rfs.vhd:821]
	Parameter INIT bound to: 1'b0 
INFO: [Synth 8-113] binding component instance 'CROSS2_PLEVEL_IN2SCNDRY_s_level_out_bus_d5' to cell 'FDR' [c:/Users/chris/FPGA_Projects/A-high-speed-data-acquisition-framework-main/AXI_DMA.srcs/sources_1/bd/System/ipshared/ef1e/hdl/lib_cdc_v1_0_rfs.vhd:821]
	Parameter INIT bound to: 1'b0 
INFO: [Synth 8-113] binding component instance 'CROSS2_PLEVEL_IN2SCNDRY_s_level_out_bus_d5' to cell 'FDR' [c:/Users/chris/FPGA_Projects/A-high-speed-data-acquisition-framework-main/AXI_DMA.srcs/sources_1/bd/System/ipshared/ef1e/hdl/lib_cdc_v1_0_rfs.vhd:821]
	Parameter INIT bound to: 1'b0 
INFO: [Synth 8-113] binding component instance 'CROSS2_PLEVEL_IN2SCNDRY_s_level_out_bus_d5' to cell 'FDR' [c:/Users/chris/FPGA_Projects/A-high-speed-data-acquisition-framework-main/AXI_DMA.srcs/sources_1/bd/System/ipshared/ef1e/hdl/lib_cdc_v1_0_rfs.vhd:821]
	Parameter INIT bound to: 1'b0 
INFO: [Synth 8-113] binding component instance 'CROSS2_PLEVEL_IN2SCNDRY_s_level_out_bus_d5' to cell 'FDR' [c:/Users/chris/FPGA_Projects/A-high-speed-data-acquisition-framework-main/AXI_DMA.srcs/sources_1/bd/System/ipshared/ef1e/hdl/lib_cdc_v1_0_rfs.vhd:821]
	Parameter INIT bound to: 1'b0 
INFO: [Synth 8-113] binding component instance 'CROSS2_PLEVEL_IN2SCNDRY_s_level_out_bus_d5' to cell 'FDR' [c:/Users/chris/FPGA_Projects/A-high-speed-data-acquisition-framework-main/AXI_DMA.srcs/sources_1/bd/System/ipshared/ef1e/hdl/lib_cdc_v1_0_rfs.vhd:821]
	Parameter INIT bound to: 1'b0 
INFO: [Synth 8-113] binding component instance 'CROSS2_PLEVEL_IN2SCNDRY_s_level_out_bus_d5' to cell 'FDR' [c:/Users/chris/FPGA_Projects/A-high-speed-data-acquisition-framework-main/AXI_DMA.srcs/sources_1/bd/System/ipshared/ef1e/hdl/lib_cdc_v1_0_rfs.vhd:821]
	Parameter INIT bound to: 1'b0 
INFO: [Synth 8-113] binding component instance 'CROSS2_PLEVEL_IN2SCNDRY_s_level_out_bus_d5' to cell 'FDR' [c:/Users/chris/FPGA_Projects/A-high-speed-data-acquisition-framework-main/AXI_DMA.srcs/sources_1/bd/System/ipshared/ef1e/hdl/lib_cdc_v1_0_rfs.vhd:821]
	Parameter INIT bound to: 1'b0 
INFO: [Synth 8-113] binding component instance 'CROSS2_PLEVEL_IN2SCNDRY_s_level_out_bus_d5' to cell 'FDR' [c:/Users/chris/FPGA_Projects/A-high-speed-data-acquisition-framework-main/AXI_DMA.srcs/sources_1/bd/System/ipshared/ef1e/hdl/lib_cdc_v1_0_rfs.vhd:821]
	Parameter INIT bound to: 1'b0 
INFO: [Synth 8-113] binding component instance 'CROSS2_PLEVEL_IN2SCNDRY_s_level_out_bus_d5' to cell 'FDR' [c:/Users/chris/FPGA_Projects/A-high-speed-data-acquisition-framework-main/AXI_DMA.srcs/sources_1/bd/System/ipshared/ef1e/hdl/lib_cdc_v1_0_rfs.vhd:821]
	Parameter INIT bound to: 1'b0 
INFO: [Synth 8-113] binding component instance 'CROSS2_PLEVEL_IN2SCNDRY_s_level_out_bus_d6' to cell 'FDR' [c:/Users/chris/FPGA_Projects/A-high-speed-data-acquisition-framework-main/AXI_DMA.srcs/sources_1/bd/System/ipshared/ef1e/hdl/lib_cdc_v1_0_rfs.vhd:837]
	Parameter INIT bound to: 1'b0 
INFO: [Synth 8-113] binding component instance 'CROSS2_PLEVEL_IN2SCNDRY_s_level_out_bus_d6' to cell 'FDR' [c:/Users/chris/FPGA_Projects/A-high-speed-data-acquisition-framework-main/AXI_DMA.srcs/sources_1/bd/System/ipshared/ef1e/hdl/lib_cdc_v1_0_rfs.vhd:837]
	Parameter INIT bound to: 1'b0 
INFO: [Synth 8-113] binding component instance 'CROSS2_PLEVEL_IN2SCNDRY_s_level_out_bus_d6' to cell 'FDR' [c:/Users/chris/FPGA_Projects/A-high-speed-data-acquisition-framework-main/AXI_DMA.srcs/sources_1/bd/System/ipshared/ef1e/hdl/lib_cdc_v1_0_rfs.vhd:837]
	Parameter INIT bound to: 1'b0 
INFO: [Synth 8-113] binding component instance 'CROSS2_PLEVEL_IN2SCNDRY_s_level_out_bus_d6' to cell 'FDR' [c:/Users/chris/FPGA_Projects/A-high-speed-data-acquisition-framework-main/AXI_DMA.srcs/sources_1/bd/System/ipshared/ef1e/hdl/lib_cdc_v1_0_rfs.vhd:837]
	Parameter INIT bound to: 1'b0 
INFO: [Synth 8-113] binding component instance 'CROSS2_PLEVEL_IN2SCNDRY_s_level_out_bus_d6' to cell 'FDR' [c:/Users/chris/FPGA_Projects/A-high-speed-data-acquisition-framework-main/AXI_DMA.srcs/sources_1/bd/System/ipshared/ef1e/hdl/lib_cdc_v1_0_rfs.vhd:837]
	Parameter INIT bound to: 1'b0 
INFO: [Synth 8-113] binding component instance 'CROSS2_PLEVEL_IN2SCNDRY_s_level_out_bus_d6' to cell 'FDR' [c:/Users/chris/FPGA_Projects/A-high-speed-data-acquisition-framework-main/AXI_DMA.srcs/sources_1/bd/System/ipshared/ef1e/hdl/lib_cdc_v1_0_rfs.vhd:837]
	Parameter INIT bound to: 1'b0 
INFO: [Synth 8-113] binding component instance 'CROSS2_PLEVEL_IN2SCNDRY_s_level_out_bus_d6' to cell 'FDR' [c:/Users/chris/FPGA_Projects/A-high-speed-data-acquisition-framework-main/AXI_DMA.srcs/sources_1/bd/System/ipshared/ef1e/hdl/lib_cdc_v1_0_rfs.vhd:837]
	Parameter INIT bound to: 1'b0 
INFO: [Synth 8-113] binding component instance 'CROSS2_PLEVEL_IN2SCNDRY_s_level_out_bus_d6' to cell 'FDR' [c:/Users/chris/FPGA_Projects/A-high-speed-data-acquisition-framework-main/AXI_DMA.srcs/sources_1/bd/System/ipshared/ef1e/hdl/lib_cdc_v1_0_rfs.vhd:837]
	Parameter INIT bound to: 1'b0 
INFO: [Synth 8-113] binding component instance 'CROSS2_PLEVEL_IN2SCNDRY_s_level_out_bus_d6' to cell 'FDR' [c:/Users/chris/FPGA_Projects/A-high-speed-data-acquisition-framework-main/AXI_DMA.srcs/sources_1/bd/System/ipshared/ef1e/hdl/lib_cdc_v1_0_rfs.vhd:837]
	Parameter INIT bound to: 1'b0 
INFO: [Synth 8-113] binding component instance 'CROSS2_PLEVEL_IN2SCNDRY_s_level_out_bus_d6' to cell 'FDR' [c:/Users/chris/FPGA_Projects/A-high-speed-data-acquisition-framework-main/AXI_DMA.srcs/sources_1/bd/System/ipshared/ef1e/hdl/lib_cdc_v1_0_rfs.vhd:837]
INFO: [Synth 8-256] done synthesizing module 'cdc_sync__parameterized1' (88#1) [c:/Users/chris/FPGA_Projects/A-high-speed-data-acquisition-framework-main/AXI_DMA.srcs/sources_1/bd/System/ipshared/ef1e/hdl/lib_cdc_v1_0_rfs.vhd:106]
INFO: [Synth 8-638] synthesizing module 'cdc_sync__parameterized2' [c:/Users/chris/FPGA_Projects/A-high-speed-data-acquisition-framework-main/AXI_DMA.srcs/sources_1/bd/System/ipshared/ef1e/hdl/lib_cdc_v1_0_rfs.vhd:106]
	Parameter C_CDC_TYPE bound to: 1 - type: integer 
	Parameter C_RESET_STATE bound to: 0 - type: integer 
	Parameter C_SINGLE_BIT bound to: 0 - type: integer 
	Parameter C_FLOP_INPUT bound to: 0 - type: integer 
	Parameter C_VECTOR_WIDTH bound to: 32 - type: integer 
	Parameter C_MTBF_STAGES bound to: 1 - type: integer 
	Parameter INIT bound to: 1'b0 
INFO: [Synth 8-113] binding component instance 'CROSS2_PLEVEL_IN2SCNDRY_IN_cdc_to' to cell 'FDR' [c:/Users/chris/FPGA_Projects/A-high-speed-data-acquisition-framework-main/AXI_DMA.srcs/sources_1/bd/System/ipshared/ef1e/hdl/lib_cdc_v1_0_rfs.vhd:736]
	Parameter INIT bound to: 1'b0 
INFO: [Synth 8-113] binding component instance 'CROSS2_PLEVEL_IN2SCNDRY_IN_cdc_to' to cell 'FDR' [c:/Users/chris/FPGA_Projects/A-high-speed-data-acquisition-framework-main/AXI_DMA.srcs/sources_1/bd/System/ipshared/ef1e/hdl/lib_cdc_v1_0_rfs.vhd:736]
	Parameter INIT bound to: 1'b0 
INFO: [Synth 8-113] binding component instance 'CROSS2_PLEVEL_IN2SCNDRY_IN_cdc_to' to cell 'FDR' [c:/Users/chris/FPGA_Projects/A-high-speed-data-acquisition-framework-main/AXI_DMA.srcs/sources_1/bd/System/ipshared/ef1e/hdl/lib_cdc_v1_0_rfs.vhd:736]
	Parameter INIT bound to: 1'b0 
INFO: [Synth 8-113] binding component instance 'CROSS2_PLEVEL_IN2SCNDRY_IN_cdc_to' to cell 'FDR' [c:/Users/chris/FPGA_Projects/A-high-speed-data-acquisition-framework-main/AXI_DMA.srcs/sources_1/bd/System/ipshared/ef1e/hdl/lib_cdc_v1_0_rfs.vhd:736]
	Parameter INIT bound to: 1'b0 
INFO: [Synth 8-113] binding component instance 'CROSS2_PLEVEL_IN2SCNDRY_IN_cdc_to' to cell 'FDR' [c:/Users/chris/FPGA_Projects/A-high-speed-data-acquisition-framework-main/AXI_DMA.srcs/sources_1/bd/System/ipshared/ef1e/hdl/lib_cdc_v1_0_rfs.vhd:736]
	Parameter INIT bound to: 1'b0 
INFO: [Synth 8-113] binding component instance 'CROSS2_PLEVEL_IN2SCNDRY_IN_cdc_to' to cell 'FDR' [c:/Users/chris/FPGA_Projects/A-high-speed-data-acquisition-framework-main/AXI_DMA.srcs/sources_1/bd/System/ipshared/ef1e/hdl/lib_cdc_v1_0_rfs.vhd:736]
	Parameter INIT bound to: 1'b0 
INFO: [Synth 8-113] binding component instance 'CROSS2_PLEVEL_IN2SCNDRY_IN_cdc_to' to cell 'FDR' [c:/Users/chris/FPGA_Projects/A-high-speed-data-acquisition-framework-main/AXI_DMA.srcs/sources_1/bd/System/ipshared/ef1e/hdl/lib_cdc_v1_0_rfs.vhd:736]
	Parameter INIT bound to: 1'b0 
INFO: [Synth 8-113] binding component instance 'CROSS2_PLEVEL_IN2SCNDRY_IN_cdc_to' to cell 'FDR' [c:/Users/chris/FPGA_Projects/A-high-speed-data-acquisition-framework-main/AXI_DMA.srcs/sources_1/bd/System/ipshared/ef1e/hdl/lib_cdc_v1_0_rfs.vhd:736]
	Parameter INIT bound to: 1'b0 
INFO: [Synth 8-113] binding component instance 'CROSS2_PLEVEL_IN2SCNDRY_IN_cdc_to' to cell 'FDR' [c:/Users/chris/FPGA_Projects/A-high-speed-data-acquisition-framework-main/AXI_DMA.srcs/sources_1/bd/System/ipshared/ef1e/hdl/lib_cdc_v1_0_rfs.vhd:736]
	Parameter INIT bound to: 1'b0 
INFO: [Synth 8-113] binding component instance 'CROSS2_PLEVEL_IN2SCNDRY_IN_cdc_to' to cell 'FDR' [c:/Users/chris/FPGA_Projects/A-high-speed-data-acquisition-framework-main/AXI_DMA.srcs/sources_1/bd/System/ipshared/ef1e/hdl/lib_cdc_v1_0_rfs.vhd:736]
	Parameter INIT bound to: 1'b0 
INFO: [Synth 8-113] binding component instance 'CROSS2_PLEVEL_IN2SCNDRY_IN_cdc_to' to cell 'FDR' [c:/Users/chris/FPGA_Projects/A-high-speed-data-acquisition-framework-main/AXI_DMA.srcs/sources_1/bd/System/ipshared/ef1e/hdl/lib_cdc_v1_0_rfs.vhd:736]
	Parameter INIT bound to: 1'b0 
INFO: [Synth 8-113] binding component instance 'CROSS2_PLEVEL_IN2SCNDRY_IN_cdc_to' to cell 'FDR' [c:/Users/chris/FPGA_Projects/A-high-speed-data-acquisition-framework-main/AXI_DMA.srcs/sources_1/bd/System/ipshared/ef1e/hdl/lib_cdc_v1_0_rfs.vhd:736]
	Parameter INIT bound to: 1'b0 
INFO: [Synth 8-113] binding component instance 'CROSS2_PLEVEL_IN2SCNDRY_IN_cdc_to' to cell 'FDR' [c:/Users/chris/FPGA_Projects/A-high-speed-data-acquisition-framework-main/AXI_DMA.srcs/sources_1/bd/System/ipshared/ef1e/hdl/lib_cdc_v1_0_rfs.vhd:736]
	Parameter INIT bound to: 1'b0 
INFO: [Synth 8-113] binding component instance 'CROSS2_PLEVEL_IN2SCNDRY_IN_cdc_to' to cell 'FDR' [c:/Users/chris/FPGA_Projects/A-high-speed-data-acquisition-framework-main/AXI_DMA.srcs/sources_1/bd/System/ipshared/ef1e/hdl/lib_cdc_v1_0_rfs.vhd:736]
	Parameter INIT bound to: 1'b0 
INFO: [Synth 8-113] binding component instance 'CROSS2_PLEVEL_IN2SCNDRY_IN_cdc_to' to cell 'FDR' [c:/Users/chris/FPGA_Projects/A-high-speed-data-acquisition-framework-main/AXI_DMA.srcs/sources_1/bd/System/ipshared/ef1e/hdl/lib_cdc_v1_0_rfs.vhd:736]
	Parameter INIT bound to: 1'b0 
INFO: [Synth 8-113] binding component instance 'CROSS2_PLEVEL_IN2SCNDRY_IN_cdc_to' to cell 'FDR' [c:/Users/chris/FPGA_Projects/A-high-speed-data-acquisition-framework-main/AXI_DMA.srcs/sources_1/bd/System/ipshared/ef1e/hdl/lib_cdc_v1_0_rfs.vhd:736]
	Parameter INIT bound to: 1'b0 
INFO: [Synth 8-113] binding component instance 'CROSS2_PLEVEL_IN2SCNDRY_IN_cdc_to' to cell 'FDR' [c:/Users/chris/FPGA_Projects/A-high-speed-data-acquisition-framework-main/AXI_DMA.srcs/sources_1/bd/System/ipshared/ef1e/hdl/lib_cdc_v1_0_rfs.vhd:736]
	Parameter INIT bound to: 1'b0 
INFO: [Synth 8-113] binding component instance 'CROSS2_PLEVEL_IN2SCNDRY_IN_cdc_to' to cell 'FDR' [c:/Users/chris/FPGA_Projects/A-high-speed-data-acquisition-framework-main/AXI_DMA.srcs/sources_1/bd/System/ipshared/ef1e/hdl/lib_cdc_v1_0_rfs.vhd:736]
	Parameter INIT bound to: 1'b0 
INFO: [Synth 8-113] binding component instance 'CROSS2_PLEVEL_IN2SCNDRY_IN_cdc_to' to cell 'FDR' [c:/Users/chris/FPGA_Projects/A-high-speed-data-acquisition-framework-main/AXI_DMA.srcs/sources_1/bd/System/ipshared/ef1e/hdl/lib_cdc_v1_0_rfs.vhd:736]
	Parameter INIT bound to: 1'b0 
INFO: [Synth 8-113] binding component instance 'CROSS2_PLEVEL_IN2SCNDRY_IN_cdc_to' to cell 'FDR' [c:/Users/chris/FPGA_Projects/A-high-speed-data-acquisition-framework-main/AXI_DMA.srcs/sources_1/bd/System/ipshared/ef1e/hdl/lib_cdc_v1_0_rfs.vhd:736]
	Parameter INIT bound to: 1'b0 
INFO: [Synth 8-113] binding component instance 'CROSS2_PLEVEL_IN2SCNDRY_IN_cdc_to' to cell 'FDR' [c:/Users/chris/FPGA_Projects/A-high-speed-data-acquisition-framework-main/AXI_DMA.srcs/sources_1/bd/System/ipshared/ef1e/hdl/lib_cdc_v1_0_rfs.vhd:736]
	Parameter INIT bound to: 1'b0 
INFO: [Synth 8-113] binding component instance 'CROSS2_PLEVEL_IN2SCNDRY_IN_cdc_to' to cell 'FDR' [c:/Users/chris/FPGA_Projects/A-high-speed-data-acquisition-framework-main/AXI_DMA.srcs/sources_1/bd/System/ipshared/ef1e/hdl/lib_cdc_v1_0_rfs.vhd:736]
	Parameter INIT bound to: 1'b0 
INFO: [Synth 8-113] binding component instance 'CROSS2_PLEVEL_IN2SCNDRY_IN_cdc_to' to cell 'FDR' [c:/Users/chris/FPGA_Projects/A-high-speed-data-acquisition-framework-main/AXI_DMA.srcs/sources_1/bd/System/ipshared/ef1e/hdl/lib_cdc_v1_0_rfs.vhd:736]
INFO: [Common 17-14] Message 'Synth 8-113' appears 100 times and further instances of the messages will be disabled. Use the Tcl command set_msg_config to change the current settings.
	Parameter INIT bound to: 1'b0 
	Parameter INIT bound to: 1'b0 
	Parameter INIT bound to: 1'b0 
	Parameter INIT bound to: 1'b0 
	Parameter INIT bound to: 1'b0 
	Parameter INIT bound to: 1'b0 
	Parameter INIT bound to: 1'b0 
	Parameter INIT bound to: 1'b0 
	Parameter INIT bound to: 1'b0 
	Parameter INIT bound to: 1'b0 
	Parameter INIT bound to: 1'b0 
	Parameter INIT bound to: 1'b0 
	Parameter INIT bound to: 1'b0 
	Parameter INIT bound to: 1'b0 
	Parameter INIT bound to: 1'b0 
	Parameter INIT bound to: 1'b0 
	Parameter INIT bound to: 1'b0 
	Parameter INIT bound to: 1'b0 
	Parameter INIT bound to: 1'b0 
	Parameter INIT bound to: 1'b0 
	Parameter INIT bound to: 1'b0 
	Parameter INIT bound to: 1'b0 
	Parameter INIT bound to: 1'b0 
	Parameter INIT bound to: 1'b0 
	Parameter INIT bound to: 1'b0 
	Parameter INIT bound to: 1'b0 
	Parameter INIT bound to: 1'b0 
	Parameter INIT bound to: 1'b0 
	Parameter INIT bound to: 1'b0 
	Parameter INIT bound to: 1'b0 
	Parameter INIT bound to: 1'b0 
	Parameter INIT bound to: 1'b0 
	Parameter INIT bound to: 1'b0 
	Parameter INIT bound to: 1'b0 
	Parameter INIT bound to: 1'b0 
	Parameter INIT bound to: 1'b0 
	Parameter INIT bound to: 1'b0 
	Parameter INIT bound to: 1'b0 
	Parameter INIT bound to: 1'b0 
	Parameter INIT bound to: 1'b0 
	Parameter INIT bound to: 1'b0 
	Parameter INIT bound to: 1'b0 
	Parameter INIT bound to: 1'b0 
	Parameter INIT bound to: 1'b0 
	Parameter INIT bound to: 1'b0 
	Parameter INIT bound to: 1'b0 
	Parameter INIT bound to: 1'b0 
	Parameter INIT bound to: 1'b0 
	Parameter INIT bound to: 1'b0 
	Parameter INIT bound to: 1'b0 
	Parameter INIT bound to: 1'b0 
	Parameter INIT bound to: 1'b0 
	Parameter INIT bound to: 1'b0 
	Parameter INIT bound to: 1'b0 
	Parameter INIT bound to: 1'b0 
	Parameter INIT bound to: 1'b0 
	Parameter INIT bound to: 1'b0 
	Parameter INIT bound to: 1'b0 
	Parameter INIT bound to: 1'b0 
	Parameter INIT bound to: 1'b0 
	Parameter INIT bound to: 1'b0 
	Parameter INIT bound to: 1'b0 
	Parameter INIT bound to: 1'b0 
	Parameter INIT bound to: 1'b0 
	Parameter INIT bound to: 1'b0 
	Parameter INIT bound to: 1'b0 
	Parameter INIT bound to: 1'b0 
	Parameter INIT bound to: 1'b0 
	Parameter INIT bound to: 1'b0 
	Parameter INIT bound to: 1'b0 
	Parameter INIT bound to: 1'b0 
	Parameter INIT bound to: 1'b0 
	Parameter INIT bound to: 1'b0 
	Parameter INIT bound to: 1'b0 
	Parameter INIT bound to: 1'b0 
	Parameter INIT bound to: 1'b0 
	Parameter INIT bound to: 1'b0 
	Parameter INIT bound to: 1'b0 
	Parameter INIT bound to: 1'b0 
	Parameter INIT bound to: 1'b0 
	Parameter INIT bound to: 1'b0 
	Parameter INIT bound to: 1'b0 
	Parameter INIT bound to: 1'b0 
	Parameter INIT bound to: 1'b0 
	Parameter INIT bound to: 1'b0 
	Parameter INIT bound to: 1'b0 
	Parameter INIT bound to: 1'b0 
	Parameter INIT bound to: 1'b0 
	Parameter INIT bound to: 1'b0 
	Parameter INIT bound to: 1'b0 
	Parameter INIT bound to: 1'b0 
	Parameter INIT bound to: 1'b0 
	Parameter INIT bound to: 1'b0 
	Parameter INIT bound to: 1'b0 
	Parameter INIT bound to: 1'b0 
	Parameter INIT bound to: 1'b0 
	Parameter INIT bound to: 1'b0 
	Parameter INIT bound to: 1'b0 
	Parameter INIT bound to: 1'b0 
	Parameter INIT bound to: 1'b0 
	Parameter INIT bound to: 1'b0 
	Parameter INIT bound to: 1'b0 
	Parameter INIT bound to: 1'b0 
	Parameter INIT bound to: 1'b0 
	Parameter INIT bound to: 1'b0 
	Parameter INIT bound to: 1'b0 
	Parameter INIT bound to: 1'b0 
	Parameter INIT bound to: 1'b0 
	Parameter INIT bound to: 1'b0 
	Parameter INIT bound to: 1'b0 
	Parameter INIT bound to: 1'b0 
	Parameter INIT bound to: 1'b0 
	Parameter INIT bound to: 1'b0 
	Parameter INIT bound to: 1'b0 
	Parameter INIT bound to: 1'b0 
	Parameter INIT bound to: 1'b0 
	Parameter INIT bound to: 1'b0 
	Parameter INIT bound to: 1'b0 
	Parameter INIT bound to: 1'b0 
	Parameter INIT bound to: 1'b0 
	Parameter INIT bound to: 1'b0 
	Parameter INIT bound to: 1'b0 
	Parameter INIT bound to: 1'b0 
	Parameter INIT bound to: 1'b0 
	Parameter INIT bound to: 1'b0 
	Parameter INIT bound to: 1'b0 
	Parameter INIT bound to: 1'b0 
	Parameter INIT bound to: 1'b0 
	Parameter INIT bound to: 1'b0 
	Parameter INIT bound to: 1'b0 
	Parameter INIT bound to: 1'b0 
	Parameter INIT bound to: 1'b0 
	Parameter INIT bound to: 1'b0 
	Parameter INIT bound to: 1'b0 
	Parameter INIT bound to: 1'b0 
	Parameter INIT bound to: 1'b0 
	Parameter INIT bound to: 1'b0 
	Parameter INIT bound to: 1'b0 
	Parameter INIT bound to: 1'b0 
	Parameter INIT bound to: 1'b0 
	Parameter INIT bound to: 1'b0 
	Parameter INIT bound to: 1'b0 
	Parameter INIT bound to: 1'b0 
	Parameter INIT bound to: 1'b0 
	Parameter INIT bound to: 1'b0 
	Parameter INIT bound to: 1'b0 
	Parameter INIT bound to: 1'b0 
	Parameter INIT bound to: 1'b0 
	Parameter INIT bound to: 1'b0 
	Parameter INIT bound to: 1'b0 
	Parameter INIT bound to: 1'b0 
	Parameter INIT bound to: 1'b0 
	Parameter INIT bound to: 1'b0 
	Parameter INIT bound to: 1'b0 
	Parameter INIT bound to: 1'b0 
	Parameter INIT bound to: 1'b0 
	Parameter INIT bound to: 1'b0 
	Parameter INIT bound to: 1'b0 
	Parameter INIT bound to: 1'b0 
	Parameter INIT bound to: 1'b0 
	Parameter INIT bound to: 1'b0 
	Parameter INIT bound to: 1'b0 
	Parameter INIT bound to: 1'b0 
	Parameter INIT bound to: 1'b0 
	Parameter INIT bound to: 1'b0 
	Parameter INIT bound to: 1'b0 
	Parameter INIT bound to: 1'b0 
	Parameter INIT bound to: 1'b0 
	Parameter INIT bound to: 1'b0 
INFO: [Synth 8-256] done synthesizing module 'cdc_sync__parameterized2' (88#1) [c:/Users/chris/FPGA_Projects/A-high-speed-data-acquisition-framework-main/AXI_DMA.srcs/sources_1/bd/System/ipshared/ef1e/hdl/lib_cdc_v1_0_rfs.vhd:106]
INFO: [Synth 8-638] synthesizing module 'cdc_sync__parameterized3' [c:/Users/chris/FPGA_Projects/A-high-speed-data-acquisition-framework-main/AXI_DMA.srcs/sources_1/bd/System/ipshared/ef1e/hdl/lib_cdc_v1_0_rfs.vhd:106]
	Parameter C_CDC_TYPE bound to: 1 - type: integer 
	Parameter C_RESET_STATE bound to: 0 - type: integer 
	Parameter C_SINGLE_BIT bound to: 0 - type: integer 
	Parameter C_FLOP_INPUT bound to: 0 - type: integer 
	Parameter C_VECTOR_WIDTH bound to: 10 - type: integer 
	Parameter C_MTBF_STAGES bound to: 4 - type: integer 
	Parameter INIT bound to: 1'b0 
	Parameter INIT bound to: 1'b0 
	Parameter INIT bound to: 1'b0 
	Parameter INIT bound to: 1'b0 
	Parameter INIT bound to: 1'b0 
	Parameter INIT bound to: 1'b0 
	Parameter INIT bound to: 1'b0 
	Parameter INIT bound to: 1'b0 
	Parameter INIT bound to: 1'b0 
	Parameter INIT bound to: 1'b0 
	Parameter INIT bound to: 1'b0 
	Parameter INIT bound to: 1'b0 
	Parameter INIT bound to: 1'b0 
	Parameter INIT bound to: 1'b0 
	Parameter INIT bound to: 1'b0 
	Parameter INIT bound to: 1'b0 
	Parameter INIT bound to: 1'b0 
	Parameter INIT bound to: 1'b0 
	Parameter INIT bound to: 1'b0 
	Parameter INIT bound to: 1'b0 
	Parameter INIT bound to: 1'b0 
	Parameter INIT bound to: 1'b0 
	Parameter INIT bound to: 1'b0 
	Parameter INIT bound to: 1'b0 
	Parameter INIT bound to: 1'b0 
	Parameter INIT bound to: 1'b0 
	Parameter INIT bound to: 1'b0 
	Parameter INIT bound to: 1'b0 
	Parameter INIT bound to: 1'b0 
	Parameter INIT bound to: 1'b0 
	Parameter INIT bound to: 1'b0 
	Parameter INIT bound to: 1'b0 
	Parameter INIT bound to: 1'b0 
	Parameter INIT bound to: 1'b0 
	Parameter INIT bound to: 1'b0 
	Parameter INIT bound to: 1'b0 
	Parameter INIT bound to: 1'b0 
	Parameter INIT bound to: 1'b0 
	Parameter INIT bound to: 1'b0 
	Parameter INIT bound to: 1'b0 
	Parameter INIT bound to: 1'b0 
	Parameter INIT bound to: 1'b0 
	Parameter INIT bound to: 1'b0 
	Parameter INIT bound to: 1'b0 
	Parameter INIT bound to: 1'b0 
	Parameter INIT bound to: 1'b0 
	Parameter INIT bound to: 1'b0 
	Parameter INIT bound to: 1'b0 
	Parameter INIT bound to: 1'b0 
	Parameter INIT bound to: 1'b0 
	Parameter INIT bound to: 1'b0 
	Parameter INIT bound to: 1'b0 
	Parameter INIT bound to: 1'b0 
	Parameter INIT bound to: 1'b0 
	Parameter INIT bound to: 1'b0 
	Parameter INIT bound to: 1'b0 
	Parameter INIT bound to: 1'b0 
	Parameter INIT bound to: 1'b0 
	Parameter INIT bound to: 1'b0 
	Parameter INIT bound to: 1'b0 
INFO: [Synth 8-256] done synthesizing module 'cdc_sync__parameterized3' (88#1) [c:/Users/chris/FPGA_Projects/A-high-speed-data-acquisition-framework-main/AXI_DMA.srcs/sources_1/bd/System/ipshared/ef1e/hdl/lib_cdc_v1_0_rfs.vhd:106]
INFO: [Synth 8-638] synthesizing module 'cdc_sync__parameterized4' [c:/Users/chris/FPGA_Projects/A-high-speed-data-acquisition-framework-main/AXI_DMA.srcs/sources_1/bd/System/ipshared/ef1e/hdl/lib_cdc_v1_0_rfs.vhd:106]
	Parameter C_CDC_TYPE bound to: 1 - type: integer 
	Parameter C_RESET_STATE bound to: 0 - type: integer 
	Parameter C_SINGLE_BIT bound to: 1 - type: integer 
	Parameter C_FLOP_INPUT bound to: 0 - type: integer 
	Parameter C_VECTOR_WIDTH bound to: 10 - type: integer 
	Parameter C_MTBF_STAGES bound to: 4 - type: integer 
	Parameter INIT bound to: 1'b0 
	Parameter INIT bound to: 1'b0 
	Parameter INIT bound to: 1'b0 
	Parameter INIT bound to: 1'b0 
	Parameter INIT bound to: 1'b0 
	Parameter INIT bound to: 1'b0 
INFO: [Synth 8-256] done synthesizing module 'cdc_sync__parameterized4' (88#1) [c:/Users/chris/FPGA_Projects/A-high-speed-data-acquisition-framework-main/AXI_DMA.srcs/sources_1/bd/System/ipshared/ef1e/hdl/lib_cdc_v1_0_rfs.vhd:106]
INFO: [Synth 8-638] synthesizing module 'cdc_sync__parameterized5' [c:/Users/chris/FPGA_Projects/A-high-speed-data-acquisition-framework-main/AXI_DMA.srcs/sources_1/bd/System/ipshared/ef1e/hdl/lib_cdc_v1_0_rfs.vhd:106]
	Parameter C_CDC_TYPE bound to: 1 - type: integer 
	Parameter C_RESET_STATE bound to: 0 - type: integer 
	Parameter C_SINGLE_BIT bound to: 0 - type: integer 
	Parameter C_FLOP_INPUT bound to: 0 - type: integer 
	Parameter C_VECTOR_WIDTH bound to: 32 - type: integer 
	Parameter C_MTBF_STAGES bound to: 4 - type: integer 
	Parameter INIT bound to: 1'b0 
	Parameter INIT bound to: 1'b0 
	Parameter INIT bound to: 1'b0 
	Parameter INIT bound to: 1'b0 
	Parameter INIT bound to: 1'b0 
	Parameter INIT bound to: 1'b0 
	Parameter INIT bound to: 1'b0 
	Parameter INIT bound to: 1'b0 
	Parameter INIT bound to: 1'b0 
	Parameter INIT bound to: 1'b0 
	Parameter INIT bound to: 1'b0 
	Parameter INIT bound to: 1'b0 
	Parameter INIT bound to: 1'b0 
	Parameter INIT bound to: 1'b0 
	Parameter INIT bound to: 1'b0 
	Parameter INIT bound to: 1'b0 
	Parameter INIT bound to: 1'b0 
	Parameter INIT bound to: 1'b0 
	Parameter INIT bound to: 1'b0 
	Parameter INIT bound to: 1'b0 
	Parameter INIT bound to: 1'b0 
	Parameter INIT bound to: 1'b0 
	Parameter INIT bound to: 1'b0 
	Parameter INIT bound to: 1'b0 
	Parameter INIT bound to: 1'b0 
	Parameter INIT bound to: 1'b0 
	Parameter INIT bound to: 1'b0 
	Parameter INIT bound to: 1'b0 
	Parameter INIT bound to: 1'b0 
	Parameter INIT bound to: 1'b0 
	Parameter INIT bound to: 1'b0 
	Parameter INIT bound to: 1'b0 
	Parameter INIT bound to: 1'b0 
	Parameter INIT bound to: 1'b0 
	Parameter INIT bound to: 1'b0 
	Parameter INIT bound to: 1'b0 
	Parameter INIT bound to: 1'b0 
	Parameter INIT bound to: 1'b0 
	Parameter INIT bound to: 1'b0 
	Parameter INIT bound to: 1'b0 
	Parameter INIT bound to: 1'b0 
	Parameter INIT bound to: 1'b0 
	Parameter INIT bound to: 1'b0 
	Parameter INIT bound to: 1'b0 
	Parameter INIT bound to: 1'b0 
	Parameter INIT bound to: 1'b0 
	Parameter INIT bound to: 1'b0 
	Parameter INIT bound to: 1'b0 
	Parameter INIT bound to: 1'b0 
	Parameter INIT bound to: 1'b0 
	Parameter INIT bound to: 1'b0 
	Parameter INIT bound to: 1'b0 
	Parameter INIT bound to: 1'b0 
	Parameter INIT bound to: 1'b0 
	Parameter INIT bound to: 1'b0 
	Parameter INIT bound to: 1'b0 
	Parameter INIT bound to: 1'b0 
	Parameter INIT bound to: 1'b0 
	Parameter INIT bound to: 1'b0 
	Parameter INIT bound to: 1'b0 
	Parameter INIT bound to: 1'b0 
	Parameter INIT bound to: 1'b0 
	Parameter INIT bound to: 1'b0 
	Parameter INIT bound to: 1'b0 
	Parameter INIT bound to: 1'b0 
	Parameter INIT bound to: 1'b0 
	Parameter INIT bound to: 1'b0 
	Parameter INIT bound to: 1'b0 
	Parameter INIT bound to: 1'b0 
	Parameter INIT bound to: 1'b0 
	Parameter INIT bound to: 1'b0 
	Parameter INIT bound to: 1'b0 
	Parameter INIT bound to: 1'b0 
	Parameter INIT bound to: 1'b0 
	Parameter INIT bound to: 1'b0 
	Parameter INIT bound to: 1'b0 
	Parameter INIT bound to: 1'b0 
	Parameter INIT bound to: 1'b0 
	Parameter INIT bound to: 1'b0 
	Parameter INIT bound to: 1'b0 
	Parameter INIT bound to: 1'b0 
	Parameter INIT bound to: 1'b0 
	Parameter INIT bound to: 1'b0 
	Parameter INIT bound to: 1'b0 
	Parameter INIT bound to: 1'b0 
	Parameter INIT bound to: 1'b0 
	Parameter INIT bound to: 1'b0 
	Parameter INIT bound to: 1'b0 
	Parameter INIT bound to: 1'b0 
	Parameter INIT bound to: 1'b0 
	Parameter INIT bound to: 1'b0 
	Parameter INIT bound to: 1'b0 
	Parameter INIT bound to: 1'b0 
	Parameter INIT bound to: 1'b0 
	Parameter INIT bound to: 1'b0 
	Parameter INIT bound to: 1'b0 
	Parameter INIT bound to: 1'b0 
	Parameter INIT bound to: 1'b0 
	Parameter INIT bound to: 1'b0 
	Parameter INIT bound to: 1'b0 
	Parameter INIT bound to: 1'b0 
	Parameter INIT bound to: 1'b0 
	Parameter INIT bound to: 1'b0 
	Parameter INIT bound to: 1'b0 
	Parameter INIT bound to: 1'b0 
	Parameter INIT bound to: 1'b0 
	Parameter INIT bound to: 1'b0 
	Parameter INIT bound to: 1'b0 
	Parameter INIT bound to: 1'b0 
	Parameter INIT bound to: 1'b0 
	Parameter INIT bound to: 1'b0 
	Parameter INIT bound to: 1'b0 
	Parameter INIT bound to: 1'b0 
	Parameter INIT bound to: 1'b0 
	Parameter INIT bound to: 1'b0 
	Parameter INIT bound to: 1'b0 
	Parameter INIT bound to: 1'b0 
	Parameter INIT bound to: 1'b0 
	Parameter INIT bound to: 1'b0 
	Parameter INIT bound to: 1'b0 
	Parameter INIT bound to: 1'b0 
	Parameter INIT bound to: 1'b0 
	Parameter INIT bound to: 1'b0 
	Parameter INIT bound to: 1'b0 
	Parameter INIT bound to: 1'b0 
	Parameter INIT bound to: 1'b0 
	Parameter INIT bound to: 1'b0 
	Parameter INIT bound to: 1'b0 
	Parameter INIT bound to: 1'b0 
	Parameter INIT bound to: 1'b0 
	Parameter INIT bound to: 1'b0 
	Parameter INIT bound to: 1'b0 
	Parameter INIT bound to: 1'b0 
	Parameter INIT bound to: 1'b0 
	Parameter INIT bound to: 1'b0 
	Parameter INIT bound to: 1'b0 
	Parameter INIT bound to: 1'b0 
	Parameter INIT bound to: 1'b0 
	Parameter INIT bound to: 1'b0 
	Parameter INIT bound to: 1'b0 
	Parameter INIT bound to: 1'b0 
	Parameter INIT bound to: 1'b0 
	Parameter INIT bound to: 1'b0 
	Parameter INIT bound to: 1'b0 
	Parameter INIT bound to: 1'b0 
	Parameter INIT bound to: 1'b0 
	Parameter INIT bound to: 1'b0 
	Parameter INIT bound to: 1'b0 
	Parameter INIT bound to: 1'b0 
	Parameter INIT bound to: 1'b0 
	Parameter INIT bound to: 1'b0 
	Parameter INIT bound to: 1'b0 
	Parameter INIT bound to: 1'b0 
	Parameter INIT bound to: 1'b0 
	Parameter INIT bound to: 1'b0 
	Parameter INIT bound to: 1'b0 
	Parameter INIT bound to: 1'b0 
	Parameter INIT bound to: 1'b0 
	Parameter INIT bound to: 1'b0 
	Parameter INIT bound to: 1'b0 
	Parameter INIT bound to: 1'b0 
	Parameter INIT bound to: 1'b0 
	Parameter INIT bound to: 1'b0 
	Parameter INIT bound to: 1'b0 
	Parameter INIT bound to: 1'b0 
	Parameter INIT bound to: 1'b0 
	Parameter INIT bound to: 1'b0 
	Parameter INIT bound to: 1'b0 
	Parameter INIT bound to: 1'b0 
	Parameter INIT bound to: 1'b0 
	Parameter INIT bound to: 1'b0 
	Parameter INIT bound to: 1'b0 
	Parameter INIT bound to: 1'b0 
	Parameter INIT bound to: 1'b0 
	Parameter INIT bound to: 1'b0 
	Parameter INIT bound to: 1'b0 
	Parameter INIT bound to: 1'b0 
	Parameter INIT bound to: 1'b0 
	Parameter INIT bound to: 1'b0 
	Parameter INIT bound to: 1'b0 
	Parameter INIT bound to: 1'b0 
	Parameter INIT bound to: 1'b0 
	Parameter INIT bound to: 1'b0 
	Parameter INIT bound to: 1'b0 
	Parameter INIT bound to: 1'b0 
	Parameter INIT bound to: 1'b0 
	Parameter INIT bound to: 1'b0 
	Parameter INIT bound to: 1'b0 
	Parameter INIT bound to: 1'b0 
	Parameter INIT bound to: 1'b0 
	Parameter INIT bound to: 1'b0 
	Parameter INIT bound to: 1'b0 
INFO: [Synth 8-256] done synthesizing module 'cdc_sync__parameterized5' (88#1) [c:/Users/chris/FPGA_Projects/A-high-speed-data-acquisition-framework-main/AXI_DMA.srcs/sources_1/bd/System/ipshared/ef1e/hdl/lib_cdc_v1_0_rfs.vhd:106]
INFO: [Synth 8-256] done synthesizing module 'axi_dma_lite_if' (89#1) [c:/Users/chris/FPGA_Projects/A-high-speed-data-acquisition-framework-main/AXI_DMA.srcs/sources_1/bd/System/ipshared/89d8/hdl/axi_dma_v7_1_vh_rfs.vhd:2066]
INFO: [Synth 8-638] synthesizing module 'axi_dma_register_s2mm' [c:/Users/chris/FPGA_Projects/A-high-speed-data-acquisition-framework-main/AXI_DMA.srcs/sources_1/bd/System/ipshared/89d8/hdl/axi_dma_v7_1_vh_rfs.vhd:4853]
	Parameter C_NUM_REGISTERS bound to: 12 - type: integer 
	Parameter C_INCLUDE_SG bound to: 1 - type: integer 
	Parameter C_SG_LENGTH_WIDTH bound to: 26 - type: integer 
	Parameter C_S_AXI_LITE_DATA_WIDTH bound to: 32 - type: integer 
	Parameter C_M_AXI_SG_ADDR_WIDTH bound to: 32 - type: integer 
	Parameter C_NUM_S2MM_CHANNELS bound to: 1 - type: integer 
	Parameter C_MICRO_DMA bound to: 0 - type: integer 
	Parameter C_ENABLE_MULTI_CHANNEL bound to: 0 - type: integer 
INFO: [Synth 8-256] done synthesizing module 'axi_dma_register_s2mm' (90#1) [c:/Users/chris/FPGA_Projects/A-high-speed-data-acquisition-framework-main/AXI_DMA.srcs/sources_1/bd/System/ipshared/89d8/hdl/axi_dma_v7_1_vh_rfs.vhd:4853]
INFO: [Synth 8-256] done synthesizing module 'axi_dma_reg_module' (91#1) [c:/Users/chris/FPGA_Projects/A-high-speed-data-acquisition-framework-main/AXI_DMA.srcs/sources_1/bd/System/ipshared/89d8/hdl/axi_dma_v7_1_vh_rfs.vhd:8436]
INFO: [Synth 8-638] synthesizing module 'axi_sg' [c:/Users/chris/FPGA_Projects/A-high-speed-data-acquisition-framework-main/AXI_DMA.srcs/sources_1/bd/System/ipshared/4919/hdl/axi_sg_v4_1_rfs.vhd:28767]
	Parameter C_M_AXI_SG_ADDR_WIDTH bound to: 32 - type: integer 
	Parameter C_M_AXI_SG_DATA_WIDTH bound to: 32 - type: integer 
	Parameter C_M_AXIS_SG_TDATA_WIDTH bound to: 32 - type: integer 
	Parameter C_S_AXIS_UPDPTR_TDATA_WIDTH bound to: 32 - type: integer 
	Parameter C_S_AXIS_UPDSTS_TDATA_WIDTH bound to: 33 - type: integer 
	Parameter C_SG_FTCH_DESC2QUEUE bound to: 4 - type: integer 
	Parameter C_SG_UPDT_DESC2QUEUE bound to: 4 - type: integer 
	Parameter C_SG_CH1_WORDS_TO_FETCH bound to: 8 - type: integer 
	Parameter C_SG_CH1_WORDS_TO_UPDATE bound to: 1 - type: integer 
	Parameter C_SG_CH1_FIRST_UPDATE_WORD bound to: 7 - type: integer 
	Parameter C_SG_CH1_ENBL_STALE_ERROR bound to: 1 - type: integer 
	Parameter C_SG_CH2_WORDS_TO_FETCH bound to: 8 - type: integer 
	Parameter C_SG_CH2_WORDS_TO_UPDATE bound to: 1 - type: integer 
	Parameter C_SG_CH2_FIRST_UPDATE_WORD bound to: 7 - type: integer 
	Parameter C_SG_CH2_ENBL_STALE_ERROR bound to: 1 - type: integer 
	Parameter C_INCLUDE_CH1 bound to: 0 - type: integer 
	Parameter C_INCLUDE_CH2 bound to: 1 - type: integer 
	Parameter C_AXIS_IS_ASYNC bound to: 0 - type: integer 
	Parameter C_ASYNC bound to: 0 - type: integer 
	Parameter C_INCLUDE_DESC_UPDATE bound to: 1 - type: integer 
	Parameter C_INCLUDE_INTRPT bound to: 1 - type: integer 
	Parameter C_INCLUDE_DLYTMR bound to: 1 - type: integer 
	Parameter C_DLYTMR_RESOLUTION bound to: 125 - type: integer 
	Parameter C_ENABLE_MULTI_CHANNEL bound to: 0 - type: integer 
	Parameter C_ENABLE_CDMA bound to: 0 - type: integer 
	Parameter C_ENABLE_EXTRA_FIELD bound to: 0 - type: integer 
	Parameter C_NUM_S2MM_CHANNELS bound to: 1 - type: integer 
	Parameter C_NUM_MM2S_CHANNELS bound to: 1 - type: integer 
	Parameter C_ACTUAL_ADDR bound to: 32 - type: integer 
	Parameter C_FAMILY bound to: zynq - type: string 
INFO: [Synth 8-638] synthesizing module 'axi_sg_ftch_mngr' [c:/Users/chris/FPGA_Projects/A-high-speed-data-acquisition-framework-main/AXI_DMA.srcs/sources_1/bd/System/ipshared/4919/hdl/axi_sg_v4_1_rfs.vhd:20311]
	Parameter C_M_AXI_SG_ADDR_WIDTH bound to: 32 - type: integer 
	Parameter C_ENABLE_MULTI_CHANNEL bound to: 0 - type: integer 
	Parameter C_INCLUDE_CH1 bound to: 0 - type: integer 
	Parameter C_INCLUDE_CH2 bound to: 1 - type: integer 
	Parameter C_SG_CH1_WORDS_TO_FETCH bound to: 8 - type: integer 
	Parameter C_SG_CH2_WORDS_TO_FETCH bound to: 8 - type: integer 
	Parameter C_SG_FTCH_DESC2QUEUE bound to: 4 - type: integer 
	Parameter C_SG_CH1_ENBL_STALE_ERROR bound to: 1 - type: integer 
	Parameter C_SG_CH2_ENBL_STALE_ERROR bound to: 1 - type: integer 
INFO: [Synth 8-638] synthesizing module 'axi_sg_ftch_sm' [c:/Users/chris/FPGA_Projects/A-high-speed-data-acquisition-framework-main/AXI_DMA.srcs/sources_1/bd/System/ipshared/4919/hdl/axi_sg_v4_1_rfs.vhd:18551]
	Parameter C_M_AXI_SG_ADDR_WIDTH bound to: 32 - type: integer 
	Parameter C_ENABLE_MULTI_CHANNEL bound to: 0 - type: integer 
	Parameter C_INCLUDE_CH1 bound to: 0 - type: integer 
	Parameter C_INCLUDE_CH2 bound to: 1 - type: integer 
	Parameter C_SG_CH1_WORDS_TO_FETCH bound to: 8 - type: integer 
	Parameter C_SG_CH2_WORDS_TO_FETCH bound to: 8 - type: integer 
	Parameter C_SG_FTCH_DESC2QUEUE bound to: 4 - type: integer 
	Parameter C_SG_CH1_ENBL_STALE_ERROR bound to: 1 - type: integer 
	Parameter C_SG_CH2_ENBL_STALE_ERROR bound to: 1 - type: integer 
INFO: [Synth 8-226] default block is never used [c:/Users/chris/FPGA_Projects/A-high-speed-data-acquisition-framework-main/AXI_DMA.srcs/sources_1/bd/System/ipshared/4919/hdl/axi_sg_v4_1_rfs.vhd:18678]
INFO: [Synth 8-256] done synthesizing module 'axi_sg_ftch_sm' (92#1) [c:/Users/chris/FPGA_Projects/A-high-speed-data-acquisition-framework-main/AXI_DMA.srcs/sources_1/bd/System/ipshared/4919/hdl/axi_sg_v4_1_rfs.vhd:18551]
INFO: [Synth 8-638] synthesizing module 'axi_sg_ftch_pntr' [c:/Users/chris/FPGA_Projects/A-high-speed-data-acquisition-framework-main/AXI_DMA.srcs/sources_1/bd/System/ipshared/4919/hdl/axi_sg_v4_1_rfs.vhd:19535]
	Parameter C_M_AXI_SG_ADDR_WIDTH bound to: 32 - type: integer 
	Parameter C_INCLUDE_CH1 bound to: 0 - type: integer 
	Parameter C_INCLUDE_CH2 bound to: 1 - type: integer 
INFO: [Synth 8-256] done synthesizing module 'axi_sg_ftch_pntr' (93#1) [c:/Users/chris/FPGA_Projects/A-high-speed-data-acquisition-framework-main/AXI_DMA.srcs/sources_1/bd/System/ipshared/4919/hdl/axi_sg_v4_1_rfs.vhd:19535]
INFO: [Synth 8-638] synthesizing module 'axi_sg_ftch_cmdsts_if' [c:/Users/chris/FPGA_Projects/A-high-speed-data-acquisition-framework-main/AXI_DMA.srcs/sources_1/bd/System/ipshared/4919/hdl/axi_sg_v4_1_rfs.vhd:19946]
	Parameter C_M_AXI_SG_ADDR_WIDTH bound to: 32 - type: integer 
INFO: [Synth 8-256] done synthesizing module 'axi_sg_ftch_cmdsts_if' (94#1) [c:/Users/chris/FPGA_Projects/A-high-speed-data-acquisition-framework-main/AXI_DMA.srcs/sources_1/bd/System/ipshared/4919/hdl/axi_sg_v4_1_rfs.vhd:19946]
INFO: [Synth 8-256] done synthesizing module 'axi_sg_ftch_mngr' (95#1) [c:/Users/chris/FPGA_Projects/A-high-speed-data-acquisition-framework-main/AXI_DMA.srcs/sources_1/bd/System/ipshared/4919/hdl/axi_sg_v4_1_rfs.vhd:20311]
INFO: [Synth 8-638] synthesizing module 'axi_sg_ftch_q_mngr' [c:/Users/chris/FPGA_Projects/A-high-speed-data-acquisition-framework-main/AXI_DMA.srcs/sources_1/bd/System/ipshared/4919/hdl/axi_sg_v4_1_rfs.vhd:22925]
	Parameter C_M_AXI_SG_ADDR_WIDTH bound to: 32 - type: integer 
	Parameter C_M_AXIS_SG_TDATA_WIDTH bound to: 32 - type: integer 
	Parameter C_AXIS_IS_ASYNC bound to: 0 - type: integer 
	Parameter C_ASYNC bound to: 0 - type: integer 
	Parameter C_SG_FTCH_DESC2QUEUE bound to: 4 - type: integer 
	Parameter C_ENABLE_MULTI_CHANNEL bound to: 0 - type: integer 
	Parameter C_SG_CH1_WORDS_TO_FETCH bound to: 8 - type: integer 
	Parameter C_SG_CH2_WORDS_TO_FETCH bound to: 8 - type: integer 
	Parameter C_SG_CH1_ENBL_STALE_ERROR bound to: 1 - type: integer 
	Parameter C_SG_CH2_ENBL_STALE_ERROR bound to: 1 - type: integer 
	Parameter C_INCLUDE_CH1 bound to: 0 - type: integer 
	Parameter C_INCLUDE_CH2 bound to: 1 - type: integer 
	Parameter C_ENABLE_CDMA bound to: 0 - type: integer 
	Parameter C_ACTUAL_ADDR bound to: 32 - type: integer 
	Parameter C_FAMILY bound to: zynq - type: string 
INFO: [Synth 8-638] synthesizing module 'axi_sg_ftch_queue' [c:/Users/chris/FPGA_Projects/A-high-speed-data-acquisition-framework-main/AXI_DMA.srcs/sources_1/bd/System/ipshared/4919/hdl/axi_sg_v4_1_rfs.vhd:21334]
	Parameter C_M_AXI_SG_ADDR_WIDTH bound to: 32 - type: integer 
	Parameter C_M_AXIS_SG_TDATA_WIDTH bound to: 32 - type: integer 
	Parameter C_SG_FTCH_DESC2QUEUE bound to: 4 - type: integer 
	Parameter C_SG_WORDS_TO_FETCH bound to: 8 - type: integer 
	Parameter C_SG2_WORDS_TO_FETCH bound to: 8 - type: integer 
	Parameter C_ENABLE_MULTI_CHANNEL bound to: 0 - type: integer 
	Parameter C_INCLUDE_MM2S bound to: 0 - type: integer 
	Parameter C_INCLUDE_S2MM bound to: 1 - type: integer 
	Parameter C_ENABLE_CDMA bound to: 0 - type: integer 
	Parameter C_AXIS_IS_ASYNC bound to: 0 - type: integer 
	Parameter C_ASYNC bound to: 0 - type: integer 
	Parameter C_FAMILY bound to: zynq - type: string 
INFO: [Synth 8-256] done synthesizing module 'axi_sg_ftch_queue' (96#1) [c:/Users/chris/FPGA_Projects/A-high-speed-data-acquisition-framework-main/AXI_DMA.srcs/sources_1/bd/System/ipshared/4919/hdl/axi_sg_v4_1_rfs.vhd:21334]
INFO: [Synth 8-256] done synthesizing module 'axi_sg_ftch_q_mngr' (97#1) [c:/Users/chris/FPGA_Projects/A-high-speed-data-acquisition-framework-main/AXI_DMA.srcs/sources_1/bd/System/ipshared/4919/hdl/axi_sg_v4_1_rfs.vhd:22925]
INFO: [Synth 8-638] synthesizing module 'axi_sg_updt_mngr' [c:/Users/chris/FPGA_Projects/A-high-speed-data-acquisition-framework-main/AXI_DMA.srcs/sources_1/bd/System/ipshared/4919/hdl/axi_sg_v4_1_rfs.vhd:25105]
	Parameter C_M_AXI_SG_ADDR_WIDTH bound to: 32 - type: integer 
	Parameter C_INCLUDE_CH1 bound to: 0 - type: integer 
	Parameter C_INCLUDE_CH2 bound to: 1 - type: integer 
	Parameter C_SG_CH1_WORDS_TO_UPDATE bound to: 1 - type: integer 
	Parameter C_SG_CH1_FIRST_UPDATE_WORD bound to: 7 - type: integer 
	Parameter C_SG_CH2_WORDS_TO_UPDATE bound to: 1 - type: integer 
	Parameter C_SG_CH2_FIRST_UPDATE_WORD bound to: 7 - type: integer 
INFO: [Synth 8-638] synthesizing module 'axi_sg_updt_sm' [c:/Users/chris/FPGA_Projects/A-high-speed-data-acquisition-framework-main/AXI_DMA.srcs/sources_1/bd/System/ipshared/4919/hdl/axi_sg_v4_1_rfs.vhd:24193]
	Parameter C_M_AXI_SG_ADDR_WIDTH bound to: 32 - type: integer 
	Parameter C_INCLUDE_CH1 bound to: 0 - type: integer 
	Parameter C_INCLUDE_CH2 bound to: 1 - type: integer 
	Parameter C_SG_CH1_WORDS_TO_UPDATE bound to: 1 - type: integer 
	Parameter C_SG_CH1_FIRST_UPDATE_WORD bound to: 7 - type: integer 
	Parameter C_SG_CH2_WORDS_TO_UPDATE bound to: 1 - type: integer 
	Parameter C_SG_CH2_FIRST_UPDATE_WORD bound to: 7 - type: integer 
INFO: [Synth 8-256] done synthesizing module 'axi_sg_updt_sm' (98#1) [c:/Users/chris/FPGA_Projects/A-high-speed-data-acquisition-framework-main/AXI_DMA.srcs/sources_1/bd/System/ipshared/4919/hdl/axi_sg_v4_1_rfs.vhd:24193]
INFO: [Synth 8-638] synthesizing module 'axi_sg_updt_cmdsts_if' [c:/Users/chris/FPGA_Projects/A-high-speed-data-acquisition-framework-main/AXI_DMA.srcs/sources_1/bd/System/ipshared/4919/hdl/axi_sg_v4_1_rfs.vhd:23882]
	Parameter C_M_AXI_SG_ADDR_WIDTH bound to: 32 - type: integer 
INFO: [Synth 8-256] done synthesizing module 'axi_sg_updt_cmdsts_if' (99#1) [c:/Users/chris/FPGA_Projects/A-high-speed-data-acquisition-framework-main/AXI_DMA.srcs/sources_1/bd/System/ipshared/4919/hdl/axi_sg_v4_1_rfs.vhd:23882]
INFO: [Synth 8-256] done synthesizing module 'axi_sg_updt_mngr' (100#1) [c:/Users/chris/FPGA_Projects/A-high-speed-data-acquisition-framework-main/AXI_DMA.srcs/sources_1/bd/System/ipshared/4919/hdl/axi_sg_v4_1_rfs.vhd:25105]
INFO: [Synth 8-638] synthesizing module 'axi_sg_updt_q_mngr' [c:/Users/chris/FPGA_Projects/A-high-speed-data-acquisition-framework-main/AXI_DMA.srcs/sources_1/bd/System/ipshared/4919/hdl/axi_sg_v4_1_rfs.vhd:27329]
	Parameter C_M_AXI_SG_ADDR_WIDTH bound to: 32 - type: integer 
	Parameter C_M_AXI_SG_DATA_WIDTH bound to: 32 - type: integer 
	Parameter C_S_AXIS_UPDPTR_TDATA_WIDTH bound to: 32 - type: integer 
	Parameter C_S_AXIS_UPDSTS_TDATA_WIDTH bound to: 33 - type: integer 
	Parameter C_SG_UPDT_DESC2QUEUE bound to: 4 - type: integer 
	Parameter C_SG_CH1_WORDS_TO_UPDATE bound to: 1 - type: integer 
	Parameter C_SG_CH2_WORDS_TO_UPDATE bound to: 1 - type: integer 
	Parameter C_INCLUDE_CH1 bound to: 0 - type: integer 
	Parameter C_INCLUDE_CH2 bound to: 1 - type: integer 
	Parameter C_AXIS_IS_ASYNC bound to: 0 - type: integer 
	Parameter C_FAMILY bound to: zynq - type: string 
INFO: [Synth 8-638] synthesizing module 'axi_sg_updt_queue' [c:/Users/chris/FPGA_Projects/A-high-speed-data-acquisition-framework-main/AXI_DMA.srcs/sources_1/bd/System/ipshared/4919/hdl/axi_sg_v4_1_rfs.vhd:25456]
	Parameter C_M_AXI_SG_ADDR_WIDTH bound to: 32 - type: integer 
	Parameter C_M_AXIS_UPDT_DATA_WIDTH bound to: 32 - type: integer 
	Parameter C_S_AXIS_UPDPTR_TDATA_WIDTH bound to: 32 - type: integer 
	Parameter C_S_AXIS_UPDSTS_TDATA_WIDTH bound to: 33 - type: integer 
	Parameter C_SG_UPDT_DESC2QUEUE bound to: 4 - type: integer 
	Parameter C_SG_WORDS_TO_UPDATE bound to: 1 - type: integer 
	Parameter C_SG2_WORDS_TO_UPDATE bound to: 1 - type: integer 
	Parameter C_AXIS_IS_ASYNC bound to: 0 - type: integer 
	Parameter C_INCLUDE_MM2S bound to: 0 - type: integer 
	Parameter C_INCLUDE_S2MM bound to: 1 - type: integer 
	Parameter C_FAMILY bound to: zynq - type: string 
INFO: [Synth 8-256] done synthesizing module 'axi_sg_updt_queue' (101#1) [c:/Users/chris/FPGA_Projects/A-high-speed-data-acquisition-framework-main/AXI_DMA.srcs/sources_1/bd/System/ipshared/4919/hdl/axi_sg_v4_1_rfs.vhd:25456]
INFO: [Synth 8-256] done synthesizing module 'axi_sg_updt_q_mngr' (102#1) [c:/Users/chris/FPGA_Projects/A-high-speed-data-acquisition-framework-main/AXI_DMA.srcs/sources_1/bd/System/ipshared/4919/hdl/axi_sg_v4_1_rfs.vhd:27329]
INFO: [Synth 8-638] synthesizing module 'axi_sg_intrpt' [c:/Users/chris/FPGA_Projects/A-high-speed-data-acquisition-framework-main/AXI_DMA.srcs/sources_1/bd/System/ipshared/4919/hdl/axi_sg_v4_1_rfs.vhd:27933]
	Parameter C_INCLUDE_CH1 bound to: 0 - type: integer 
	Parameter C_INCLUDE_CH2 bound to: 1 - type: integer 
	Parameter C_INCLUDE_DLYTMR bound to: 1 - type: integer 
	Parameter C_DLYTMR_RESOLUTION bound to: 125 - type: integer 
INFO: [Synth 8-256] done synthesizing module 'axi_sg_intrpt' (103#1) [c:/Users/chris/FPGA_Projects/A-high-speed-data-acquisition-framework-main/AXI_DMA.srcs/sources_1/bd/System/ipshared/4919/hdl/axi_sg_v4_1_rfs.vhd:27933]
INFO: [Synth 8-638] synthesizing module 'axi_sg_datamover' [c:/Users/chris/FPGA_Projects/A-high-speed-data-acquisition-framework-main/AXI_DMA.srcs/sources_1/bd/System/ipshared/4919/hdl/axi_sg_v4_1_rfs.vhd:17745]
	Parameter C_INCLUDE_MM2S bound to: 2 - type: integer 
	Parameter C_M_AXI_MM2S_ARID bound to: 0 - type: integer 
	Parameter C_M_AXI_MM2S_ID_WIDTH bound to: 4 - type: integer 
	Parameter C_M_AXI_MM2S_ADDR_WIDTH bound to: 32 - type: integer 
	Parameter C_M_AXI_MM2S_DATA_WIDTH bound to: 32 - type: integer 
	Parameter C_M_AXIS_MM2S_TDATA_WIDTH bound to: 32 - type: integer 
	Parameter C_INCLUDE_MM2S_STSFIFO bound to: 0 - type: integer 
	Parameter C_MM2S_STSCMD_FIFO_DEPTH bound to: 1 - type: integer 
	Parameter C_MM2S_STSCMD_IS_ASYNC bound to: 0 - type: integer 
	Parameter C_INCLUDE_MM2S_DRE bound to: 0 - type: integer 
	Parameter C_MM2S_BURST_SIZE bound to: 16 - type: integer 
	Parameter C_MM2S_BTT_USED bound to: 16 - type: integer 
	Parameter C_MM2S_ADDR_PIPE_DEPTH bound to: 1 - type: integer 
	Parameter C_MM2S_INCLUDE_SF bound to: 0 - type: integer 
	Parameter C_INCLUDE_S2MM bound to: 2 - type: integer 
	Parameter C_M_AXI_S2MM_AWID bound to: 1 - type: integer 
	Parameter C_M_AXI_S2MM_ID_WIDTH bound to: 4 - type: integer 
	Parameter C_M_AXI_S2MM_ADDR_WIDTH bound to: 32 - type: integer 
	Parameter C_M_AXI_S2MM_DATA_WIDTH bound to: 32 - type: integer 
	Parameter C_S_AXIS_S2MM_TDATA_WIDTH bound to: 32 - type: integer 
	Parameter C_INCLUDE_S2MM_STSFIFO bound to: 0 - type: integer 
	Parameter C_S2MM_STSCMD_FIFO_DEPTH bound to: 1 - type: integer 
	Parameter C_S2MM_STSCMD_IS_ASYNC bound to: 0 - type: integer 
	Parameter C_INCLUDE_S2MM_DRE bound to: 0 - type: integer 
	Parameter C_S2MM_BURST_SIZE bound to: 16 - type: integer 
	Parameter C_S2MM_BTT_USED bound to: 16 - type: integer 
	Parameter C_S2MM_SUPPORT_INDET_BTT bound to: 0 - type: integer 
	Parameter C_S2MM_ADDR_PIPE_DEPTH bound to: 1 - type: integer 
	Parameter C_S2MM_INCLUDE_SF bound to: 0 - type: integer 
	Parameter C_ENABLE_MULTI_CHANNEL bound to: 0 - type: integer 
	Parameter C_ENABLE_EXTRA_FIELD bound to: 0 - type: integer 
	Parameter C_FAMILY bound to: zynq - type: string 
INFO: [Synth 8-638] synthesizing module 'axi_sg_mm2s_basic_wrap' [c:/Users/chris/FPGA_Projects/A-high-speed-data-acquisition-framework-main/AXI_DMA.srcs/sources_1/bd/System/ipshared/4919/hdl/axi_sg_v4_1_rfs.vhd:15584]
	Parameter C_INCLUDE_MM2S bound to: 2 - type: integer 
	Parameter C_MM2S_ARID bound to: 0 - type: integer 
	Parameter C_MM2S_ID_WIDTH bound to: 4 - type: integer 
	Parameter C_MM2S_ADDR_WIDTH bound to: 32 - type: integer 
	Parameter C_MM2S_MDATA_WIDTH bound to: 32 - type: integer 
	Parameter C_MM2S_SDATA_WIDTH bound to: 32 - type: integer 
	Parameter C_INCLUDE_MM2S_STSFIFO bound to: 0 - type: integer 
	Parameter C_MM2S_STSCMD_FIFO_DEPTH bound to: 1 - type: integer 
	Parameter C_MM2S_STSCMD_IS_ASYNC bound to: 0 - type: integer 
	Parameter C_INCLUDE_MM2S_DRE bound to: 0 - type: integer 
	Parameter C_MM2S_BURST_SIZE bound to: 16 - type: integer 
	Parameter C_MM2S_BTT_USED bound to: 16 - type: integer 
	Parameter C_MM2S_ADDR_PIPE_DEPTH bound to: 1 - type: integer 
	Parameter C_ENABLE_MULTI_CHANNEL bound to: 0 - type: integer 
	Parameter C_ENABLE_EXTRA_FIELD bound to: 0 - type: integer 
	Parameter C_TAG_WIDTH bound to: 4 - type: integer 
	Parameter C_FAMILY bound to: zynq - type: string 
INFO: [Synth 8-638] synthesizing module 'axi_sg_reset' [c:/Users/chris/FPGA_Projects/A-high-speed-data-acquisition-framework-main/AXI_DMA.srcs/sources_1/bd/System/ipshared/4919/hdl/axi_sg_v4_1_rfs.vhd:303]
	Parameter C_STSCMD_IS_ASYNC bound to: 0 - type: integer 
INFO: [Synth 8-256] done synthesizing module 'axi_sg_reset' (104#1) [c:/Users/chris/FPGA_Projects/A-high-speed-data-acquisition-framework-main/AXI_DMA.srcs/sources_1/bd/System/ipshared/4919/hdl/axi_sg_v4_1_rfs.vhd:303]
INFO: [Synth 8-638] synthesizing module 'axi_sg_cmd_status' [c:/Users/chris/FPGA_Projects/A-high-speed-data-acquisition-framework-main/AXI_DMA.srcs/sources_1/bd/System/ipshared/4919/hdl/axi_sg_v4_1_rfs.vhd:2691]
	Parameter C_ADDR_WIDTH bound to: 32 - type: integer 
	Parameter C_INCLUDE_STSFIFO bound to: 1 - type: integer 
	Parameter C_STSCMD_FIFO_DEPTH bound to: 1 - type: integer 
	Parameter C_STSCMD_IS_ASYNC bound to: 0 - type: integer 
	Parameter C_CMD_WIDTH bound to: 68 - type: integer 
	Parameter C_STS_WIDTH bound to: 8 - type: integer 
	Parameter C_FAMILY bound to: zynq - type: string 
INFO: [Synth 8-638] synthesizing module 'axi_sg_fifo' [c:/Users/chris/FPGA_Projects/A-high-speed-data-acquisition-framework-main/AXI_DMA.srcs/sources_1/bd/System/ipshared/4919/hdl/axi_sg_v4_1_rfs.vhd:1890]
	Parameter C_DWIDTH bound to: 68 - type: integer 
	Parameter C_DEPTH bound to: 1 - type: integer 
	Parameter C_IS_ASYNC bound to: 0 - type: integer 
	Parameter C_PRIM_TYPE bound to: 2 - type: integer 
	Parameter C_FAMILY bound to: zynq - type: string 
INFO: [Synth 8-256] done synthesizing module 'axi_sg_fifo' (105#1) [c:/Users/chris/FPGA_Projects/A-high-speed-data-acquisition-framework-main/AXI_DMA.srcs/sources_1/bd/System/ipshared/4919/hdl/axi_sg_v4_1_rfs.vhd:1890]
INFO: [Synth 8-638] synthesizing module 'axi_sg_fifo__parameterized0' [c:/Users/chris/FPGA_Projects/A-high-speed-data-acquisition-framework-main/AXI_DMA.srcs/sources_1/bd/System/ipshared/4919/hdl/axi_sg_v4_1_rfs.vhd:1890]
	Parameter C_DWIDTH bound to: 8 - type: integer 
	Parameter C_DEPTH bound to: 1 - type: integer 
	Parameter C_IS_ASYNC bound to: 0 - type: integer 
	Parameter C_PRIM_TYPE bound to: 2 - type: integer 
	Parameter C_FAMILY bound to: zynq - type: string 
INFO: [Synth 8-256] done synthesizing module 'axi_sg_fifo__parameterized0' (105#1) [c:/Users/chris/FPGA_Projects/A-high-speed-data-acquisition-framework-main/AXI_DMA.srcs/sources_1/bd/System/ipshared/4919/hdl/axi_sg_v4_1_rfs.vhd:1890]
INFO: [Synth 8-256] done synthesizing module 'axi_sg_cmd_status' (106#1) [c:/Users/chris/FPGA_Projects/A-high-speed-data-acquisition-framework-main/AXI_DMA.srcs/sources_1/bd/System/ipshared/4919/hdl/axi_sg_v4_1_rfs.vhd:2691]
INFO: [Synth 8-638] synthesizing module 'axi_sg_rd_status_cntl' [c:/Users/chris/FPGA_Projects/A-high-speed-data-acquisition-framework-main/AXI_DMA.srcs/sources_1/bd/System/ipshared/4919/hdl/axi_sg_v4_1_rfs.vhd:7097]
	Parameter C_STS_WIDTH bound to: 8 - type: integer 
	Parameter C_TAG_WIDTH bound to: 4 - type: integer 
INFO: [Synth 8-256] done synthesizing module 'axi_sg_rd_status_cntl' (107#1) [c:/Users/chris/FPGA_Projects/A-high-speed-data-acquisition-framework-main/AXI_DMA.srcs/sources_1/bd/System/ipshared/4919/hdl/axi_sg_v4_1_rfs.vhd:7097]
INFO: [Synth 8-638] synthesizing module 'axi_sg_scc' [c:/Users/chris/FPGA_Projects/A-high-speed-data-acquisition-framework-main/AXI_DMA.srcs/sources_1/bd/System/ipshared/4919/hdl/axi_sg_v4_1_rfs.vhd:7570]
	Parameter C_SEL_ADDR_WIDTH bound to: 2 - type: integer 
	Parameter C_ADDR_WIDTH bound to: 32 - type: integer 
	Parameter C_STREAM_DWIDTH bound to: 32 - type: integer 
	Parameter C_MAX_BURST_LEN bound to: 16 - type: integer 
	Parameter C_CMD_WIDTH bound to: 68 - type: integer 
	Parameter C_TAG_WIDTH bound to: 4 - type: integer 
	Parameter C_ENABLE_EXTRA_FIELD bound to: 0 - type: integer 
INFO: [Synth 8-256] done synthesizing module 'axi_sg_scc' (108#1) [c:/Users/chris/FPGA_Projects/A-high-speed-data-acquisition-framework-main/AXI_DMA.srcs/sources_1/bd/System/ipshared/4919/hdl/axi_sg_v4_1_rfs.vhd:7570]
INFO: [Synth 8-638] synthesizing module 'axi_sg_addr_cntl' [c:/Users/chris/FPGA_Projects/A-high-speed-data-acquisition-framework-main/AXI_DMA.srcs/sources_1/bd/System/ipshared/4919/hdl/axi_sg_v4_1_rfs.vhd:4556]
	Parameter C_ADDR_FIFO_DEPTH bound to: 1 - type: integer 
	Parameter C_ADDR_WIDTH bound to: 32 - type: integer 
	Parameter C_ADDR_ID bound to: 0 - type: integer 
	Parameter C_ADDR_ID_WIDTH bound to: 4 - type: integer 
	Parameter C_TAG_WIDTH bound to: 4 - type: integer 
	Parameter C_FAMILY bound to: virtex7 - type: string 
INFO: [Synth 8-256] done synthesizing module 'axi_sg_addr_cntl' (109#1) [c:/Users/chris/FPGA_Projects/A-high-speed-data-acquisition-framework-main/AXI_DMA.srcs/sources_1/bd/System/ipshared/4919/hdl/axi_sg_v4_1_rfs.vhd:4556]
INFO: [Synth 8-638] synthesizing module 'axi_sg_rddata_cntl' [c:/Users/chris/FPGA_Projects/A-high-speed-data-acquisition-framework-main/AXI_DMA.srcs/sources_1/bd/System/ipshared/4919/hdl/axi_sg_v4_1_rfs.vhd:5484]
	Parameter C_INCLUDE_DRE bound to: 0 - type: integer 
	Parameter C_ALIGN_WIDTH bound to: 2 - type: integer 
	Parameter C_SEL_ADDR_WIDTH bound to: 2 - type: integer 
	Parameter C_DATA_CNTL_FIFO_DEPTH bound to: 1 - type: integer 
	Parameter C_MMAP_DWIDTH bound to: 32 - type: integer 
	Parameter C_STREAM_DWIDTH bound to: 32 - type: integer 
	Parameter C_TAG_WIDTH bound to: 4 - type: integer 
	Parameter C_FAMILY bound to: zynq - type: string 
INFO: [Synth 8-256] done synthesizing module 'axi_sg_rddata_cntl' (110#1) [c:/Users/chris/FPGA_Projects/A-high-speed-data-acquisition-framework-main/AXI_DMA.srcs/sources_1/bd/System/ipshared/4919/hdl/axi_sg_v4_1_rfs.vhd:5484]
INFO: [Synth 8-256] done synthesizing module 'axi_sg_mm2s_basic_wrap' (111#1) [c:/Users/chris/FPGA_Projects/A-high-speed-data-acquisition-framework-main/AXI_DMA.srcs/sources_1/bd/System/ipshared/4919/hdl/axi_sg_v4_1_rfs.vhd:15584]
INFO: [Synth 8-638] synthesizing module 'axi_sg_s2mm_basic_wrap' [c:/Users/chris/FPGA_Projects/A-high-speed-data-acquisition-framework-main/AXI_DMA.srcs/sources_1/bd/System/ipshared/4919/hdl/axi_sg_v4_1_rfs.vhd:16514]
	Parameter C_INCLUDE_S2MM bound to: 2 - type: integer 
	Parameter C_S2MM_AWID bound to: 1 - type: integer 
	Parameter C_S2MM_ID_WIDTH bound to: 4 - type: integer 
	Parameter C_S2MM_ADDR_WIDTH bound to: 32 - type: integer 
	Parameter C_S2MM_MDATA_WIDTH bound to: 32 - type: integer 
	Parameter C_S2MM_SDATA_WIDTH bound to: 32 - type: integer 
	Parameter C_INCLUDE_S2MM_STSFIFO bound to: 0 - type: integer 
	Parameter C_S2MM_STSCMD_FIFO_DEPTH bound to: 1 - type: integer 
	Parameter C_S2MM_STSCMD_IS_ASYNC bound to: 0 - type: integer 
	Parameter C_INCLUDE_S2MM_DRE bound to: 0 - type: integer 
	Parameter C_S2MM_BURST_SIZE bound to: 16 - type: integer 
	Parameter C_S2MM_ADDR_PIPE_DEPTH bound to: 1 - type: integer 
	Parameter C_ENABLE_MULTI_CHANNEL bound to: 0 - type: integer 
	Parameter C_ENABLE_EXTRA_FIELD bound to: 0 - type: integer 
	Parameter C_TAG_WIDTH bound to: 4 - type: integer 
	Parameter C_FAMILY bound to: zynq - type: string 
INFO: [Synth 8-638] synthesizing module 'axi_sg_wr_status_cntl' [c:/Users/chris/FPGA_Projects/A-high-speed-data-acquisition-framework-main/AXI_DMA.srcs/sources_1/bd/System/ipshared/4919/hdl/axi_sg_v4_1_rfs.vhd:13571]
	Parameter C_ENABLE_INDET_BTT bound to: 0 - type: integer 
	Parameter C_SF_BYTES_RCVD_WIDTH bound to: 1 - type: integer 
	Parameter C_STS_FIFO_DEPTH bound to: 3 - type: integer 
	Parameter C_STS_WIDTH bound to: 8 - type: integer 
	Parameter C_TAG_WIDTH bound to: 4 - type: integer 
	Parameter C_FAMILY bound to: zynq - type: string 
INFO: [Synth 8-638] synthesizing module 'axi_sg_fifo__parameterized1' [c:/Users/chris/FPGA_Projects/A-high-speed-data-acquisition-framework-main/AXI_DMA.srcs/sources_1/bd/System/ipshared/4919/hdl/axi_sg_v4_1_rfs.vhd:1890]
	Parameter C_DWIDTH bound to: 2 - type: integer 
	Parameter C_DEPTH bound to: 3 - type: integer 
	Parameter C_IS_ASYNC bound to: 0 - type: integer 
	Parameter C_PRIM_TYPE bound to: 2 - type: integer 
	Parameter C_FAMILY bound to: zynq - type: string 
INFO: [Synth 8-638] synthesizing module 'srl_fifo_f' [c:/Users/chris/FPGA_Projects/A-high-speed-data-acquisition-framework-main/AXI_DMA.srcs/sources_1/bd/System/ipshared/51ce/hdl/lib_srl_fifo_v1_0_rfs.vhd:1000]
	Parameter C_DWIDTH bound to: 2 - type: integer 
	Parameter C_DEPTH bound to: 3 - type: integer 
	Parameter C_FAMILY bound to: zynq - type: string 
INFO: [Synth 8-638] synthesizing module 'srl_fifo_rbu_f' [c:/Users/chris/FPGA_Projects/A-high-speed-data-acquisition-framework-main/AXI_DMA.srcs/sources_1/bd/System/ipshared/51ce/hdl/lib_srl_fifo_v1_0_rfs.vhd:697]
	Parameter C_DWIDTH bound to: 2 - type: integer 
	Parameter C_DEPTH bound to: 3 - type: integer 
	Parameter C_FAMILY bound to: zynq - type: string 
INFO: [Synth 8-638] synthesizing module 'cntr_incr_decr_addn_f' [c:/Users/chris/FPGA_Projects/A-high-speed-data-acquisition-framework-main/AXI_DMA.srcs/sources_1/bd/System/ipshared/51ce/hdl/lib_srl_fifo_v1_0_rfs.vhd:143]
	Parameter C_SIZE bound to: 3 - type: integer 
	Parameter C_FAMILY bound to: zynq - type: string 
INFO: [Synth 8-256] done synthesizing module 'cntr_incr_decr_addn_f' (112#1) [c:/Users/chris/FPGA_Projects/A-high-speed-data-acquisition-framework-main/AXI_DMA.srcs/sources_1/bd/System/ipshared/51ce/hdl/lib_srl_fifo_v1_0_rfs.vhd:143]
INFO: [Synth 8-638] synthesizing module 'dynshreg_f' [c:/Users/chris/FPGA_Projects/A-high-speed-data-acquisition-framework-main/AXI_DMA.srcs/sources_1/bd/System/ipshared/51ce/hdl/lib_srl_fifo_v1_0_rfs.vhd:397]
	Parameter C_DEPTH bound to: 3 - type: integer 
	Parameter C_DWIDTH bound to: 2 - type: integer 
	Parameter C_FAMILY bound to: zynq - type: string 
INFO: [Synth 8-256] done synthesizing module 'dynshreg_f' (113#1) [c:/Users/chris/FPGA_Projects/A-high-speed-data-acquisition-framework-main/AXI_DMA.srcs/sources_1/bd/System/ipshared/51ce/hdl/lib_srl_fifo_v1_0_rfs.vhd:397]
INFO: [Synth 8-256] done synthesizing module 'srl_fifo_rbu_f' (114#1) [c:/Users/chris/FPGA_Projects/A-high-speed-data-acquisition-framework-main/AXI_DMA.srcs/sources_1/bd/System/ipshared/51ce/hdl/lib_srl_fifo_v1_0_rfs.vhd:697]
INFO: [Synth 8-256] done synthesizing module 'srl_fifo_f' (115#1) [c:/Users/chris/FPGA_Projects/A-high-speed-data-acquisition-framework-main/AXI_DMA.srcs/sources_1/bd/System/ipshared/51ce/hdl/lib_srl_fifo_v1_0_rfs.vhd:1000]
INFO: [Synth 8-256] done synthesizing module 'axi_sg_fifo__parameterized1' (115#1) [c:/Users/chris/FPGA_Projects/A-high-speed-data-acquisition-framework-main/AXI_DMA.srcs/sources_1/bd/System/ipshared/4919/hdl/axi_sg_v4_1_rfs.vhd:1890]
INFO: [Synth 8-638] synthesizing module 'axi_sg_fifo__parameterized2' [c:/Users/chris/FPGA_Projects/A-high-speed-data-acquisition-framework-main/AXI_DMA.srcs/sources_1/bd/System/ipshared/4919/hdl/axi_sg_v4_1_rfs.vhd:1890]
	Parameter C_DWIDTH bound to: 7 - type: integer 
	Parameter C_DEPTH bound to: 3 - type: integer 
	Parameter C_IS_ASYNC bound to: 0 - type: integer 
	Parameter C_PRIM_TYPE bound to: 2 - type: integer 
	Parameter C_FAMILY bound to: zynq - type: string 
INFO: [Synth 8-638] synthesizing module 'srl_fifo_f__parameterized0' [c:/Users/chris/FPGA_Projects/A-high-speed-data-acquisition-framework-main/AXI_DMA.srcs/sources_1/bd/System/ipshared/51ce/hdl/lib_srl_fifo_v1_0_rfs.vhd:1000]
	Parameter C_DWIDTH bound to: 7 - type: integer 
	Parameter C_DEPTH bound to: 3 - type: integer 
	Parameter C_FAMILY bound to: zynq - type: string 
INFO: [Synth 8-638] synthesizing module 'srl_fifo_rbu_f__parameterized0' [c:/Users/chris/FPGA_Projects/A-high-speed-data-acquisition-framework-main/AXI_DMA.srcs/sources_1/bd/System/ipshared/51ce/hdl/lib_srl_fifo_v1_0_rfs.vhd:697]
	Parameter C_DWIDTH bound to: 7 - type: integer 
	Parameter C_DEPTH bound to: 3 - type: integer 
	Parameter C_FAMILY bound to: zynq - type: string 
INFO: [Synth 8-638] synthesizing module 'dynshreg_f__parameterized0' [c:/Users/chris/FPGA_Projects/A-high-speed-data-acquisition-framework-main/AXI_DMA.srcs/sources_1/bd/System/ipshared/51ce/hdl/lib_srl_fifo_v1_0_rfs.vhd:397]
	Parameter C_DEPTH bound to: 3 - type: integer 
	Parameter C_DWIDTH bound to: 7 - type: integer 
	Parameter C_FAMILY bound to: zynq - type: string 
INFO: [Synth 8-256] done synthesizing module 'dynshreg_f__parameterized0' (115#1) [c:/Users/chris/FPGA_Projects/A-high-speed-data-acquisition-framework-main/AXI_DMA.srcs/sources_1/bd/System/ipshared/51ce/hdl/lib_srl_fifo_v1_0_rfs.vhd:397]
INFO: [Synth 8-256] done synthesizing module 'srl_fifo_rbu_f__parameterized0' (115#1) [c:/Users/chris/FPGA_Projects/A-high-speed-data-acquisition-framework-main/AXI_DMA.srcs/sources_1/bd/System/ipshared/51ce/hdl/lib_srl_fifo_v1_0_rfs.vhd:697]
INFO: [Synth 8-256] done synthesizing module 'srl_fifo_f__parameterized0' (115#1) [c:/Users/chris/FPGA_Projects/A-high-speed-data-acquisition-framework-main/AXI_DMA.srcs/sources_1/bd/System/ipshared/51ce/hdl/lib_srl_fifo_v1_0_rfs.vhd:1000]
INFO: [Synth 8-256] done synthesizing module 'axi_sg_fifo__parameterized2' (115#1) [c:/Users/chris/FPGA_Projects/A-high-speed-data-acquisition-framework-main/AXI_DMA.srcs/sources_1/bd/System/ipshared/4919/hdl/axi_sg_v4_1_rfs.vhd:1890]
INFO: [Synth 8-256] done synthesizing module 'axi_sg_wr_status_cntl' (116#1) [c:/Users/chris/FPGA_Projects/A-high-speed-data-acquisition-framework-main/AXI_DMA.srcs/sources_1/bd/System/ipshared/4919/hdl/axi_sg_v4_1_rfs.vhd:13571]
INFO: [Synth 8-638] synthesizing module 'axi_sg_scc_wr' [c:/Users/chris/FPGA_Projects/A-high-speed-data-acquisition-framework-main/AXI_DMA.srcs/sources_1/bd/System/ipshared/4919/hdl/axi_sg_v4_1_rfs.vhd:9830]
	Parameter C_SEL_ADDR_WIDTH bound to: 2 - type: integer 
	Parameter C_ADDR_WIDTH bound to: 32 - type: integer 
	Parameter C_STREAM_DWIDTH bound to: 32 - type: integer 
	Parameter C_MAX_BURST_LEN bound to: 16 - type: integer 
	Parameter C_CMD_WIDTH bound to: 68 - type: integer 
	Parameter C_TAG_WIDTH bound to: 4 - type: integer 
	Parameter C_ENABLE_EXTRA_FIELD bound to: 0 - type: integer 
INFO: [Synth 8-256] done synthesizing module 'axi_sg_scc_wr' (117#1) [c:/Users/chris/FPGA_Projects/A-high-speed-data-acquisition-framework-main/AXI_DMA.srcs/sources_1/bd/System/ipshared/4919/hdl/axi_sg_v4_1_rfs.vhd:9830]
INFO: [Synth 8-638] synthesizing module 'axi_sg_addr_cntl__parameterized0' [c:/Users/chris/FPGA_Projects/A-high-speed-data-acquisition-framework-main/AXI_DMA.srcs/sources_1/bd/System/ipshared/4919/hdl/axi_sg_v4_1_rfs.vhd:4556]
	Parameter C_ADDR_FIFO_DEPTH bound to: 1 - type: integer 
	Parameter C_ADDR_WIDTH bound to: 32 - type: integer 
	Parameter C_ADDR_ID bound to: 1 - type: integer 
	Parameter C_ADDR_ID_WIDTH bound to: 4 - type: integer 
	Parameter C_TAG_WIDTH bound to: 4 - type: integer 
	Parameter C_FAMILY bound to: virtex7 - type: string 
INFO: [Synth 8-256] done synthesizing module 'axi_sg_addr_cntl__parameterized0' (117#1) [c:/Users/chris/FPGA_Projects/A-high-speed-data-acquisition-framework-main/AXI_DMA.srcs/sources_1/bd/System/ipshared/4919/hdl/axi_sg_v4_1_rfs.vhd:4556]
INFO: [Synth 8-638] synthesizing module 'axi_sg_wrdata_cntl' [c:/Users/chris/FPGA_Projects/A-high-speed-data-acquisition-framework-main/AXI_DMA.srcs/sources_1/bd/System/ipshared/4919/hdl/axi_sg_v4_1_rfs.vhd:11534]
	Parameter C_REALIGNER_INCLUDED bound to: 0 - type: integer 
	Parameter C_ENABLE_INDET_BTT bound to: 0 - type: integer 
	Parameter C_SF_BYTES_RCVD_WIDTH bound to: 1 - type: integer 
	Parameter C_SEL_ADDR_WIDTH bound to: 2 - type: integer 
	Parameter C_DATA_CNTL_FIFO_DEPTH bound to: 1 - type: integer 
	Parameter C_MMAP_DWIDTH bound to: 32 - type: integer 
	Parameter C_STREAM_DWIDTH bound to: 32 - type: integer 
	Parameter C_TAG_WIDTH bound to: 4 - type: integer 
	Parameter C_FAMILY bound to: zynq - type: string 
INFO: [Synth 8-256] done synthesizing module 'axi_sg_wrdata_cntl' (118#1) [c:/Users/chris/FPGA_Projects/A-high-speed-data-acquisition-framework-main/AXI_DMA.srcs/sources_1/bd/System/ipshared/4919/hdl/axi_sg_v4_1_rfs.vhd:11534]
INFO: [Synth 8-256] done synthesizing module 'axi_sg_s2mm_basic_wrap' (119#1) [c:/Users/chris/FPGA_Projects/A-high-speed-data-acquisition-framework-main/AXI_DMA.srcs/sources_1/bd/System/ipshared/4919/hdl/axi_sg_v4_1_rfs.vhd:16514]
INFO: [Synth 8-256] done synthesizing module 'axi_sg_datamover' (120#1) [c:/Users/chris/FPGA_Projects/A-high-speed-data-acquisition-framework-main/AXI_DMA.srcs/sources_1/bd/System/ipshared/4919/hdl/axi_sg_v4_1_rfs.vhd:17745]
INFO: [Synth 8-256] done synthesizing module 'axi_sg' (121#1) [c:/Users/chris/FPGA_Projects/A-high-speed-data-acquisition-framework-main/AXI_DMA.srcs/sources_1/bd/System/ipshared/4919/hdl/axi_sg_v4_1_rfs.vhd:28767]
INFO: [Synth 8-638] synthesizing module 'axi_dma_s2mm_mngr' [c:/Users/chris/FPGA_Projects/A-high-speed-data-acquisition-framework-main/AXI_DMA.srcs/sources_1/bd/System/ipshared/89d8/hdl/axi_dma_v7_1_vh_rfs.vhd:20564]
	Parameter C_PRMRY_IS_ACLK_ASYNC bound to: 0 - type: integer 
	Parameter C_PRMY_CMDFIFO_DEPTH bound to: 4 - type: integer 
	Parameter C_DM_STATUS_WIDTH bound to: 35 - type: integer 
	Parameter C_INCLUDE_SG bound to: 1 - type: integer 
	Parameter C_EXTRA bound to: 1 - type: integer 
	Parameter C_SG_INCLUDE_STSCNTRL_STRM bound to: 0 - type: integer 
	Parameter C_SG_INCLUDE_DESC_QUEUE bound to: 1 - type: integer 
	Parameter C_SG_USE_STSAPP_LENGTH bound to: 0 - type: integer 
	Parameter C_SG_LENGTH_WIDTH bound to: 26 - type: integer 
	Parameter C_M_AXI_SG_ADDR_WIDTH bound to: 32 - type: integer 
	Parameter C_M_AXIS_SG_TDATA_WIDTH bound to: 32 - type: integer 
	Parameter C_S_AXIS_UPDPTR_TDATA_WIDTH bound to: 32 - type: integer 
	Parameter C_S_AXIS_UPDSTS_TDATA_WIDTH bound to: 33 - type: integer 
	Parameter C_S_AXIS_S2MM_STS_TDATA_WIDTH bound to: 32 - type: integer 
	Parameter C_INCLUDE_S2MM bound to: 1 - type: integer 
	Parameter C_M_AXI_S2MM_ADDR_WIDTH bound to: 32 - type: integer 
	Parameter C_NUM_S2MM_CHANNELS bound to: 1 - type: integer 
	Parameter C_ENABLE_MULTI_CHANNEL bound to: 0 - type: integer 
	Parameter C_MICRO_DMA bound to: 0 - type: integer 
	Parameter C_FAMILY bound to: zynq - type: string 
INFO: [Synth 8-638] synthesizing module 'axi_dma_s2mm_sm' [c:/Users/chris/FPGA_Projects/A-high-speed-data-acquisition-framework-main/AXI_DMA.srcs/sources_1/bd/System/ipshared/89d8/hdl/axi_dma_v7_1_vh_rfs.vhd:17780]
	Parameter C_M_AXI_S2MM_ADDR_WIDTH bound to: 32 - type: integer 
	Parameter C_SG_INCLUDE_STSCNTRL_STRM bound to: 0 - type: integer 
	Parameter C_SG_USE_STSAPP_LENGTH bound to: 0 - type: integer 
	Parameter C_SG_LENGTH_WIDTH bound to: 26 - type: integer 
	Parameter C_SG_INCLUDE_DESC_QUEUE bound to: 1 - type: integer 
	Parameter C_ENABLE_MULTI_CHANNEL bound to: 0 - type: integer 
	Parameter C_MICRO_DMA bound to: 0 - type: integer 
	Parameter C_EXTRA bound to: 1 - type: integer 
	Parameter C_PRMY_CMDFIFO_DEPTH bound to: 4 - type: integer 
INFO: [Synth 8-256] done synthesizing module 'axi_dma_s2mm_sm' (122#1) [c:/Users/chris/FPGA_Projects/A-high-speed-data-acquisition-framework-main/AXI_DMA.srcs/sources_1/bd/System/ipshared/89d8/hdl/axi_dma_v7_1_vh_rfs.vhd:17780]
INFO: [Synth 8-638] synthesizing module 'axi_dma_s2mm_sg_if' [c:/Users/chris/FPGA_Projects/A-high-speed-data-acquisition-framework-main/AXI_DMA.srcs/sources_1/bd/System/ipshared/89d8/hdl/axi_dma_v7_1_vh_rfs.vhd:16138]
	Parameter C_PRMRY_IS_ACLK_ASYNC bound to: 0 - type: integer 
	Parameter C_SG_INCLUDE_STSCNTRL_STRM bound to: 0 - type: integer 
	Parameter C_SG_INCLUDE_DESC_QUEUE bound to: 1 - type: integer 
	Parameter C_SG_USE_STSAPP_LENGTH bound to: 0 - type: integer 
	Parameter C_SG_LENGTH_WIDTH bound to: 26 - type: integer 
	Parameter C_M_AXIS_SG_TDATA_WIDTH bound to: 32 - type: integer 
	Parameter C_S_AXIS_UPDPTR_TDATA_WIDTH bound to: 32 - type: integer 
	Parameter C_S_AXIS_UPDSTS_TDATA_WIDTH bound to: 33 - type: integer 
	Parameter C_M_AXI_SG_ADDR_WIDTH bound to: 32 - type: integer 
	Parameter C_M_AXI_S2MM_ADDR_WIDTH bound to: 32 - type: integer 
	Parameter C_S_AXIS_S2MM_STS_TDATA_WIDTH bound to: 32 - type: integer 
	Parameter C_NUM_S2MM_CHANNELS bound to: 1 - type: integer 
	Parameter C_ENABLE_MULTI_CHANNEL bound to: 0 - type: integer 
	Parameter C_MICRO_DMA bound to: 0 - type: integer 
	Parameter C_EXTRA bound to: 1 - type: integer 
	Parameter C_FAMILY bound to: zynq - type: string 
INFO: [Synth 8-256] done synthesizing module 'axi_dma_s2mm_sg_if' (123#1) [c:/Users/chris/FPGA_Projects/A-high-speed-data-acquisition-framework-main/AXI_DMA.srcs/sources_1/bd/System/ipshared/89d8/hdl/axi_dma_v7_1_vh_rfs.vhd:16138]
INFO: [Synth 8-638] synthesizing module 'axi_dma_s2mm_cmdsts_if' [c:/Users/chris/FPGA_Projects/A-high-speed-data-acquisition-framework-main/AXI_DMA.srcs/sources_1/bd/System/ipshared/89d8/hdl/axi_dma_v7_1_vh_rfs.vhd:18828]
	Parameter C_M_AXI_S2MM_ADDR_WIDTH bound to: 32 - type: integer 
	Parameter C_DM_STATUS_WIDTH bound to: 35 - type: integer 
	Parameter C_INCLUDE_SG bound to: 1 - type: integer 
	Parameter C_SG_INCLUDE_STSCNTRL_STRM bound to: 0 - type: integer 
	Parameter C_SG_USE_STSAPP_LENGTH bound to: 0 - type: integer 
	Parameter C_SG_LENGTH_WIDTH bound to: 26 - type: integer 
	Parameter C_ENABLE_MULTI_CHANNEL bound to: 0 - type: integer 
	Parameter C_MICRO_DMA bound to: 0 - type: integer 
	Parameter C_EXTRA bound to: 1 - type: integer 
	Parameter C_ENABLE_QUEUE bound to: 1 - type: integer 
INFO: [Synth 8-256] done synthesizing module 'axi_dma_s2mm_cmdsts_if' (124#1) [c:/Users/chris/FPGA_Projects/A-high-speed-data-acquisition-framework-main/AXI_DMA.srcs/sources_1/bd/System/ipshared/89d8/hdl/axi_dma_v7_1_vh_rfs.vhd:18828]
INFO: [Synth 8-638] synthesizing module 'axi_dma_s2mm_sts_mngr' [c:/Users/chris/FPGA_Projects/A-high-speed-data-acquisition-framework-main/AXI_DMA.srcs/sources_1/bd/System/ipshared/89d8/hdl/axi_dma_v7_1_vh_rfs.vhd:19258]
	Parameter C_PRMRY_IS_ACLK_ASYNC bound to: 0 - type: integer 
INFO: [Synth 8-256] done synthesizing module 'axi_dma_s2mm_sts_mngr' (125#1) [c:/Users/chris/FPGA_Projects/A-high-speed-data-acquisition-framework-main/AXI_DMA.srcs/sources_1/bd/System/ipshared/89d8/hdl/axi_dma_v7_1_vh_rfs.vhd:19258]
INFO: [Synth 8-256] done synthesizing module 'axi_dma_s2mm_mngr' (126#1) [c:/Users/chris/FPGA_Projects/A-high-speed-data-acquisition-framework-main/AXI_DMA.srcs/sources_1/bd/System/ipshared/89d8/hdl/axi_dma_v7_1_vh_rfs.vhd:20564]
INFO: [Synth 8-638] synthesizing module 'axi_dma_sofeof_gen' [c:/Users/chris/FPGA_Projects/A-high-speed-data-acquisition-framework-main/AXI_DMA.srcs/sources_1/bd/System/ipshared/89d8/hdl/axi_dma_v7_1_vh_rfs.vhd:11441]
	Parameter C_PRMRY_IS_ACLK_ASYNC bound to: 0 - type: integer 
INFO: [Synth 8-256] done synthesizing module 'axi_dma_sofeof_gen' (127#1) [c:/Users/chris/FPGA_Projects/A-high-speed-data-acquisition-framework-main/AXI_DMA.srcs/sources_1/bd/System/ipshared/89d8/hdl/axi_dma_v7_1_vh_rfs.vhd:11441]
INFO: [Synth 8-638] synthesizing module 'axi_datamover' [c:/Users/chris/FPGA_Projects/A-high-speed-data-acquisition-framework-main/AXI_DMA.srcs/sources_1/bd/System/ipshared/4ab6/hdl/axi_datamover_v5_1_vh_rfs.vhd:55436]
	Parameter C_INCLUDE_MM2S bound to: 0 - type: integer 
	Parameter C_M_AXI_MM2S_ARID bound to: 0 - type: integer 
	Parameter C_M_AXI_MM2S_ID_WIDTH bound to: 4 - type: integer 
	Parameter C_M_AXI_MM2S_ADDR_WIDTH bound to: 32 - type: integer 
	Parameter C_M_AXI_MM2S_DATA_WIDTH bound to: 32 - type: integer 
	Parameter C_M_AXIS_MM2S_TDATA_WIDTH bound to: 32 - type: integer 
	Parameter C_INCLUDE_MM2S_STSFIFO bound to: 1 - type: integer 
	Parameter C_MM2S_STSCMD_FIFO_DEPTH bound to: 1 - type: integer 
	Parameter C_MM2S_STSCMD_IS_ASYNC bound to: 0 - type: integer 
	Parameter C_INCLUDE_MM2S_DRE bound to: 0 - type: integer 
	Parameter C_MM2S_BURST_SIZE bound to: 16 - type: integer 
	Parameter C_MM2S_BTT_USED bound to: 26 - type: integer 
	Parameter C_MM2S_ADDR_PIPE_DEPTH bound to: 4 - type: integer 
	Parameter C_MM2S_INCLUDE_SF bound to: 1 - type: integer 
	Parameter C_INCLUDE_S2MM bound to: 1 - type: integer 
	Parameter C_M_AXI_S2MM_AWID bound to: 1 - type: integer 
	Parameter C_M_AXI_S2MM_ID_WIDTH bound to: 4 - type: integer 
	Parameter C_M_AXI_S2MM_ADDR_WIDTH bound to: 32 - type: integer 
	Parameter C_M_AXI_S2MM_DATA_WIDTH bound to: 32 - type: integer 
	Parameter C_S_AXIS_S2MM_TDATA_WIDTH bound to: 32 - type: integer 
	Parameter C_INCLUDE_S2MM_STSFIFO bound to: 1 - type: integer 
	Parameter C_S2MM_STSCMD_FIFO_DEPTH bound to: 1 - type: integer 
	Parameter C_S2MM_STSCMD_IS_ASYNC bound to: 0 - type: integer 
	Parameter C_INCLUDE_S2MM_DRE bound to: 1 - type: integer 
	Parameter C_S2MM_BURST_SIZE bound to: 64 - type: integer 
	Parameter C_S2MM_BTT_USED bound to: 26 - type: integer 
	Parameter C_S2MM_SUPPORT_INDET_BTT bound to: 1 - type: integer 
	Parameter C_S2MM_ADDR_PIPE_DEPTH bound to: 4 - type: integer 
	Parameter C_S2MM_INCLUDE_SF bound to: 1 - type: integer 
	Parameter C_ENABLE_CACHE_USER bound to: 0 - type: integer 
	Parameter C_ENABLE_SKID_BUF bound to: 11111 - type: string 
	Parameter C_ENABLE_MM2S_TKEEP bound to: 1 - type: integer 
	Parameter C_ENABLE_S2MM_TKEEP bound to: 1 - type: integer 
	Parameter C_ENABLE_S2MM_ADV_SIG bound to: 0 - type: integer 
	Parameter C_ENABLE_MM2S_ADV_SIG bound to: 0 - type: integer 
	Parameter C_MICRO_DMA bound to: 0 - type: integer 
	Parameter C_CMD_WIDTH bound to: 72 - type: integer 
	Parameter C_MCDMA bound to: 1 - type: integer 
	Parameter C_FAMILY bound to: zynq - type: string 
INFO: [Synth 8-638] synthesizing module 'axi_datamover_mm2s_omit_wrap' [c:/Users/chris/FPGA_Projects/A-high-speed-data-acquisition-framework-main/AXI_DMA.srcs/sources_1/bd/System/ipshared/4ab6/hdl/axi_datamover_v5_1_vh_rfs.vhd:53209]
	Parameter C_INCLUDE_MM2S bound to: 0 - type: integer 
	Parameter C_MM2S_ARID bound to: 0 - type: integer 
	Parameter C_MM2S_ID_WIDTH bound to: 4 - type: integer 
	Parameter C_MM2S_ADDR_WIDTH bound to: 32 - type: integer 
	Parameter C_MM2S_MDATA_WIDTH bound to: 32 - type: integer 
	Parameter C_MM2S_SDATA_WIDTH bound to: 32 - type: integer 
	Parameter C_INCLUDE_MM2S_STSFIFO bound to: 1 - type: integer 
	Parameter C_MM2S_STSCMD_FIFO_DEPTH bound to: 1 - type: integer 
	Parameter C_MM2S_STSCMD_IS_ASYNC bound to: 0 - type: integer 
	Parameter C_INCLUDE_MM2S_DRE bound to: 0 - type: integer 
	Parameter C_MM2S_BURST_SIZE bound to: 16 - type: integer 
	Parameter C_MM2S_BTT_USED bound to: 26 - type: integer 
	Parameter C_MM2S_ADDR_PIPE_DEPTH bound to: 4 - type: integer 
	Parameter C_TAG_WIDTH bound to: 4 - type: integer 
	Parameter C_ENABLE_CACHE_USER bound to: 0 - type: integer 
	Parameter C_MCDMA bound to: 1 - type: integer 
	Parameter C_FAMILY bound to: zynq - type: string 
INFO: [Synth 8-256] done synthesizing module 'axi_datamover_mm2s_omit_wrap' (128#1) [c:/Users/chris/FPGA_Projects/A-high-speed-data-acquisition-framework-main/AXI_DMA.srcs/sources_1/bd/System/ipshared/4ab6/hdl/axi_datamover_v5_1_vh_rfs.vhd:53209]
INFO: [Synth 8-638] synthesizing module 'axi_datamover_s2mm_full_wrap' [c:/Users/chris/FPGA_Projects/A-high-speed-data-acquisition-framework-main/AXI_DMA.srcs/sources_1/bd/System/ipshared/4ab6/hdl/axi_datamover_v5_1_vh_rfs.vhd:49997]
	Parameter C_INCLUDE_S2MM bound to: 1 - type: integer 
	Parameter C_S2MM_AWID bound to: 1 - type: integer 
	Parameter C_S2MM_ID_WIDTH bound to: 4 - type: integer 
	Parameter C_S2MM_ADDR_WIDTH bound to: 32 - type: integer 
	Parameter C_S2MM_MDATA_WIDTH bound to: 32 - type: integer 
	Parameter C_S2MM_SDATA_WIDTH bound to: 32 - type: integer 
	Parameter C_INCLUDE_S2MM_STSFIFO bound to: 1 - type: integer 
	Parameter C_S2MM_STSCMD_FIFO_DEPTH bound to: 1 - type: integer 
	Parameter C_S2MM_STSCMD_IS_ASYNC bound to: 0 - type: integer 
	Parameter C_INCLUDE_S2MM_DRE bound to: 1 - type: integer 
	Parameter C_S2MM_BURST_SIZE bound to: 64 - type: integer 
	Parameter C_S2MM_BTT_USED bound to: 26 - type: integer 
	Parameter C_S2MM_SUPPORT_INDET_BTT bound to: 1 - type: integer 
	Parameter C_S2MM_ADDR_PIPE_DEPTH bound to: 4 - type: integer 
	Parameter C_TAG_WIDTH bound to: 4 - type: integer 
	Parameter C_INCLUDE_S2MM_GP_SF bound to: 1 - type: integer 
	Parameter C_ENABLE_CACHE_USER bound to: 0 - type: integer 
	Parameter C_ENABLE_S2MM_TKEEP bound to: 1 - type: integer 
	Parameter C_ENABLE_SKID_BUF bound to: 11111 - type: string 
	Parameter C_FAMILY bound to: zynq - type: string 
	Parameter C_MCDMA bound to: 1 - type: integer 
INFO: [Synth 8-638] synthesizing module 'axi_datamover_reset' [c:/Users/chris/FPGA_Projects/A-high-speed-data-acquisition-framework-main/AXI_DMA.srcs/sources_1/bd/System/ipshared/4ab6/hdl/axi_datamover_v5_1_vh_rfs.vhd:153]
	Parameter C_STSCMD_IS_ASYNC bound to: 0 - type: integer 
INFO: [Synth 8-256] done synthesizing module 'axi_datamover_reset' (129#1) [c:/Users/chris/FPGA_Projects/A-high-speed-data-acquisition-framework-main/AXI_DMA.srcs/sources_1/bd/System/ipshared/4ab6/hdl/axi_datamover_v5_1_vh_rfs.vhd:153]
INFO: [Synth 8-638] synthesizing module 'axi_datamover_cmd_status' [c:/Users/chris/FPGA_Projects/A-high-speed-data-acquisition-framework-main/AXI_DMA.srcs/sources_1/bd/System/ipshared/4ab6/hdl/axi_datamover_v5_1_vh_rfs.vhd:2698]
	Parameter C_ADDR_WIDTH bound to: 32 - type: integer 
	Parameter C_INCLUDE_STSFIFO bound to: 1 - type: integer 
	Parameter C_STSCMD_FIFO_DEPTH bound to: 1 - type: integer 
	Parameter C_STSCMD_IS_ASYNC bound to: 0 - type: integer 
	Parameter C_CMD_WIDTH bound to: 71 - type: integer 
	Parameter C_STS_WIDTH bound to: 35 - type: integer 
	Parameter C_ENABLE_CACHE_USER bound to: 0 - type: integer 
	Parameter C_FAMILY bound to: zynq - type: string 
INFO: [Synth 8-638] synthesizing module 'axi_datamover_fifo' [c:/Users/chris/FPGA_Projects/A-high-speed-data-acquisition-framework-main/AXI_DMA.srcs/sources_1/bd/System/ipshared/4ab6/hdl/axi_datamover_v5_1_vh_rfs.vhd:1886]
	Parameter C_DWIDTH bound to: 71 - type: integer 
	Parameter C_DEPTH bound to: 1 - type: integer 
	Parameter C_IS_ASYNC bound to: 0 - type: integer 
	Parameter C_PRIM_TYPE bound to: 2 - type: integer 
	Parameter C_FAMILY bound to: zynq - type: string 
INFO: [Synth 8-256] done synthesizing module 'axi_datamover_fifo' (130#1) [c:/Users/chris/FPGA_Projects/A-high-speed-data-acquisition-framework-main/AXI_DMA.srcs/sources_1/bd/System/ipshared/4ab6/hdl/axi_datamover_v5_1_vh_rfs.vhd:1886]
INFO: [Synth 8-638] synthesizing module 'axi_datamover_fifo__parameterized0' [c:/Users/chris/FPGA_Projects/A-high-speed-data-acquisition-framework-main/AXI_DMA.srcs/sources_1/bd/System/ipshared/4ab6/hdl/axi_datamover_v5_1_vh_rfs.vhd:1886]
	Parameter C_DWIDTH bound to: 35 - type: integer 
	Parameter C_DEPTH bound to: 1 - type: integer 
	Parameter C_IS_ASYNC bound to: 0 - type: integer 
	Parameter C_PRIM_TYPE bound to: 2 - type: integer 
	Parameter C_FAMILY bound to: zynq - type: string 
INFO: [Synth 8-256] done synthesizing module 'axi_datamover_fifo__parameterized0' (130#1) [c:/Users/chris/FPGA_Projects/A-high-speed-data-acquisition-framework-main/AXI_DMA.srcs/sources_1/bd/System/ipshared/4ab6/hdl/axi_datamover_v5_1_vh_rfs.vhd:1886]
INFO: [Synth 8-256] done synthesizing module 'axi_datamover_cmd_status' (131#1) [c:/Users/chris/FPGA_Projects/A-high-speed-data-acquisition-framework-main/AXI_DMA.srcs/sources_1/bd/System/ipshared/4ab6/hdl/axi_datamover_v5_1_vh_rfs.vhd:2698]
INFO: [Synth 8-638] synthesizing module 'axi_datamover_wr_status_cntl' [c:/Users/chris/FPGA_Projects/A-high-speed-data-acquisition-framework-main/AXI_DMA.srcs/sources_1/bd/System/ipshared/4ab6/hdl/axi_datamover_v5_1_vh_rfs.vhd:17704]
	Parameter C_ENABLE_INDET_BTT bound to: 1 - type: integer 
	Parameter C_SF_BYTES_RCVD_WIDTH bound to: 26 - type: integer 
	Parameter C_STS_FIFO_DEPTH bound to: 6 - type: integer 
	Parameter C_STS_WIDTH bound to: 35 - type: integer 
	Parameter C_TAG_WIDTH bound to: 4 - type: integer 
	Parameter C_MCDMA bound to: 1 - type: integer 
	Parameter C_FAMILY bound to: zynq - type: string 
INFO: [Synth 8-638] synthesizing module 'axi_datamover_fifo__parameterized1' [c:/Users/chris/FPGA_Projects/A-high-speed-data-acquisition-framework-main/AXI_DMA.srcs/sources_1/bd/System/ipshared/4ab6/hdl/axi_datamover_v5_1_vh_rfs.vhd:1886]
	Parameter C_DWIDTH bound to: 2 - type: integer 
	Parameter C_DEPTH bound to: 6 - type: integer 
	Parameter C_IS_ASYNC bound to: 0 - type: integer 
	Parameter C_PRIM_TYPE bound to: 2 - type: integer 
	Parameter C_FAMILY bound to: zynq - type: string 
INFO: [Synth 8-638] synthesizing module 'srl_fifo_f__parameterized1' [c:/Users/chris/FPGA_Projects/A-high-speed-data-acquisition-framework-main/AXI_DMA.srcs/sources_1/bd/System/ipshared/51ce/hdl/lib_srl_fifo_v1_0_rfs.vhd:1000]
	Parameter C_DWIDTH bound to: 2 - type: integer 
	Parameter C_DEPTH bound to: 6 - type: integer 
	Parameter C_FAMILY bound to: zynq - type: string 
INFO: [Synth 8-638] synthesizing module 'srl_fifo_rbu_f__parameterized1' [c:/Users/chris/FPGA_Projects/A-high-speed-data-acquisition-framework-main/AXI_DMA.srcs/sources_1/bd/System/ipshared/51ce/hdl/lib_srl_fifo_v1_0_rfs.vhd:697]
	Parameter C_DWIDTH bound to: 2 - type: integer 
	Parameter C_DEPTH bound to: 6 - type: integer 
	Parameter C_FAMILY bound to: zynq - type: string 
INFO: [Synth 8-638] synthesizing module 'cntr_incr_decr_addn_f__parameterized0' [c:/Users/chris/FPGA_Projects/A-high-speed-data-acquisition-framework-main/AXI_DMA.srcs/sources_1/bd/System/ipshared/51ce/hdl/lib_srl_fifo_v1_0_rfs.vhd:143]
	Parameter C_SIZE bound to: 4 - type: integer 
	Parameter C_FAMILY bound to: zynq - type: string 
INFO: [Synth 8-256] done synthesizing module 'cntr_incr_decr_addn_f__parameterized0' (131#1) [c:/Users/chris/FPGA_Projects/A-high-speed-data-acquisition-framework-main/AXI_DMA.srcs/sources_1/bd/System/ipshared/51ce/hdl/lib_srl_fifo_v1_0_rfs.vhd:143]
INFO: [Synth 8-638] synthesizing module 'dynshreg_f__parameterized1' [c:/Users/chris/FPGA_Projects/A-high-speed-data-acquisition-framework-main/AXI_DMA.srcs/sources_1/bd/System/ipshared/51ce/hdl/lib_srl_fifo_v1_0_rfs.vhd:397]
	Parameter C_DEPTH bound to: 6 - type: integer 
	Parameter C_DWIDTH bound to: 2 - type: integer 
	Parameter C_FAMILY bound to: zynq - type: string 
INFO: [Synth 8-256] done synthesizing module 'dynshreg_f__parameterized1' (131#1) [c:/Users/chris/FPGA_Projects/A-high-speed-data-acquisition-framework-main/AXI_DMA.srcs/sources_1/bd/System/ipshared/51ce/hdl/lib_srl_fifo_v1_0_rfs.vhd:397]
INFO: [Synth 8-256] done synthesizing module 'srl_fifo_rbu_f__parameterized1' (131#1) [c:/Users/chris/FPGA_Projects/A-high-speed-data-acquisition-framework-main/AXI_DMA.srcs/sources_1/bd/System/ipshared/51ce/hdl/lib_srl_fifo_v1_0_rfs.vhd:697]
INFO: [Synth 8-256] done synthesizing module 'srl_fifo_f__parameterized1' (131#1) [c:/Users/chris/FPGA_Projects/A-high-speed-data-acquisition-framework-main/AXI_DMA.srcs/sources_1/bd/System/ipshared/51ce/hdl/lib_srl_fifo_v1_0_rfs.vhd:1000]
INFO: [Synth 8-256] done synthesizing module 'axi_datamover_fifo__parameterized1' (131#1) [c:/Users/chris/FPGA_Projects/A-high-speed-data-acquisition-framework-main/AXI_DMA.srcs/sources_1/bd/System/ipshared/4ab6/hdl/axi_datamover_v5_1_vh_rfs.vhd:1886]
INFO: [Synth 8-638] synthesizing module 'axi_datamover_fifo__parameterized2' [c:/Users/chris/FPGA_Projects/A-high-speed-data-acquisition-framework-main/AXI_DMA.srcs/sources_1/bd/System/ipshared/4ab6/hdl/axi_datamover_v5_1_vh_rfs.vhd:1886]
	Parameter C_DWIDTH bound to: 33 - type: integer 
	Parameter C_DEPTH bound to: 6 - type: integer 
	Parameter C_IS_ASYNC bound to: 0 - type: integer 
	Parameter C_PRIM_TYPE bound to: 2 - type: integer 
	Parameter C_FAMILY bound to: zynq - type: string 
INFO: [Synth 8-638] synthesizing module 'srl_fifo_f__parameterized2' [c:/Users/chris/FPGA_Projects/A-high-speed-data-acquisition-framework-main/AXI_DMA.srcs/sources_1/bd/System/ipshared/51ce/hdl/lib_srl_fifo_v1_0_rfs.vhd:1000]
	Parameter C_DWIDTH bound to: 33 - type: integer 
	Parameter C_DEPTH bound to: 6 - type: integer 
	Parameter C_FAMILY bound to: zynq - type: string 
INFO: [Synth 8-638] synthesizing module 'srl_fifo_rbu_f__parameterized2' [c:/Users/chris/FPGA_Projects/A-high-speed-data-acquisition-framework-main/AXI_DMA.srcs/sources_1/bd/System/ipshared/51ce/hdl/lib_srl_fifo_v1_0_rfs.vhd:697]
	Parameter C_DWIDTH bound to: 33 - type: integer 
	Parameter C_DEPTH bound to: 6 - type: integer 
	Parameter C_FAMILY bound to: zynq - type: string 
INFO: [Synth 8-638] synthesizing module 'dynshreg_f__parameterized2' [c:/Users/chris/FPGA_Projects/A-high-speed-data-acquisition-framework-main/AXI_DMA.srcs/sources_1/bd/System/ipshared/51ce/hdl/lib_srl_fifo_v1_0_rfs.vhd:397]
	Parameter C_DEPTH bound to: 6 - type: integer 
	Parameter C_DWIDTH bound to: 33 - type: integer 
	Parameter C_FAMILY bound to: zynq - type: string 
INFO: [Synth 8-256] done synthesizing module 'dynshreg_f__parameterized2' (131#1) [c:/Users/chris/FPGA_Projects/A-high-speed-data-acquisition-framework-main/AXI_DMA.srcs/sources_1/bd/System/ipshared/51ce/hdl/lib_srl_fifo_v1_0_rfs.vhd:397]
INFO: [Synth 8-256] done synthesizing module 'srl_fifo_rbu_f__parameterized2' (131#1) [c:/Users/chris/FPGA_Projects/A-high-speed-data-acquisition-framework-main/AXI_DMA.srcs/sources_1/bd/System/ipshared/51ce/hdl/lib_srl_fifo_v1_0_rfs.vhd:697]
INFO: [Synth 8-256] done synthesizing module 'srl_fifo_f__parameterized2' (131#1) [c:/Users/chris/FPGA_Projects/A-high-speed-data-acquisition-framework-main/AXI_DMA.srcs/sources_1/bd/System/ipshared/51ce/hdl/lib_srl_fifo_v1_0_rfs.vhd:1000]
INFO: [Synth 8-256] done synthesizing module 'axi_datamover_fifo__parameterized2' (131#1) [c:/Users/chris/FPGA_Projects/A-high-speed-data-acquisition-framework-main/AXI_DMA.srcs/sources_1/bd/System/ipshared/4ab6/hdl/axi_datamover_v5_1_vh_rfs.vhd:1886]
INFO: [Synth 8-256] done synthesizing module 'axi_datamover_wr_status_cntl' (132#1) [c:/Users/chris/FPGA_Projects/A-high-speed-data-acquisition-framework-main/AXI_DMA.srcs/sources_1/bd/System/ipshared/4ab6/hdl/axi_datamover_v5_1_vh_rfs.vhd:17704]
INFO: [Synth 8-638] synthesizing module 'axi_datamover_ibttcc' [c:/Users/chris/FPGA_Projects/A-high-speed-data-acquisition-framework-main/AXI_DMA.srcs/sources_1/bd/System/ipshared/4ab6/hdl/axi_datamover_v5_1_vh_rfs.vhd:25731]
	Parameter C_SF_XFER_BYTES_WIDTH bound to: 9 - type: integer 
	Parameter C_DRE_ALIGN_WIDTH bound to: 2 - type: integer 
	Parameter C_SEL_ADDR_WIDTH bound to: 2 - type: integer 
	Parameter C_ADDR_WIDTH bound to: 32 - type: integer 
	Parameter C_STREAM_DWIDTH bound to: 32 - type: integer 
	Parameter C_MAX_BURST_LEN bound to: 64 - type: integer 
	Parameter C_CMD_WIDTH bound to: 71 - type: integer 
	Parameter C_TAG_WIDTH bound to: 4 - type: integer 
	Parameter C_BTT_USED bound to: 26 - type: integer 
	Parameter C_NATIVE_XFER_WIDTH bound to: 32 - type: integer 
	Parameter C_STRT_SF_OFFSET_WIDTH bound to: 1 - type: integer 
	Parameter C_MCDMA bound to: 1 - type: integer 
INFO: [Synth 8-256] done synthesizing module 'axi_datamover_ibttcc' (133#1) [c:/Users/chris/FPGA_Projects/A-high-speed-data-acquisition-framework-main/AXI_DMA.srcs/sources_1/bd/System/ipshared/4ab6/hdl/axi_datamover_v5_1_vh_rfs.vhd:25731]
INFO: [Synth 8-638] synthesizing module 'axi_datamover_skid_buf' [c:/Users/chris/FPGA_Projects/A-high-speed-data-acquisition-framework-main/AXI_DMA.srcs/sources_1/bd/System/ipshared/4ab6/hdl/axi_datamover_v5_1_vh_rfs.vhd:19500]
	Parameter C_WDATA_WIDTH bound to: 32 - type: integer 
INFO: [Synth 8-256] done synthesizing module 'axi_datamover_skid_buf' (134#1) [c:/Users/chris/FPGA_Projects/A-high-speed-data-acquisition-framework-main/AXI_DMA.srcs/sources_1/bd/System/ipshared/4ab6/hdl/axi_datamover_v5_1_vh_rfs.vhd:19500]
INFO: [Synth 8-638] synthesizing module 'axi_datamover_s2mm_realign' [c:/Users/chris/FPGA_Projects/A-high-speed-data-acquisition-framework-main/AXI_DMA.srcs/sources_1/bd/System/ipshared/4ab6/hdl/axi_datamover_v5_1_vh_rfs.vhd:47011]
	Parameter C_ENABLE_INDET_BTT bound to: 1 - type: integer 
	Parameter C_INCLUDE_DRE bound to: 1 - type: integer 
	Parameter C_DRE_CNTL_FIFO_DEPTH bound to: 4 - type: integer 
	Parameter C_DRE_ALIGN_WIDTH bound to: 2 - type: integer 
	Parameter C_SUPPORT_SCATTER bound to: 1 - type: integer 
	Parameter C_ENABLE_S2MM_TKEEP bound to: 1 - type: integer 
	Parameter C_BTT_USED bound to: 26 - type: integer 
	Parameter C_STREAM_DWIDTH bound to: 32 - type: integer 
	Parameter C_TAG_WIDTH bound to: 4 - type: integer 
	Parameter C_STRT_SF_OFFSET_WIDTH bound to: 1 - type: integer 
	Parameter C_FAMILY bound to: zynq - type: string 
INFO: [Synth 8-638] synthesizing module 'axi_datamover_fifo__parameterized3' [c:/Users/chris/FPGA_Projects/A-high-speed-data-acquisition-framework-main/AXI_DMA.srcs/sources_1/bd/System/ipshared/4ab6/hdl/axi_datamover_v5_1_vh_rfs.vhd:1886]
	Parameter C_DWIDTH bound to: 39 - type: integer 
	Parameter C_DEPTH bound to: 4 - type: integer 
	Parameter C_IS_ASYNC bound to: 0 - type: integer 
	Parameter C_PRIM_TYPE bound to: 2 - type: integer 
	Parameter C_FAMILY bound to: zynq - type: string 
INFO: [Synth 8-638] synthesizing module 'srl_fifo_f__parameterized3' [c:/Users/chris/FPGA_Projects/A-high-speed-data-acquisition-framework-main/AXI_DMA.srcs/sources_1/bd/System/ipshared/51ce/hdl/lib_srl_fifo_v1_0_rfs.vhd:1000]
	Parameter C_DWIDTH bound to: 39 - type: integer 
	Parameter C_DEPTH bound to: 4 - type: integer 
	Parameter C_FAMILY bound to: zynq - type: string 
INFO: [Synth 8-638] synthesizing module 'srl_fifo_rbu_f__parameterized3' [c:/Users/chris/FPGA_Projects/A-high-speed-data-acquisition-framework-main/AXI_DMA.srcs/sources_1/bd/System/ipshared/51ce/hdl/lib_srl_fifo_v1_0_rfs.vhd:697]
	Parameter C_DWIDTH bound to: 39 - type: integer 
	Parameter C_DEPTH bound to: 4 - type: integer 
	Parameter C_FAMILY bound to: zynq - type: string 
INFO: [Synth 8-638] synthesizing module 'dynshreg_f__parameterized3' [c:/Users/chris/FPGA_Projects/A-high-speed-data-acquisition-framework-main/AXI_DMA.srcs/sources_1/bd/System/ipshared/51ce/hdl/lib_srl_fifo_v1_0_rfs.vhd:397]
	Parameter C_DEPTH bound to: 4 - type: integer 
	Parameter C_DWIDTH bound to: 39 - type: integer 
	Parameter C_FAMILY bound to: zynq - type: string 
INFO: [Synth 8-256] done synthesizing module 'dynshreg_f__parameterized3' (134#1) [c:/Users/chris/FPGA_Projects/A-high-speed-data-acquisition-framework-main/AXI_DMA.srcs/sources_1/bd/System/ipshared/51ce/hdl/lib_srl_fifo_v1_0_rfs.vhd:397]
INFO: [Synth 8-256] done synthesizing module 'srl_fifo_rbu_f__parameterized3' (134#1) [c:/Users/chris/FPGA_Projects/A-high-speed-data-acquisition-framework-main/AXI_DMA.srcs/sources_1/bd/System/ipshared/51ce/hdl/lib_srl_fifo_v1_0_rfs.vhd:697]
INFO: [Synth 8-256] done synthesizing module 'srl_fifo_f__parameterized3' (134#1) [c:/Users/chris/FPGA_Projects/A-high-speed-data-acquisition-framework-main/AXI_DMA.srcs/sources_1/bd/System/ipshared/51ce/hdl/lib_srl_fifo_v1_0_rfs.vhd:1000]
INFO: [Synth 8-256] done synthesizing module 'axi_datamover_fifo__parameterized3' (134#1) [c:/Users/chris/FPGA_Projects/A-high-speed-data-acquisition-framework-main/AXI_DMA.srcs/sources_1/bd/System/ipshared/4ab6/hdl/axi_datamover_v5_1_vh_rfs.vhd:1886]
INFO: [Synth 8-638] synthesizing module 'axi_datamover_s2mm_dre' [c:/Users/chris/FPGA_Projects/A-high-speed-data-acquisition-framework-main/AXI_DMA.srcs/sources_1/bd/System/ipshared/4ab6/hdl/axi_datamover_v5_1_vh_rfs.vhd:36563]
	Parameter C_DWIDTH bound to: 32 - type: integer 
	Parameter C_ALIGN_WIDTH bound to: 2 - type: integer 
INFO: [Synth 8-226] default block is never used [c:/Users/chris/FPGA_Projects/A-high-speed-data-acquisition-framework-main/AXI_DMA.srcs/sources_1/bd/System/ipshared/4ab6/hdl/axi_datamover_v5_1_vh_rfs.vhd:41821]
INFO: [Synth 8-638] synthesizing module 'axi_datamover_dre_mux2_1_x_n' [c:/Users/chris/FPGA_Projects/A-high-speed-data-acquisition-framework-main/AXI_DMA.srcs/sources_1/bd/System/ipshared/4ab6/hdl/axi_datamover_v5_1_vh_rfs.vhd:29950]
	Parameter C_WIDTH bound to: 10 - type: integer 
INFO: [Synth 8-226] default block is never used [c:/Users/chris/FPGA_Projects/A-high-speed-data-acquisition-framework-main/AXI_DMA.srcs/sources_1/bd/System/ipshared/4ab6/hdl/axi_datamover_v5_1_vh_rfs.vhd:29966]
INFO: [Synth 8-256] done synthesizing module 'axi_datamover_dre_mux2_1_x_n' (135#1) [c:/Users/chris/FPGA_Projects/A-high-speed-data-acquisition-framework-main/AXI_DMA.srcs/sources_1/bd/System/ipshared/4ab6/hdl/axi_datamover_v5_1_vh_rfs.vhd:29950]
INFO: [Synth 8-638] synthesizing module 'axi_datamover_dre_mux4_1_x_n' [c:/Users/chris/FPGA_Projects/A-high-speed-data-acquisition-framework-main/AXI_DMA.srcs/sources_1/bd/System/ipshared/4ab6/hdl/axi_datamover_v5_1_vh_rfs.vhd:30097]
	Parameter C_WIDTH bound to: 10 - type: integer 
INFO: [Synth 8-226] default block is never used [c:/Users/chris/FPGA_Projects/A-high-speed-data-acquisition-framework-main/AXI_DMA.srcs/sources_1/bd/System/ipshared/4ab6/hdl/axi_datamover_v5_1_vh_rfs.vhd:30113]
INFO: [Synth 8-256] done synthesizing module 'axi_datamover_dre_mux4_1_x_n' (136#1) [c:/Users/chris/FPGA_Projects/A-high-speed-data-acquisition-framework-main/AXI_DMA.srcs/sources_1/bd/System/ipshared/4ab6/hdl/axi_datamover_v5_1_vh_rfs.vhd:30097]
INFO: [Synth 8-226] default block is never used [c:/Users/chris/FPGA_Projects/A-high-speed-data-acquisition-framework-main/AXI_DMA.srcs/sources_1/bd/System/ipshared/4ab6/hdl/axi_datamover_v5_1_vh_rfs.vhd:42049]
INFO: [Synth 8-226] default block is never used [c:/Users/chris/FPGA_Projects/A-high-speed-data-acquisition-framework-main/AXI_DMA.srcs/sources_1/bd/System/ipshared/4ab6/hdl/axi_datamover_v5_1_vh_rfs.vhd:42096]
INFO: [Synth 8-226] default block is never used [c:/Users/chris/FPGA_Projects/A-high-speed-data-acquisition-framework-main/AXI_DMA.srcs/sources_1/bd/System/ipshared/4ab6/hdl/axi_datamover_v5_1_vh_rfs.vhd:42143]
INFO: [Synth 8-256] done synthesizing module 'axi_datamover_s2mm_dre' (137#1) [c:/Users/chris/FPGA_Projects/A-high-speed-data-acquisition-framework-main/AXI_DMA.srcs/sources_1/bd/System/ipshared/4ab6/hdl/axi_datamover_v5_1_vh_rfs.vhd:36563]
INFO: [Synth 8-638] synthesizing module 'axi_datamover_s2mm_scatter' [c:/Users/chris/FPGA_Projects/A-high-speed-data-acquisition-framework-main/AXI_DMA.srcs/sources_1/bd/System/ipshared/4ab6/hdl/axi_datamover_v5_1_vh_rfs.vhd:45117]
	Parameter C_ENABLE_INDET_BTT bound to: 1 - type: integer 
	Parameter C_DRE_ALIGN_WIDTH bound to: 2 - type: integer 
	Parameter C_BTT_USED bound to: 26 - type: integer 
	Parameter C_STREAM_DWIDTH bound to: 32 - type: integer 
	Parameter C_ENABLE_S2MM_TKEEP bound to: 1 - type: integer 
	Parameter C_FAMILY bound to: zynq - type: string 
INFO: [Synth 8-638] synthesizing module 'axi_datamover_mssai_skid_buf' [c:/Users/chris/FPGA_Projects/A-high-speed-data-acquisition-framework-main/AXI_DMA.srcs/sources_1/bd/System/ipshared/4ab6/hdl/axi_datamover_v5_1_vh_rfs.vhd:44167]
	Parameter C_WDATA_WIDTH bound to: 32 - type: integer 
	Parameter C_INDEX_WIDTH bound to: 2 - type: integer 
INFO: [Synth 8-638] synthesizing module 'axi_datamover_ms_strb_set' [c:/Users/chris/FPGA_Projects/A-high-speed-data-acquisition-framework-main/AXI_DMA.srcs/sources_1/bd/System/ipshared/4ab6/hdl/axi_datamover_v5_1_vh_rfs.vhd:42603]
	Parameter C_STRB_WIDTH bound to: 4 - type: integer 
	Parameter C_INDEX_WIDTH bound to: 2 - type: integer 
INFO: [Synth 8-256] done synthesizing module 'axi_datamover_ms_strb_set' (138#1) [c:/Users/chris/FPGA_Projects/A-high-speed-data-acquisition-framework-main/AXI_DMA.srcs/sources_1/bd/System/ipshared/4ab6/hdl/axi_datamover_v5_1_vh_rfs.vhd:42603]
INFO: [Synth 8-256] done synthesizing module 'axi_datamover_mssai_skid_buf' (139#1) [c:/Users/chris/FPGA_Projects/A-high-speed-data-acquisition-framework-main/AXI_DMA.srcs/sources_1/bd/System/ipshared/4ab6/hdl/axi_datamover_v5_1_vh_rfs.vhd:44167]
INFO: [Synth 8-638] synthesizing module 'axi_datamover_strb_gen2' [c:/Users/chris/FPGA_Projects/A-high-speed-data-acquisition-framework-main/AXI_DMA.srcs/sources_1/bd/System/ipshared/4ab6/hdl/axi_datamover_v5_1_vh_rfs.vhd:4342]
	Parameter C_OP_MODE bound to: 0 - type: integer 
	Parameter C_STRB_WIDTH bound to: 4 - type: integer 
	Parameter C_OFFSET_WIDTH bound to: 2 - type: integer 
	Parameter C_NUM_BYTES_WIDTH bound to: 3 - type: integer 
INFO: [Synth 8-256] done synthesizing module 'axi_datamover_strb_gen2' (140#1) [c:/Users/chris/FPGA_Projects/A-high-speed-data-acquisition-framework-main/AXI_DMA.srcs/sources_1/bd/System/ipshared/4ab6/hdl/axi_datamover_v5_1_vh_rfs.vhd:4342]
INFO: [Synth 8-638] synthesizing module 'axi_datamover_slice' [c:/Users/chris/FPGA_Projects/A-high-speed-data-acquisition-framework-main/AXI_DMA.srcs/sources_1/bd/System/ipshared/4ab6/hdl/axi_datamover_v5_1_vh_rfs.vhd:44856]
	Parameter C_DATA_WIDTH bound to: 9 - type: integer 
INFO: [Synth 8-256] done synthesizing module 'axi_datamover_slice' (141#1) [c:/Users/chris/FPGA_Projects/A-high-speed-data-acquisition-framework-main/AXI_DMA.srcs/sources_1/bd/System/ipshared/4ab6/hdl/axi_datamover_v5_1_vh_rfs.vhd:44856]
INFO: [Synth 8-638] synthesizing module 'axi_datamover_fifo__parameterized4' [c:/Users/chris/FPGA_Projects/A-high-speed-data-acquisition-framework-main/AXI_DMA.srcs/sources_1/bd/System/ipshared/4ab6/hdl/axi_datamover_v5_1_vh_rfs.vhd:1886]
	Parameter C_DWIDTH bound to: 9 - type: integer 
	Parameter C_DEPTH bound to: 16 - type: integer 
	Parameter C_IS_ASYNC bound to: 0 - type: integer 
	Parameter C_PRIM_TYPE bound to: 2 - type: integer 
	Parameter C_FAMILY bound to: zynq - type: string 
INFO: [Synth 8-638] synthesizing module 'srl_fifo_f__parameterized4' [c:/Users/chris/FPGA_Projects/A-high-speed-data-acquisition-framework-main/AXI_DMA.srcs/sources_1/bd/System/ipshared/51ce/hdl/lib_srl_fifo_v1_0_rfs.vhd:1000]
	Parameter C_DWIDTH bound to: 9 - type: integer 
	Parameter C_DEPTH bound to: 16 - type: integer 
	Parameter C_FAMILY bound to: zynq - type: string 
INFO: [Synth 8-638] synthesizing module 'srl_fifo_rbu_f__parameterized4' [c:/Users/chris/FPGA_Projects/A-high-speed-data-acquisition-framework-main/AXI_DMA.srcs/sources_1/bd/System/ipshared/51ce/hdl/lib_srl_fifo_v1_0_rfs.vhd:697]
	Parameter C_DWIDTH bound to: 9 - type: integer 
	Parameter C_DEPTH bound to: 16 - type: integer 
	Parameter C_FAMILY bound to: zynq - type: string 
INFO: [Synth 8-638] synthesizing module 'cntr_incr_decr_addn_f__parameterized1' [c:/Users/chris/FPGA_Projects/A-high-speed-data-acquisition-framework-main/AXI_DMA.srcs/sources_1/bd/System/ipshared/51ce/hdl/lib_srl_fifo_v1_0_rfs.vhd:143]
	Parameter C_SIZE bound to: 5 - type: integer 
	Parameter C_FAMILY bound to: zynq - type: string 
INFO: [Synth 8-256] done synthesizing module 'cntr_incr_decr_addn_f__parameterized1' (141#1) [c:/Users/chris/FPGA_Projects/A-high-speed-data-acquisition-framework-main/AXI_DMA.srcs/sources_1/bd/System/ipshared/51ce/hdl/lib_srl_fifo_v1_0_rfs.vhd:143]
INFO: [Synth 8-638] synthesizing module 'dynshreg_f__parameterized4' [c:/Users/chris/FPGA_Projects/A-high-speed-data-acquisition-framework-main/AXI_DMA.srcs/sources_1/bd/System/ipshared/51ce/hdl/lib_srl_fifo_v1_0_rfs.vhd:397]
	Parameter C_DEPTH bound to: 16 - type: integer 
	Parameter C_DWIDTH bound to: 9 - type: integer 
	Parameter C_FAMILY bound to: zynq - type: string 
INFO: [Synth 8-256] done synthesizing module 'dynshreg_f__parameterized4' (141#1) [c:/Users/chris/FPGA_Projects/A-high-speed-data-acquisition-framework-main/AXI_DMA.srcs/sources_1/bd/System/ipshared/51ce/hdl/lib_srl_fifo_v1_0_rfs.vhd:397]
INFO: [Synth 8-256] done synthesizing module 'srl_fifo_rbu_f__parameterized4' (141#1) [c:/Users/chris/FPGA_Projects/A-high-speed-data-acquisition-framework-main/AXI_DMA.srcs/sources_1/bd/System/ipshared/51ce/hdl/lib_srl_fifo_v1_0_rfs.vhd:697]
INFO: [Synth 8-256] done synthesizing module 'srl_fifo_f__parameterized4' (141#1) [c:/Users/chris/FPGA_Projects/A-high-speed-data-acquisition-framework-main/AXI_DMA.srcs/sources_1/bd/System/ipshared/51ce/hdl/lib_srl_fifo_v1_0_rfs.vhd:1000]
INFO: [Synth 8-256] done synthesizing module 'axi_datamover_fifo__parameterized4' (141#1) [c:/Users/chris/FPGA_Projects/A-high-speed-data-acquisition-framework-main/AXI_DMA.srcs/sources_1/bd/System/ipshared/4ab6/hdl/axi_datamover_v5_1_vh_rfs.vhd:1886]
INFO: [Synth 8-256] done synthesizing module 'axi_datamover_s2mm_scatter' (142#1) [c:/Users/chris/FPGA_Projects/A-high-speed-data-acquisition-framework-main/AXI_DMA.srcs/sources_1/bd/System/ipshared/4ab6/hdl/axi_datamover_v5_1_vh_rfs.vhd:45117]
INFO: [Synth 8-256] done synthesizing module 'axi_datamover_s2mm_realign' (143#1) [c:/Users/chris/FPGA_Projects/A-high-speed-data-acquisition-framework-main/AXI_DMA.srcs/sources_1/bd/System/ipshared/4ab6/hdl/axi_datamover_v5_1_vh_rfs.vhd:47011]
INFO: [Synth 8-638] synthesizing module 'axi_datamover_indet_btt' [c:/Users/chris/FPGA_Projects/A-high-speed-data-acquisition-framework-main/AXI_DMA.srcs/sources_1/bd/System/ipshared/4ab6/hdl/axi_datamover_v5_1_vh_rfs.vhd:28430]
	Parameter C_SF_FIFO_DEPTH bound to: 512 - type: integer 
	Parameter C_IBTT_XFER_BYTES_WIDTH bound to: 9 - type: integer 
	Parameter C_STRT_OFFSET_WIDTH bound to: 1 - type: integer 
	Parameter C_MAX_BURST_LEN bound to: 64 - type: integer 
	Parameter C_MMAP_DWIDTH bound to: 32 - type: integer 
	Parameter C_STREAM_DWIDTH bound to: 32 - type: integer 
	Parameter C_ENABLE_SKID_BUF bound to: 11111 - type: string 
	Parameter C_ENABLE_S2MM_TKEEP bound to: 1 - type: integer 
	Parameter C_ENABLE_DRE bound to: 1 - type: integer 
	Parameter C_FAMILY bound to: zynq - type: string 
INFO: [Synth 8-638] synthesizing module 'axi_datamover_stbs_set' [c:/Users/chris/FPGA_Projects/A-high-speed-data-acquisition-framework-main/AXI_DMA.srcs/sources_1/bd/System/ipshared/4ab6/hdl/axi_datamover_v5_1_vh_rfs.vhd:23410]
	Parameter C_STROBE_WIDTH bound to: 4 - type: integer 
INFO: [Synth 8-256] done synthesizing module 'axi_datamover_stbs_set' (144#1) [c:/Users/chris/FPGA_Projects/A-high-speed-data-acquisition-framework-main/AXI_DMA.srcs/sources_1/bd/System/ipshared/4ab6/hdl/axi_datamover_v5_1_vh_rfs.vhd:23410]
INFO: [Synth 8-638] synthesizing module 'axi_datamover_sfifo_autord' [c:/Users/chris/FPGA_Projects/A-high-speed-data-acquisition-framework-main/AXI_DMA.srcs/sources_1/bd/System/ipshared/4ab6/hdl/axi_datamover_v5_1_vh_rfs.vhd:1295]
	Parameter C_DWIDTH bound to: 11 - type: integer 
	Parameter C_DEPTH bound to: 16 - type: integer 
	Parameter C_DATA_CNT_WIDTH bound to: 5 - type: integer 
	Parameter C_NEED_ALMOST_EMPTY bound to: 0 - type: integer 
	Parameter C_NEED_ALMOST_FULL bound to: 1 - type: integer 
	Parameter C_USE_BLKMEM bound to: 0 - type: integer 
	Parameter C_FAMILY bound to: zynq - type: string 
INFO: [Synth 8-638] synthesizing module 'sync_fifo_fg' [c:/Users/chris/FPGA_Projects/A-high-speed-data-acquisition-framework-main/AXI_DMA.srcs/sources_1/bd/System/ipshared/a5cb/hdl/lib_fifo_v1_0_rfs.vhd:2250]
	Parameter C_FAMILY bound to: zynq - type: string 
	Parameter C_DCOUNT_WIDTH bound to: 5 - type: integer 
	Parameter C_ENABLE_RLOCS bound to: 0 - type: integer 
	Parameter C_HAS_DCOUNT bound to: 1 - type: integer 
	Parameter C_HAS_RD_ACK bound to: 1 - type: integer 
	Parameter C_HAS_RD_ERR bound to: 0 - type: integer 
	Parameter C_HAS_WR_ACK bound to: 1 - type: integer 
	Parameter C_HAS_WR_ERR bound to: 0 - type: integer 
	Parameter C_HAS_ALMOST_FULL bound to: 0 - type: integer 
	Parameter C_MEMORY_TYPE bound to: 0 - type: integer 
	Parameter C_PORTS_DIFFER bound to: 0 - type: integer 
	Parameter C_RD_ACK_LOW bound to: 0 - type: integer 
	Parameter C_USE_EMBEDDED_REG bound to: 0 - type: integer 
	Parameter C_READ_DATA_WIDTH bound to: 11 - type: integer 
	Parameter C_READ_DEPTH bound to: 16 - type: integer 
	Parameter C_RD_ERR_LOW bound to: 0 - type: integer 
	Parameter C_WR_ACK_LOW bound to: 0 - type: integer 
	Parameter C_WR_ERR_LOW bound to: 0 - type: integer 
	Parameter C_PRELOAD_REGS bound to: 1 - type: integer 
	Parameter C_PRELOAD_LATENCY bound to: 0 - type: integer 
	Parameter C_WRITE_DATA_WIDTH bound to: 11 - type: integer 
	Parameter C_WRITE_DEPTH bound to: 16 - type: integer 
	Parameter C_SYNCHRONIZER_STAGE bound to: 2 - type: integer 
	Parameter C_XPM_FIFO bound to: 1 - type: integer 
	Parameter FIFO_MEMORY_TYPE bound to: auto - type: string 
	Parameter FIFO_WRITE_DEPTH bound to: 16 - type: integer 
	Parameter CASCADE_HEIGHT bound to: 0 - type: integer 
	Parameter WRITE_DATA_WIDTH bound to: 11 - type: integer 
	Parameter READ_MODE bound to: fwft - type: string 
	Parameter FIFO_READ_LATENCY bound to: 0 - type: integer 
	Parameter FULL_RESET_VALUE bound to: 1 - type: integer 
	Parameter USE_ADV_FEATURES bound to: 1F1F - type: string 
	Parameter READ_DATA_WIDTH bound to: 11 - type: integer 
	Parameter WR_DATA_COUNT_WIDTH bound to: 5 - type: integer 
	Parameter PROG_FULL_THRESH bound to: 10 - type: integer 
	Parameter RD_DATA_COUNT_WIDTH bound to: 4 - type: integer 
	Parameter PROG_EMPTY_THRESH bound to: 10 - type: integer 
	Parameter DOUT_RESET_VALUE bound to: 0 - type: string 
	Parameter ECC_MODE bound to: no_ecc - type: string 
	Parameter SIM_ASSERT_CHK bound to: 0 - type: integer 
	Parameter WAKEUP_TIME bound to: 0 - type: integer 
INFO: [Synth 8-3491] module 'xpm_fifo_sync' declared at 'C:/baidunetdiskdownload/Vivado2020_2/Vivado/2020.2/data/ip/xpm/xpm_fifo/hdl/xpm_fifo.sv:1947' bound to instance 'xpm_fifo_sync_inst' of component 'xpm_fifo_sync' [c:/Users/chris/FPGA_Projects/A-high-speed-data-acquisition-framework-main/AXI_DMA.srcs/sources_1/bd/System/ipshared/a5cb/hdl/lib_fifo_v1_0_rfs.vhd:2627]
	Parameter FIFO_MEMORY_TYPE bound to: auto - type: string 
	Parameter ECC_MODE bound to: no_ecc - type: string 
	Parameter SIM_ASSERT_CHK bound to: 0 - type: integer 
	Parameter CASCADE_HEIGHT bound to: 0 - type: integer 
	Parameter FIFO_WRITE_DEPTH bound to: 16 - type: integer 
	Parameter WRITE_DATA_WIDTH bound to: 11 - type: integer 
	Parameter WR_DATA_COUNT_WIDTH bound to: 5 - type: integer 
	Parameter PROG_FULL_THRESH bound to: 10 - type: integer 
	Parameter FULL_RESET_VALUE bound to: 1 - type: integer 
	Parameter USE_ADV_FEATURES bound to: 1F1F - type: string 
	Parameter READ_MODE bound to: fwft - type: string 
	Parameter FIFO_READ_LATENCY bound to: 0 - type: integer 
	Parameter READ_DATA_WIDTH bound to: 11 - type: integer 
	Parameter RD_DATA_COUNT_WIDTH bound to: 4 - type: integer 
	Parameter PROG_EMPTY_THRESH bound to: 10 - type: integer 
	Parameter DOUT_RESET_VALUE bound to: 0 - type: string 
	Parameter WAKEUP_TIME bound to: 0 - type: integer 
	Parameter EN_ADV_FEATURE_SYNC bound to: 16'b0001111100011111 
	Parameter P_FIFO_MEMORY_TYPE bound to: 0 - type: integer 
	Parameter P_COMMON_CLOCK bound to: 1 - type: integer 
	Parameter P_ECC_MODE bound to: 0 - type: integer 
	Parameter P_READ_MODE bound to: 1 - type: integer 
	Parameter P_WAKEUP_TIME bound to: 2 - type: integer 
	Parameter COMMON_CLOCK bound to: 1 - type: integer 
	Parameter RELATED_CLOCKS bound to: 0 - type: integer 
	Parameter FIFO_MEMORY_TYPE bound to: 0 - type: integer 
	Parameter ECC_MODE bound to: 0 - type: integer 
	Parameter SIM_ASSERT_CHK bound to: 0 - type: integer 
	Parameter CASCADE_HEIGHT bound to: 0 - type: integer 
	Parameter FIFO_WRITE_DEPTH bound to: 16 - type: integer 
	Parameter WRITE_DATA_WIDTH bound to: 11 - type: integer 
	Parameter WR_DATA_COUNT_WIDTH bound to: 5 - type: integer 
	Parameter PROG_FULL_THRESH bound to: 10 - type: integer 
	Parameter USE_ADV_FEATURES bound to: 1F1F - type: string 
	Parameter READ_MODE bound to: 1 - type: integer 
	Parameter FIFO_READ_LATENCY bound to: 0 - type: integer 
	Parameter READ_DATA_WIDTH bound to: 11 - type: integer 
	Parameter RD_DATA_COUNT_WIDTH bound to: 4 - type: integer 
	Parameter PROG_EMPTY_THRESH bound to: 10 - type: integer 
	Parameter DOUT_RESET_VALUE bound to: 0 - type: string 
	Parameter CDC_DEST_SYNC_FF bound to: 2 - type: integer 
	Parameter FULL_RESET_VALUE bound to: 1 - type: integer 
	Parameter REMOVE_WR_RD_PROT_LOGIC bound to: 0 - type: integer 
	Parameter WAKEUP_TIME bound to: 0 - type: integer 
	Parameter VERSION bound to: 0 - type: integer 
	Parameter invalid bound to: 0 - type: integer 
	Parameter stage1_valid bound to: 2 - type: integer 
	Parameter stage2_valid bound to: 1 - type: integer 
	Parameter both_stages_valid bound to: 3 - type: integer 
	Parameter FIFO_MEM_TYPE bound to: 0 - type: integer 
	Parameter RD_MODE bound to: 1 - type: integer 
	Parameter ENABLE_ECC bound to: 0 - type: integer 
	Parameter FIFO_READ_DEPTH bound to: 16 - type: integer 
	Parameter FIFO_SIZE bound to: 176 - type: integer 
	Parameter WR_WIDTH_LOG bound to: 4 - type: integer 
	Parameter WR_DEPTH_LOG bound to: 4 - type: integer 
	Parameter WR_PNTR_WIDTH bound to: 4 - type: integer 
	Parameter RD_PNTR_WIDTH bound to: 4 - type: integer 
	Parameter FULL_RST_VAL bound to: 1'b1 
	Parameter WR_RD_RATIO bound to: 0 - type: integer 
	Parameter READ_MODE_LL bound to: 1 - type: integer 
	Parameter PF_THRESH_ADJ bound to: 8 - type: integer 
	Parameter PE_THRESH_ADJ bound to: 8 - type: integer 
	Parameter PF_THRESH_MIN bound to: 5 - type: integer 
	Parameter PF_THRESH_MAX bound to: 11 - type: integer 
	Parameter PE_THRESH_MIN bound to: 5 - type: integer 
	Parameter PE_THRESH_MAX bound to: 11 - type: integer 
	Parameter WR_DC_WIDTH_EXT bound to: 5 - type: integer 
	Parameter RD_DC_WIDTH_EXT bound to: 5 - type: integer 
	Parameter RD_LATENCY bound to: 2 - type: integer 
	Parameter WIDTH_RATIO bound to: 1 - type: integer 
	Parameter EN_ADV_FEATURE bound to: 16'b0001111100011111 
	Parameter EN_OF bound to: 1'b1 
	Parameter EN_PF bound to: 1'b1 
	Parameter EN_WDC bound to: 1'b1 
	Parameter EN_AF bound to: 1'b1 
	Parameter EN_WACK bound to: 1'b1 
	Parameter FG_EQ_ASYM_DOUT bound to: 1'b0 
	Parameter EN_UF bound to: 1'b1 
	Parameter EN_PE bound to: 1'b1 
	Parameter EN_RDC bound to: 1'b1 
	Parameter EN_AE bound to: 1'b1 
	Parameter EN_DVLD bound to: 1'b1 
	Parameter COUNTER_WIDTH bound to: 4 - type: integer 
	Parameter RESET_VALUE bound to: 3 - type: integer 
	Parameter COUNTER_WIDTH bound to: 4 - type: integer 
	Parameter RESET_VALUE bound to: 2 - type: integer 
	Parameter MEMORY_TYPE bound to: 1 - type: integer 
	Parameter MEMORY_SIZE bound to: 176 - type: integer 
	Parameter MEMORY_PRIMITIVE bound to: 0 - type: integer 
	Parameter CLOCKING_MODE bound to: 0 - type: integer 
	Parameter ECC_MODE bound to: 0 - type: integer 
	Parameter MEMORY_INIT_FILE bound to: none - type: string 
	Parameter MEMORY_INIT_PARAM bound to: (null) - type: string 
	Parameter USE_MEM_INIT_MMI bound to: 0 - type: integer 
	Parameter USE_MEM_INIT bound to: 0 - type: integer 
	Parameter MEMORY_OPTIMIZATION bound to: true - type: string 
	Parameter WAKEUP_TIME bound to: 0 - type: integer 
	Parameter AUTO_SLEEP_TIME bound to: 0 - type: integer 
	Parameter MESSAGE_CONTROL bound to: 0 - type: integer 
	Parameter VERSION bound to: 0 - type: integer 
	Parameter USE_EMBEDDED_CONSTRAINT bound to: 0 - type: integer 
	Parameter CASCADE_HEIGHT bound to: 0 - type: integer 
	Parameter SIM_ASSERT_CHK bound to: 0 - type: integer 
	Parameter WRITE_PROTECT bound to: 1 - type: integer 
	Parameter WRITE_DATA_WIDTH_A bound to: 11 - type: integer 
	Parameter READ_DATA_WIDTH_A bound to: 11 - type: integer 
	Parameter BYTE_WRITE_WIDTH_A bound to: 11 - type: integer 
	Parameter ADDR_WIDTH_A bound to: 4 - type: integer 
	Parameter READ_RESET_VALUE_A bound to: 0 - type: string 
	Parameter READ_LATENCY_A bound to: 2 - type: integer 
	Parameter WRITE_MODE_A bound to: 2 - type: integer 
	Parameter RST_MODE_A bound to: SYNC - type: string 
	Parameter WRITE_DATA_WIDTH_B bound to: 11 - type: integer 
	Parameter READ_DATA_WIDTH_B bound to: 11 - type: integer 
	Parameter BYTE_WRITE_WIDTH_B bound to: 11 - type: integer 
	Parameter ADDR_WIDTH_B bound to: 4 - type: integer 
	Parameter READ_RESET_VALUE_B bound to: 0 - type: string 
	Parameter READ_LATENCY_B bound to: 2 - type: integer 
	Parameter WRITE_MODE_B bound to: 2 - type: integer 
	Parameter RST_MODE_B bound to: SYNC - type: string 
	Parameter P_MEMORY_PRIMITIVE bound to: auto - type: string 
	Parameter P_MIN_WIDTH_DATA_A bound to: 11 - type: integer 
	Parameter P_MIN_WIDTH_DATA_B bound to: 11 - type: integer 
	Parameter P_MIN_WIDTH_DATA bound to: 11 - type: integer 
	Parameter P_MIN_WIDTH_DATA_ECC bound to: 11 - type: integer 
	Parameter P_MAX_DEPTH_DATA bound to: 16 - type: integer 
	Parameter P_ECC_MODE bound to: no_ecc - type: string 
	Parameter P_MEMORY_OPT bound to: yes - type: string 
	Parameter P_WIDTH_COL_WRITE_A bound to: 11 - type: integer 
	Parameter P_WIDTH_COL_WRITE_B bound to: 11 - type: integer 
	Parameter P_NUM_COLS_WRITE_A bound to: 1 - type: integer 
	Parameter P_NUM_COLS_WRITE_B bound to: 1 - type: integer 
	Parameter P_NUM_ROWS_WRITE_A bound to: 1 - type: integer 
	Parameter P_NUM_ROWS_WRITE_B bound to: 1 - type: integer 
	Parameter P_NUM_ROWS_READ_A bound to: 1 - type: integer 
	Parameter P_NUM_ROWS_READ_B bound to: 1 - type: integer 
	Parameter P_WIDTH_ADDR_WRITE_A bound to: 4 - type: integer 
	Parameter P_WIDTH_ADDR_WRITE_B bound to: 4 - type: integer 
	Parameter P_WIDTH_ADDR_READ_A bound to: 4 - type: integer 
	Parameter P_WIDTH_ADDR_READ_B bound to: 4 - type: integer 
	Parameter P_WIDTH_ADDR_LSB_WRITE_A bound to: 0 - type: integer 
	Parameter P_WIDTH_ADDR_LSB_WRITE_B bound to: 0 - type: integer 
	Parameter P_WIDTH_ADDR_LSB_READ_A bound to: 0 - type: integer 
	Parameter P_WIDTH_ADDR_LSB_READ_B bound to: 0 - type: integer 
	Parameter P_ENABLE_BYTE_WRITE_A bound to: 0 - type: integer 
	Parameter P_ENABLE_BYTE_WRITE_B bound to: 0 - type: integer 
	Parameter P_SDP_WRITE_MODE bound to: yes - type: string 
	Parameter rsta_loop_iter bound to: 12 - type: integer 
	Parameter rstb_loop_iter bound to: 12 - type: integer 
	Parameter NUM_CHAR_LOC bound to: 0 - type: integer 
	Parameter MAX_NUM_CHAR bound to: 0 - type: integer 
	Parameter P_MIN_WIDTH_DATA_SHFT bound to: 11 - type: integer 
	Parameter P_MIN_WIDTH_DATA_LDW bound to: 4 - type: integer 
INFO: [Synth 8-6059] Synth Info: [XPM_MEMORY 20-1] MEMORY_PRIMITIVE (0) instructs Vivado Synthesis to choose the memory primitive type. Depending on their values, other XPM_MEMORY parameters may preclude the choice of certain memory primitive types. Review XPM_MEMORY documentation and parameter values to understand any limitations, or set MEMORY_PRIMITIVE to a different value.   [C:/baidunetdiskdownload/Vivado2020_2/Vivado/2020.2/data/ip/xpm/xpm_memory/hdl/xpm_memory.sv:488]
INFO: [Synth 8-226] default block is never used [C:/baidunetdiskdownload/Vivado2020_2/Vivado/2020.2/data/ip/xpm/xpm_fifo/hdl/xpm_fifo.sv:1204]
INFO: [Synth 8-226] default block is never used [C:/baidunetdiskdownload/Vivado2020_2/Vivado/2020.2/data/ip/xpm/xpm_fifo/hdl/xpm_fifo.sv:1271]
INFO: [Synth 8-226] default block is never used [C:/baidunetdiskdownload/Vivado2020_2/Vivado/2020.2/data/ip/xpm/xpm_fifo/hdl/xpm_fifo.sv:1293]
	Parameter COMMON_CLOCK bound to: 1 - type: integer 
	Parameter CDC_DEST_SYNC_FF bound to: 2 - type: integer 
	Parameter SIM_ASSERT_CHK bound to: 0 - type: integer 
	Parameter COUNTER_WIDTH bound to: 5 - type: integer 
	Parameter RESET_VALUE bound to: 0 - type: integer 
	Parameter COUNTER_WIDTH bound to: 4 - type: integer 
	Parameter RESET_VALUE bound to: 1 - type: integer 
INFO: [Synth 8-256] done synthesizing module 'sync_fifo_fg' (146#1) [c:/Users/chris/FPGA_Projects/A-high-speed-data-acquisition-framework-main/AXI_DMA.srcs/sources_1/bd/System/ipshared/a5cb/hdl/lib_fifo_v1_0_rfs.vhd:2250]
INFO: [Synth 8-256] done synthesizing module 'axi_datamover_sfifo_autord' (147#1) [c:/Users/chris/FPGA_Projects/A-high-speed-data-acquisition-framework-main/AXI_DMA.srcs/sources_1/bd/System/ipshared/4ab6/hdl/axi_datamover_v5_1_vh_rfs.vhd:1295]
INFO: [Synth 8-638] synthesizing module 'axi_datamover_sfifo_autord__parameterized0' [c:/Users/chris/FPGA_Projects/A-high-speed-data-acquisition-framework-main/AXI_DMA.srcs/sources_1/bd/System/ipshared/4ab6/hdl/axi_datamover_v5_1_vh_rfs.vhd:1295]
	Parameter C_DWIDTH bound to: 38 - type: integer 
	Parameter C_DEPTH bound to: 512 - type: integer 
	Parameter C_DATA_CNT_WIDTH bound to: 10 - type: integer 
	Parameter C_NEED_ALMOST_EMPTY bound to: 0 - type: integer 
	Parameter C_NEED_ALMOST_FULL bound to: 0 - type: integer 
	Parameter C_USE_BLKMEM bound to: 1 - type: integer 
	Parameter C_FAMILY bound to: zynq - type: string 
INFO: [Synth 8-638] synthesizing module 'sync_fifo_fg__parameterized0' [c:/Users/chris/FPGA_Projects/A-high-speed-data-acquisition-framework-main/AXI_DMA.srcs/sources_1/bd/System/ipshared/a5cb/hdl/lib_fifo_v1_0_rfs.vhd:2250]
	Parameter C_FAMILY bound to: zynq - type: string 
	Parameter C_DCOUNT_WIDTH bound to: 10 - type: integer 
	Parameter C_ENABLE_RLOCS bound to: 0 - type: integer 
	Parameter C_HAS_DCOUNT bound to: 1 - type: integer 
	Parameter C_HAS_RD_ACK bound to: 1 - type: integer 
	Parameter C_HAS_RD_ERR bound to: 0 - type: integer 
	Parameter C_HAS_WR_ACK bound to: 1 - type: integer 
	Parameter C_HAS_WR_ERR bound to: 0 - type: integer 
	Parameter C_HAS_ALMOST_FULL bound to: 0 - type: integer 
	Parameter C_MEMORY_TYPE bound to: 1 - type: integer 
	Parameter C_PORTS_DIFFER bound to: 0 - type: integer 
	Parameter C_RD_ACK_LOW bound to: 0 - type: integer 
	Parameter C_USE_EMBEDDED_REG bound to: 1 - type: integer 
	Parameter C_READ_DATA_WIDTH bound to: 38 - type: integer 
	Parameter C_READ_DEPTH bound to: 512 - type: integer 
	Parameter C_RD_ERR_LOW bound to: 0 - type: integer 
	Parameter C_WR_ACK_LOW bound to: 0 - type: integer 
	Parameter C_WR_ERR_LOW bound to: 0 - type: integer 
	Parameter C_PRELOAD_REGS bound to: 1 - type: integer 
	Parameter C_PRELOAD_LATENCY bound to: 0 - type: integer 
	Parameter C_WRITE_DATA_WIDTH bound to: 38 - type: integer 
	Parameter C_WRITE_DEPTH bound to: 512 - type: integer 
	Parameter C_SYNCHRONIZER_STAGE bound to: 2 - type: integer 
	Parameter C_XPM_FIFO bound to: 1 - type: integer 
	Parameter FIFO_MEMORY_TYPE bound to: block - type: string 
	Parameter FIFO_WRITE_DEPTH bound to: 512 - type: integer 
	Parameter CASCADE_HEIGHT bound to: 0 - type: integer 
	Parameter WRITE_DATA_WIDTH bound to: 38 - type: integer 
	Parameter READ_MODE bound to: fwft - type: string 
	Parameter FIFO_READ_LATENCY bound to: 0 - type: integer 
	Parameter FULL_RESET_VALUE bound to: 1 - type: integer 
	Parameter USE_ADV_FEATURES bound to: 1F1F - type: string 
	Parameter READ_DATA_WIDTH bound to: 38 - type: integer 
	Parameter WR_DATA_COUNT_WIDTH bound to: 10 - type: integer 
	Parameter PROG_FULL_THRESH bound to: 10 - type: integer 
	Parameter RD_DATA_COUNT_WIDTH bound to: 4 - type: integer 
	Parameter PROG_EMPTY_THRESH bound to: 10 - type: integer 
	Parameter DOUT_RESET_VALUE bound to: 0 - type: string 
	Parameter ECC_MODE bound to: no_ecc - type: string 
	Parameter SIM_ASSERT_CHK bound to: 0 - type: integer 
	Parameter WAKEUP_TIME bound to: 0 - type: integer 
INFO: [Synth 8-3491] module 'xpm_fifo_sync' declared at 'C:/baidunetdiskdownload/Vivado2020_2/Vivado/2020.2/data/ip/xpm/xpm_fifo/hdl/xpm_fifo.sv:1947' bound to instance 'xpm_fifo_sync_inst' of component 'xpm_fifo_sync' [c:/Users/chris/FPGA_Projects/A-high-speed-data-acquisition-framework-main/AXI_DMA.srcs/sources_1/bd/System/ipshared/a5cb/hdl/lib_fifo_v1_0_rfs.vhd:2627]
	Parameter FIFO_MEMORY_TYPE bound to: block - type: string 
	Parameter ECC_MODE bound to: no_ecc - type: string 
	Parameter SIM_ASSERT_CHK bound to: 0 - type: integer 
	Parameter CASCADE_HEIGHT bound to: 0 - type: integer 
	Parameter FIFO_WRITE_DEPTH bound to: 512 - type: integer 
	Parameter WRITE_DATA_WIDTH bound to: 38 - type: integer 
	Parameter WR_DATA_COUNT_WIDTH bound to: 10 - type: integer 
	Parameter PROG_FULL_THRESH bound to: 10 - type: integer 
	Parameter FULL_RESET_VALUE bound to: 1 - type: integer 
	Parameter USE_ADV_FEATURES bound to: 1F1F - type: string 
	Parameter READ_MODE bound to: fwft - type: string 
	Parameter FIFO_READ_LATENCY bound to: 0 - type: integer 
	Parameter READ_DATA_WIDTH bound to: 38 - type: integer 
	Parameter RD_DATA_COUNT_WIDTH bound to: 4 - type: integer 
	Parameter PROG_EMPTY_THRESH bound to: 10 - type: integer 
	Parameter DOUT_RESET_VALUE bound to: 0 - type: string 
	Parameter WAKEUP_TIME bound to: 0 - type: integer 
	Parameter EN_ADV_FEATURE_SYNC bound to: 16'b0001111100011111 
	Parameter P_FIFO_MEMORY_TYPE bound to: 2 - type: integer 
	Parameter P_COMMON_CLOCK bound to: 1 - type: integer 
	Parameter P_ECC_MODE bound to: 0 - type: integer 
	Parameter P_READ_MODE bound to: 1 - type: integer 
	Parameter P_WAKEUP_TIME bound to: 2 - type: integer 
	Parameter COMMON_CLOCK bound to: 1 - type: integer 
	Parameter RELATED_CLOCKS bound to: 0 - type: integer 
	Parameter FIFO_MEMORY_TYPE bound to: 2 - type: integer 
	Parameter ECC_MODE bound to: 0 - type: integer 
	Parameter SIM_ASSERT_CHK bound to: 0 - type: integer 
	Parameter CASCADE_HEIGHT bound to: 0 - type: integer 
	Parameter FIFO_WRITE_DEPTH bound to: 512 - type: integer 
	Parameter WRITE_DATA_WIDTH bound to: 38 - type: integer 
	Parameter WR_DATA_COUNT_WIDTH bound to: 10 - type: integer 
	Parameter PROG_FULL_THRESH bound to: 10 - type: integer 
	Parameter USE_ADV_FEATURES bound to: 1F1F - type: string 
	Parameter READ_MODE bound to: 1 - type: integer 
	Parameter FIFO_READ_LATENCY bound to: 0 - type: integer 
	Parameter READ_DATA_WIDTH bound to: 38 - type: integer 
	Parameter RD_DATA_COUNT_WIDTH bound to: 4 - type: integer 
	Parameter PROG_EMPTY_THRESH bound to: 10 - type: integer 
	Parameter DOUT_RESET_VALUE bound to: 0 - type: string 
	Parameter CDC_DEST_SYNC_FF bound to: 2 - type: integer 
	Parameter FULL_RESET_VALUE bound to: 1 - type: integer 
	Parameter REMOVE_WR_RD_PROT_LOGIC bound to: 0 - type: integer 
	Parameter WAKEUP_TIME bound to: 0 - type: integer 
	Parameter VERSION bound to: 0 - type: integer 
	Parameter invalid bound to: 0 - type: integer 
	Parameter stage1_valid bound to: 2 - type: integer 
	Parameter stage2_valid bound to: 1 - type: integer 
	Parameter both_stages_valid bound to: 3 - type: integer 
	Parameter FIFO_MEM_TYPE bound to: 2 - type: integer 
	Parameter RD_MODE bound to: 1 - type: integer 
	Parameter ENABLE_ECC bound to: 0 - type: integer 
	Parameter FIFO_READ_DEPTH bound to: 512 - type: integer 
	Parameter FIFO_SIZE bound to: 19456 - type: integer 
	Parameter WR_WIDTH_LOG bound to: 6 - type: integer 
	Parameter WR_DEPTH_LOG bound to: 9 - type: integer 
	Parameter WR_PNTR_WIDTH bound to: 9 - type: integer 
	Parameter RD_PNTR_WIDTH bound to: 9 - type: integer 
	Parameter FULL_RST_VAL bound to: 1'b1 
	Parameter WR_RD_RATIO bound to: 0 - type: integer 
	Parameter READ_MODE_LL bound to: 1 - type: integer 
	Parameter PF_THRESH_ADJ bound to: 8 - type: integer 
	Parameter PE_THRESH_ADJ bound to: 8 - type: integer 
	Parameter PF_THRESH_MIN bound to: 5 - type: integer 
	Parameter PF_THRESH_MAX bound to: 507 - type: integer 
	Parameter PE_THRESH_MIN bound to: 5 - type: integer 
	Parameter PE_THRESH_MAX bound to: 507 - type: integer 
	Parameter WR_DC_WIDTH_EXT bound to: 10 - type: integer 
	Parameter RD_DC_WIDTH_EXT bound to: 10 - type: integer 
	Parameter RD_LATENCY bound to: 2 - type: integer 
	Parameter WIDTH_RATIO bound to: 1 - type: integer 
	Parameter EN_ADV_FEATURE bound to: 16'b0001111100011111 
	Parameter EN_OF bound to: 1'b1 
	Parameter EN_PF bound to: 1'b1 
	Parameter EN_WDC bound to: 1'b1 
	Parameter EN_AF bound to: 1'b1 
	Parameter EN_WACK bound to: 1'b1 
	Parameter FG_EQ_ASYM_DOUT bound to: 1'b0 
	Parameter EN_UF bound to: 1'b1 
	Parameter EN_PE bound to: 1'b1 
	Parameter EN_RDC bound to: 1'b1 
	Parameter EN_AE bound to: 1'b1 
	Parameter EN_DVLD bound to: 1'b1 
	Parameter COUNTER_WIDTH bound to: 9 - type: integer 
	Parameter RESET_VALUE bound to: 3 - type: integer 
	Parameter COUNTER_WIDTH bound to: 9 - type: integer 
	Parameter RESET_VALUE bound to: 2 - type: integer 
	Parameter MEMORY_TYPE bound to: 1 - type: integer 
	Parameter MEMORY_SIZE bound to: 19456 - type: integer 
	Parameter MEMORY_PRIMITIVE bound to: 2 - type: integer 
	Parameter CLOCKING_MODE bound to: 0 - type: integer 
	Parameter ECC_MODE bound to: 0 - type: integer 
	Parameter MEMORY_INIT_FILE bound to: none - type: string 
	Parameter MEMORY_INIT_PARAM bound to: (null) - type: string 
	Parameter USE_MEM_INIT_MMI bound to: 0 - type: integer 
	Parameter USE_MEM_INIT bound to: 0 - type: integer 
	Parameter MEMORY_OPTIMIZATION bound to: true - type: string 
	Parameter WAKEUP_TIME bound to: 0 - type: integer 
	Parameter AUTO_SLEEP_TIME bound to: 0 - type: integer 
	Parameter MESSAGE_CONTROL bound to: 0 - type: integer 
	Parameter VERSION bound to: 0 - type: integer 
	Parameter USE_EMBEDDED_CONSTRAINT bound to: 0 - type: integer 
	Parameter CASCADE_HEIGHT bound to: 0 - type: integer 
	Parameter SIM_ASSERT_CHK bound to: 0 - type: integer 
	Parameter WRITE_PROTECT bound to: 1 - type: integer 
	Parameter WRITE_DATA_WIDTH_A bound to: 38 - type: integer 
	Parameter READ_DATA_WIDTH_A bound to: 38 - type: integer 
	Parameter BYTE_WRITE_WIDTH_A bound to: 38 - type: integer 
	Parameter ADDR_WIDTH_A bound to: 9 - type: integer 
	Parameter READ_RESET_VALUE_A bound to: 0 - type: string 
	Parameter READ_LATENCY_A bound to: 2 - type: integer 
	Parameter WRITE_MODE_A bound to: 2 - type: integer 
	Parameter RST_MODE_A bound to: SYNC - type: string 
	Parameter WRITE_DATA_WIDTH_B bound to: 38 - type: integer 
	Parameter READ_DATA_WIDTH_B bound to: 38 - type: integer 
	Parameter BYTE_WRITE_WIDTH_B bound to: 38 - type: integer 
	Parameter ADDR_WIDTH_B bound to: 9 - type: integer 
	Parameter READ_RESET_VALUE_B bound to: 0 - type: string 
	Parameter READ_LATENCY_B bound to: 2 - type: integer 
	Parameter WRITE_MODE_B bound to: 2 - type: integer 
	Parameter RST_MODE_B bound to: SYNC - type: string 
	Parameter P_MEMORY_PRIMITIVE bound to: block - type: string 
	Parameter P_MIN_WIDTH_DATA_A bound to: 38 - type: integer 
	Parameter P_MIN_WIDTH_DATA_B bound to: 38 - type: integer 
	Parameter P_MIN_WIDTH_DATA bound to: 38 - type: integer 
	Parameter P_MIN_WIDTH_DATA_ECC bound to: 38 - type: integer 
	Parameter P_MAX_DEPTH_DATA bound to: 512 - type: integer 
	Parameter P_ECC_MODE bound to: no_ecc - type: string 
	Parameter P_MEMORY_OPT bound to: yes - type: string 
	Parameter P_WIDTH_COL_WRITE_A bound to: 38 - type: integer 
	Parameter P_WIDTH_COL_WRITE_B bound to: 38 - type: integer 
	Parameter P_NUM_COLS_WRITE_A bound to: 1 - type: integer 
	Parameter P_NUM_COLS_WRITE_B bound to: 1 - type: integer 
	Parameter P_NUM_ROWS_WRITE_A bound to: 1 - type: integer 
	Parameter P_NUM_ROWS_WRITE_B bound to: 1 - type: integer 
	Parameter P_NUM_ROWS_READ_A bound to: 1 - type: integer 
	Parameter P_NUM_ROWS_READ_B bound to: 1 - type: integer 
	Parameter P_WIDTH_ADDR_WRITE_A bound to: 9 - type: integer 
	Parameter P_WIDTH_ADDR_WRITE_B bound to: 9 - type: integer 
	Parameter P_WIDTH_ADDR_READ_A bound to: 9 - type: integer 
	Parameter P_WIDTH_ADDR_READ_B bound to: 9 - type: integer 
	Parameter P_WIDTH_ADDR_LSB_WRITE_A bound to: 0 - type: integer 
	Parameter P_WIDTH_ADDR_LSB_WRITE_B bound to: 0 - type: integer 
	Parameter P_WIDTH_ADDR_LSB_READ_A bound to: 0 - type: integer 
	Parameter P_WIDTH_ADDR_LSB_READ_B bound to: 0 - type: integer 
	Parameter P_ENABLE_BYTE_WRITE_A bound to: 0 - type: integer 
	Parameter P_ENABLE_BYTE_WRITE_B bound to: 0 - type: integer 
	Parameter P_SDP_WRITE_MODE bound to: no - type: string 
	Parameter rsta_loop_iter bound to: 40 - type: integer 
	Parameter rstb_loop_iter bound to: 40 - type: integer 
	Parameter NUM_CHAR_LOC bound to: 0 - type: integer 
	Parameter MAX_NUM_CHAR bound to: 0 - type: integer 
	Parameter P_MIN_WIDTH_DATA_SHFT bound to: 38 - type: integer 
	Parameter P_MIN_WIDTH_DATA_LDW bound to: 4 - type: integer 
INFO: [Synth 8-226] default block is never used [C:/baidunetdiskdownload/Vivado2020_2/Vivado/2020.2/data/ip/xpm/xpm_fifo/hdl/xpm_fifo.sv:1204]
INFO: [Synth 8-226] default block is never used [C:/baidunetdiskdownload/Vivado2020_2/Vivado/2020.2/data/ip/xpm/xpm_fifo/hdl/xpm_fifo.sv:1271]
INFO: [Synth 8-226] default block is never used [C:/baidunetdiskdownload/Vivado2020_2/Vivado/2020.2/data/ip/xpm/xpm_fifo/hdl/xpm_fifo.sv:1293]
	Parameter COUNTER_WIDTH bound to: 10 - type: integer 
	Parameter RESET_VALUE bound to: 0 - type: integer 
	Parameter COUNTER_WIDTH bound to: 9 - type: integer 
	Parameter RESET_VALUE bound to: 1 - type: integer 
INFO: [Synth 8-256] done synthesizing module 'sync_fifo_fg__parameterized0' (147#1) [c:/Users/chris/FPGA_Projects/A-high-speed-data-acquisition-framework-main/AXI_DMA.srcs/sources_1/bd/System/ipshared/a5cb/hdl/lib_fifo_v1_0_rfs.vhd:2250]
INFO: [Synth 8-256] done synthesizing module 'axi_datamover_sfifo_autord__parameterized0' (147#1) [c:/Users/chris/FPGA_Projects/A-high-speed-data-acquisition-framework-main/AXI_DMA.srcs/sources_1/bd/System/ipshared/4ab6/hdl/axi_datamover_v5_1_vh_rfs.vhd:1295]
INFO: [Synth 8-638] synthesizing module 'axi_datamover_skid_buf__parameterized0' [c:/Users/chris/FPGA_Projects/A-high-speed-data-acquisition-framework-main/AXI_DMA.srcs/sources_1/bd/System/ipshared/4ab6/hdl/axi_datamover_v5_1_vh_rfs.vhd:19500]
	Parameter C_WDATA_WIDTH bound to: 40 - type: integer 
INFO: [Synth 8-256] done synthesizing module 'axi_datamover_skid_buf__parameterized0' (147#1) [c:/Users/chris/FPGA_Projects/A-high-speed-data-acquisition-framework-main/AXI_DMA.srcs/sources_1/bd/System/ipshared/4ab6/hdl/axi_datamover_v5_1_vh_rfs.vhd:19500]
INFO: [Synth 8-256] done synthesizing module 'axi_datamover_indet_btt' (148#1) [c:/Users/chris/FPGA_Projects/A-high-speed-data-acquisition-framework-main/AXI_DMA.srcs/sources_1/bd/System/ipshared/4ab6/hdl/axi_datamover_v5_1_vh_rfs.vhd:28430]
INFO: [Synth 8-638] synthesizing module 'axi_datamover_addr_cntl' [c:/Users/chris/FPGA_Projects/A-high-speed-data-acquisition-framework-main/AXI_DMA.srcs/sources_1/bd/System/ipshared/4ab6/hdl/axi_datamover_v5_1_vh_rfs.vhd:10000]
	Parameter C_ADDR_FIFO_DEPTH bound to: 4 - type: integer 
	Parameter C_ADDR_WIDTH bound to: 32 - type: integer 
	Parameter C_ADDR_ID bound to: 1 - type: integer 
	Parameter C_ADDR_ID_WIDTH bound to: 4 - type: integer 
	Parameter C_TAG_WIDTH bound to: 4 - type: integer 
	Parameter C_FAMILY bound to: zynq - type: string 
INFO: [Synth 8-638] synthesizing module 'axi_datamover_fifo__parameterized5' [c:/Users/chris/FPGA_Projects/A-high-speed-data-acquisition-framework-main/AXI_DMA.srcs/sources_1/bd/System/ipshared/4ab6/hdl/axi_datamover_v5_1_vh_rfs.vhd:1886]
	Parameter C_DWIDTH bound to: 59 - type: integer 
	Parameter C_DEPTH bound to: 4 - type: integer 
	Parameter C_IS_ASYNC bound to: 0 - type: integer 
	Parameter C_PRIM_TYPE bound to: 2 - type: integer 
	Parameter C_FAMILY bound to: zynq - type: string 
INFO: [Synth 8-638] synthesizing module 'srl_fifo_f__parameterized5' [c:/Users/chris/FPGA_Projects/A-high-speed-data-acquisition-framework-main/AXI_DMA.srcs/sources_1/bd/System/ipshared/51ce/hdl/lib_srl_fifo_v1_0_rfs.vhd:1000]
	Parameter C_DWIDTH bound to: 59 - type: integer 
	Parameter C_DEPTH bound to: 4 - type: integer 
	Parameter C_FAMILY bound to: zynq - type: string 
INFO: [Synth 8-638] synthesizing module 'srl_fifo_rbu_f__parameterized5' [c:/Users/chris/FPGA_Projects/A-high-speed-data-acquisition-framework-main/AXI_DMA.srcs/sources_1/bd/System/ipshared/51ce/hdl/lib_srl_fifo_v1_0_rfs.vhd:697]
	Parameter C_DWIDTH bound to: 59 - type: integer 
	Parameter C_DEPTH bound to: 4 - type: integer 
	Parameter C_FAMILY bound to: zynq - type: string 
INFO: [Synth 8-638] synthesizing module 'dynshreg_f__parameterized5' [c:/Users/chris/FPGA_Projects/A-high-speed-data-acquisition-framework-main/AXI_DMA.srcs/sources_1/bd/System/ipshared/51ce/hdl/lib_srl_fifo_v1_0_rfs.vhd:397]
	Parameter C_DEPTH bound to: 4 - type: integer 
	Parameter C_DWIDTH bound to: 59 - type: integer 
	Parameter C_FAMILY bound to: zynq - type: string 
INFO: [Synth 8-256] done synthesizing module 'dynshreg_f__parameterized5' (148#1) [c:/Users/chris/FPGA_Projects/A-high-speed-data-acquisition-framework-main/AXI_DMA.srcs/sources_1/bd/System/ipshared/51ce/hdl/lib_srl_fifo_v1_0_rfs.vhd:397]
INFO: [Synth 8-256] done synthesizing module 'srl_fifo_rbu_f__parameterized5' (148#1) [c:/Users/chris/FPGA_Projects/A-high-speed-data-acquisition-framework-main/AXI_DMA.srcs/sources_1/bd/System/ipshared/51ce/hdl/lib_srl_fifo_v1_0_rfs.vhd:697]
INFO: [Synth 8-256] done synthesizing module 'srl_fifo_f__parameterized5' (148#1) [c:/Users/chris/FPGA_Projects/A-high-speed-data-acquisition-framework-main/AXI_DMA.srcs/sources_1/bd/System/ipshared/51ce/hdl/lib_srl_fifo_v1_0_rfs.vhd:1000]
INFO: [Synth 8-256] done synthesizing module 'axi_datamover_fifo__parameterized5' (148#1) [c:/Users/chris/FPGA_Projects/A-high-speed-data-acquisition-framework-main/AXI_DMA.srcs/sources_1/bd/System/ipshared/4ab6/hdl/axi_datamover_v5_1_vh_rfs.vhd:1886]
INFO: [Synth 8-256] done synthesizing module 'axi_datamover_addr_cntl' (149#1) [c:/Users/chris/FPGA_Projects/A-high-speed-data-acquisition-framework-main/AXI_DMA.srcs/sources_1/bd/System/ipshared/4ab6/hdl/axi_datamover_v5_1_vh_rfs.vhd:10000]
INFO: [Synth 8-638] synthesizing module 'axi_datamover_wrdata_cntl' [c:/Users/chris/FPGA_Projects/A-high-speed-data-acquisition-framework-main/AXI_DMA.srcs/sources_1/bd/System/ipshared/4ab6/hdl/axi_datamover_v5_1_vh_rfs.vhd:15674]
	Parameter C_REALIGNER_INCLUDED bound to: 1 - type: integer 
	Parameter C_ENABLE_INDET_BTT bound to: 1 - type: integer 
	Parameter C_SF_BYTES_RCVD_WIDTH bound to: 26 - type: integer 
	Parameter C_SEL_ADDR_WIDTH bound to: 2 - type: integer 
	Parameter C_DATA_CNTL_FIFO_DEPTH bound to: 4 - type: integer 
	Parameter C_MMAP_DWIDTH bound to: 32 - type: integer 
	Parameter C_STREAM_DWIDTH bound to: 32 - type: integer 
	Parameter C_TAG_WIDTH bound to: 4 - type: integer 
	Parameter C_FAMILY bound to: zynq - type: string 
INFO: [Synth 8-638] synthesizing module 'axi_datamover_fifo__parameterized6' [c:/Users/chris/FPGA_Projects/A-high-speed-data-acquisition-framework-main/AXI_DMA.srcs/sources_1/bd/System/ipshared/4ab6/hdl/axi_datamover_v5_1_vh_rfs.vhd:1886]
	Parameter C_DWIDTH bound to: 27 - type: integer 
	Parameter C_DEPTH bound to: 4 - type: integer 
	Parameter C_IS_ASYNC bound to: 0 - type: integer 
	Parameter C_PRIM_TYPE bound to: 2 - type: integer 
	Parameter C_FAMILY bound to: zynq - type: string 
INFO: [Synth 8-638] synthesizing module 'srl_fifo_f__parameterized6' [c:/Users/chris/FPGA_Projects/A-high-speed-data-acquisition-framework-main/AXI_DMA.srcs/sources_1/bd/System/ipshared/51ce/hdl/lib_srl_fifo_v1_0_rfs.vhd:1000]
	Parameter C_DWIDTH bound to: 27 - type: integer 
	Parameter C_DEPTH bound to: 4 - type: integer 
	Parameter C_FAMILY bound to: zynq - type: string 
INFO: [Synth 8-638] synthesizing module 'srl_fifo_rbu_f__parameterized6' [c:/Users/chris/FPGA_Projects/A-high-speed-data-acquisition-framework-main/AXI_DMA.srcs/sources_1/bd/System/ipshared/51ce/hdl/lib_srl_fifo_v1_0_rfs.vhd:697]
	Parameter C_DWIDTH bound to: 27 - type: integer 
	Parameter C_DEPTH bound to: 4 - type: integer 
	Parameter C_FAMILY bound to: zynq - type: string 
INFO: [Synth 8-638] synthesizing module 'dynshreg_f__parameterized6' [c:/Users/chris/FPGA_Projects/A-high-speed-data-acquisition-framework-main/AXI_DMA.srcs/sources_1/bd/System/ipshared/51ce/hdl/lib_srl_fifo_v1_0_rfs.vhd:397]
	Parameter C_DEPTH bound to: 4 - type: integer 
	Parameter C_DWIDTH bound to: 27 - type: integer 
	Parameter C_FAMILY bound to: zynq - type: string 
INFO: [Synth 8-256] done synthesizing module 'dynshreg_f__parameterized6' (149#1) [c:/Users/chris/FPGA_Projects/A-high-speed-data-acquisition-framework-main/AXI_DMA.srcs/sources_1/bd/System/ipshared/51ce/hdl/lib_srl_fifo_v1_0_rfs.vhd:397]
INFO: [Synth 8-256] done synthesizing module 'srl_fifo_rbu_f__parameterized6' (149#1) [c:/Users/chris/FPGA_Projects/A-high-speed-data-acquisition-framework-main/AXI_DMA.srcs/sources_1/bd/System/ipshared/51ce/hdl/lib_srl_fifo_v1_0_rfs.vhd:697]
INFO: [Synth 8-256] done synthesizing module 'srl_fifo_f__parameterized6' (149#1) [c:/Users/chris/FPGA_Projects/A-high-speed-data-acquisition-framework-main/AXI_DMA.srcs/sources_1/bd/System/ipshared/51ce/hdl/lib_srl_fifo_v1_0_rfs.vhd:1000]
INFO: [Synth 8-256] done synthesizing module 'axi_datamover_fifo__parameterized6' (149#1) [c:/Users/chris/FPGA_Projects/A-high-speed-data-acquisition-framework-main/AXI_DMA.srcs/sources_1/bd/System/ipshared/4ab6/hdl/axi_datamover_v5_1_vh_rfs.vhd:1886]
INFO: [Synth 8-256] done synthesizing module 'axi_datamover_wrdata_cntl' (150#1) [c:/Users/chris/FPGA_Projects/A-high-speed-data-acquisition-framework-main/AXI_DMA.srcs/sources_1/bd/System/ipshared/4ab6/hdl/axi_datamover_v5_1_vh_rfs.vhd:15674]
INFO: [Synth 8-638] synthesizing module 'axi_datamover_skid2mm_buf' [c:/Users/chris/FPGA_Projects/A-high-speed-data-acquisition-framework-main/AXI_DMA.srcs/sources_1/bd/System/ipshared/4ab6/hdl/axi_datamover_v5_1_vh_rfs.vhd:18998]
	Parameter C_MDATA_WIDTH bound to: 32 - type: integer 
	Parameter C_SDATA_WIDTH bound to: 32 - type: integer 
	Parameter C_ADDR_LSB_WIDTH bound to: 2 - type: integer 
INFO: [Synth 8-638] synthesizing module 'axi_datamover_wr_demux' [c:/Users/chris/FPGA_Projects/A-high-speed-data-acquisition-framework-main/AXI_DMA.srcs/sources_1/bd/System/ipshared/4ab6/hdl/axi_datamover_v5_1_vh_rfs.vhd:14117]
	Parameter C_SEL_ADDR_WIDTH bound to: 2 - type: integer 
	Parameter C_MMAP_DWIDTH bound to: 32 - type: integer 
	Parameter C_STREAM_DWIDTH bound to: 32 - type: integer 
INFO: [Synth 8-256] done synthesizing module 'axi_datamover_wr_demux' (151#1) [c:/Users/chris/FPGA_Projects/A-high-speed-data-acquisition-framework-main/AXI_DMA.srcs/sources_1/bd/System/ipshared/4ab6/hdl/axi_datamover_v5_1_vh_rfs.vhd:14117]
INFO: [Synth 8-256] done synthesizing module 'axi_datamover_skid2mm_buf' (152#1) [c:/Users/chris/FPGA_Projects/A-high-speed-data-acquisition-framework-main/AXI_DMA.srcs/sources_1/bd/System/ipshared/4ab6/hdl/axi_datamover_v5_1_vh_rfs.vhd:18998]
INFO: [Synth 8-256] done synthesizing module 'axi_datamover_s2mm_full_wrap' (153#1) [c:/Users/chris/FPGA_Projects/A-high-speed-data-acquisition-framework-main/AXI_DMA.srcs/sources_1/bd/System/ipshared/4ab6/hdl/axi_datamover_v5_1_vh_rfs.vhd:49997]
INFO: [Synth 8-256] done synthesizing module 'axi_datamover' (154#1) [c:/Users/chris/FPGA_Projects/A-high-speed-data-acquisition-framework-main/AXI_DMA.srcs/sources_1/bd/System/ipshared/4ab6/hdl/axi_datamover_v5_1_vh_rfs.vhd:55436]
INFO: [Synth 8-256] done synthesizing module 'axi_dma' (155#1) [c:/Users/chris/FPGA_Projects/A-high-speed-data-acquisition-framework-main/AXI_DMA.srcs/sources_1/bd/System/ipshared/89d8/hdl/axi_dma_v7_1_vh_rfs.vhd:22178]
INFO: [Synth 8-256] done synthesizing module 'System_axi_dma_0_0' (156#1) [c:/Users/chris/FPGA_Projects/A-high-speed-data-acquisition-framework-main/AXI_DMA.srcs/sources_1/bd/System/ip/System_axi_dma_0_0/synth/System_axi_dma_0_0.vhd:137]
WARNING: [Synth 8-7071] port 's2mm_prmry_reset_out_n' of module 'System_axi_dma_0_0' is unconnected for instance 'axi_dma_0' [C:/Users/chris/FPGA_Projects/A-high-speed-data-acquisition-framework-main/AXI_DMA.srcs/sources_1/bd/System/synth/System.v:1135]
WARNING: [Synth 8-7071] port 'axi_dma_tstvec' of module 'System_axi_dma_0_0' is unconnected for instance 'axi_dma_0' [C:/Users/chris/FPGA_Projects/A-high-speed-data-acquisition-framework-main/AXI_DMA.srcs/sources_1/bd/System/synth/System.v:1135]
WARNING: [Synth 8-7023] instance 'axi_dma_0' of module 'System_axi_dma_0_0' has 73 connections declared, but only 71 given [C:/Users/chris/FPGA_Projects/A-high-speed-data-acquisition-framework-main/AXI_DMA.srcs/sources_1/bd/System/synth/System.v:1135]
	Parameter CONST_VAL bound to: 1'b1 
	Parameter CONST_WIDTH bound to: 1 - type: integer 
INFO: [Synth 8-638] synthesizing module 'bd_5c3b_psr_aclk_0' [c:/Users/chris/FPGA_Projects/A-high-speed-data-acquisition-framework-main/AXI_DMA.srcs/sources_1/bd/System/ip/System_axi_smc_1/bd_0/ip/ip_1/synth/bd_5c3b_psr_aclk_0.vhd:74]
	Parameter C_FAMILY bound to: zynq - type: string 
	Parameter C_EXT_RST_WIDTH bound to: 4 - type: integer 
	Parameter C_AUX_RST_WIDTH bound to: 1 - type: integer 
	Parameter C_EXT_RESET_HIGH bound to: 1'b0 
	Parameter C_AUX_RESET_HIGH bound to: 1'b0 
	Parameter C_NUM_BUS_RST bound to: 1 - type: integer 
	Parameter C_NUM_PERP_RST bound to: 1 - type: integer 
	Parameter C_NUM_INTERCONNECT_ARESETN bound to: 1 - type: integer 
	Parameter C_NUM_PERP_ARESETN bound to: 1 - type: integer 
INFO: [Synth 8-3491] module 'proc_sys_reset' declared at 'c:/Users/chris/FPGA_Projects/A-high-speed-data-acquisition-framework-main/AXI_DMA.srcs/sources_1/bd/System/ipshared/8842/hdl/proc_sys_reset_v5_0_vh_rfs.vhd:1264' bound to instance 'U0' of component 'proc_sys_reset' [c:/Users/chris/FPGA_Projects/A-high-speed-data-acquisition-framework-main/AXI_DMA.srcs/sources_1/bd/System/ip/System_axi_smc_1/bd_0/ip/ip_1/synth/bd_5c3b_psr_aclk_0.vhd:129]
INFO: [Synth 8-638] synthesizing module 'proc_sys_reset__parameterized1' [c:/Users/chris/FPGA_Projects/A-high-speed-data-acquisition-framework-main/AXI_DMA.srcs/sources_1/bd/System/ipshared/8842/hdl/proc_sys_reset_v5_0_vh_rfs.vhd:1323]
	Parameter C_FAMILY bound to: zynq - type: string 
	Parameter C_EXT_RST_WIDTH bound to: 4 - type: integer 
	Parameter C_AUX_RST_WIDTH bound to: 1 - type: integer 
	Parameter C_EXT_RESET_HIGH bound to: 1'b0 
	Parameter C_AUX_RESET_HIGH bound to: 1'b0 
	Parameter C_NUM_BUS_RST bound to: 1 - type: integer 
	Parameter C_NUM_PERP_RST bound to: 1 - type: integer 
	Parameter C_NUM_INTERCONNECT_ARESETN bound to: 1 - type: integer 
	Parameter C_NUM_PERP_ARESETN bound to: 1 - type: integer 
	Parameter INIT bound to: 1'b1 
	Parameter IS_C_INVERTED bound to: 1'b0 
	Parameter IS_D_INVERTED bound to: 1'b0 
	Parameter IS_R_INVERTED bound to: 1'b0 
	Parameter INIT bound to: 1'b1 
	Parameter IS_C_INVERTED bound to: 1'b0 
	Parameter IS_D_INVERTED bound to: 1'b0 
	Parameter IS_R_INVERTED bound to: 1'b0 
	Parameter INIT bound to: 1'b0 
	Parameter IS_C_INVERTED bound to: 1'b0 
	Parameter IS_D_INVERTED bound to: 1'b0 
	Parameter IS_R_INVERTED bound to: 1'b0 
	Parameter INIT bound to: 1'b1 
	Parameter IS_C_INVERTED bound to: 1'b0 
	Parameter IS_D_INVERTED bound to: 1'b0 
	Parameter IS_R_INVERTED bound to: 1'b0 
	Parameter INIT bound to: 1'b0 
	Parameter IS_C_INVERTED bound to: 1'b0 
	Parameter IS_D_INVERTED bound to: 1'b0 
	Parameter IS_R_INVERTED bound to: 1'b0 
INFO: [Synth 8-638] synthesizing module 'lpf__parameterized0' [c:/Users/chris/FPGA_Projects/A-high-speed-data-acquisition-framework-main/AXI_DMA.srcs/sources_1/bd/System/ipshared/8842/hdl/proc_sys_reset_v5_0_vh_rfs.vhd:816]
	Parameter C_EXT_RST_WIDTH bound to: 4 - type: integer 
	Parameter C_AUX_RST_WIDTH bound to: 1 - type: integer 
	Parameter C_EXT_RESET_HIGH bound to: 1'b0 
	Parameter C_AUX_RESET_HIGH bound to: 1'b0 
INFO: [Synth 8-3491] module 'SRL16' declared at 'C:/baidunetdiskdownload/Vivado2020_2/Vivado/2020.2/scripts/rt/data/unisim_comp.v:78018' bound to instance 'POR_SRL_I' of component 'SRL16' [c:/Users/chris/FPGA_Projects/A-high-speed-data-acquisition-framework-main/AXI_DMA.srcs/sources_1/bd/System/ipshared/8842/hdl/proc_sys_reset_v5_0_vh_rfs.vhd:868]
INFO: [Synth 8-256] done synthesizing module 'lpf__parameterized0' (158#1) [c:/Users/chris/FPGA_Projects/A-high-speed-data-acquisition-framework-main/AXI_DMA.srcs/sources_1/bd/System/ipshared/8842/hdl/proc_sys_reset_v5_0_vh_rfs.vhd:816]
INFO: [Synth 8-256] done synthesizing module 'proc_sys_reset__parameterized1' (158#1) [c:/Users/chris/FPGA_Projects/A-high-speed-data-acquisition-framework-main/AXI_DMA.srcs/sources_1/bd/System/ipshared/8842/hdl/proc_sys_reset_v5_0_vh_rfs.vhd:1323]
INFO: [Synth 8-256] done synthesizing module 'bd_5c3b_psr_aclk_0' (159#1) [c:/Users/chris/FPGA_Projects/A-high-speed-data-acquisition-framework-main/AXI_DMA.srcs/sources_1/bd/System/ip/System_axi_smc_1/bd_0/ip/ip_1/synth/bd_5c3b_psr_aclk_0.vhd:74]
WARNING: [Synth 8-7071] port 'mb_reset' of module 'bd_5c3b_psr_aclk_0' is unconnected for instance 'psr_aclk' [c:/Users/chris/FPGA_Projects/A-high-speed-data-acquisition-framework-main/AXI_DMA.srcs/sources_1/bd/System/ip/System_axi_smc_1/bd_0/synth/bd_5c3b.v:1334]
WARNING: [Synth 8-7071] port 'bus_struct_reset' of module 'bd_5c3b_psr_aclk_0' is unconnected for instance 'psr_aclk' [c:/Users/chris/FPGA_Projects/A-high-speed-data-acquisition-framework-main/AXI_DMA.srcs/sources_1/bd/System/ip/System_axi_smc_1/bd_0/synth/bd_5c3b.v:1334]
WARNING: [Synth 8-7071] port 'peripheral_reset' of module 'bd_5c3b_psr_aclk_0' is unconnected for instance 'psr_aclk' [c:/Users/chris/FPGA_Projects/A-high-speed-data-acquisition-framework-main/AXI_DMA.srcs/sources_1/bd/System/ip/System_axi_smc_1/bd_0/synth/bd_5c3b.v:1334]
WARNING: [Synth 8-7071] port 'peripheral_aresetn' of module 'bd_5c3b_psr_aclk_0' is unconnected for instance 'psr_aclk' [c:/Users/chris/FPGA_Projects/A-high-speed-data-acquisition-framework-main/AXI_DMA.srcs/sources_1/bd/System/ip/System_axi_smc_1/bd_0/synth/bd_5c3b.v:1334]
WARNING: [Synth 8-7023] instance 'psr_aclk' of module 'bd_5c3b_psr_aclk_0' has 10 connections declared, but only 6 given [c:/Users/chris/FPGA_Projects/A-high-speed-data-acquisition-framework-main/AXI_DMA.srcs/sources_1/bd/System/ip/System_axi_smc_1/bd_0/synth/bd_5c3b.v:1334]
WARNING: [Synth 8-7071] port 'S02_ACLK' of module 'clk_map_imp_1UVA7YS' is unconnected for instance 'clk_map' [c:/Users/chris/FPGA_Projects/A-high-speed-data-acquisition-framework-main/AXI_DMA.srcs/sources_1/bd/System/ip/System_axi_smc_1/bd_0/synth/bd_5c3b.v:683]
WARNING: [Synth 8-7071] port 'S02_ARESETN' of module 'clk_map_imp_1UVA7YS' is unconnected for instance 'clk_map' [c:/Users/chris/FPGA_Projects/A-high-speed-data-acquisition-framework-main/AXI_DMA.srcs/sources_1/bd/System/ip/System_axi_smc_1/bd_0/synth/bd_5c3b.v:683]
WARNING: [Synth 8-7023] instance 'clk_map' of module 'clk_map_imp_1UVA7YS' has 13 connections declared, but only 11 given [c:/Users/chris/FPGA_Projects/A-high-speed-data-acquisition-framework-main/AXI_DMA.srcs/sources_1/bd/System/ip/System_axi_smc_1/bd_0/synth/bd_5c3b.v:683]
	Parameter MEMORY_TYPE bound to: 1 - type: integer 
	Parameter MEMORY_SIZE bound to: 32 - type: integer 
	Parameter MEMORY_PRIMITIVE bound to: 1 - type: integer 
	Parameter CLOCKING_MODE bound to: 0 - type: integer 
	Parameter ECC_MODE bound to: 0 - type: integer 
	Parameter MEMORY_INIT_FILE bound to: none - type: string 
	Parameter MEMORY_INIT_PARAM bound to: (null) - type: string 
	Parameter USE_MEM_INIT_MMI bound to: 0 - type: integer 
	Parameter USE_MEM_INIT bound to: 0 - type: integer 
	Parameter MEMORY_OPTIMIZATION bound to: true - type: string 
	Parameter WAKEUP_TIME bound to: 0 - type: integer 
	Parameter AUTO_SLEEP_TIME bound to: 0 - type: integer 
	Parameter MESSAGE_CONTROL bound to: 0 - type: integer 
	Parameter VERSION bound to: 0 - type: integer 
	Parameter USE_EMBEDDED_CONSTRAINT bound to: 0 - type: integer 
	Parameter CASCADE_HEIGHT bound to: 0 - type: integer 
	Parameter SIM_ASSERT_CHK bound to: 0 - type: integer 
	Parameter WRITE_PROTECT bound to: 1 - type: integer 
	Parameter WRITE_DATA_WIDTH_A bound to: 1 - type: integer 
	Parameter READ_DATA_WIDTH_A bound to: 1 - type: integer 
	Parameter BYTE_WRITE_WIDTH_A bound to: 1 - type: integer 
	Parameter ADDR_WIDTH_A bound to: 5 - type: integer 
	Parameter READ_RESET_VALUE_A bound to: 0 - type: string 
	Parameter READ_LATENCY_A bound to: 2 - type: integer 
	Parameter WRITE_MODE_A bound to: 1 - type: integer 
	Parameter RST_MODE_A bound to: SYNC - type: string 
	Parameter WRITE_DATA_WIDTH_B bound to: 1 - type: integer 
	Parameter READ_DATA_WIDTH_B bound to: 1 - type: integer 
	Parameter BYTE_WRITE_WIDTH_B bound to: 1 - type: integer 
	Parameter ADDR_WIDTH_B bound to: 5 - type: integer 
	Parameter READ_RESET_VALUE_B bound to: 0 - type: string 
	Parameter READ_LATENCY_B bound to: 1 - type: integer 
	Parameter WRITE_MODE_B bound to: 1 - type: integer 
	Parameter RST_MODE_B bound to: SYNC - type: string 
	Parameter P_MEMORY_PRIMITIVE bound to: distributed - type: string 
	Parameter P_MIN_WIDTH_DATA_A bound to: 1 - type: integer 
	Parameter P_MIN_WIDTH_DATA_B bound to: 1 - type: integer 
	Parameter P_MIN_WIDTH_DATA bound to: 1 - type: integer 
	Parameter P_MIN_WIDTH_DATA_ECC bound to: 1 - type: integer 
	Parameter P_MAX_DEPTH_DATA bound to: 32 - type: integer 
	Parameter P_ECC_MODE bound to: no_ecc - type: string 
	Parameter P_MEMORY_OPT bound to: yes - type: string 
	Parameter P_WIDTH_COL_WRITE_A bound to: 1 - type: integer 
	Parameter P_WIDTH_COL_WRITE_B bound to: 1 - type: integer 
	Parameter P_NUM_COLS_WRITE_A bound to: 1 - type: integer 
	Parameter P_NUM_COLS_WRITE_B bound to: 1 - type: integer 
	Parameter P_NUM_ROWS_WRITE_A bound to: 1 - type: integer 
	Parameter P_NUM_ROWS_WRITE_B bound to: 1 - type: integer 
	Parameter P_NUM_ROWS_READ_A bound to: 1 - type: integer 
	Parameter P_NUM_ROWS_READ_B bound to: 1 - type: integer 
	Parameter P_WIDTH_ADDR_WRITE_A bound to: 5 - type: integer 
	Parameter P_WIDTH_ADDR_WRITE_B bound to: 5 - type: integer 
	Parameter P_WIDTH_ADDR_READ_A bound to: 5 - type: integer 
	Parameter P_WIDTH_ADDR_READ_B bound to: 5 - type: integer 
	Parameter P_WIDTH_ADDR_LSB_WRITE_A bound to: 0 - type: integer 
	Parameter P_WIDTH_ADDR_LSB_WRITE_B bound to: 0 - type: integer 
	Parameter P_WIDTH_ADDR_LSB_READ_A bound to: 0 - type: integer 
	Parameter P_WIDTH_ADDR_LSB_READ_B bound to: 0 - type: integer 
	Parameter P_ENABLE_BYTE_WRITE_A bound to: 0 - type: integer 
	Parameter P_ENABLE_BYTE_WRITE_B bound to: 0 - type: integer 
	Parameter P_SDP_WRITE_MODE bound to: yes - type: string 
	Parameter rsta_loop_iter bound to: 4 - type: integer 
	Parameter rstb_loop_iter bound to: 4 - type: integer 
	Parameter NUM_CHAR_LOC bound to: 0 - type: integer 
	Parameter MAX_NUM_CHAR bound to: 0 - type: integer 
	Parameter P_MIN_WIDTH_DATA_SHFT bound to: 5 - type: integer 
	Parameter P_MIN_WIDTH_DATA_LDW bound to: 1 - type: integer 
	Parameter MEMORY_TYPE bound to: 1 - type: integer 
	Parameter MEMORY_SIZE bound to: 5152 - type: integer 
	Parameter MEMORY_PRIMITIVE bound to: 1 - type: integer 
	Parameter CLOCKING_MODE bound to: 0 - type: integer 
	Parameter ECC_MODE bound to: 0 - type: integer 
	Parameter MEMORY_INIT_FILE bound to: none - type: string 
	Parameter MEMORY_INIT_PARAM bound to: (null) - type: string 
	Parameter USE_MEM_INIT_MMI bound to: 0 - type: integer 
	Parameter USE_MEM_INIT bound to: 0 - type: integer 
	Parameter MEMORY_OPTIMIZATION bound to: true - type: string 
	Parameter WAKEUP_TIME bound to: 0 - type: integer 
	Parameter AUTO_SLEEP_TIME bound to: 0 - type: integer 
	Parameter MESSAGE_CONTROL bound to: 0 - type: integer 
	Parameter VERSION bound to: 0 - type: integer 
	Parameter USE_EMBEDDED_CONSTRAINT bound to: 0 - type: integer 
	Parameter CASCADE_HEIGHT bound to: 0 - type: integer 
	Parameter SIM_ASSERT_CHK bound to: 0 - type: integer 
	Parameter WRITE_PROTECT bound to: 1 - type: integer 
	Parameter WRITE_DATA_WIDTH_A bound to: 161 - type: integer 
	Parameter READ_DATA_WIDTH_A bound to: 161 - type: integer 
	Parameter BYTE_WRITE_WIDTH_A bound to: 161 - type: integer 
	Parameter ADDR_WIDTH_A bound to: 5 - type: integer 
	Parameter READ_RESET_VALUE_A bound to: 0 - type: string 
	Parameter READ_LATENCY_A bound to: 2 - type: integer 
	Parameter WRITE_MODE_A bound to: 1 - type: integer 
	Parameter RST_MODE_A bound to: SYNC - type: string 
	Parameter WRITE_DATA_WIDTH_B bound to: 161 - type: integer 
	Parameter READ_DATA_WIDTH_B bound to: 161 - type: integer 
	Parameter BYTE_WRITE_WIDTH_B bound to: 161 - type: integer 
	Parameter ADDR_WIDTH_B bound to: 5 - type: integer 
	Parameter READ_RESET_VALUE_B bound to: 0 - type: string 
	Parameter READ_LATENCY_B bound to: 1 - type: integer 
	Parameter WRITE_MODE_B bound to: 1 - type: integer 
	Parameter RST_MODE_B bound to: SYNC - type: string 
	Parameter P_MEMORY_PRIMITIVE bound to: distributed - type: string 
	Parameter P_MIN_WIDTH_DATA_A bound to: 161 - type: integer 
	Parameter P_MIN_WIDTH_DATA_B bound to: 161 - type: integer 
	Parameter P_MIN_WIDTH_DATA bound to: 161 - type: integer 
	Parameter P_MIN_WIDTH_DATA_ECC bound to: 161 - type: integer 
	Parameter P_MAX_DEPTH_DATA bound to: 32 - type: integer 
	Parameter P_ECC_MODE bound to: no_ecc - type: string 
	Parameter P_MEMORY_OPT bound to: yes - type: string 
	Parameter P_WIDTH_COL_WRITE_A bound to: 161 - type: integer 
	Parameter P_WIDTH_COL_WRITE_B bound to: 161 - type: integer 
	Parameter P_NUM_COLS_WRITE_A bound to: 1 - type: integer 
	Parameter P_NUM_COLS_WRITE_B bound to: 1 - type: integer 
	Parameter P_NUM_ROWS_WRITE_A bound to: 1 - type: integer 
	Parameter P_NUM_ROWS_WRITE_B bound to: 1 - type: integer 
	Parameter P_NUM_ROWS_READ_A bound to: 1 - type: integer 
	Parameter P_NUM_ROWS_READ_B bound to: 1 - type: integer 
	Parameter P_WIDTH_ADDR_WRITE_A bound to: 5 - type: integer 
	Parameter P_WIDTH_ADDR_WRITE_B bound to: 5 - type: integer 
	Parameter P_WIDTH_ADDR_READ_A bound to: 5 - type: integer 
	Parameter P_WIDTH_ADDR_READ_B bound to: 5 - type: integer 
	Parameter P_WIDTH_ADDR_LSB_WRITE_A bound to: 0 - type: integer 
	Parameter P_WIDTH_ADDR_LSB_WRITE_B bound to: 0 - type: integer 
	Parameter P_WIDTH_ADDR_LSB_READ_A bound to: 0 - type: integer 
	Parameter P_WIDTH_ADDR_LSB_READ_B bound to: 0 - type: integer 
	Parameter P_ENABLE_BYTE_WRITE_A bound to: 0 - type: integer 
	Parameter P_ENABLE_BYTE_WRITE_B bound to: 0 - type: integer 
	Parameter P_SDP_WRITE_MODE bound to: yes - type: string 
	Parameter rsta_loop_iter bound to: 164 - type: integer 
	Parameter rstb_loop_iter bound to: 164 - type: integer 
	Parameter NUM_CHAR_LOC bound to: 0 - type: integer 
	Parameter MAX_NUM_CHAR bound to: 0 - type: integer 
	Parameter P_MIN_WIDTH_DATA_SHFT bound to: 161 - type: integer 
	Parameter P_MIN_WIDTH_DATA_LDW bound to: 4 - type: integer 
	Parameter MEMORY_TYPE bound to: 1 - type: integer 
	Parameter MEMORY_SIZE bound to: 640 - type: integer 
	Parameter MEMORY_PRIMITIVE bound to: 1 - type: integer 
	Parameter CLOCKING_MODE bound to: 0 - type: integer 
	Parameter ECC_MODE bound to: 0 - type: integer 
	Parameter MEMORY_INIT_FILE bound to: none - type: string 
	Parameter MEMORY_INIT_PARAM bound to: (null) - type: string 
	Parameter USE_MEM_INIT_MMI bound to: 0 - type: integer 
	Parameter USE_MEM_INIT bound to: 0 - type: integer 
	Parameter MEMORY_OPTIMIZATION bound to: true - type: string 
	Parameter WAKEUP_TIME bound to: 0 - type: integer 
	Parameter AUTO_SLEEP_TIME bound to: 0 - type: integer 
	Parameter MESSAGE_CONTROL bound to: 0 - type: integer 
	Parameter VERSION bound to: 0 - type: integer 
	Parameter USE_EMBEDDED_CONSTRAINT bound to: 0 - type: integer 
	Parameter CASCADE_HEIGHT bound to: 0 - type: integer 
	Parameter SIM_ASSERT_CHK bound to: 0 - type: integer 
	Parameter WRITE_PROTECT bound to: 1 - type: integer 
	Parameter WRITE_DATA_WIDTH_A bound to: 20 - type: integer 
	Parameter READ_DATA_WIDTH_A bound to: 20 - type: integer 
	Parameter BYTE_WRITE_WIDTH_A bound to: 20 - type: integer 
	Parameter ADDR_WIDTH_A bound to: 5 - type: integer 
	Parameter READ_RESET_VALUE_A bound to: 0 - type: string 
	Parameter READ_LATENCY_A bound to: 2 - type: integer 
	Parameter WRITE_MODE_A bound to: 1 - type: integer 
	Parameter RST_MODE_A bound to: SYNC - type: string 
	Parameter WRITE_DATA_WIDTH_B bound to: 20 - type: integer 
	Parameter READ_DATA_WIDTH_B bound to: 20 - type: integer 
	Parameter BYTE_WRITE_WIDTH_B bound to: 20 - type: integer 
	Parameter ADDR_WIDTH_B bound to: 5 - type: integer 
	Parameter READ_RESET_VALUE_B bound to: 0 - type: string 
	Parameter READ_LATENCY_B bound to: 1 - type: integer 
	Parameter WRITE_MODE_B bound to: 1 - type: integer 
	Parameter RST_MODE_B bound to: SYNC - type: string 
	Parameter P_MEMORY_PRIMITIVE bound to: distributed - type: string 
	Parameter P_MIN_WIDTH_DATA_A bound to: 20 - type: integer 
	Parameter P_MIN_WIDTH_DATA_B bound to: 20 - type: integer 
	Parameter P_MIN_WIDTH_DATA bound to: 20 - type: integer 
	Parameter P_MIN_WIDTH_DATA_ECC bound to: 20 - type: integer 
	Parameter P_MAX_DEPTH_DATA bound to: 32 - type: integer 
	Parameter P_ECC_MODE bound to: no_ecc - type: string 
	Parameter P_MEMORY_OPT bound to: yes - type: string 
	Parameter P_WIDTH_COL_WRITE_A bound to: 20 - type: integer 
	Parameter P_WIDTH_COL_WRITE_B bound to: 20 - type: integer 
	Parameter P_NUM_COLS_WRITE_A bound to: 1 - type: integer 
	Parameter P_NUM_COLS_WRITE_B bound to: 1 - type: integer 
	Parameter P_NUM_ROWS_WRITE_A bound to: 1 - type: integer 
	Parameter P_NUM_ROWS_WRITE_B bound to: 1 - type: integer 
	Parameter P_NUM_ROWS_READ_A bound to: 1 - type: integer 
	Parameter P_NUM_ROWS_READ_B bound to: 1 - type: integer 
	Parameter P_WIDTH_ADDR_WRITE_A bound to: 5 - type: integer 
	Parameter P_WIDTH_ADDR_WRITE_B bound to: 5 - type: integer 
	Parameter P_WIDTH_ADDR_READ_A bound to: 5 - type: integer 
	Parameter P_WIDTH_ADDR_READ_B bound to: 5 - type: integer 
	Parameter P_WIDTH_ADDR_LSB_WRITE_A bound to: 0 - type: integer 
	Parameter P_WIDTH_ADDR_LSB_WRITE_B bound to: 0 - type: integer 
	Parameter P_WIDTH_ADDR_LSB_READ_A bound to: 0 - type: integer 
	Parameter P_WIDTH_ADDR_LSB_READ_B bound to: 0 - type: integer 
	Parameter P_ENABLE_BYTE_WRITE_A bound to: 0 - type: integer 
	Parameter P_ENABLE_BYTE_WRITE_B bound to: 0 - type: integer 
	Parameter P_SDP_WRITE_MODE bound to: yes - type: string 
	Parameter rsta_loop_iter bound to: 20 - type: integer 
	Parameter rstb_loop_iter bound to: 20 - type: integer 
	Parameter NUM_CHAR_LOC bound to: 0 - type: integer 
	Parameter MAX_NUM_CHAR bound to: 0 - type: integer 
	Parameter P_MIN_WIDTH_DATA_SHFT bound to: 20 - type: integer 
	Parameter P_MIN_WIDTH_DATA_LDW bound to: 4 - type: integer 
	Parameter MEMORY_TYPE bound to: 1 - type: integer 
	Parameter MEMORY_SIZE bound to: 288 - type: integer 
	Parameter MEMORY_PRIMITIVE bound to: 1 - type: integer 
	Parameter CLOCKING_MODE bound to: 0 - type: integer 
	Parameter ECC_MODE bound to: 0 - type: integer 
	Parameter MEMORY_INIT_FILE bound to: none - type: string 
	Parameter MEMORY_INIT_PARAM bound to: (null) - type: string 
	Parameter USE_MEM_INIT_MMI bound to: 0 - type: integer 
	Parameter USE_MEM_INIT bound to: 0 - type: integer 
	Parameter MEMORY_OPTIMIZATION bound to: true - type: string 
	Parameter WAKEUP_TIME bound to: 0 - type: integer 
	Parameter AUTO_SLEEP_TIME bound to: 0 - type: integer 
	Parameter MESSAGE_CONTROL bound to: 0 - type: integer 
	Parameter VERSION bound to: 0 - type: integer 
	Parameter USE_EMBEDDED_CONSTRAINT bound to: 0 - type: integer 
	Parameter CASCADE_HEIGHT bound to: 0 - type: integer 
	Parameter SIM_ASSERT_CHK bound to: 0 - type: integer 
	Parameter WRITE_PROTECT bound to: 1 - type: integer 
	Parameter WRITE_DATA_WIDTH_A bound to: 9 - type: integer 
	Parameter READ_DATA_WIDTH_A bound to: 9 - type: integer 
	Parameter BYTE_WRITE_WIDTH_A bound to: 9 - type: integer 
	Parameter ADDR_WIDTH_A bound to: 5 - type: integer 
	Parameter READ_RESET_VALUE_A bound to: 0 - type: string 
	Parameter READ_LATENCY_A bound to: 2 - type: integer 
	Parameter WRITE_MODE_A bound to: 1 - type: integer 
	Parameter RST_MODE_A bound to: SYNC - type: string 
	Parameter WRITE_DATA_WIDTH_B bound to: 9 - type: integer 
	Parameter READ_DATA_WIDTH_B bound to: 9 - type: integer 
	Parameter BYTE_WRITE_WIDTH_B bound to: 9 - type: integer 
	Parameter ADDR_WIDTH_B bound to: 5 - type: integer 
	Parameter READ_RESET_VALUE_B bound to: 0 - type: string 
	Parameter READ_LATENCY_B bound to: 1 - type: integer 
	Parameter WRITE_MODE_B bound to: 1 - type: integer 
	Parameter RST_MODE_B bound to: SYNC - type: string 
	Parameter P_MEMORY_PRIMITIVE bound to: distributed - type: string 
	Parameter P_MIN_WIDTH_DATA_A bound to: 9 - type: integer 
	Parameter P_MIN_WIDTH_DATA_B bound to: 9 - type: integer 
	Parameter P_MIN_WIDTH_DATA bound to: 9 - type: integer 
	Parameter P_MIN_WIDTH_DATA_ECC bound to: 9 - type: integer 
	Parameter P_MAX_DEPTH_DATA bound to: 32 - type: integer 
	Parameter P_ECC_MODE bound to: no_ecc - type: string 
	Parameter P_MEMORY_OPT bound to: yes - type: string 
	Parameter P_WIDTH_COL_WRITE_A bound to: 9 - type: integer 
	Parameter P_WIDTH_COL_WRITE_B bound to: 9 - type: integer 
	Parameter P_NUM_COLS_WRITE_A bound to: 1 - type: integer 
	Parameter P_NUM_COLS_WRITE_B bound to: 1 - type: integer 
	Parameter P_NUM_ROWS_WRITE_A bound to: 1 - type: integer 
	Parameter P_NUM_ROWS_WRITE_B bound to: 1 - type: integer 
	Parameter P_NUM_ROWS_READ_A bound to: 1 - type: integer 
	Parameter P_NUM_ROWS_READ_B bound to: 1 - type: integer 
	Parameter P_WIDTH_ADDR_WRITE_A bound to: 5 - type: integer 
	Parameter P_WIDTH_ADDR_WRITE_B bound to: 5 - type: integer 
	Parameter P_WIDTH_ADDR_READ_A bound to: 5 - type: integer 
	Parameter P_WIDTH_ADDR_READ_B bound to: 5 - type: integer 
	Parameter P_WIDTH_ADDR_LSB_WRITE_A bound to: 0 - type: integer 
	Parameter P_WIDTH_ADDR_LSB_WRITE_B bound to: 0 - type: integer 
	Parameter P_WIDTH_ADDR_LSB_READ_A bound to: 0 - type: integer 
	Parameter P_WIDTH_ADDR_LSB_READ_B bound to: 0 - type: integer 
	Parameter P_ENABLE_BYTE_WRITE_A bound to: 0 - type: integer 
	Parameter P_ENABLE_BYTE_WRITE_B bound to: 0 - type: integer 
	Parameter P_SDP_WRITE_MODE bound to: yes - type: string 
	Parameter rsta_loop_iter bound to: 12 - type: integer 
	Parameter rstb_loop_iter bound to: 12 - type: integer 
	Parameter NUM_CHAR_LOC bound to: 0 - type: integer 
	Parameter MAX_NUM_CHAR bound to: 0 - type: integer 
	Parameter P_MIN_WIDTH_DATA_SHFT bound to: 9 - type: integer 
	Parameter P_MIN_WIDTH_DATA_LDW bound to: 4 - type: integer 
	Parameter MEMORY_TYPE bound to: 1 - type: integer 
	Parameter MEMORY_SIZE bound to: 2784 - type: integer 
	Parameter MEMORY_PRIMITIVE bound to: 1 - type: integer 
	Parameter CLOCKING_MODE bound to: 0 - type: integer 
	Parameter ECC_MODE bound to: 0 - type: integer 
	Parameter MEMORY_INIT_FILE bound to: none - type: string 
	Parameter MEMORY_INIT_PARAM bound to: (null) - type: string 
	Parameter USE_MEM_INIT_MMI bound to: 0 - type: integer 
	Parameter USE_MEM_INIT bound to: 0 - type: integer 
	Parameter MEMORY_OPTIMIZATION bound to: true - type: string 
	Parameter WAKEUP_TIME bound to: 0 - type: integer 
	Parameter AUTO_SLEEP_TIME bound to: 0 - type: integer 
	Parameter MESSAGE_CONTROL bound to: 0 - type: integer 
	Parameter VERSION bound to: 0 - type: integer 
	Parameter USE_EMBEDDED_CONSTRAINT bound to: 0 - type: integer 
	Parameter CASCADE_HEIGHT bound to: 0 - type: integer 
	Parameter SIM_ASSERT_CHK bound to: 0 - type: integer 
	Parameter WRITE_PROTECT bound to: 1 - type: integer 
	Parameter WRITE_DATA_WIDTH_A bound to: 87 - type: integer 
	Parameter READ_DATA_WIDTH_A bound to: 87 - type: integer 
	Parameter BYTE_WRITE_WIDTH_A bound to: 87 - type: integer 
	Parameter ADDR_WIDTH_A bound to: 5 - type: integer 
	Parameter READ_RESET_VALUE_A bound to: 0 - type: string 
	Parameter READ_LATENCY_A bound to: 2 - type: integer 
	Parameter WRITE_MODE_A bound to: 1 - type: integer 
	Parameter RST_MODE_A bound to: SYNC - type: string 
	Parameter WRITE_DATA_WIDTH_B bound to: 87 - type: integer 
	Parameter READ_DATA_WIDTH_B bound to: 87 - type: integer 
	Parameter BYTE_WRITE_WIDTH_B bound to: 87 - type: integer 
	Parameter ADDR_WIDTH_B bound to: 5 - type: integer 
	Parameter READ_RESET_VALUE_B bound to: 0 - type: string 
	Parameter READ_LATENCY_B bound to: 1 - type: integer 
	Parameter WRITE_MODE_B bound to: 1 - type: integer 
	Parameter RST_MODE_B bound to: SYNC - type: string 
	Parameter P_MEMORY_PRIMITIVE bound to: distributed - type: string 
	Parameter P_MIN_WIDTH_DATA_A bound to: 87 - type: integer 
	Parameter P_MIN_WIDTH_DATA_B bound to: 87 - type: integer 
	Parameter P_MIN_WIDTH_DATA bound to: 87 - type: integer 
	Parameter P_MIN_WIDTH_DATA_ECC bound to: 87 - type: integer 
	Parameter P_MAX_DEPTH_DATA bound to: 32 - type: integer 
	Parameter P_ECC_MODE bound to: no_ecc - type: string 
	Parameter P_MEMORY_OPT bound to: yes - type: string 
	Parameter P_WIDTH_COL_WRITE_A bound to: 87 - type: integer 
	Parameter P_WIDTH_COL_WRITE_B bound to: 87 - type: integer 
	Parameter P_NUM_COLS_WRITE_A bound to: 1 - type: integer 
	Parameter P_NUM_COLS_WRITE_B bound to: 1 - type: integer 
	Parameter P_NUM_ROWS_WRITE_A bound to: 1 - type: integer 
	Parameter P_NUM_ROWS_WRITE_B bound to: 1 - type: integer 
	Parameter P_NUM_ROWS_READ_A bound to: 1 - type: integer 
	Parameter P_NUM_ROWS_READ_B bound to: 1 - type: integer 
	Parameter P_WIDTH_ADDR_WRITE_A bound to: 5 - type: integer 
	Parameter P_WIDTH_ADDR_WRITE_B bound to: 5 - type: integer 
	Parameter P_WIDTH_ADDR_READ_A bound to: 5 - type: integer 
	Parameter P_WIDTH_ADDR_READ_B bound to: 5 - type: integer 
	Parameter P_WIDTH_ADDR_LSB_WRITE_A bound to: 0 - type: integer 
	Parameter P_WIDTH_ADDR_LSB_WRITE_B bound to: 0 - type: integer 
	Parameter P_WIDTH_ADDR_LSB_READ_A bound to: 0 - type: integer 
	Parameter P_WIDTH_ADDR_LSB_READ_B bound to: 0 - type: integer 
	Parameter P_ENABLE_BYTE_WRITE_A bound to: 0 - type: integer 
	Parameter P_ENABLE_BYTE_WRITE_B bound to: 0 - type: integer 
	Parameter P_SDP_WRITE_MODE bound to: yes - type: string 
	Parameter rsta_loop_iter bound to: 88 - type: integer 
	Parameter rstb_loop_iter bound to: 88 - type: integer 
	Parameter NUM_CHAR_LOC bound to: 0 - type: integer 
	Parameter MAX_NUM_CHAR bound to: 0 - type: integer 
	Parameter P_MIN_WIDTH_DATA_SHFT bound to: 87 - type: integer 
	Parameter P_MIN_WIDTH_DATA_LDW bound to: 4 - type: integer 
	Parameter MEMORY_TYPE bound to: 1 - type: integer 
	Parameter MEMORY_SIZE bound to: 4 - type: integer 
	Parameter MEMORY_PRIMITIVE bound to: 1 - type: integer 
	Parameter CLOCKING_MODE bound to: 0 - type: integer 
	Parameter ECC_MODE bound to: 0 - type: integer 
	Parameter MEMORY_INIT_FILE bound to: none - type: string 
	Parameter MEMORY_INIT_PARAM bound to: (null) - type: string 
	Parameter USE_MEM_INIT_MMI bound to: 0 - type: integer 
	Parameter USE_MEM_INIT bound to: 0 - type: integer 
	Parameter MEMORY_OPTIMIZATION bound to: true - type: string 
	Parameter WAKEUP_TIME bound to: 0 - type: integer 
	Parameter AUTO_SLEEP_TIME bound to: 0 - type: integer 
	Parameter MESSAGE_CONTROL bound to: 0 - type: integer 
	Parameter VERSION bound to: 0 - type: integer 
	Parameter USE_EMBEDDED_CONSTRAINT bound to: 0 - type: integer 
	Parameter CASCADE_HEIGHT bound to: 0 - type: integer 
	Parameter SIM_ASSERT_CHK bound to: 0 - type: integer 
	Parameter WRITE_PROTECT bound to: 1 - type: integer 
	Parameter WRITE_DATA_WIDTH_A bound to: 1 - type: integer 
	Parameter READ_DATA_WIDTH_A bound to: 1 - type: integer 
	Parameter BYTE_WRITE_WIDTH_A bound to: 1 - type: integer 
	Parameter ADDR_WIDTH_A bound to: 2 - type: integer 
	Parameter READ_RESET_VALUE_A bound to: 0 - type: string 
	Parameter READ_LATENCY_A bound to: 2 - type: integer 
	Parameter WRITE_MODE_A bound to: 1 - type: integer 
	Parameter RST_MODE_A bound to: SYNC - type: string 
	Parameter WRITE_DATA_WIDTH_B bound to: 1 - type: integer 
	Parameter READ_DATA_WIDTH_B bound to: 1 - type: integer 
	Parameter BYTE_WRITE_WIDTH_B bound to: 1 - type: integer 
	Parameter ADDR_WIDTH_B bound to: 2 - type: integer 
	Parameter READ_RESET_VALUE_B bound to: 0 - type: string 
	Parameter READ_LATENCY_B bound to: 0 - type: integer 
	Parameter WRITE_MODE_B bound to: 1 - type: integer 
	Parameter RST_MODE_B bound to: SYNC - type: string 
	Parameter P_MEMORY_PRIMITIVE bound to: distributed - type: string 
	Parameter P_MIN_WIDTH_DATA_A bound to: 1 - type: integer 
	Parameter P_MIN_WIDTH_DATA_B bound to: 1 - type: integer 
	Parameter P_MIN_WIDTH_DATA bound to: 1 - type: integer 
	Parameter P_MIN_WIDTH_DATA_ECC bound to: 1 - type: integer 
	Parameter P_MAX_DEPTH_DATA bound to: 4 - type: integer 
	Parameter P_ECC_MODE bound to: no_ecc - type: string 
	Parameter P_MEMORY_OPT bound to: yes - type: string 
	Parameter P_WIDTH_COL_WRITE_A bound to: 1 - type: integer 
	Parameter P_WIDTH_COL_WRITE_B bound to: 1 - type: integer 
	Parameter P_NUM_COLS_WRITE_A bound to: 1 - type: integer 
	Parameter P_NUM_COLS_WRITE_B bound to: 1 - type: integer 
	Parameter P_NUM_ROWS_WRITE_A bound to: 1 - type: integer 
	Parameter P_NUM_ROWS_WRITE_B bound to: 1 - type: integer 
	Parameter P_NUM_ROWS_READ_A bound to: 1 - type: integer 
	Parameter P_NUM_ROWS_READ_B bound to: 1 - type: integer 
	Parameter P_WIDTH_ADDR_WRITE_A bound to: 2 - type: integer 
	Parameter P_WIDTH_ADDR_WRITE_B bound to: 2 - type: integer 
	Parameter P_WIDTH_ADDR_READ_A bound to: 2 - type: integer 
	Parameter P_WIDTH_ADDR_READ_B bound to: 2 - type: integer 
	Parameter P_WIDTH_ADDR_LSB_WRITE_A bound to: 0 - type: integer 
	Parameter P_WIDTH_ADDR_LSB_WRITE_B bound to: 0 - type: integer 
	Parameter P_WIDTH_ADDR_LSB_READ_A bound to: 0 - type: integer 
	Parameter P_WIDTH_ADDR_LSB_READ_B bound to: 0 - type: integer 
	Parameter P_ENABLE_BYTE_WRITE_A bound to: 0 - type: integer 
	Parameter P_ENABLE_BYTE_WRITE_B bound to: 0 - type: integer 
	Parameter P_SDP_WRITE_MODE bound to: yes - type: string 
	Parameter rsta_loop_iter bound to: 4 - type: integer 
	Parameter rstb_loop_iter bound to: 4 - type: integer 
	Parameter NUM_CHAR_LOC bound to: 0 - type: integer 
	Parameter MAX_NUM_CHAR bound to: 0 - type: integer 
	Parameter P_MIN_WIDTH_DATA_SHFT bound to: 5 - type: integer 
	Parameter P_MIN_WIDTH_DATA_LDW bound to: 1 - type: integer 
	Parameter MEMORY_TYPE bound to: 1 - type: integer 
	Parameter MEMORY_SIZE bound to: 3424 - type: integer 
	Parameter MEMORY_PRIMITIVE bound to: 1 - type: integer 
	Parameter CLOCKING_MODE bound to: 0 - type: integer 
	Parameter ECC_MODE bound to: 0 - type: integer 
	Parameter MEMORY_INIT_FILE bound to: none - type: string 
	Parameter MEMORY_INIT_PARAM bound to: (null) - type: string 
	Parameter USE_MEM_INIT_MMI bound to: 0 - type: integer 
	Parameter USE_MEM_INIT bound to: 0 - type: integer 
	Parameter MEMORY_OPTIMIZATION bound to: true - type: string 
	Parameter WAKEUP_TIME bound to: 0 - type: integer 
	Parameter AUTO_SLEEP_TIME bound to: 0 - type: integer 
	Parameter MESSAGE_CONTROL bound to: 0 - type: integer 
	Parameter VERSION bound to: 0 - type: integer 
	Parameter USE_EMBEDDED_CONSTRAINT bound to: 0 - type: integer 
	Parameter CASCADE_HEIGHT bound to: 0 - type: integer 
	Parameter SIM_ASSERT_CHK bound to: 0 - type: integer 
	Parameter WRITE_PROTECT bound to: 1 - type: integer 
	Parameter WRITE_DATA_WIDTH_A bound to: 107 - type: integer 
	Parameter READ_DATA_WIDTH_A bound to: 107 - type: integer 
	Parameter BYTE_WRITE_WIDTH_A bound to: 107 - type: integer 
	Parameter ADDR_WIDTH_A bound to: 5 - type: integer 
	Parameter READ_RESET_VALUE_A bound to: 0 - type: string 
	Parameter READ_LATENCY_A bound to: 2 - type: integer 
	Parameter WRITE_MODE_A bound to: 1 - type: integer 
	Parameter RST_MODE_A bound to: SYNC - type: string 
	Parameter WRITE_DATA_WIDTH_B bound to: 107 - type: integer 
	Parameter READ_DATA_WIDTH_B bound to: 107 - type: integer 
	Parameter BYTE_WRITE_WIDTH_B bound to: 107 - type: integer 
	Parameter ADDR_WIDTH_B bound to: 5 - type: integer 
	Parameter READ_RESET_VALUE_B bound to: 0 - type: string 
	Parameter READ_LATENCY_B bound to: 1 - type: integer 
	Parameter WRITE_MODE_B bound to: 1 - type: integer 
	Parameter RST_MODE_B bound to: SYNC - type: string 
	Parameter P_MEMORY_PRIMITIVE bound to: distributed - type: string 
	Parameter P_MIN_WIDTH_DATA_A bound to: 107 - type: integer 
	Parameter P_MIN_WIDTH_DATA_B bound to: 107 - type: integer 
	Parameter P_MIN_WIDTH_DATA bound to: 107 - type: integer 
	Parameter P_MIN_WIDTH_DATA_ECC bound to: 107 - type: integer 
	Parameter P_MAX_DEPTH_DATA bound to: 32 - type: integer 
	Parameter P_ECC_MODE bound to: no_ecc - type: string 
	Parameter P_MEMORY_OPT bound to: yes - type: string 
	Parameter P_WIDTH_COL_WRITE_A bound to: 107 - type: integer 
	Parameter P_WIDTH_COL_WRITE_B bound to: 107 - type: integer 
	Parameter P_NUM_COLS_WRITE_A bound to: 1 - type: integer 
	Parameter P_NUM_COLS_WRITE_B bound to: 1 - type: integer 
	Parameter P_NUM_ROWS_WRITE_A bound to: 1 - type: integer 
	Parameter P_NUM_ROWS_WRITE_B bound to: 1 - type: integer 
	Parameter P_NUM_ROWS_READ_A bound to: 1 - type: integer 
	Parameter P_NUM_ROWS_READ_B bound to: 1 - type: integer 
	Parameter P_WIDTH_ADDR_WRITE_A bound to: 5 - type: integer 
	Parameter P_WIDTH_ADDR_WRITE_B bound to: 5 - type: integer 
	Parameter P_WIDTH_ADDR_READ_A bound to: 5 - type: integer 
	Parameter P_WIDTH_ADDR_READ_B bound to: 5 - type: integer 
	Parameter P_WIDTH_ADDR_LSB_WRITE_A bound to: 0 - type: integer 
	Parameter P_WIDTH_ADDR_LSB_WRITE_B bound to: 0 - type: integer 
	Parameter P_WIDTH_ADDR_LSB_READ_A bound to: 0 - type: integer 
	Parameter P_WIDTH_ADDR_LSB_READ_B bound to: 0 - type: integer 
	Parameter P_ENABLE_BYTE_WRITE_A bound to: 0 - type: integer 
	Parameter P_ENABLE_BYTE_WRITE_B bound to: 0 - type: integer 
	Parameter P_SDP_WRITE_MODE bound to: yes - type: string 
	Parameter rsta_loop_iter bound to: 108 - type: integer 
	Parameter rstb_loop_iter bound to: 108 - type: integer 
	Parameter NUM_CHAR_LOC bound to: 0 - type: integer 
	Parameter MAX_NUM_CHAR bound to: 0 - type: integer 
	Parameter P_MIN_WIDTH_DATA_SHFT bound to: 107 - type: integer 
	Parameter P_MIN_WIDTH_DATA_LDW bound to: 4 - type: integer 
WARNING: [Synth 8-7071] port 'm_axi_awburst' of module 'bd_5c3b_s00tr_0' is unconnected for instance 's00_transaction_regulator' [c:/Users/chris/FPGA_Projects/A-high-speed-data-acquisition-framework-main/AXI_DMA.srcs/sources_1/bd/System/ip/System_axi_smc_1/bd_0/synth/bd_5c3b.v:2547]
WARNING: [Synth 8-7071] port 'm_axi_arburst' of module 'bd_5c3b_s00tr_0' is unconnected for instance 's00_transaction_regulator' [c:/Users/chris/FPGA_Projects/A-high-speed-data-acquisition-framework-main/AXI_DMA.srcs/sources_1/bd/System/ip/System_axi_smc_1/bd_0/synth/bd_5c3b.v:2547]
WARNING: [Synth 8-7023] instance 's00_transaction_regulator' of module 'bd_5c3b_s00tr_0' has 82 connections declared, but only 80 given [c:/Users/chris/FPGA_Projects/A-high-speed-data-acquisition-framework-main/AXI_DMA.srcs/sources_1/bd/System/ip/System_axi_smc_1/bd_0/synth/bd_5c3b.v:2547]
	Parameter MEMORY_TYPE bound to: 1 - type: integer 
	Parameter MEMORY_SIZE bound to: 576 - type: integer 
	Parameter MEMORY_PRIMITIVE bound to: 1 - type: integer 
	Parameter CLOCKING_MODE bound to: 0 - type: integer 
	Parameter ECC_MODE bound to: 0 - type: integer 
	Parameter MEMORY_INIT_FILE bound to: none - type: string 
	Parameter MEMORY_INIT_PARAM bound to: (null) - type: string 
	Parameter USE_MEM_INIT_MMI bound to: 0 - type: integer 
	Parameter USE_MEM_INIT bound to: 0 - type: integer 
	Parameter MEMORY_OPTIMIZATION bound to: true - type: string 
	Parameter WAKEUP_TIME bound to: 0 - type: integer 
	Parameter AUTO_SLEEP_TIME bound to: 0 - type: integer 
	Parameter MESSAGE_CONTROL bound to: 0 - type: integer 
	Parameter VERSION bound to: 0 - type: integer 
	Parameter USE_EMBEDDED_CONSTRAINT bound to: 0 - type: integer 
	Parameter CASCADE_HEIGHT bound to: 0 - type: integer 
	Parameter SIM_ASSERT_CHK bound to: 0 - type: integer 
	Parameter WRITE_PROTECT bound to: 1 - type: integer 
	Parameter WRITE_DATA_WIDTH_A bound to: 18 - type: integer 
	Parameter READ_DATA_WIDTH_A bound to: 18 - type: integer 
	Parameter BYTE_WRITE_WIDTH_A bound to: 18 - type: integer 
	Parameter ADDR_WIDTH_A bound to: 5 - type: integer 
	Parameter READ_RESET_VALUE_A bound to: 0 - type: string 
	Parameter READ_LATENCY_A bound to: 2 - type: integer 
	Parameter WRITE_MODE_A bound to: 1 - type: integer 
	Parameter RST_MODE_A bound to: SYNC - type: string 
	Parameter WRITE_DATA_WIDTH_B bound to: 18 - type: integer 
	Parameter READ_DATA_WIDTH_B bound to: 18 - type: integer 
	Parameter BYTE_WRITE_WIDTH_B bound to: 18 - type: integer 
	Parameter ADDR_WIDTH_B bound to: 5 - type: integer 
	Parameter READ_RESET_VALUE_B bound to: 0 - type: string 
	Parameter READ_LATENCY_B bound to: 1 - type: integer 
	Parameter WRITE_MODE_B bound to: 1 - type: integer 
	Parameter RST_MODE_B bound to: SYNC - type: string 
	Parameter P_MEMORY_PRIMITIVE bound to: distributed - type: string 
	Parameter P_MIN_WIDTH_DATA_A bound to: 18 - type: integer 
	Parameter P_MIN_WIDTH_DATA_B bound to: 18 - type: integer 
	Parameter P_MIN_WIDTH_DATA bound to: 18 - type: integer 
	Parameter P_MIN_WIDTH_DATA_ECC bound to: 18 - type: integer 
	Parameter P_MAX_DEPTH_DATA bound to: 32 - type: integer 
	Parameter P_ECC_MODE bound to: no_ecc - type: string 
	Parameter P_MEMORY_OPT bound to: yes - type: string 
	Parameter P_WIDTH_COL_WRITE_A bound to: 18 - type: integer 
	Parameter P_WIDTH_COL_WRITE_B bound to: 18 - type: integer 
	Parameter P_NUM_COLS_WRITE_A bound to: 1 - type: integer 
	Parameter P_NUM_COLS_WRITE_B bound to: 1 - type: integer 
	Parameter P_NUM_ROWS_WRITE_A bound to: 1 - type: integer 
	Parameter P_NUM_ROWS_WRITE_B bound to: 1 - type: integer 
	Parameter P_NUM_ROWS_READ_A bound to: 1 - type: integer 
	Parameter P_NUM_ROWS_READ_B bound to: 1 - type: integer 
	Parameter P_WIDTH_ADDR_WRITE_A bound to: 5 - type: integer 
	Parameter P_WIDTH_ADDR_WRITE_B bound to: 5 - type: integer 
	Parameter P_WIDTH_ADDR_READ_A bound to: 5 - type: integer 
	Parameter P_WIDTH_ADDR_READ_B bound to: 5 - type: integer 
	Parameter P_WIDTH_ADDR_LSB_WRITE_A bound to: 0 - type: integer 
	Parameter P_WIDTH_ADDR_LSB_WRITE_B bound to: 0 - type: integer 
	Parameter P_WIDTH_ADDR_LSB_READ_A bound to: 0 - type: integer 
	Parameter P_WIDTH_ADDR_LSB_READ_B bound to: 0 - type: integer 
	Parameter P_ENABLE_BYTE_WRITE_A bound to: 0 - type: integer 
	Parameter P_ENABLE_BYTE_WRITE_B bound to: 0 - type: integer 
	Parameter P_SDP_WRITE_MODE bound to: yes - type: string 
	Parameter rsta_loop_iter bound to: 20 - type: integer 
	Parameter rstb_loop_iter bound to: 20 - type: integer 
	Parameter NUM_CHAR_LOC bound to: 0 - type: integer 
	Parameter MAX_NUM_CHAR bound to: 0 - type: integer 
	Parameter P_MIN_WIDTH_DATA_SHFT bound to: 18 - type: integer 
	Parameter P_MIN_WIDTH_DATA_LDW bound to: 4 - type: integer 
	Parameter MEMORY_TYPE bound to: 1 - type: integer 
	Parameter MEMORY_SIZE bound to: 4544 - type: integer 
	Parameter MEMORY_PRIMITIVE bound to: 1 - type: integer 
	Parameter CLOCKING_MODE bound to: 0 - type: integer 
	Parameter ECC_MODE bound to: 0 - type: integer 
	Parameter MEMORY_INIT_FILE bound to: none - type: string 
	Parameter MEMORY_INIT_PARAM bound to: (null) - type: string 
	Parameter USE_MEM_INIT_MMI bound to: 0 - type: integer 
	Parameter USE_MEM_INIT bound to: 0 - type: integer 
	Parameter MEMORY_OPTIMIZATION bound to: true - type: string 
	Parameter WAKEUP_TIME bound to: 0 - type: integer 
	Parameter AUTO_SLEEP_TIME bound to: 0 - type: integer 
	Parameter MESSAGE_CONTROL bound to: 0 - type: integer 
	Parameter VERSION bound to: 0 - type: integer 
	Parameter USE_EMBEDDED_CONSTRAINT bound to: 0 - type: integer 
	Parameter CASCADE_HEIGHT bound to: 0 - type: integer 
	Parameter SIM_ASSERT_CHK bound to: 0 - type: integer 
	Parameter WRITE_PROTECT bound to: 1 - type: integer 
	Parameter WRITE_DATA_WIDTH_A bound to: 142 - type: integer 
	Parameter READ_DATA_WIDTH_A bound to: 142 - type: integer 
	Parameter BYTE_WRITE_WIDTH_A bound to: 142 - type: integer 
	Parameter ADDR_WIDTH_A bound to: 5 - type: integer 
	Parameter READ_RESET_VALUE_A bound to: 0 - type: string 
	Parameter READ_LATENCY_A bound to: 2 - type: integer 
	Parameter WRITE_MODE_A bound to: 1 - type: integer 
	Parameter RST_MODE_A bound to: SYNC - type: string 
	Parameter WRITE_DATA_WIDTH_B bound to: 142 - type: integer 
	Parameter READ_DATA_WIDTH_B bound to: 142 - type: integer 
	Parameter BYTE_WRITE_WIDTH_B bound to: 142 - type: integer 
	Parameter ADDR_WIDTH_B bound to: 5 - type: integer 
	Parameter READ_RESET_VALUE_B bound to: 0 - type: string 
	Parameter READ_LATENCY_B bound to: 1 - type: integer 
	Parameter WRITE_MODE_B bound to: 1 - type: integer 
	Parameter RST_MODE_B bound to: SYNC - type: string 
	Parameter P_MEMORY_PRIMITIVE bound to: distributed - type: string 
	Parameter P_MIN_WIDTH_DATA_A bound to: 142 - type: integer 
	Parameter P_MIN_WIDTH_DATA_B bound to: 142 - type: integer 
	Parameter P_MIN_WIDTH_DATA bound to: 142 - type: integer 
	Parameter P_MIN_WIDTH_DATA_ECC bound to: 142 - type: integer 
	Parameter P_MAX_DEPTH_DATA bound to: 32 - type: integer 
	Parameter P_ECC_MODE bound to: no_ecc - type: string 
	Parameter P_MEMORY_OPT bound to: yes - type: string 
	Parameter P_WIDTH_COL_WRITE_A bound to: 142 - type: integer 
	Parameter P_WIDTH_COL_WRITE_B bound to: 142 - type: integer 
	Parameter P_NUM_COLS_WRITE_A bound to: 1 - type: integer 
	Parameter P_NUM_COLS_WRITE_B bound to: 1 - type: integer 
	Parameter P_NUM_ROWS_WRITE_A bound to: 1 - type: integer 
	Parameter P_NUM_ROWS_WRITE_B bound to: 1 - type: integer 
	Parameter P_NUM_ROWS_READ_A bound to: 1 - type: integer 
	Parameter P_NUM_ROWS_READ_B bound to: 1 - type: integer 
	Parameter P_WIDTH_ADDR_WRITE_A bound to: 5 - type: integer 
	Parameter P_WIDTH_ADDR_WRITE_B bound to: 5 - type: integer 
	Parameter P_WIDTH_ADDR_READ_A bound to: 5 - type: integer 
	Parameter P_WIDTH_ADDR_READ_B bound to: 5 - type: integer 
	Parameter P_WIDTH_ADDR_LSB_WRITE_A bound to: 0 - type: integer 
	Parameter P_WIDTH_ADDR_LSB_WRITE_B bound to: 0 - type: integer 
	Parameter P_WIDTH_ADDR_LSB_READ_A bound to: 0 - type: integer 
	Parameter P_WIDTH_ADDR_LSB_READ_B bound to: 0 - type: integer 
	Parameter P_ENABLE_BYTE_WRITE_A bound to: 0 - type: integer 
	Parameter P_ENABLE_BYTE_WRITE_B bound to: 0 - type: integer 
	Parameter P_SDP_WRITE_MODE bound to: yes - type: string 
	Parameter rsta_loop_iter bound to: 144 - type: integer 
	Parameter rstb_loop_iter bound to: 144 - type: integer 
	Parameter NUM_CHAR_LOC bound to: 0 - type: integer 
	Parameter MAX_NUM_CHAR bound to: 0 - type: integer 
	Parameter P_MIN_WIDTH_DATA_SHFT bound to: 142 - type: integer 
	Parameter P_MIN_WIDTH_DATA_LDW bound to: 4 - type: integer 
	Parameter MEMORY_TYPE bound to: 1 - type: integer 
	Parameter MEMORY_SIZE bound to: 864 - type: integer 
	Parameter MEMORY_PRIMITIVE bound to: 1 - type: integer 
	Parameter CLOCKING_MODE bound to: 0 - type: integer 
	Parameter ECC_MODE bound to: 0 - type: integer 
	Parameter MEMORY_INIT_FILE bound to: none - type: string 
	Parameter MEMORY_INIT_PARAM bound to: (null) - type: string 
	Parameter USE_MEM_INIT_MMI bound to: 0 - type: integer 
	Parameter USE_MEM_INIT bound to: 0 - type: integer 
	Parameter MEMORY_OPTIMIZATION bound to: true - type: string 
	Parameter WAKEUP_TIME bound to: 0 - type: integer 
	Parameter AUTO_SLEEP_TIME bound to: 0 - type: integer 
	Parameter MESSAGE_CONTROL bound to: 0 - type: integer 
	Parameter VERSION bound to: 0 - type: integer 
	Parameter USE_EMBEDDED_CONSTRAINT bound to: 0 - type: integer 
	Parameter CASCADE_HEIGHT bound to: 0 - type: integer 
	Parameter SIM_ASSERT_CHK bound to: 0 - type: integer 
	Parameter WRITE_PROTECT bound to: 1 - type: integer 
	Parameter WRITE_DATA_WIDTH_A bound to: 27 - type: integer 
	Parameter READ_DATA_WIDTH_A bound to: 27 - type: integer 
	Parameter BYTE_WRITE_WIDTH_A bound to: 27 - type: integer 
	Parameter ADDR_WIDTH_A bound to: 5 - type: integer 
	Parameter READ_RESET_VALUE_A bound to: 0 - type: string 
	Parameter READ_LATENCY_A bound to: 2 - type: integer 
	Parameter WRITE_MODE_A bound to: 1 - type: integer 
	Parameter RST_MODE_A bound to: SYNC - type: string 
	Parameter WRITE_DATA_WIDTH_B bound to: 27 - type: integer 
	Parameter READ_DATA_WIDTH_B bound to: 27 - type: integer 
	Parameter BYTE_WRITE_WIDTH_B bound to: 27 - type: integer 
	Parameter ADDR_WIDTH_B bound to: 5 - type: integer 
	Parameter READ_RESET_VALUE_B bound to: 0 - type: string 
	Parameter READ_LATENCY_B bound to: 1 - type: integer 
	Parameter WRITE_MODE_B bound to: 1 - type: integer 
	Parameter RST_MODE_B bound to: SYNC - type: string 
	Parameter P_MEMORY_PRIMITIVE bound to: distributed - type: string 
	Parameter P_MIN_WIDTH_DATA_A bound to: 27 - type: integer 
	Parameter P_MIN_WIDTH_DATA_B bound to: 27 - type: integer 
	Parameter P_MIN_WIDTH_DATA bound to: 27 - type: integer 
	Parameter P_MIN_WIDTH_DATA_ECC bound to: 27 - type: integer 
	Parameter P_MAX_DEPTH_DATA bound to: 32 - type: integer 
	Parameter P_ECC_MODE bound to: no_ecc - type: string 
	Parameter P_MEMORY_OPT bound to: yes - type: string 
	Parameter P_WIDTH_COL_WRITE_A bound to: 27 - type: integer 
	Parameter P_WIDTH_COL_WRITE_B bound to: 27 - type: integer 
	Parameter P_NUM_COLS_WRITE_A bound to: 1 - type: integer 
	Parameter P_NUM_COLS_WRITE_B bound to: 1 - type: integer 
	Parameter P_NUM_ROWS_WRITE_A bound to: 1 - type: integer 
	Parameter P_NUM_ROWS_WRITE_B bound to: 1 - type: integer 
	Parameter P_NUM_ROWS_READ_A bound to: 1 - type: integer 
	Parameter P_NUM_ROWS_READ_B bound to: 1 - type: integer 
	Parameter P_WIDTH_ADDR_WRITE_A bound to: 5 - type: integer 
	Parameter P_WIDTH_ADDR_WRITE_B bound to: 5 - type: integer 
	Parameter P_WIDTH_ADDR_READ_A bound to: 5 - type: integer 
	Parameter P_WIDTH_ADDR_READ_B bound to: 5 - type: integer 
	Parameter P_WIDTH_ADDR_LSB_WRITE_A bound to: 0 - type: integer 
	Parameter P_WIDTH_ADDR_LSB_WRITE_B bound to: 0 - type: integer 
	Parameter P_WIDTH_ADDR_LSB_READ_A bound to: 0 - type: integer 
	Parameter P_WIDTH_ADDR_LSB_READ_B bound to: 0 - type: integer 
	Parameter P_ENABLE_BYTE_WRITE_A bound to: 0 - type: integer 
	Parameter P_ENABLE_BYTE_WRITE_B bound to: 0 - type: integer 
	Parameter P_SDP_WRITE_MODE bound to: yes - type: string 
	Parameter rsta_loop_iter bound to: 28 - type: integer 
	Parameter rstb_loop_iter bound to: 28 - type: integer 
	Parameter NUM_CHAR_LOC bound to: 0 - type: integer 
	Parameter MAX_NUM_CHAR bound to: 0 - type: integer 
	Parameter P_MIN_WIDTH_DATA_SHFT bound to: 27 - type: integer 
	Parameter P_MIN_WIDTH_DATA_LDW bound to: 4 - type: integer 
	Parameter MEMORY_TYPE bound to: 1 - type: integer 
	Parameter MEMORY_SIZE bound to: 3360 - type: integer 
	Parameter MEMORY_PRIMITIVE bound to: 1 - type: integer 
	Parameter CLOCKING_MODE bound to: 0 - type: integer 
	Parameter ECC_MODE bound to: 0 - type: integer 
	Parameter MEMORY_INIT_FILE bound to: none - type: string 
	Parameter MEMORY_INIT_PARAM bound to: (null) - type: string 
	Parameter USE_MEM_INIT_MMI bound to: 0 - type: integer 
	Parameter USE_MEM_INIT bound to: 0 - type: integer 
	Parameter MEMORY_OPTIMIZATION bound to: true - type: string 
	Parameter WAKEUP_TIME bound to: 0 - type: integer 
	Parameter AUTO_SLEEP_TIME bound to: 0 - type: integer 
	Parameter MESSAGE_CONTROL bound to: 0 - type: integer 
	Parameter VERSION bound to: 0 - type: integer 
	Parameter USE_EMBEDDED_CONSTRAINT bound to: 0 - type: integer 
	Parameter CASCADE_HEIGHT bound to: 0 - type: integer 
	Parameter SIM_ASSERT_CHK bound to: 0 - type: integer 
	Parameter WRITE_PROTECT bound to: 1 - type: integer 
	Parameter WRITE_DATA_WIDTH_A bound to: 105 - type: integer 
	Parameter READ_DATA_WIDTH_A bound to: 105 - type: integer 
	Parameter BYTE_WRITE_WIDTH_A bound to: 105 - type: integer 
	Parameter ADDR_WIDTH_A bound to: 5 - type: integer 
	Parameter READ_RESET_VALUE_A bound to: 0 - type: string 
	Parameter READ_LATENCY_A bound to: 2 - type: integer 
	Parameter WRITE_MODE_A bound to: 1 - type: integer 
	Parameter RST_MODE_A bound to: SYNC - type: string 
	Parameter WRITE_DATA_WIDTH_B bound to: 105 - type: integer 
	Parameter READ_DATA_WIDTH_B bound to: 105 - type: integer 
	Parameter BYTE_WRITE_WIDTH_B bound to: 105 - type: integer 
	Parameter ADDR_WIDTH_B bound to: 5 - type: integer 
	Parameter READ_RESET_VALUE_B bound to: 0 - type: string 
	Parameter READ_LATENCY_B bound to: 1 - type: integer 
	Parameter WRITE_MODE_B bound to: 1 - type: integer 
	Parameter RST_MODE_B bound to: SYNC - type: string 
	Parameter P_MEMORY_PRIMITIVE bound to: distributed - type: string 
	Parameter P_MIN_WIDTH_DATA_A bound to: 105 - type: integer 
	Parameter P_MIN_WIDTH_DATA_B bound to: 105 - type: integer 
	Parameter P_MIN_WIDTH_DATA bound to: 105 - type: integer 
	Parameter P_MIN_WIDTH_DATA_ECC bound to: 105 - type: integer 
	Parameter P_MAX_DEPTH_DATA bound to: 32 - type: integer 
	Parameter P_ECC_MODE bound to: no_ecc - type: string 
	Parameter P_MEMORY_OPT bound to: yes - type: string 
	Parameter P_WIDTH_COL_WRITE_A bound to: 105 - type: integer 
	Parameter P_WIDTH_COL_WRITE_B bound to: 105 - type: integer 
	Parameter P_NUM_COLS_WRITE_A bound to: 1 - type: integer 
	Parameter P_NUM_COLS_WRITE_B bound to: 1 - type: integer 
	Parameter P_NUM_ROWS_WRITE_A bound to: 1 - type: integer 
	Parameter P_NUM_ROWS_WRITE_B bound to: 1 - type: integer 
	Parameter P_NUM_ROWS_READ_A bound to: 1 - type: integer 
	Parameter P_NUM_ROWS_READ_B bound to: 1 - type: integer 
	Parameter P_WIDTH_ADDR_WRITE_A bound to: 5 - type: integer 
	Parameter P_WIDTH_ADDR_WRITE_B bound to: 5 - type: integer 
	Parameter P_WIDTH_ADDR_READ_A bound to: 5 - type: integer 
	Parameter P_WIDTH_ADDR_READ_B bound to: 5 - type: integer 
	Parameter P_WIDTH_ADDR_LSB_WRITE_A bound to: 0 - type: integer 
	Parameter P_WIDTH_ADDR_LSB_WRITE_B bound to: 0 - type: integer 
	Parameter P_WIDTH_ADDR_LSB_READ_A bound to: 0 - type: integer 
	Parameter P_WIDTH_ADDR_LSB_READ_B bound to: 0 - type: integer 
	Parameter P_ENABLE_BYTE_WRITE_A bound to: 0 - type: integer 
	Parameter P_ENABLE_BYTE_WRITE_B bound to: 0 - type: integer 
	Parameter P_SDP_WRITE_MODE bound to: yes - type: string 
	Parameter rsta_loop_iter bound to: 108 - type: integer 
	Parameter rstb_loop_iter bound to: 108 - type: integer 
	Parameter NUM_CHAR_LOC bound to: 0 - type: integer 
	Parameter MAX_NUM_CHAR bound to: 0 - type: integer 
	Parameter P_MIN_WIDTH_DATA_SHFT bound to: 105 - type: integer 
	Parameter P_MIN_WIDTH_DATA_LDW bound to: 4 - type: integer 
	Parameter MEMORY_TYPE bound to: 1 - type: integer 
	Parameter MEMORY_SIZE bound to: 2816 - type: integer 
	Parameter MEMORY_PRIMITIVE bound to: 1 - type: integer 
	Parameter CLOCKING_MODE bound to: 0 - type: integer 
	Parameter ECC_MODE bound to: 0 - type: integer 
	Parameter MEMORY_INIT_FILE bound to: none - type: string 
	Parameter MEMORY_INIT_PARAM bound to: (null) - type: string 
	Parameter USE_MEM_INIT_MMI bound to: 0 - type: integer 
	Parameter USE_MEM_INIT bound to: 0 - type: integer 
	Parameter MEMORY_OPTIMIZATION bound to: true - type: string 
	Parameter WAKEUP_TIME bound to: 0 - type: integer 
	Parameter AUTO_SLEEP_TIME bound to: 0 - type: integer 
	Parameter MESSAGE_CONTROL bound to: 0 - type: integer 
	Parameter VERSION bound to: 0 - type: integer 
	Parameter USE_EMBEDDED_CONSTRAINT bound to: 0 - type: integer 
	Parameter CASCADE_HEIGHT bound to: 0 - type: integer 
	Parameter SIM_ASSERT_CHK bound to: 0 - type: integer 
	Parameter WRITE_PROTECT bound to: 1 - type: integer 
	Parameter WRITE_DATA_WIDTH_A bound to: 88 - type: integer 
	Parameter READ_DATA_WIDTH_A bound to: 88 - type: integer 
	Parameter BYTE_WRITE_WIDTH_A bound to: 88 - type: integer 
	Parameter ADDR_WIDTH_A bound to: 5 - type: integer 
	Parameter READ_RESET_VALUE_A bound to: 0 - type: string 
	Parameter READ_LATENCY_A bound to: 2 - type: integer 
	Parameter WRITE_MODE_A bound to: 1 - type: integer 
	Parameter RST_MODE_A bound to: SYNC - type: string 
	Parameter WRITE_DATA_WIDTH_B bound to: 88 - type: integer 
	Parameter READ_DATA_WIDTH_B bound to: 88 - type: integer 
	Parameter BYTE_WRITE_WIDTH_B bound to: 88 - type: integer 
	Parameter ADDR_WIDTH_B bound to: 5 - type: integer 
	Parameter READ_RESET_VALUE_B bound to: 0 - type: string 
	Parameter READ_LATENCY_B bound to: 1 - type: integer 
	Parameter WRITE_MODE_B bound to: 1 - type: integer 
	Parameter RST_MODE_B bound to: SYNC - type: string 
	Parameter P_MEMORY_PRIMITIVE bound to: distributed - type: string 
	Parameter P_MIN_WIDTH_DATA_A bound to: 88 - type: integer 
	Parameter P_MIN_WIDTH_DATA_B bound to: 88 - type: integer 
	Parameter P_MIN_WIDTH_DATA bound to: 88 - type: integer 
	Parameter P_MIN_WIDTH_DATA_ECC bound to: 88 - type: integer 
	Parameter P_MAX_DEPTH_DATA bound to: 32 - type: integer 
	Parameter P_ECC_MODE bound to: no_ecc - type: string 
	Parameter P_MEMORY_OPT bound to: yes - type: string 
	Parameter P_WIDTH_COL_WRITE_A bound to: 88 - type: integer 
	Parameter P_WIDTH_COL_WRITE_B bound to: 88 - type: integer 
	Parameter P_NUM_COLS_WRITE_A bound to: 1 - type: integer 
	Parameter P_NUM_COLS_WRITE_B bound to: 1 - type: integer 
	Parameter P_NUM_ROWS_WRITE_A bound to: 1 - type: integer 
	Parameter P_NUM_ROWS_WRITE_B bound to: 1 - type: integer 
	Parameter P_NUM_ROWS_READ_A bound to: 1 - type: integer 
	Parameter P_NUM_ROWS_READ_B bound to: 1 - type: integer 
	Parameter P_WIDTH_ADDR_WRITE_A bound to: 5 - type: integer 
	Parameter P_WIDTH_ADDR_WRITE_B bound to: 5 - type: integer 
	Parameter P_WIDTH_ADDR_READ_A bound to: 5 - type: integer 
	Parameter P_WIDTH_ADDR_READ_B bound to: 5 - type: integer 
	Parameter P_WIDTH_ADDR_LSB_WRITE_A bound to: 0 - type: integer 
	Parameter P_WIDTH_ADDR_LSB_WRITE_B bound to: 0 - type: integer 
	Parameter P_WIDTH_ADDR_LSB_READ_A bound to: 0 - type: integer 
	Parameter P_WIDTH_ADDR_LSB_READ_B bound to: 0 - type: integer 
	Parameter P_ENABLE_BYTE_WRITE_A bound to: 0 - type: integer 
	Parameter P_ENABLE_BYTE_WRITE_B bound to: 0 - type: integer 
	Parameter P_SDP_WRITE_MODE bound to: yes - type: string 
	Parameter rsta_loop_iter bound to: 88 - type: integer 
	Parameter rstb_loop_iter bound to: 88 - type: integer 
	Parameter NUM_CHAR_LOC bound to: 0 - type: integer 
	Parameter MAX_NUM_CHAR bound to: 0 - type: integer 
	Parameter P_MIN_WIDTH_DATA_SHFT bound to: 88 - type: integer 
	Parameter P_MIN_WIDTH_DATA_LDW bound to: 4 - type: integer 
WARNING: [Synth 8-7071] port 'm_axi_awburst' of module 'bd_5c3b_s01tr_0' is unconnected for instance 's01_transaction_regulator' [c:/Users/chris/FPGA_Projects/A-high-speed-data-acquisition-framework-main/AXI_DMA.srcs/sources_1/bd/System/ip/System_axi_smc_1/bd_0/synth/bd_5c3b.v:3224]
WARNING: [Synth 8-7023] instance 's01_transaction_regulator' of module 'bd_5c3b_s01tr_0' has 46 connections declared, but only 45 given [c:/Users/chris/FPGA_Projects/A-high-speed-data-acquisition-framework-main/AXI_DMA.srcs/sources_1/bd/System/ip/System_axi_smc_1/bd_0/synth/bd_5c3b.v:3224]
WARNING: [Synth 8-7071] port 'M01_SC_R_info' of module 'switchboards_imp_1VX1W5E' is unconnected for instance 'switchboards' [c:/Users/chris/FPGA_Projects/A-high-speed-data-acquisition-framework-main/AXI_DMA.srcs/sources_1/bd/System/ip/System_axi_smc_1/bd_0/synth/bd_5c3b.v:1198]
WARNING: [Synth 8-7071] port 'M01_SC_R_payld' of module 'switchboards_imp_1VX1W5E' is unconnected for instance 'switchboards' [c:/Users/chris/FPGA_Projects/A-high-speed-data-acquisition-framework-main/AXI_DMA.srcs/sources_1/bd/System/ip/System_axi_smc_1/bd_0/synth/bd_5c3b.v:1198]
WARNING: [Synth 8-7071] port 'M01_SC_R_req' of module 'switchboards_imp_1VX1W5E' is unconnected for instance 'switchboards' [c:/Users/chris/FPGA_Projects/A-high-speed-data-acquisition-framework-main/AXI_DMA.srcs/sources_1/bd/System/ip/System_axi_smc_1/bd_0/synth/bd_5c3b.v:1198]
WARNING: [Synth 8-7071] port 'M01_SC_R_send' of module 'switchboards_imp_1VX1W5E' is unconnected for instance 'switchboards' [c:/Users/chris/FPGA_Projects/A-high-speed-data-acquisition-framework-main/AXI_DMA.srcs/sources_1/bd/System/ip/System_axi_smc_1/bd_0/synth/bd_5c3b.v:1198]
WARNING: [Synth 8-7071] port 'M02_SC_B_info' of module 'switchboards_imp_1VX1W5E' is unconnected for instance 'switchboards' [c:/Users/chris/FPGA_Projects/A-high-speed-data-acquisition-framework-main/AXI_DMA.srcs/sources_1/bd/System/ip/System_axi_smc_1/bd_0/synth/bd_5c3b.v:1198]
WARNING: [Synth 8-7071] port 'M02_SC_B_payld' of module 'switchboards_imp_1VX1W5E' is unconnected for instance 'switchboards' [c:/Users/chris/FPGA_Projects/A-high-speed-data-acquisition-framework-main/AXI_DMA.srcs/sources_1/bd/System/ip/System_axi_smc_1/bd_0/synth/bd_5c3b.v:1198]
WARNING: [Synth 8-7071] port 'M02_SC_B_req' of module 'switchboards_imp_1VX1W5E' is unconnected for instance 'switchboards' [c:/Users/chris/FPGA_Projects/A-high-speed-data-acquisition-framework-main/AXI_DMA.srcs/sources_1/bd/System/ip/System_axi_smc_1/bd_0/synth/bd_5c3b.v:1198]
WARNING: [Synth 8-7071] port 'M02_SC_B_send' of module 'switchboards_imp_1VX1W5E' is unconnected for instance 'switchboards' [c:/Users/chris/FPGA_Projects/A-high-speed-data-acquisition-framework-main/AXI_DMA.srcs/sources_1/bd/System/ip/System_axi_smc_1/bd_0/synth/bd_5c3b.v:1198]
WARNING: [Synth 8-7071] port 'M02_SC_R_info' of module 'switchboards_imp_1VX1W5E' is unconnected for instance 'switchboards' [c:/Users/chris/FPGA_Projects/A-high-speed-data-acquisition-framework-main/AXI_DMA.srcs/sources_1/bd/System/ip/System_axi_smc_1/bd_0/synth/bd_5c3b.v:1198]
WARNING: [Synth 8-7071] port 'M02_SC_R_payld' of module 'switchboards_imp_1VX1W5E' is unconnected for instance 'switchboards' [c:/Users/chris/FPGA_Projects/A-high-speed-data-acquisition-framework-main/AXI_DMA.srcs/sources_1/bd/System/ip/System_axi_smc_1/bd_0/synth/bd_5c3b.v:1198]
WARNING: [Synth 8-7071] port 'M02_SC_R_req' of module 'switchboards_imp_1VX1W5E' is unconnected for instance 'switchboards' [c:/Users/chris/FPGA_Projects/A-high-speed-data-acquisition-framework-main/AXI_DMA.srcs/sources_1/bd/System/ip/System_axi_smc_1/bd_0/synth/bd_5c3b.v:1198]
WARNING: [Synth 8-7071] port 'M02_SC_R_send' of module 'switchboards_imp_1VX1W5E' is unconnected for instance 'switchboards' [c:/Users/chris/FPGA_Projects/A-high-speed-data-acquisition-framework-main/AXI_DMA.srcs/sources_1/bd/System/ip/System_axi_smc_1/bd_0/synth/bd_5c3b.v:1198]
WARNING: [Synth 8-7071] port 'S01_SC_AR_recv' of module 'switchboards_imp_1VX1W5E' is unconnected for instance 'switchboards' [c:/Users/chris/FPGA_Projects/A-high-speed-data-acquisition-framework-main/AXI_DMA.srcs/sources_1/bd/System/ip/System_axi_smc_1/bd_0/synth/bd_5c3b.v:1198]
WARNING: [Synth 8-7071] port 'S02_SC_AR_recv' of module 'switchboards_imp_1VX1W5E' is unconnected for instance 'switchboards' [c:/Users/chris/FPGA_Projects/A-high-speed-data-acquisition-framework-main/AXI_DMA.srcs/sources_1/bd/System/ip/System_axi_smc_1/bd_0/synth/bd_5c3b.v:1198]
WARNING: [Synth 8-7071] port 'S02_SC_AW_recv' of module 'switchboards_imp_1VX1W5E' is unconnected for instance 'switchboards' [c:/Users/chris/FPGA_Projects/A-high-speed-data-acquisition-framework-main/AXI_DMA.srcs/sources_1/bd/System/ip/System_axi_smc_1/bd_0/synth/bd_5c3b.v:1198]
WARNING: [Synth 8-7071] port 'S02_SC_W_recv' of module 'switchboards_imp_1VX1W5E' is unconnected for instance 'switchboards' [c:/Users/chris/FPGA_Projects/A-high-speed-data-acquisition-framework-main/AXI_DMA.srcs/sources_1/bd/System/ip/System_axi_smc_1/bd_0/synth/bd_5c3b.v:1198]
WARNING: [Synth 8-7023] instance 'switchboards' of module 'switchboards_imp_1VX1W5E' has 102 connections declared, but only 86 given [c:/Users/chris/FPGA_Projects/A-high-speed-data-acquisition-framework-main/AXI_DMA.srcs/sources_1/bd/System/ip/System_axi_smc_1/bd_0/synth/bd_5c3b.v:1198]
WARNING: [Synth 8-7071] port 'S02_AXI_awready' of module 'System_axi_smc_1' is unconnected for instance 'axi_smc' [C:/Users/chris/FPGA_Projects/A-high-speed-data-acquisition-framework-main/AXI_DMA.srcs/sources_1/bd/System/synth/System.v:1207]
WARNING: [Synth 8-7071] port 'S02_AXI_wready' of module 'System_axi_smc_1' is unconnected for instance 'axi_smc' [C:/Users/chris/FPGA_Projects/A-high-speed-data-acquisition-framework-main/AXI_DMA.srcs/sources_1/bd/System/synth/System.v:1207]
WARNING: [Synth 8-7071] port 'S02_AXI_bid' of module 'System_axi_smc_1' is unconnected for instance 'axi_smc' [C:/Users/chris/FPGA_Projects/A-high-speed-data-acquisition-framework-main/AXI_DMA.srcs/sources_1/bd/System/synth/System.v:1207]
WARNING: [Synth 8-7071] port 'S02_AXI_bresp' of module 'System_axi_smc_1' is unconnected for instance 'axi_smc' [C:/Users/chris/FPGA_Projects/A-high-speed-data-acquisition-framework-main/AXI_DMA.srcs/sources_1/bd/System/synth/System.v:1207]
WARNING: [Synth 8-7071] port 'S02_AXI_buser' of module 'System_axi_smc_1' is unconnected for instance 'axi_smc' [C:/Users/chris/FPGA_Projects/A-high-speed-data-acquisition-framework-main/AXI_DMA.srcs/sources_1/bd/System/synth/System.v:1207]
WARNING: [Synth 8-7071] port 'S02_AXI_bvalid' of module 'System_axi_smc_1' is unconnected for instance 'axi_smc' [C:/Users/chris/FPGA_Projects/A-high-speed-data-acquisition-framework-main/AXI_DMA.srcs/sources_1/bd/System/synth/System.v:1207]
WARNING: [Synth 8-7071] port 'S02_AXI_arready' of module 'System_axi_smc_1' is unconnected for instance 'axi_smc' [C:/Users/chris/FPGA_Projects/A-high-speed-data-acquisition-framework-main/AXI_DMA.srcs/sources_1/bd/System/synth/System.v:1207]
WARNING: [Synth 8-7071] port 'S02_AXI_rid' of module 'System_axi_smc_1' is unconnected for instance 'axi_smc' [C:/Users/chris/FPGA_Projects/A-high-speed-data-acquisition-framework-main/AXI_DMA.srcs/sources_1/bd/System/synth/System.v:1207]
WARNING: [Synth 8-7071] port 'S02_AXI_rdata' of module 'System_axi_smc_1' is unconnected for instance 'axi_smc' [C:/Users/chris/FPGA_Projects/A-high-speed-data-acquisition-framework-main/AXI_DMA.srcs/sources_1/bd/System/synth/System.v:1207]
WARNING: [Synth 8-7071] port 'S02_AXI_rresp' of module 'System_axi_smc_1' is unconnected for instance 'axi_smc' [C:/Users/chris/FPGA_Projects/A-high-speed-data-acquisition-framework-main/AXI_DMA.srcs/sources_1/bd/System/synth/System.v:1207]
WARNING: [Synth 8-7071] port 'S02_AXI_rlast' of module 'System_axi_smc_1' is unconnected for instance 'axi_smc' [C:/Users/chris/FPGA_Projects/A-high-speed-data-acquisition-framework-main/AXI_DMA.srcs/sources_1/bd/System/synth/System.v:1207]
WARNING: [Synth 8-7071] port 'S02_AXI_ruser' of module 'System_axi_smc_1' is unconnected for instance 'axi_smc' [C:/Users/chris/FPGA_Projects/A-high-speed-data-acquisition-framework-main/AXI_DMA.srcs/sources_1/bd/System/synth/System.v:1207]
WARNING: [Synth 8-7071] port 'S02_AXI_rvalid' of module 'System_axi_smc_1' is unconnected for instance 'axi_smc' [C:/Users/chris/FPGA_Projects/A-high-speed-data-acquisition-framework-main/AXI_DMA.srcs/sources_1/bd/System/synth/System.v:1207]
WARNING: [Synth 8-7023] instance 'axi_smc' of module 'System_axi_smc_1' has 131 connections declared, but only 118 given [C:/Users/chris/FPGA_Projects/A-high-speed-data-acquisition-framework-main/AXI_DMA.srcs/sources_1/bd/System/synth/System.v:1207]
	Parameter WORDS_PER_BLOCK bound to: 2080 - type: integer 
	Parameter COUNT_WIDTH bound to: 12 - type: integer 
WARNING: [Synth 8-4446] all outputs are unconnected for this instance and logic may be removed [C:/Users/chris/FPGA_Projects/A-high-speed-data-acquisition-framework-main/AXI_DMA.srcs/sources_1/bd/System/synth/System.v:1339]
	Parameter CONST_VAL bound to: 4'b1111 
	Parameter CONST_WIDTH bound to: 4 - type: integer 
WARNING: [Synth 8-7071] port 'dout' of module 'System_xlconstant_1_0' is unconnected for instance 'xlconstant_1' [C:/Users/chris/FPGA_Projects/A-high-speed-data-acquisition-framework-main/AXI_DMA.srcs/sources_1/bd/System/synth/System.v:1339]
WARNING: [Synth 8-7023] instance 'xlconstant_1' of module 'System_xlconstant_1_0' has 1 connections declared, but only 0 given [C:/Users/chris/FPGA_Projects/A-high-speed-data-acquisition-framework-main/AXI_DMA.srcs/sources_1/bd/System/synth/System.v:1339]
INFO: [Synth 8-638] synthesizing module 'System_adc_fifo_0_12' [c:/Users/chris/FPGA_Projects/A-high-speed-data-acquisition-framework-main/AXI_DMA.srcs/sources_1/bd/System/ip/System_adc_fifo_0_12/synth/System_adc_fifo_0_12.vhd:78]
	Parameter C_COMMON_CLOCK bound to: 0 - type: integer 
	Parameter C_SELECT_XPM bound to: 0 - type: integer 
	Parameter C_COUNT_TYPE bound to: 0 - type: integer 
	Parameter C_DATA_COUNT_WIDTH bound to: 14 - type: integer 
	Parameter C_DEFAULT_VALUE bound to: BlankString - type: string 
	Parameter C_DIN_WIDTH bound to: 32 - type: integer 
	Parameter C_DOUT_RST_VAL bound to: 0 - type: string 
	Parameter C_DOUT_WIDTH bound to: 32 - type: integer 
	Parameter C_ENABLE_RLOCS bound to: 0 - type: integer 
	Parameter C_FAMILY bound to: zynq - type: string 
	Parameter C_FULL_FLAGS_RST_VAL bound to: 1 - type: integer 
	Parameter C_HAS_ALMOST_EMPTY bound to: 0 - type: integer 
	Parameter C_HAS_ALMOST_FULL bound to: 0 - type: integer 
	Parameter C_HAS_BACKUP bound to: 0 - type: integer 
	Parameter C_HAS_DATA_COUNT bound to: 0 - type: integer 
	Parameter C_HAS_INT_CLK bound to: 0 - type: integer 
	Parameter C_HAS_MEMINIT_FILE bound to: 0 - type: integer 
	Parameter C_HAS_OVERFLOW bound to: 1 - type: integer 
	Parameter C_HAS_RD_DATA_COUNT bound to: 1 - type: integer 
	Parameter C_HAS_RD_RST bound to: 0 - type: integer 
	Parameter C_HAS_RST bound to: 1 - type: integer 
	Parameter C_HAS_SRST bound to: 0 - type: integer 
	Parameter C_HAS_UNDERFLOW bound to: 0 - type: integer 
	Parameter C_HAS_VALID bound to: 0 - type: integer 
	Parameter C_HAS_WR_ACK bound to: 0 - type: integer 
	Parameter C_HAS_WR_DATA_COUNT bound to: 1 - type: integer 
	Parameter C_HAS_WR_RST bound to: 0 - type: integer 
	Parameter C_IMPLEMENTATION_TYPE bound to: 2 - type: integer 
	Parameter C_INIT_WR_PNTR_VAL bound to: 0 - type: integer 
	Parameter C_MEMORY_TYPE bound to: 1 - type: integer 
	Parameter C_MIF_FILE_NAME bound to: BlankString - type: string 
	Parameter C_OPTIMIZATION_MODE bound to: 0 - type: integer 
	Parameter C_OVERFLOW_LOW bound to: 0 - type: integer 
	Parameter C_PRELOAD_LATENCY bound to: 0 - type: integer 
	Parameter C_PRELOAD_REGS bound to: 1 - type: integer 
	Parameter C_PRIM_FIFO_TYPE bound to: 8kx4 - type: string 
	Parameter C_PROG_EMPTY_THRESH_ASSERT_VAL bound to: 4 - type: integer 
	Parameter C_PROG_EMPTY_THRESH_NEGATE_VAL bound to: 5 - type: integer 
	Parameter C_PROG_EMPTY_TYPE bound to: 0 - type: integer 
	Parameter C_PROG_FULL_THRESH_ASSERT_VAL bound to: 16383 - type: integer 
	Parameter C_PROG_FULL_THRESH_NEGATE_VAL bound to: 16382 - type: integer 
	Parameter C_PROG_FULL_TYPE bound to: 0 - type: integer 
	Parameter C_RD_DATA_COUNT_WIDTH bound to: 14 - type: integer 
	Parameter C_RD_DEPTH bound to: 16384 - type: integer 
	Parameter C_RD_FREQ bound to: 1 - type: integer 
	Parameter C_RD_PNTR_WIDTH bound to: 14 - type: integer 
	Parameter C_UNDERFLOW_LOW bound to: 0 - type: integer 
	Parameter C_USE_DOUT_RST bound to: 1 - type: integer 
	Parameter C_USE_ECC bound to: 0 - type: integer 
	Parameter C_USE_EMBEDDED_REG bound to: 0 - type: integer 
	Parameter C_USE_PIPELINE_REG bound to: 0 - type: integer 
	Parameter C_POWER_SAVING_MODE bound to: 0 - type: integer 
	Parameter C_USE_FIFO16_FLAGS bound to: 0 - type: integer 
	Parameter C_USE_FWFT_DATA_COUNT bound to: 0 - type: integer 
	Parameter C_VALID_LOW bound to: 0 - type: integer 
	Parameter C_WR_ACK_LOW bound to: 0 - type: integer 
	Parameter C_WR_DATA_COUNT_WIDTH bound to: 14 - type: integer 
	Parameter C_WR_DEPTH bound to: 16384 - type: integer 
	Parameter C_WR_FREQ bound to: 1 - type: integer 
	Parameter C_WR_PNTR_WIDTH bound to: 14 - type: integer 
	Parameter C_WR_RESPONSE_LATENCY bound to: 1 - type: integer 
	Parameter C_MSGON_VAL bound to: 1 - type: integer 
	Parameter C_ENABLE_RST_SYNC bound to: 1 - type: integer 
	Parameter C_EN_SAFETY_CKT bound to: 1 - type: integer 
	Parameter C_ERROR_INJECTION_TYPE bound to: 0 - type: integer 
	Parameter C_SYNCHRONIZER_STAGE bound to: 2 - type: integer 
	Parameter C_INTERFACE_TYPE bound to: 0 - type: integer 
	Parameter C_AXI_TYPE bound to: 1 - type: integer 
	Parameter C_HAS_AXI_WR_CHANNEL bound to: 1 - type: integer 
	Parameter C_HAS_AXI_RD_CHANNEL bound to: 1 - type: integer 
	Parameter C_HAS_SLAVE_CE bound to: 0 - type: integer 
	Parameter C_HAS_MASTER_CE bound to: 0 - type: integer 
	Parameter C_ADD_NGC_CONSTRAINT bound to: 0 - type: integer 
	Parameter C_USE_COMMON_OVERFLOW bound to: 0 - type: integer 
	Parameter C_USE_COMMON_UNDERFLOW bound to: 0 - type: integer 
	Parameter C_USE_DEFAULT_SETTINGS bound to: 0 - type: integer 
	Parameter C_AXI_ID_WIDTH bound to: 1 - type: integer 
	Parameter C_AXI_ADDR_WIDTH bound to: 32 - type: integer 
	Parameter C_AXI_DATA_WIDTH bound to: 64 - type: integer 
	Parameter C_AXI_LEN_WIDTH bound to: 8 - type: integer 
	Parameter C_AXI_LOCK_WIDTH bound to: 1 - type: integer 
	Parameter C_HAS_AXI_ID bound to: 0 - type: integer 
	Parameter C_HAS_AXI_AWUSER bound to: 0 - type: integer 
	Parameter C_HAS_AXI_WUSER bound to: 0 - type: integer 
	Parameter C_HAS_AXI_BUSER bound to: 0 - type: integer 
	Parameter C_HAS_AXI_ARUSER bound to: 0 - type: integer 
	Parameter C_HAS_AXI_RUSER bound to: 0 - type: integer 
	Parameter C_AXI_ARUSER_WIDTH bound to: 1 - type: integer 
	Parameter C_AXI_AWUSER_WIDTH bound to: 1 - type: integer 
	Parameter C_AXI_WUSER_WIDTH bound to: 1 - type: integer 
	Parameter C_AXI_BUSER_WIDTH bound to: 1 - type: integer 
	Parameter C_AXI_RUSER_WIDTH bound to: 1 - type: integer 
	Parameter C_HAS_AXIS_TDATA bound to: 1 - type: integer 
	Parameter C_HAS_AXIS_TID bound to: 0 - type: integer 
	Parameter C_HAS_AXIS_TDEST bound to: 0 - type: integer 
	Parameter C_HAS_AXIS_TUSER bound to: 1 - type: integer 
	Parameter C_HAS_AXIS_TREADY bound to: 1 - type: integer 
	Parameter C_HAS_AXIS_TLAST bound to: 0 - type: integer 
	Parameter C_HAS_AXIS_TSTRB bound to: 0 - type: integer 
	Parameter C_HAS_AXIS_TKEEP bound to: 0 - type: integer 
	Parameter C_AXIS_TDATA_WIDTH bound to: 8 - type: integer 
	Parameter C_AXIS_TID_WIDTH bound to: 1 - type: integer 
	Parameter C_AXIS_TDEST_WIDTH bound to: 1 - type: integer 
	Parameter C_AXIS_TUSER_WIDTH bound to: 4 - type: integer 
	Parameter C_AXIS_TSTRB_WIDTH bound to: 1 - type: integer 
	Parameter C_AXIS_TKEEP_WIDTH bound to: 1 - type: integer 
	Parameter C_WACH_TYPE bound to: 0 - type: integer 
	Parameter C_WDCH_TYPE bound to: 0 - type: integer 
	Parameter C_WRCH_TYPE bound to: 0 - type: integer 
	Parameter C_RACH_TYPE bound to: 0 - type: integer 
	Parameter C_RDCH_TYPE bound to: 0 - type: integer 
	Parameter C_AXIS_TYPE bound to: 0 - type: integer 
	Parameter C_IMPLEMENTATION_TYPE_WACH bound to: 1 - type: integer 
	Parameter C_IMPLEMENTATION_TYPE_WDCH bound to: 1 - type: integer 
	Parameter C_IMPLEMENTATION_TYPE_WRCH bound to: 1 - type: integer 
	Parameter C_IMPLEMENTATION_TYPE_RACH bound to: 1 - type: integer 
	Parameter C_IMPLEMENTATION_TYPE_RDCH bound to: 1 - type: integer 
	Parameter C_IMPLEMENTATION_TYPE_AXIS bound to: 1 - type: integer 
	Parameter C_APPLICATION_TYPE_WACH bound to: 0 - type: integer 
	Parameter C_APPLICATION_TYPE_WDCH bound to: 0 - type: integer 
	Parameter C_APPLICATION_TYPE_WRCH bound to: 0 - type: integer 
	Parameter C_APPLICATION_TYPE_RACH bound to: 0 - type: integer 
	Parameter C_APPLICATION_TYPE_RDCH bound to: 0 - type: integer 
	Parameter C_APPLICATION_TYPE_AXIS bound to: 0 - type: integer 
	Parameter C_PRIM_FIFO_TYPE_WACH bound to: 512x36 - type: string 
	Parameter C_PRIM_FIFO_TYPE_WDCH bound to: 1kx36 - type: string 
	Parameter C_PRIM_FIFO_TYPE_WRCH bound to: 512x36 - type: string 
	Parameter C_PRIM_FIFO_TYPE_RACH bound to: 512x36 - type: string 
	Parameter C_PRIM_FIFO_TYPE_RDCH bound to: 1kx36 - type: string 
	Parameter C_PRIM_FIFO_TYPE_AXIS bound to: 1kx18 - type: string 
	Parameter C_USE_ECC_WACH bound to: 0 - type: integer 
	Parameter C_USE_ECC_WDCH bound to: 0 - type: integer 
	Parameter C_USE_ECC_WRCH bound to: 0 - type: integer 
	Parameter C_USE_ECC_RACH bound to: 0 - type: integer 
	Parameter C_USE_ECC_RDCH bound to: 0 - type: integer 
	Parameter C_USE_ECC_AXIS bound to: 0 - type: integer 
	Parameter C_ERROR_INJECTION_TYPE_WACH bound to: 0 - type: integer 
	Parameter C_ERROR_INJECTION_TYPE_WDCH bound to: 0 - type: integer 
	Parameter C_ERROR_INJECTION_TYPE_WRCH bound to: 0 - type: integer 
	Parameter C_ERROR_INJECTION_TYPE_RACH bound to: 0 - type: integer 
	Parameter C_ERROR_INJECTION_TYPE_RDCH bound to: 0 - type: integer 
	Parameter C_ERROR_INJECTION_TYPE_AXIS bound to: 0 - type: integer 
	Parameter C_DIN_WIDTH_WACH bound to: 1 - type: integer 
	Parameter C_DIN_WIDTH_WDCH bound to: 64 - type: integer 
	Parameter C_DIN_WIDTH_WRCH bound to: 2 - type: integer 
	Parameter C_DIN_WIDTH_RACH bound to: 32 - type: integer 
	Parameter C_DIN_WIDTH_RDCH bound to: 64 - type: integer 
	Parameter C_DIN_WIDTH_AXIS bound to: 1 - type: integer 
	Parameter C_WR_DEPTH_WACH bound to: 16 - type: integer 
	Parameter C_WR_DEPTH_WDCH bound to: 1024 - type: integer 
	Parameter C_WR_DEPTH_WRCH bound to: 16 - type: integer 
	Parameter C_WR_DEPTH_RACH bound to: 16 - type: integer 
	Parameter C_WR_DEPTH_RDCH bound to: 1024 - type: integer 
	Parameter C_WR_DEPTH_AXIS bound to: 1024 - type: integer 
	Parameter C_WR_PNTR_WIDTH_WACH bound to: 4 - type: integer 
	Parameter C_WR_PNTR_WIDTH_WDCH bound to: 10 - type: integer 
	Parameter C_WR_PNTR_WIDTH_WRCH bound to: 4 - type: integer 
	Parameter C_WR_PNTR_WIDTH_RACH bound to: 4 - type: integer 
	Parameter C_WR_PNTR_WIDTH_RDCH bound to: 10 - type: integer 
	Parameter C_WR_PNTR_WIDTH_AXIS bound to: 10 - type: integer 
	Parameter C_HAS_DATA_COUNTS_WACH bound to: 0 - type: integer 
	Parameter C_HAS_DATA_COUNTS_WDCH bound to: 0 - type: integer 
	Parameter C_HAS_DATA_COUNTS_WRCH bound to: 0 - type: integer 
	Parameter C_HAS_DATA_COUNTS_RACH bound to: 0 - type: integer 
	Parameter C_HAS_DATA_COUNTS_RDCH bound to: 0 - type: integer 
	Parameter C_HAS_DATA_COUNTS_AXIS bound to: 0 - type: integer 
	Parameter C_HAS_PROG_FLAGS_WACH bound to: 0 - type: integer 
	Parameter C_HAS_PROG_FLAGS_WDCH bound to: 0 - type: integer 
	Parameter C_HAS_PROG_FLAGS_WRCH bound to: 0 - type: integer 
	Parameter C_HAS_PROG_FLAGS_RACH bound to: 0 - type: integer 
	Parameter C_HAS_PROG_FLAGS_RDCH bound to: 0 - type: integer 
	Parameter C_HAS_PROG_FLAGS_AXIS bound to: 0 - type: integer 
	Parameter C_PROG_FULL_TYPE_WACH bound to: 0 - type: integer 
	Parameter C_PROG_FULL_TYPE_WDCH bound to: 0 - type: integer 
	Parameter C_PROG_FULL_TYPE_WRCH bound to: 0 - type: integer 
	Parameter C_PROG_FULL_TYPE_RACH bound to: 0 - type: integer 
	Parameter C_PROG_FULL_TYPE_RDCH bound to: 0 - type: integer 
	Parameter C_PROG_FULL_TYPE_AXIS bound to: 0 - type: integer 
	Parameter C_PROG_FULL_THRESH_ASSERT_VAL_WACH bound to: 1023 - type: integer 
	Parameter C_PROG_FULL_THRESH_ASSERT_VAL_WDCH bound to: 1023 - type: integer 
	Parameter C_PROG_FULL_THRESH_ASSERT_VAL_WRCH bound to: 1023 - type: integer 
	Parameter C_PROG_FULL_THRESH_ASSERT_VAL_RACH bound to: 1023 - type: integer 
	Parameter C_PROG_FULL_THRESH_ASSERT_VAL_RDCH bound to: 1023 - type: integer 
	Parameter C_PROG_FULL_THRESH_ASSERT_VAL_AXIS bound to: 1023 - type: integer 
	Parameter C_PROG_EMPTY_TYPE_WACH bound to: 0 - type: integer 
	Parameter C_PROG_EMPTY_TYPE_WDCH bound to: 0 - type: integer 
	Parameter C_PROG_EMPTY_TYPE_WRCH bound to: 0 - type: integer 
	Parameter C_PROG_EMPTY_TYPE_RACH bound to: 0 - type: integer 
	Parameter C_PROG_EMPTY_TYPE_RDCH bound to: 0 - type: integer 
	Parameter C_PROG_EMPTY_TYPE_AXIS bound to: 0 - type: integer 
	Parameter C_PROG_EMPTY_THRESH_ASSERT_VAL_WACH bound to: 1022 - type: integer 
	Parameter C_PROG_EMPTY_THRESH_ASSERT_VAL_WDCH bound to: 1022 - type: integer 
	Parameter C_PROG_EMPTY_THRESH_ASSERT_VAL_WRCH bound to: 1022 - type: integer 
	Parameter C_PROG_EMPTY_THRESH_ASSERT_VAL_RACH bound to: 1022 - type: integer 
	Parameter C_PROG_EMPTY_THRESH_ASSERT_VAL_RDCH bound to: 1022 - type: integer 
	Parameter C_PROG_EMPTY_THRESH_ASSERT_VAL_AXIS bound to: 1022 - type: integer 
	Parameter C_REG_SLICE_MODE_WACH bound to: 0 - type: integer 
	Parameter C_REG_SLICE_MODE_WDCH bound to: 0 - type: integer 
	Parameter C_REG_SLICE_MODE_WRCH bound to: 0 - type: integer 
	Parameter C_REG_SLICE_MODE_RACH bound to: 0 - type: integer 
	Parameter C_REG_SLICE_MODE_RDCH bound to: 0 - type: integer 
	Parameter C_REG_SLICE_MODE_AXIS bound to: 0 - type: integer 
INFO: [Synth 8-3491] module 'fifo_generator_v13_2_5' declared at 'c:/Users/chris/FPGA_Projects/A-high-speed-data-acquisition-framework-main/AXI_DMA.srcs/sources_1/bd/System/ipshared/276e/hdl/fifo_generator_v13_2_vhsyn_rfs.vhd:38604' bound to instance 'U0' of component 'fifo_generator_v13_2_5' [c:/Users/chris/FPGA_Projects/A-high-speed-data-acquisition-framework-main/AXI_DMA.srcs/sources_1/bd/System/ip/System_adc_fifo_0_12/synth/System_adc_fifo_0_12.vhd:548]
INFO: [Synth 8-256] done synthesizing module 'System_adc_fifo_0_12' (271#1) [c:/Users/chris/FPGA_Projects/A-high-speed-data-acquisition-framework-main/AXI_DMA.srcs/sources_1/bd/System/ip/System_adc_fifo_0_12/synth/System_adc_fifo_0_12.vhd:78]
WARNING: [Synth 8-7071] port 'overflow' of module 'System_adc_fifo_0_12' is unconnected for instance 'adc_fifo_0' [C:/Users/chris/FPGA_Projects/A-high-speed-data-acquisition-framework-main/AXI_DMA.srcs/sources_1/bd/System/synth/System.v:2042]
WARNING: [Synth 8-7071] port 'wr_rst_busy' of module 'System_adc_fifo_0_12' is unconnected for instance 'adc_fifo_0' [C:/Users/chris/FPGA_Projects/A-high-speed-data-acquisition-framework-main/AXI_DMA.srcs/sources_1/bd/System/synth/System.v:2042]
WARNING: [Synth 8-7071] port 'rd_rst_busy' of module 'System_adc_fifo_0_12' is unconnected for instance 'adc_fifo_0' [C:/Users/chris/FPGA_Projects/A-high-speed-data-acquisition-framework-main/AXI_DMA.srcs/sources_1/bd/System/synth/System.v:2042]
WARNING: [Synth 8-7023] instance 'adc_fifo_0' of module 'System_adc_fifo_0_12' has 14 connections declared, but only 11 given [C:/Users/chris/FPGA_Projects/A-high-speed-data-acquisition-framework-main/AXI_DMA.srcs/sources_1/bd/System/synth/System.v:2042]
	Parameter C_OPERATION bound to: not - type: string 
	Parameter C_SIZE bound to: 1 - type: integer 
	Parameter C_OPERATION bound to: and - type: string 
	Parameter C_SIZE bound to: 1 - type: integer 
	Parameter C_S_AXI_DATA_WIDTH bound to: 32 - type: integer 
	Parameter C_S_AXI_ADDR_WIDTH bound to: 8 - type: integer 
	Parameter BLOCK_BYTES bound to: 262144 - type: integer 
	Parameter REG_ID bound to: 8'b00000000 
	Parameter REG_VERSION bound to: 8'b00000100 
	Parameter REG_CONTROL bound to: 8'b00001000 
	Parameter REG_STATUS bound to: 8'b00001100 
	Parameter REG_BLOCK_BYTES bound to: 8'b00010000 
	Parameter REG_FIFO_LEVEL bound to: 8'b00010100 
	Parameter REG_OVERFLOW_COUNT bound to: 8'b00011000 
	Parameter REG_SAMPLE_LO bound to: 8'b00011100 
	Parameter REG_SAMPLE_HI bound to: 8'b00100000 
	Parameter REG_TRIGGER_CFG bound to: 8'b00100100 
	Parameter REG_TRIGGER_LO bound to: 8'b00101000 
	Parameter REG_TRIGGER_HI bound to: 8'b00101100 
	Parameter REG_TRIGGER_COUNT bound to: 8'b00110000 
	Parameter REG_BLOCK_COUNT bound to: 8'b00110100 
	Parameter REG_ADC_CONFIG bound to: 8'b00111000 
	Parameter REG_ADC_STATUS bound to: 8'b00111100 
	Parameter REG_OTR_A_COUNT bound to: 8'b01000000 
	Parameter REG_OTR_B_COUNT bound to: 8'b01000100 
	Parameter REG_DCO_ACTIVITY bound to: 8'b01001000 
	Parameter REG_DATA_FORMAT bound to: 8'b01001100 
	Parameter REG_DCO_FREQUENCY bound to: 8'b01010000 
	Parameter REG_STREAM_ID bound to: 8'b01010100 
	Parameter REG_MEASURED_RATE bound to: 8'b01011000 
	Parameter REG_EVENT_COUNT bound to: 8'b01011100 
	Parameter REG_DROPPED_EVENTS bound to: 8'b01100000 
	Parameter REG_LAST_ERROR bound to: 8'b01100100 
	Parameter REG_EVENT_CONTROL bound to: 8'b01101000 
	Parameter REG_SUPPRESSED_EVENTS bound to: 8'b01101100 
	Parameter REG_ACQ_MODE bound to: 8'b01110000 
	Parameter REG_SCOPE_CONTROL bound to: 8'b01110100 
	Parameter REG_SCOPE_CONFIG bound to: 8'b01111000 
	Parameter REG_SCOPE_STATUS bound to: 8'b01111100 
	Parameter REG_SCOPE_FRAMES bound to: 8'b10000000 
	Parameter REG_SPI_ID_GRADE bound to: 8'b10000100 
	Parameter REG_SPI_READBACK_0 bound to: 8'b10001000 
	Parameter REG_SPI_READBACK_1 bound to: 8'b10001100 
	Parameter REG_SPI_ERROR_DETAIL bound to: 8'b10010000 
	Parameter REG_EVENT_DMA_STATUS bound to: 8'b10010100 
	Parameter REG_SCOPE_SUPPRESSED bound to: 8'b10011000 
	Parameter REG_SCOPE_DROPPED bound to: 8'b10011100 
	Parameter DCO_GATE_CYCLES bound to: 10000000 - type: integer 
	Parameter DATA_FORMAT_DUAL_S16_AB bound to: 51380740 - type: integer 
WARNING: [Synth 8-7071] port 'capture_enable' of module 'System_daq_control_0_15' is unconnected for instance 'daq_control_0' [C:/Users/chris/FPGA_Projects/A-high-speed-data-acquisition-framework-main/AXI_DMA.srcs/sources_1/bd/System/synth/System.v:2061]
WARNING: [Synth 8-7071] port 'fifo_reset' of module 'System_daq_control_0_15' is unconnected for instance 'daq_control_0' [C:/Users/chris/FPGA_Projects/A-high-speed-data-acquisition-framework-main/AXI_DMA.srcs/sources_1/bd/System/synth/System.v:2061]
WARNING: [Synth 8-7071] port 'trigger_event' of module 'System_daq_control_0_15' is unconnected for instance 'daq_control_0' [C:/Users/chris/FPGA_Projects/A-high-speed-data-acquisition-framework-main/AXI_DMA.srcs/sources_1/bd/System/synth/System.v:2061]
WARNING: [Synth 8-7071] port 'adc_divide_by_two' of module 'System_daq_control_0_15' is unconnected for instance 'daq_control_0' [C:/Users/chris/FPGA_Projects/A-high-speed-data-acquisition-framework-main/AXI_DMA.srcs/sources_1/bd/System/synth/System.v:2061]
WARNING: [Synth 8-7023] instance 'daq_control_0' of module 'System_daq_control_0_15' has 81 connections declared, but only 77 given [C:/Users/chris/FPGA_Projects/A-high-speed-data-acquisition-framework-main/AXI_DMA.srcs/sources_1/bd/System/synth/System.v:2061]
WARNING: [Synth 8-4446] all outputs are unconnected for this instance and logic may be removed [C:/Users/chris/FPGA_Projects/A-high-speed-data-acquisition-framework-main/AXI_DMA.srcs/sources_1/bd/System/synth/System.v:2139]
	Parameter IN0_WIDTH bound to: 1 - type: integer 
	Parameter IN1_WIDTH bound to: 1 - type: integer 
	Parameter IN2_WIDTH bound to: 1 - type: integer 
	Parameter IN3_WIDTH bound to: 1 - type: integer 
	Parameter IN4_WIDTH bound to: 1 - type: integer 
	Parameter IN5_WIDTH bound to: 1 - type: integer 
	Parameter IN6_WIDTH bound to: 1 - type: integer 
	Parameter IN7_WIDTH bound to: 1 - type: integer 
	Parameter IN8_WIDTH bound to: 1 - type: integer 
	Parameter IN9_WIDTH bound to: 1 - type: integer 
	Parameter IN10_WIDTH bound to: 1 - type: integer 
	Parameter IN11_WIDTH bound to: 1 - type: integer 
	Parameter IN12_WIDTH bound to: 1 - type: integer 
	Parameter IN13_WIDTH bound to: 1 - type: integer 
	Parameter IN14_WIDTH bound to: 1 - type: integer 
	Parameter IN15_WIDTH bound to: 1 - type: integer 
	Parameter IN16_WIDTH bound to: 1 - type: integer 
	Parameter IN17_WIDTH bound to: 1 - type: integer 
	Parameter IN18_WIDTH bound to: 1 - type: integer 
	Parameter IN19_WIDTH bound to: 1 - type: integer 
	Parameter IN20_WIDTH bound to: 1 - type: integer 
	Parameter IN21_WIDTH bound to: 1 - type: integer 
	Parameter IN22_WIDTH bound to: 1 - type: integer 
	Parameter IN23_WIDTH bound to: 1 - type: integer 
	Parameter IN24_WIDTH bound to: 1 - type: integer 
	Parameter IN25_WIDTH bound to: 1 - type: integer 
	Parameter IN26_WIDTH bound to: 1 - type: integer 
	Parameter IN27_WIDTH bound to: 1 - type: integer 
	Parameter IN28_WIDTH bound to: 1 - type: integer 
	Parameter IN29_WIDTH bound to: 1 - type: integer 
	Parameter IN30_WIDTH bound to: 1 - type: integer 
	Parameter IN31_WIDTH bound to: 1 - type: integer 
	Parameter IN32_WIDTH bound to: 1 - type: integer 
	Parameter IN33_WIDTH bound to: 1 - type: integer 
	Parameter IN34_WIDTH bound to: 1 - type: integer 
	Parameter IN35_WIDTH bound to: 1 - type: integer 
	Parameter IN36_WIDTH bound to: 1 - type: integer 
	Parameter IN37_WIDTH bound to: 1 - type: integer 
	Parameter IN38_WIDTH bound to: 1 - type: integer 
	Parameter IN39_WIDTH bound to: 1 - type: integer 
	Parameter IN40_WIDTH bound to: 1 - type: integer 
	Parameter IN41_WIDTH bound to: 1 - type: integer 
	Parameter IN42_WIDTH bound to: 1 - type: integer 
	Parameter IN43_WIDTH bound to: 1 - type: integer 
	Parameter IN44_WIDTH bound to: 1 - type: integer 
	Parameter IN45_WIDTH bound to: 1 - type: integer 
	Parameter IN46_WIDTH bound to: 1 - type: integer 
	Parameter IN47_WIDTH bound to: 1 - type: integer 
	Parameter IN48_WIDTH bound to: 1 - type: integer 
	Parameter IN49_WIDTH bound to: 1 - type: integer 
	Parameter IN50_WIDTH bound to: 1 - type: integer 
	Parameter IN51_WIDTH bound to: 1 - type: integer 
	Parameter IN52_WIDTH bound to: 1 - type: integer 
	Parameter IN53_WIDTH bound to: 1 - type: integer 
	Parameter IN54_WIDTH bound to: 1 - type: integer 
	Parameter IN55_WIDTH bound to: 1 - type: integer 
	Parameter IN56_WIDTH bound to: 1 - type: integer 
	Parameter IN57_WIDTH bound to: 1 - type: integer 
	Parameter IN58_WIDTH bound to: 1 - type: integer 
	Parameter IN59_WIDTH bound to: 1 - type: integer 
	Parameter IN60_WIDTH bound to: 1 - type: integer 
	Parameter IN61_WIDTH bound to: 1 - type: integer 
	Parameter IN62_WIDTH bound to: 1 - type: integer 
	Parameter IN63_WIDTH bound to: 1 - type: integer 
	Parameter IN64_WIDTH bound to: 1 - type: integer 
	Parameter IN65_WIDTH bound to: 1 - type: integer 
	Parameter IN66_WIDTH bound to: 1 - type: integer 
	Parameter IN67_WIDTH bound to: 1 - type: integer 
	Parameter IN68_WIDTH bound to: 1 - type: integer 
	Parameter IN69_WIDTH bound to: 1 - type: integer 
	Parameter IN70_WIDTH bound to: 1 - type: integer 
	Parameter IN71_WIDTH bound to: 1 - type: integer 
	Parameter IN72_WIDTH bound to: 1 - type: integer 
	Parameter IN73_WIDTH bound to: 1 - type: integer 
	Parameter IN74_WIDTH bound to: 1 - type: integer 
	Parameter IN75_WIDTH bound to: 1 - type: integer 
	Parameter IN76_WIDTH bound to: 1 - type: integer 
	Parameter IN77_WIDTH bound to: 1 - type: integer 
	Parameter IN78_WIDTH bound to: 1 - type: integer 
	Parameter IN79_WIDTH bound to: 1 - type: integer 
	Parameter IN80_WIDTH bound to: 1 - type: integer 
	Parameter IN81_WIDTH bound to: 1 - type: integer 
	Parameter IN82_WIDTH bound to: 1 - type: integer 
	Parameter IN83_WIDTH bound to: 1 - type: integer 
	Parameter IN84_WIDTH bound to: 1 - type: integer 
	Parameter IN85_WIDTH bound to: 1 - type: integer 
	Parameter IN86_WIDTH bound to: 1 - type: integer 
	Parameter IN87_WIDTH bound to: 1 - type: integer 
	Parameter IN88_WIDTH bound to: 1 - type: integer 
	Parameter IN89_WIDTH bound to: 1 - type: integer 
	Parameter IN90_WIDTH bound to: 1 - type: integer 
	Parameter IN91_WIDTH bound to: 1 - type: integer 
	Parameter IN92_WIDTH bound to: 1 - type: integer 
	Parameter IN93_WIDTH bound to: 1 - type: integer 
	Parameter IN94_WIDTH bound to: 1 - type: integer 
	Parameter IN95_WIDTH bound to: 1 - type: integer 
	Parameter IN96_WIDTH bound to: 1 - type: integer 
	Parameter IN97_WIDTH bound to: 1 - type: integer 
	Parameter IN98_WIDTH bound to: 1 - type: integer 
	Parameter IN99_WIDTH bound to: 1 - type: integer 
	Parameter IN100_WIDTH bound to: 1 - type: integer 
	Parameter IN101_WIDTH bound to: 1 - type: integer 
	Parameter IN102_WIDTH bound to: 1 - type: integer 
	Parameter IN103_WIDTH bound to: 1 - type: integer 
	Parameter IN104_WIDTH bound to: 1 - type: integer 
	Parameter IN105_WIDTH bound to: 1 - type: integer 
	Parameter IN106_WIDTH bound to: 1 - type: integer 
	Parameter IN107_WIDTH bound to: 1 - type: integer 
	Parameter IN108_WIDTH bound to: 1 - type: integer 
	Parameter IN109_WIDTH bound to: 1 - type: integer 
	Parameter IN110_WIDTH bound to: 1 - type: integer 
	Parameter IN111_WIDTH bound to: 1 - type: integer 
	Parameter IN112_WIDTH bound to: 1 - type: integer 
	Parameter IN113_WIDTH bound to: 1 - type: integer 
	Parameter IN114_WIDTH bound to: 1 - type: integer 
	Parameter IN115_WIDTH bound to: 1 - type: integer 
	Parameter IN116_WIDTH bound to: 1 - type: integer 
	Parameter IN117_WIDTH bound to: 1 - type: integer 
	Parameter IN118_WIDTH bound to: 1 - type: integer 
	Parameter IN119_WIDTH bound to: 1 - type: integer 
	Parameter IN120_WIDTH bound to: 1 - type: integer 
	Parameter IN121_WIDTH bound to: 1 - type: integer 
	Parameter IN122_WIDTH bound to: 1 - type: integer 
	Parameter IN123_WIDTH bound to: 1 - type: integer 
	Parameter IN124_WIDTH bound to: 1 - type: integer 
	Parameter IN125_WIDTH bound to: 1 - type: integer 
	Parameter IN126_WIDTH bound to: 1 - type: integer 
	Parameter IN127_WIDTH bound to: 1 - type: integer 
	Parameter dout_width bound to: 2 - type: integer 
	Parameter NUM_PORTS bound to: 2 - type: integer 
WARNING: [Synth 8-7071] port 'dout' of module 'System_dma_irq_concat_0' is unconnected for instance 'dma_irq_concat' [C:/Users/chris/FPGA_Projects/A-high-speed-data-acquisition-framework-main/AXI_DMA.srcs/sources_1/bd/System/synth/System.v:2139]
WARNING: [Synth 8-7023] instance 'dma_irq_concat' of module 'System_dma_irq_concat_0' has 3 connections declared, but only 2 given [C:/Users/chris/FPGA_Projects/A-high-speed-data-acquisition-framework-main/AXI_DMA.srcs/sources_1/bd/System/synth/System.v:2139]
	Parameter C_OPERATION bound to: or - type: string 
	Parameter C_SIZE bound to: 1 - type: integer 
	Parameter CONST_VAL bound to: 1'b0 
	Parameter CONST_WIDTH bound to: 1 - type: integer 
	Parameter C_FAMILY bound to: zynq - type: string 
	Parameter C_AXIS_TDATA_WIDTH bound to: 32 - type: integer 
	Parameter C_AXIS_TID_WIDTH bound to: 1 - type: integer 
	Parameter C_AXIS_TDEST_WIDTH bound to: 1 - type: integer 
	Parameter C_AXIS_TUSER_WIDTH bound to: 1 - type: integer 
	Parameter C_AXIS_SIGNAL_SET bound to: 27 - type: integer 
	Parameter C_IS_ACLK_ASYNC bound to: 1 - type: integer 
	Parameter C_SYNCHRONIZER_STAGE bound to: 2 - type: integer 
	Parameter C_S_AXIS_ACLK_RATIO bound to: 1 - type: integer 
	Parameter C_M_AXIS_ACLK_RATIO bound to: 2 - type: integer 
	Parameter C_ACLKEN_CONV_MODE bound to: 0 - type: integer 
	Parameter G_INDX_SS_TREADY bound to: 0 - type: integer 
	Parameter G_INDX_SS_TDATA bound to: 1 - type: integer 
	Parameter G_INDX_SS_TSTRB bound to: 2 - type: integer 
	Parameter G_INDX_SS_TKEEP bound to: 3 - type: integer 
	Parameter G_INDX_SS_TLAST bound to: 4 - type: integer 
	Parameter G_INDX_SS_TID bound to: 5 - type: integer 
	Parameter G_INDX_SS_TDEST bound to: 6 - type: integer 
	Parameter G_INDX_SS_TUSER bound to: 7 - type: integer 
	Parameter G_MASK_SS_TREADY bound to: 1 - type: integer 
	Parameter G_MASK_SS_TDATA bound to: 2 - type: integer 
	Parameter G_MASK_SS_TSTRB bound to: 4 - type: integer 
	Parameter G_MASK_SS_TKEEP bound to: 8 - type: integer 
	Parameter G_MASK_SS_TLAST bound to: 16 - type: integer 
	Parameter G_MASK_SS_TID bound to: 32 - type: integer 
	Parameter G_MASK_SS_TDEST bound to: 64 - type: integer 
	Parameter G_MASK_SS_TUSER bound to: 128 - type: integer 
	Parameter G_TASK_SEVERITY_ERR bound to: 2 - type: integer 
	Parameter G_TASK_SEVERITY_WARNING bound to: 1 - type: integer 
	Parameter G_TASK_SEVERITY_INFO bound to: 0 - type: integer 
	Parameter LP_S_ACLKEN_CAN_TOGGLE bound to: 0 - type: integer 
	Parameter LP_M_ACLKEN_CAN_TOGGLE bound to: 0 - type: integer 
	Parameter P_FIFO_DEPTH bound to: 32 - type: integer 
	Parameter P_S_AXIS_ACLK_RATIO bound to: 1 - type: integer 
	Parameter P_M_AXIS_ACLK_RATIO bound to: 2 - type: integer 
	Parameter P_INST_ASYNC_CONV bound to: 1 - type: integer 
	Parameter P_TPAYLOAD_WIDTH bound to: 37 - type: integer 
	Parameter P_SAMPLE_CYCLE_RATIO bound to: 2 - type: integer 
	Parameter C_PAYLOAD_WIDTH bound to: 37 - type: integer 
	Parameter C_SYNCHRONIZER_STAGE bound to: 2 - type: integer 
	Parameter C_FIFO_DEPTH bound to: 32 - type: integer 
	Parameter G_INDX_SS_TREADY bound to: 0 - type: integer 
	Parameter G_INDX_SS_TDATA bound to: 1 - type: integer 
	Parameter G_INDX_SS_TSTRB bound to: 2 - type: integer 
	Parameter G_INDX_SS_TKEEP bound to: 3 - type: integer 
	Parameter G_INDX_SS_TLAST bound to: 4 - type: integer 
	Parameter G_INDX_SS_TID bound to: 5 - type: integer 
	Parameter G_INDX_SS_TDEST bound to: 6 - type: integer 
	Parameter G_INDX_SS_TUSER bound to: 7 - type: integer 
	Parameter G_MASK_SS_TREADY bound to: 1 - type: integer 
	Parameter G_MASK_SS_TDATA bound to: 2 - type: integer 
	Parameter G_MASK_SS_TSTRB bound to: 4 - type: integer 
	Parameter G_MASK_SS_TKEEP bound to: 8 - type: integer 
	Parameter G_MASK_SS_TLAST bound to: 16 - type: integer 
	Parameter G_MASK_SS_TID bound to: 32 - type: integer 
	Parameter G_MASK_SS_TDEST bound to: 64 - type: integer 
	Parameter G_MASK_SS_TUSER bound to: 128 - type: integer 
	Parameter G_TASK_SEVERITY_ERR bound to: 2 - type: integer 
	Parameter G_TASK_SEVERITY_WARNING bound to: 1 - type: integer 
	Parameter G_TASK_SEVERITY_INFO bound to: 0 - type: integer 
	Parameter LP_COUNT_WIDTH bound to: 6 - type: integer 
	Parameter LP_PROG_FULL bound to: 27 - type: integer 
	Parameter DEST_SYNC_FF bound to: 2 - type: integer 
	Parameter INIT bound to: 32'sb00000000000000000000000000000001 
	Parameter INIT_SYNC_FF bound to: 0 - type: integer 
	Parameter SIM_ASSERT_CHK bound to: 0 - type: integer 
	Parameter VERSION bound to: 0 - type: integer 
	Parameter DEF_VAL bound to: 1'b1 
	Parameter FIFO_MEMORY_TYPE bound to: distributed - type: string 
	Parameter ECC_MODE bound to: no_ecc - type: string 
	Parameter RELATED_CLOCKS bound to: 0 - type: integer 
	Parameter SIM_ASSERT_CHK bound to: 0 - type: integer 
	Parameter CASCADE_HEIGHT bound to: 0 - type: integer 
	Parameter FIFO_WRITE_DEPTH bound to: 32 - type: integer 
	Parameter WRITE_DATA_WIDTH bound to: 37 - type: integer 
	Parameter WR_DATA_COUNT_WIDTH bound to: 6 - type: integer 
	Parameter PROG_FULL_THRESH bound to: 27 - type: integer 
	Parameter FULL_RESET_VALUE bound to: 1 - type: integer 
	Parameter USE_ADV_FEATURES bound to: 1000 - type: string 
	Parameter READ_MODE bound to: fwft - type: string 
	Parameter FIFO_READ_LATENCY bound to: 1 - type: integer 
	Parameter READ_DATA_WIDTH bound to: 37 - type: integer 
	Parameter RD_DATA_COUNT_WIDTH bound to: 6 - type: integer 
	Parameter PROG_EMPTY_THRESH bound to: 10 - type: integer 
	Parameter DOUT_RESET_VALUE bound to: 0 - type: string 
	Parameter CDC_SYNC_STAGES bound to: 2 - type: integer 
	Parameter WAKEUP_TIME bound to: 0 - type: integer 
	Parameter EN_ADV_FEATURE_ASYNC bound to: 16'b0001000000000000 
	Parameter P_FIFO_MEMORY_TYPE bound to: 1 - type: integer 
	Parameter P_COMMON_CLOCK bound to: 0 - type: integer 
	Parameter P_ECC_MODE bound to: 0 - type: integer 
	Parameter P_READ_MODE bound to: 1 - type: integer 
	Parameter P_WAKEUP_TIME bound to: 2 - type: integer 
	Parameter COMMON_CLOCK bound to: 0 - type: integer 
	Parameter RELATED_CLOCKS bound to: 0 - type: integer 
	Parameter FIFO_MEMORY_TYPE bound to: 1 - type: integer 
	Parameter ECC_MODE bound to: 0 - type: integer 
	Parameter SIM_ASSERT_CHK bound to: 0 - type: integer 
	Parameter CASCADE_HEIGHT bound to: 0 - type: integer 
	Parameter FIFO_WRITE_DEPTH bound to: 32 - type: integer 
	Parameter WRITE_DATA_WIDTH bound to: 37 - type: integer 
	Parameter WR_DATA_COUNT_WIDTH bound to: 6 - type: integer 
	Parameter PROG_FULL_THRESH bound to: 27 - type: integer 
	Parameter USE_ADV_FEATURES bound to: 1000 - type: string 
	Parameter READ_MODE bound to: 1 - type: integer 
	Parameter FIFO_READ_LATENCY bound to: 1 - type: integer 
	Parameter READ_DATA_WIDTH bound to: 37 - type: integer 
	Parameter RD_DATA_COUNT_WIDTH bound to: 6 - type: integer 
	Parameter PROG_EMPTY_THRESH bound to: 10 - type: integer 
	Parameter DOUT_RESET_VALUE bound to: 0 - type: string 
	Parameter CDC_DEST_SYNC_FF bound to: 2 - type: integer 
	Parameter FULL_RESET_VALUE bound to: 1 - type: integer 
	Parameter REMOVE_WR_RD_PROT_LOGIC bound to: 0 - type: integer 
	Parameter WAKEUP_TIME bound to: 0 - type: integer 
	Parameter VERSION bound to: 0 - type: integer 
	Parameter invalid bound to: 0 - type: integer 
	Parameter stage1_valid bound to: 2 - type: integer 
	Parameter stage2_valid bound to: 1 - type: integer 
	Parameter both_stages_valid bound to: 3 - type: integer 
	Parameter FIFO_MEM_TYPE bound to: 1 - type: integer 
	Parameter RD_MODE bound to: 1 - type: integer 
	Parameter ENABLE_ECC bound to: 0 - type: integer 
	Parameter FIFO_READ_DEPTH bound to: 32 - type: integer 
	Parameter FIFO_SIZE bound to: 1184 - type: integer 
	Parameter WR_WIDTH_LOG bound to: 6 - type: integer 
	Parameter WR_DEPTH_LOG bound to: 5 - type: integer 
	Parameter WR_PNTR_WIDTH bound to: 5 - type: integer 
	Parameter RD_PNTR_WIDTH bound to: 5 - type: integer 
	Parameter FULL_RST_VAL bound to: 1'b1 
	Parameter WR_RD_RATIO bound to: 0 - type: integer 
	Parameter READ_MODE_LL bound to: 1 - type: integer 
	Parameter PF_THRESH_ADJ bound to: 25 - type: integer 
	Parameter PE_THRESH_ADJ bound to: 8 - type: integer 
	Parameter PF_THRESH_MIN bound to: 7 - type: integer 
	Parameter PF_THRESH_MAX bound to: 27 - type: integer 
	Parameter PE_THRESH_MIN bound to: 5 - type: integer 
	Parameter PE_THRESH_MAX bound to: 27 - type: integer 
	Parameter WR_DC_WIDTH_EXT bound to: 6 - type: integer 
	Parameter RD_DC_WIDTH_EXT bound to: 6 - type: integer 
	Parameter RD_LATENCY bound to: 2 - type: integer 
	Parameter WIDTH_RATIO bound to: 1 - type: integer 
	Parameter EN_ADV_FEATURE bound to: 16'b0001000000000000 
	Parameter EN_OF bound to: 1'b0 
	Parameter EN_PF bound to: 1'b0 
	Parameter EN_WDC bound to: 1'b0 
	Parameter EN_AF bound to: 1'b0 
	Parameter EN_WACK bound to: 1'b0 
	Parameter FG_EQ_ASYM_DOUT bound to: 1'b0 
	Parameter EN_UF bound to: 1'b0 
	Parameter EN_PE bound to: 1'b0 
	Parameter EN_RDC bound to: 1'b0 
	Parameter EN_AE bound to: 1'b0 
	Parameter EN_DVLD bound to: 1'b1 
	Parameter MEMORY_TYPE bound to: 1 - type: integer 
	Parameter MEMORY_SIZE bound to: 1184 - type: integer 
	Parameter MEMORY_PRIMITIVE bound to: 1 - type: integer 
	Parameter CLOCKING_MODE bound to: 1 - type: integer 
	Parameter ECC_MODE bound to: 0 - type: integer 
	Parameter MEMORY_INIT_FILE bound to: none - type: string 
	Parameter MEMORY_INIT_PARAM bound to: (null) - type: string 
	Parameter USE_MEM_INIT_MMI bound to: 0 - type: integer 
	Parameter USE_MEM_INIT bound to: 0 - type: integer 
	Parameter MEMORY_OPTIMIZATION bound to: true - type: string 
	Parameter WAKEUP_TIME bound to: 0 - type: integer 
	Parameter AUTO_SLEEP_TIME bound to: 0 - type: integer 
	Parameter MESSAGE_CONTROL bound to: 0 - type: integer 
	Parameter VERSION bound to: 0 - type: integer 
	Parameter USE_EMBEDDED_CONSTRAINT bound to: 1 - type: integer 
	Parameter CASCADE_HEIGHT bound to: 0 - type: integer 
	Parameter SIM_ASSERT_CHK bound to: 0 - type: integer 
	Parameter WRITE_PROTECT bound to: 1 - type: integer 
	Parameter WRITE_DATA_WIDTH_A bound to: 37 - type: integer 
	Parameter READ_DATA_WIDTH_A bound to: 37 - type: integer 
	Parameter BYTE_WRITE_WIDTH_A bound to: 37 - type: integer 
	Parameter ADDR_WIDTH_A bound to: 5 - type: integer 
	Parameter READ_RESET_VALUE_A bound to: 0 - type: string 
	Parameter READ_LATENCY_A bound to: 2 - type: integer 
	Parameter WRITE_MODE_A bound to: 2 - type: integer 
	Parameter RST_MODE_A bound to: SYNC - type: string 
	Parameter WRITE_DATA_WIDTH_B bound to: 37 - type: integer 
	Parameter READ_DATA_WIDTH_B bound to: 37 - type: integer 
	Parameter BYTE_WRITE_WIDTH_B bound to: 37 - type: integer 
	Parameter ADDR_WIDTH_B bound to: 5 - type: integer 
	Parameter READ_RESET_VALUE_B bound to: 0 - type: string 
	Parameter READ_LATENCY_B bound to: 2 - type: integer 
	Parameter WRITE_MODE_B bound to: 1 - type: integer 
	Parameter RST_MODE_B bound to: SYNC - type: string 
	Parameter P_MEMORY_PRIMITIVE bound to: distributed - type: string 
	Parameter P_MIN_WIDTH_DATA_A bound to: 37 - type: integer 
	Parameter P_MIN_WIDTH_DATA_B bound to: 37 - type: integer 
	Parameter P_MIN_WIDTH_DATA bound to: 37 - type: integer 
	Parameter P_MIN_WIDTH_DATA_ECC bound to: 37 - type: integer 
	Parameter P_MAX_DEPTH_DATA bound to: 32 - type: integer 
	Parameter P_ECC_MODE bound to: no_ecc - type: string 
	Parameter P_MEMORY_OPT bound to: yes - type: string 
	Parameter P_WIDTH_COL_WRITE_A bound to: 37 - type: integer 
	Parameter P_WIDTH_COL_WRITE_B bound to: 37 - type: integer 
	Parameter P_NUM_COLS_WRITE_A bound to: 1 - type: integer 
	Parameter P_NUM_COLS_WRITE_B bound to: 1 - type: integer 
	Parameter P_NUM_ROWS_WRITE_A bound to: 1 - type: integer 
	Parameter P_NUM_ROWS_WRITE_B bound to: 1 - type: integer 
	Parameter P_NUM_ROWS_READ_A bound to: 1 - type: integer 
	Parameter P_NUM_ROWS_READ_B bound to: 1 - type: integer 
	Parameter P_WIDTH_ADDR_WRITE_A bound to: 5 - type: integer 
	Parameter P_WIDTH_ADDR_WRITE_B bound to: 5 - type: integer 
	Parameter P_WIDTH_ADDR_READ_A bound to: 5 - type: integer 
	Parameter P_WIDTH_ADDR_READ_B bound to: 5 - type: integer 
	Parameter P_WIDTH_ADDR_LSB_WRITE_A bound to: 0 - type: integer 
	Parameter P_WIDTH_ADDR_LSB_WRITE_B bound to: 0 - type: integer 
	Parameter P_WIDTH_ADDR_LSB_READ_A bound to: 0 - type: integer 
	Parameter P_WIDTH_ADDR_LSB_READ_B bound to: 0 - type: integer 
	Parameter P_ENABLE_BYTE_WRITE_A bound to: 0 - type: integer 
	Parameter P_ENABLE_BYTE_WRITE_B bound to: 0 - type: integer 
	Parameter P_SDP_WRITE_MODE bound to: yes - type: string 
	Parameter rsta_loop_iter bound to: 40 - type: integer 
	Parameter rstb_loop_iter bound to: 40 - type: integer 
	Parameter NUM_CHAR_LOC bound to: 0 - type: integer 
	Parameter MAX_NUM_CHAR bound to: 0 - type: integer 
	Parameter P_MIN_WIDTH_DATA_SHFT bound to: 37 - type: integer 
	Parameter P_MIN_WIDTH_DATA_LDW bound to: 4 - type: integer 
	Parameter DEST_SYNC_FF bound to: 2 - type: integer 
	Parameter INIT_SYNC_FF bound to: 1 - type: integer 
	Parameter REG_OUTPUT bound to: 0 - type: integer 
	Parameter SIM_ASSERT_CHK bound to: 0 - type: integer 
	Parameter SIM_LOSSLESS_GRAY_CHK bound to: 0 - type: integer 
	Parameter VERSION bound to: 0 - type: integer 
	Parameter WIDTH bound to: 5 - type: integer 
	Parameter REG_WIDTH bound to: 5 - type: integer 
	Parameter DEST_SYNC_FF bound to: 4 - type: integer 
	Parameter INIT_SYNC_FF bound to: 1 - type: integer 
	Parameter REG_OUTPUT bound to: 0 - type: integer 
	Parameter SIM_ASSERT_CHK bound to: 0 - type: integer 
	Parameter SIM_LOSSLESS_GRAY_CHK bound to: 0 - type: integer 
	Parameter VERSION bound to: 0 - type: integer 
	Parameter WIDTH bound to: 6 - type: integer 
	Parameter REG_WIDTH bound to: 6 - type: integer 
	Parameter DEST_SYNC_FF bound to: 2 - type: integer 
	Parameter INIT_SYNC_FF bound to: 1 - type: integer 
	Parameter REG_OUTPUT bound to: 0 - type: integer 
	Parameter SIM_ASSERT_CHK bound to: 0 - type: integer 
	Parameter SIM_LOSSLESS_GRAY_CHK bound to: 0 - type: integer 
	Parameter VERSION bound to: 0 - type: integer 
	Parameter WIDTH bound to: 6 - type: integer 
INFO: [Synth 8-226] default block is never used [C:/baidunetdiskdownload/Vivado2020_2/Vivado/2020.2/data/ip/xpm/xpm_fifo/hdl/xpm_fifo.sv:1204]
INFO: [Synth 8-226] default block is never used [C:/baidunetdiskdownload/Vivado2020_2/Vivado/2020.2/data/ip/xpm/xpm_fifo/hdl/xpm_fifo.sv:1271]
INFO: [Synth 8-226] default block is never used [C:/baidunetdiskdownload/Vivado2020_2/Vivado/2020.2/data/ip/xpm/xpm_fifo/hdl/xpm_fifo.sv:1293]
	Parameter COMMON_CLOCK bound to: 0 - type: integer 
	Parameter CDC_DEST_SYNC_FF bound to: 2 - type: integer 
	Parameter SIM_ASSERT_CHK bound to: 0 - type: integer 
	Parameter COUNTER_WIDTH bound to: 6 - type: integer 
	Parameter RESET_VALUE bound to: 0 - type: integer 
	Parameter COUNTER_WIDTH bound to: 5 - type: integer 
	Parameter RESET_VALUE bound to: 1 - type: integer 
	Parameter COUNTER_WIDTH bound to: 5 - type: integer 
	Parameter RESET_VALUE bound to: 2 - type: integer 
	Parameter C_TDATA_WIDTH bound to: 32 - type: integer 
	Parameter C_TID_WIDTH bound to: 1 - type: integer 
	Parameter C_TDEST_WIDTH bound to: 1 - type: integer 
	Parameter C_TUSER_WIDTH bound to: 1 - type: integer 
	Parameter C_TPAYLOAD_WIDTH bound to: 37 - type: integer 
	Parameter C_SIGNAL_SET bound to: 27 - type: integer 
	Parameter G_INDX_SS_TREADY bound to: 0 - type: integer 
	Parameter G_INDX_SS_TDATA bound to: 1 - type: integer 
	Parameter G_INDX_SS_TSTRB bound to: 2 - type: integer 
	Parameter G_INDX_SS_TKEEP bound to: 3 - type: integer 
	Parameter G_INDX_SS_TLAST bound to: 4 - type: integer 
	Parameter G_INDX_SS_TID bound to: 5 - type: integer 
	Parameter G_INDX_SS_TDEST bound to: 6 - type: integer 
	Parameter G_INDX_SS_TUSER bound to: 7 - type: integer 
	Parameter G_MASK_SS_TREADY bound to: 1 - type: integer 
	Parameter G_MASK_SS_TDATA bound to: 2 - type: integer 
	Parameter G_MASK_SS_TSTRB bound to: 4 - type: integer 
	Parameter G_MASK_SS_TKEEP bound to: 8 - type: integer 
	Parameter G_MASK_SS_TLAST bound to: 16 - type: integer 
	Parameter G_MASK_SS_TID bound to: 32 - type: integer 
	Parameter G_MASK_SS_TDEST bound to: 64 - type: integer 
	Parameter G_MASK_SS_TUSER bound to: 128 - type: integer 
	Parameter G_TASK_SEVERITY_ERR bound to: 2 - type: integer 
	Parameter G_TASK_SEVERITY_WARNING bound to: 1 - type: integer 
	Parameter G_TASK_SEVERITY_INFO bound to: 0 - type: integer 
	Parameter P_TDATA_INDX bound to: 0 - type: integer 
	Parameter P_TSTRB_INDX bound to: 32 - type: integer 
	Parameter P_TKEEP_INDX bound to: 32 - type: integer 
	Parameter P_TLAST_INDX bound to: 36 - type: integer 
	Parameter P_TID_INDX bound to: 37 - type: integer 
	Parameter P_TDEST_INDX bound to: 37 - type: integer 
	Parameter P_TUSER_INDX bound to: 37 - type: integer 
	Parameter C_TDATA_WIDTH bound to: 32 - type: integer 
	Parameter C_TID_WIDTH bound to: 1 - type: integer 
	Parameter C_TDEST_WIDTH bound to: 1 - type: integer 
	Parameter C_TUSER_WIDTH bound to: 1 - type: integer 
	Parameter C_TPAYLOAD_WIDTH bound to: 37 - type: integer 
	Parameter C_SIGNAL_SET bound to: 27 - type: integer 
	Parameter G_INDX_SS_TREADY bound to: 0 - type: integer 
	Parameter G_INDX_SS_TDATA bound to: 1 - type: integer 
	Parameter G_INDX_SS_TSTRB bound to: 2 - type: integer 
	Parameter G_INDX_SS_TKEEP bound to: 3 - type: integer 
	Parameter G_INDX_SS_TLAST bound to: 4 - type: integer 
	Parameter G_INDX_SS_TID bound to: 5 - type: integer 
	Parameter G_INDX_SS_TDEST bound to: 6 - type: integer 
	Parameter G_INDX_SS_TUSER bound to: 7 - type: integer 
	Parameter G_MASK_SS_TREADY bound to: 1 - type: integer 
	Parameter G_MASK_SS_TDATA bound to: 2 - type: integer 
	Parameter G_MASK_SS_TSTRB bound to: 4 - type: integer 
	Parameter G_MASK_SS_TKEEP bound to: 8 - type: integer 
	Parameter G_MASK_SS_TLAST bound to: 16 - type: integer 
	Parameter G_MASK_SS_TID bound to: 32 - type: integer 
	Parameter G_MASK_SS_TDEST bound to: 64 - type: integer 
	Parameter G_MASK_SS_TUSER bound to: 128 - type: integer 
	Parameter G_TASK_SEVERITY_ERR bound to: 2 - type: integer 
	Parameter G_TASK_SEVERITY_WARNING bound to: 1 - type: integer 
	Parameter G_TASK_SEVERITY_INFO bound to: 0 - type: integer 
	Parameter P_TDATA_INDX bound to: 0 - type: integer 
	Parameter P_TSTRB_INDX bound to: 32 - type: integer 
	Parameter P_TKEEP_INDX bound to: 32 - type: integer 
	Parameter P_TLAST_INDX bound to: 36 - type: integer 
	Parameter P_TID_INDX bound to: 37 - type: integer 
	Parameter P_TDEST_INDX bound to: 37 - type: integer 
	Parameter P_TUSER_INDX bound to: 37 - type: integer 
INFO: [Synth 8-638] synthesizing module 'System_scope_dma_1_0' [c:/Users/chris/FPGA_Projects/A-high-speed-data-acquisition-framework-main/AXI_DMA.srcs/sources_1/bd/System/ip/System_scope_dma_1_0/synth/System_scope_dma_1_0.vhd:137]
	Parameter C_S_AXI_LITE_ADDR_WIDTH bound to: 10 - type: integer 
	Parameter C_S_AXI_LITE_DATA_WIDTH bound to: 32 - type: integer 
	Parameter C_DLYTMR_RESOLUTION bound to: 125 - type: integer 
	Parameter C_PRMRY_IS_ACLK_ASYNC bound to: 0 - type: integer 
	Parameter C_ENABLE_MULTI_CHANNEL bound to: 0 - type: integer 
	Parameter C_NUM_MM2S_CHANNELS bound to: 1 - type: integer 
	Parameter C_NUM_S2MM_CHANNELS bound to: 1 - type: integer 
	Parameter C_INCLUDE_SG bound to: 1 - type: integer 
	Parameter C_SG_INCLUDE_STSCNTRL_STRM bound to: 0 - type: integer 
	Parameter C_SG_USE_STSAPP_LENGTH bound to: 0 - type: integer 
	Parameter C_SG_LENGTH_WIDTH bound to: 16 - type: integer 
	Parameter C_M_AXI_SG_ADDR_WIDTH bound to: 32 - type: integer 
	Parameter C_M_AXI_SG_DATA_WIDTH bound to: 32 - type: integer 
	Parameter C_M_AXIS_MM2S_CNTRL_TDATA_WIDTH bound to: 32 - type: integer 
	Parameter C_S_AXIS_S2MM_STS_TDATA_WIDTH bound to: 32 - type: integer 
	Parameter C_MICRO_DMA bound to: 0 - type: integer 
	Parameter C_INCLUDE_MM2S bound to: 0 - type: integer 
	Parameter C_INCLUDE_MM2S_SF bound to: 1 - type: integer 
	Parameter C_MM2S_BURST_SIZE bound to: 16 - type: integer 
	Parameter C_M_AXI_MM2S_ADDR_WIDTH bound to: 32 - type: integer 
	Parameter C_M_AXI_MM2S_DATA_WIDTH bound to: 32 - type: integer 
	Parameter C_M_AXIS_MM2S_TDATA_WIDTH bound to: 32 - type: integer 
	Parameter C_INCLUDE_MM2S_DRE bound to: 0 - type: integer 
	Parameter C_INCLUDE_S2MM bound to: 1 - type: integer 
	Parameter C_INCLUDE_S2MM_SF bound to: 1 - type: integer 
	Parameter C_S2MM_BURST_SIZE bound to: 16 - type: integer 
	Parameter C_M_AXI_S2MM_ADDR_WIDTH bound to: 32 - type: integer 
	Parameter C_M_AXI_S2MM_DATA_WIDTH bound to: 32 - type: integer 
	Parameter C_S_AXIS_S2MM_TDATA_WIDTH bound to: 32 - type: integer 
	Parameter C_INCLUDE_S2MM_DRE bound to: 0 - type: integer 
	Parameter C_INCREASE_THROUGHPUT bound to: 0 - type: integer 
	Parameter C_FAMILY bound to: zynq - type: string 
INFO: [Synth 8-3491] module 'axi_dma' declared at 'c:/Users/chris/FPGA_Projects/A-high-speed-data-acquisition-framework-main/AXI_DMA.srcs/sources_1/bd/System/ipshared/89d8/hdl/axi_dma_v7_1_vh_rfs.vhd:21833' bound to instance 'U0' of component 'axi_dma' [c:/Users/chris/FPGA_Projects/A-high-speed-data-acquisition-framework-main/AXI_DMA.srcs/sources_1/bd/System/ip/System_scope_dma_1_0/synth/System_scope_dma_1_0.vhd:389]
INFO: [Synth 8-638] synthesizing module 'axi_dma__parameterized1' [c:/Users/chris/FPGA_Projects/A-high-speed-data-acquisition-framework-main/AXI_DMA.srcs/sources_1/bd/System/ipshared/89d8/hdl/axi_dma_v7_1_vh_rfs.vhd:22178]
	Parameter C_S_AXI_LITE_ADDR_WIDTH bound to: 10 - type: integer 
	Parameter C_S_AXI_LITE_DATA_WIDTH bound to: 32 - type: integer 
	Parameter C_DLYTMR_RESOLUTION bound to: 125 - type: integer 
	Parameter C_PRMRY_IS_ACLK_ASYNC bound to: 0 - type: integer 
	Parameter C_INCLUDE_SG bound to: 1 - type: integer 
	Parameter C_SG_INCLUDE_STSCNTRL_STRM bound to: 0 - type: integer 
	Parameter C_SG_USE_STSAPP_LENGTH bound to: 0 - type: integer 
	Parameter C_SG_LENGTH_WIDTH bound to: 16 - type: integer 
	Parameter C_M_AXI_SG_ADDR_WIDTH bound to: 32 - type: integer 
	Parameter C_M_AXI_SG_DATA_WIDTH bound to: 32 - type: integer 
	Parameter C_M_AXIS_MM2S_CNTRL_TDATA_WIDTH bound to: 32 - type: integer 
	Parameter C_S_AXIS_S2MM_STS_TDATA_WIDTH bound to: 32 - type: integer 
	Parameter C_INCLUDE_MM2S bound to: 0 - type: integer 
	Parameter C_INCLUDE_MM2S_SF bound to: 1 - type: integer 
	Parameter C_INCLUDE_MM2S_DRE bound to: 0 - type: integer 
	Parameter C_MM2S_BURST_SIZE bound to: 16 - type: integer 
	Parameter C_M_AXI_MM2S_ADDR_WIDTH bound to: 32 - type: integer 
	Parameter C_M_AXI_MM2S_DATA_WIDTH bound to: 32 - type: integer 
	Parameter C_M_AXIS_MM2S_TDATA_WIDTH bound to: 32 - type: integer 
	Parameter C_INCLUDE_S2MM bound to: 1 - type: integer 
	Parameter C_INCLUDE_S2MM_SF bound to: 1 - type: integer 
	Parameter C_INCLUDE_S2MM_DRE bound to: 0 - type: integer 
	Parameter C_S2MM_BURST_SIZE bound to: 16 - type: integer 
	Parameter C_M_AXI_S2MM_ADDR_WIDTH bound to: 32 - type: integer 
	Parameter C_M_AXI_S2MM_DATA_WIDTH bound to: 32 - type: integer 
	Parameter C_S_AXIS_S2MM_TDATA_WIDTH bound to: 32 - type: integer 
	Parameter C_ENABLE_MULTI_CHANNEL bound to: 0 - type: integer 
	Parameter C_NUM_S2MM_CHANNELS bound to: 1 - type: integer 
	Parameter C_NUM_MM2S_CHANNELS bound to: 1 - type: integer 
	Parameter C_FAMILY bound to: zynq - type: string 
	Parameter C_MICRO_DMA bound to: 0 - type: integer 
	Parameter C_INCREASE_THROUGHPUT bound to: 0 - type: integer 
	Parameter C_INSTANCE bound to: axi_dma - type: string 
INFO: [Synth 8-638] synthesizing module 'axi_dma_reg_module__parameterized0' [c:/Users/chris/FPGA_Projects/A-high-speed-data-acquisition-framework-main/AXI_DMA.srcs/sources_1/bd/System/ipshared/89d8/hdl/axi_dma_v7_1_vh_rfs.vhd:8436]
	Parameter C_INCLUDE_MM2S bound to: 0 - type: integer 
	Parameter C_INCLUDE_S2MM bound to: 1 - type: integer 
	Parameter C_INCLUDE_SG bound to: 1 - type: integer 
	Parameter C_SG_LENGTH_WIDTH bound to: 16 - type: integer 
	Parameter C_AXI_LITE_IS_ASYNC bound to: 1 - type: integer 
	Parameter C_S_AXI_LITE_ADDR_WIDTH bound to: 10 - type: integer 
	Parameter C_S_AXI_LITE_DATA_WIDTH bound to: 32 - type: integer 
	Parameter C_M_AXI_SG_ADDR_WIDTH bound to: 32 - type: integer 
	Parameter C_M_AXI_MM2S_ADDR_WIDTH bound to: 32 - type: integer 
	Parameter C_M_AXI_S2MM_ADDR_WIDTH bound to: 32 - type: integer 
	Parameter C_NUM_S2MM_CHANNELS bound to: 1 - type: integer 
	Parameter C_MICRO_DMA bound to: 0 - type: integer 
	Parameter C_ENABLE_MULTI_CHANNEL bound to: 0 - type: integer 
INFO: [Synth 8-638] synthesizing module 'axi_dma_register_s2mm__parameterized0' [c:/Users/chris/FPGA_Projects/A-high-speed-data-acquisition-framework-main/AXI_DMA.srcs/sources_1/bd/System/ipshared/89d8/hdl/axi_dma_v7_1_vh_rfs.vhd:4853]
	Parameter C_NUM_REGISTERS bound to: 12 - type: integer 
	Parameter C_INCLUDE_SG bound to: 1 - type: integer 
	Parameter C_SG_LENGTH_WIDTH bound to: 16 - type: integer 
	Parameter C_S_AXI_LITE_DATA_WIDTH bound to: 32 - type: integer 
	Parameter C_M_AXI_SG_ADDR_WIDTH bound to: 32 - type: integer 
	Parameter C_NUM_S2MM_CHANNELS bound to: 1 - type: integer 
	Parameter C_MICRO_DMA bound to: 0 - type: integer 
	Parameter C_ENABLE_MULTI_CHANNEL bound to: 0 - type: integer 
INFO: [Synth 8-256] done synthesizing module 'axi_dma_register_s2mm__parameterized0' (286#1) [c:/Users/chris/FPGA_Projects/A-high-speed-data-acquisition-framework-main/AXI_DMA.srcs/sources_1/bd/System/ipshared/89d8/hdl/axi_dma_v7_1_vh_rfs.vhd:4853]
INFO: [Synth 8-256] done synthesizing module 'axi_dma_reg_module__parameterized0' (286#1) [c:/Users/chris/FPGA_Projects/A-high-speed-data-acquisition-framework-main/AXI_DMA.srcs/sources_1/bd/System/ipshared/89d8/hdl/axi_dma_v7_1_vh_rfs.vhd:8436]
INFO: [Synth 8-638] synthesizing module 'axi_dma_s2mm_mngr__parameterized0' [c:/Users/chris/FPGA_Projects/A-high-speed-data-acquisition-framework-main/AXI_DMA.srcs/sources_1/bd/System/ipshared/89d8/hdl/axi_dma_v7_1_vh_rfs.vhd:20564]
	Parameter C_PRMRY_IS_ACLK_ASYNC bound to: 0 - type: integer 
	Parameter C_PRMY_CMDFIFO_DEPTH bound to: 4 - type: integer 
	Parameter C_DM_STATUS_WIDTH bound to: 35 - type: integer 
	Parameter C_INCLUDE_SG bound to: 1 - type: integer 
	Parameter C_EXTRA bound to: 1 - type: integer 
	Parameter C_SG_INCLUDE_STSCNTRL_STRM bound to: 0 - type: integer 
	Parameter C_SG_INCLUDE_DESC_QUEUE bound to: 1 - type: integer 
	Parameter C_SG_USE_STSAPP_LENGTH bound to: 0 - type: integer 
	Parameter C_SG_LENGTH_WIDTH bound to: 16 - type: integer 
	Parameter C_M_AXI_SG_ADDR_WIDTH bound to: 32 - type: integer 
	Parameter C_M_AXIS_SG_TDATA_WIDTH bound to: 32 - type: integer 
	Parameter C_S_AXIS_UPDPTR_TDATA_WIDTH bound to: 32 - type: integer 
	Parameter C_S_AXIS_UPDSTS_TDATA_WIDTH bound to: 33 - type: integer 
	Parameter C_S_AXIS_S2MM_STS_TDATA_WIDTH bound to: 32 - type: integer 
	Parameter C_INCLUDE_S2MM bound to: 1 - type: integer 
	Parameter C_M_AXI_S2MM_ADDR_WIDTH bound to: 32 - type: integer 
	Parameter C_NUM_S2MM_CHANNELS bound to: 1 - type: integer 
	Parameter C_ENABLE_MULTI_CHANNEL bound to: 0 - type: integer 
	Parameter C_MICRO_DMA bound to: 0 - type: integer 
	Parameter C_FAMILY bound to: zynq - type: string 
INFO: [Synth 8-638] synthesizing module 'axi_dma_s2mm_sm__parameterized0' [c:/Users/chris/FPGA_Projects/A-high-speed-data-acquisition-framework-main/AXI_DMA.srcs/sources_1/bd/System/ipshared/89d8/hdl/axi_dma_v7_1_vh_rfs.vhd:17780]
	Parameter C_M_AXI_S2MM_ADDR_WIDTH bound to: 32 - type: integer 
	Parameter C_SG_INCLUDE_STSCNTRL_STRM bound to: 0 - type: integer 
	Parameter C_SG_USE_STSAPP_LENGTH bound to: 0 - type: integer 
	Parameter C_SG_LENGTH_WIDTH bound to: 16 - type: integer 
	Parameter C_SG_INCLUDE_DESC_QUEUE bound to: 1 - type: integer 
	Parameter C_ENABLE_MULTI_CHANNEL bound to: 0 - type: integer 
	Parameter C_MICRO_DMA bound to: 0 - type: integer 
	Parameter C_EXTRA bound to: 1 - type: integer 
	Parameter C_PRMY_CMDFIFO_DEPTH bound to: 4 - type: integer 
INFO: [Synth 8-256] done synthesizing module 'axi_dma_s2mm_sm__parameterized0' (286#1) [c:/Users/chris/FPGA_Projects/A-high-speed-data-acquisition-framework-main/AXI_DMA.srcs/sources_1/bd/System/ipshared/89d8/hdl/axi_dma_v7_1_vh_rfs.vhd:17780]
INFO: [Synth 8-638] synthesizing module 'axi_dma_s2mm_sg_if__parameterized0' [c:/Users/chris/FPGA_Projects/A-high-speed-data-acquisition-framework-main/AXI_DMA.srcs/sources_1/bd/System/ipshared/89d8/hdl/axi_dma_v7_1_vh_rfs.vhd:16138]
	Parameter C_PRMRY_IS_ACLK_ASYNC bound to: 0 - type: integer 
	Parameter C_SG_INCLUDE_STSCNTRL_STRM bound to: 0 - type: integer 
	Parameter C_SG_INCLUDE_DESC_QUEUE bound to: 1 - type: integer 
	Parameter C_SG_USE_STSAPP_LENGTH bound to: 0 - type: integer 
	Parameter C_SG_LENGTH_WIDTH bound to: 16 - type: integer 
	Parameter C_M_AXIS_SG_TDATA_WIDTH bound to: 32 - type: integer 
	Parameter C_S_AXIS_UPDPTR_TDATA_WIDTH bound to: 32 - type: integer 
	Parameter C_S_AXIS_UPDSTS_TDATA_WIDTH bound to: 33 - type: integer 
	Parameter C_M_AXI_SG_ADDR_WIDTH bound to: 32 - type: integer 
	Parameter C_M_AXI_S2MM_ADDR_WIDTH bound to: 32 - type: integer 
	Parameter C_S_AXIS_S2MM_STS_TDATA_WIDTH bound to: 32 - type: integer 
	Parameter C_NUM_S2MM_CHANNELS bound to: 1 - type: integer 
	Parameter C_ENABLE_MULTI_CHANNEL bound to: 0 - type: integer 
	Parameter C_MICRO_DMA bound to: 0 - type: integer 
	Parameter C_EXTRA bound to: 1 - type: integer 
	Parameter C_FAMILY bound to: zynq - type: string 
INFO: [Synth 8-256] done synthesizing module 'axi_dma_s2mm_sg_if__parameterized0' (286#1) [c:/Users/chris/FPGA_Projects/A-high-speed-data-acquisition-framework-main/AXI_DMA.srcs/sources_1/bd/System/ipshared/89d8/hdl/axi_dma_v7_1_vh_rfs.vhd:16138]
INFO: [Synth 8-638] synthesizing module 'axi_dma_s2mm_cmdsts_if__parameterized0' [c:/Users/chris/FPGA_Projects/A-high-speed-data-acquisition-framework-main/AXI_DMA.srcs/sources_1/bd/System/ipshared/89d8/hdl/axi_dma_v7_1_vh_rfs.vhd:18828]
	Parameter C_M_AXI_S2MM_ADDR_WIDTH bound to: 32 - type: integer 
	Parameter C_DM_STATUS_WIDTH bound to: 35 - type: integer 
	Parameter C_INCLUDE_SG bound to: 1 - type: integer 
	Parameter C_SG_INCLUDE_STSCNTRL_STRM bound to: 0 - type: integer 
	Parameter C_SG_USE_STSAPP_LENGTH bound to: 0 - type: integer 
	Parameter C_SG_LENGTH_WIDTH bound to: 16 - type: integer 
	Parameter C_ENABLE_MULTI_CHANNEL bound to: 0 - type: integer 
	Parameter C_MICRO_DMA bound to: 0 - type: integer 
	Parameter C_EXTRA bound to: 1 - type: integer 
	Parameter C_ENABLE_QUEUE bound to: 1 - type: integer 
INFO: [Synth 8-256] done synthesizing module 'axi_dma_s2mm_cmdsts_if__parameterized0' (286#1) [c:/Users/chris/FPGA_Projects/A-high-speed-data-acquisition-framework-main/AXI_DMA.srcs/sources_1/bd/System/ipshared/89d8/hdl/axi_dma_v7_1_vh_rfs.vhd:18828]
INFO: [Synth 8-256] done synthesizing module 'axi_dma_s2mm_mngr__parameterized0' (286#1) [c:/Users/chris/FPGA_Projects/A-high-speed-data-acquisition-framework-main/AXI_DMA.srcs/sources_1/bd/System/ipshared/89d8/hdl/axi_dma_v7_1_vh_rfs.vhd:20564]
INFO: [Synth 8-638] synthesizing module 'axi_datamover__parameterized0' [c:/Users/chris/FPGA_Projects/A-high-speed-data-acquisition-framework-main/AXI_DMA.srcs/sources_1/bd/System/ipshared/4ab6/hdl/axi_datamover_v5_1_vh_rfs.vhd:55436]
	Parameter C_INCLUDE_MM2S bound to: 0 - type: integer 
	Parameter C_M_AXI_MM2S_ARID bound to: 0 - type: integer 
	Parameter C_M_AXI_MM2S_ID_WIDTH bound to: 4 - type: integer 
	Parameter C_M_AXI_MM2S_ADDR_WIDTH bound to: 32 - type: integer 
	Parameter C_M_AXI_MM2S_DATA_WIDTH bound to: 32 - type: integer 
	Parameter C_M_AXIS_MM2S_TDATA_WIDTH bound to: 32 - type: integer 
	Parameter C_INCLUDE_MM2S_STSFIFO bound to: 1 - type: integer 
	Parameter C_MM2S_STSCMD_FIFO_DEPTH bound to: 1 - type: integer 
	Parameter C_MM2S_STSCMD_IS_ASYNC bound to: 0 - type: integer 
	Parameter C_INCLUDE_MM2S_DRE bound to: 0 - type: integer 
	Parameter C_MM2S_BURST_SIZE bound to: 16 - type: integer 
	Parameter C_MM2S_BTT_USED bound to: 16 - type: integer 
	Parameter C_MM2S_ADDR_PIPE_DEPTH bound to: 4 - type: integer 
	Parameter C_MM2S_INCLUDE_SF bound to: 1 - type: integer 
	Parameter C_INCLUDE_S2MM bound to: 1 - type: integer 
	Parameter C_M_AXI_S2MM_AWID bound to: 1 - type: integer 
	Parameter C_M_AXI_S2MM_ID_WIDTH bound to: 4 - type: integer 
	Parameter C_M_AXI_S2MM_ADDR_WIDTH bound to: 32 - type: integer 
	Parameter C_M_AXI_S2MM_DATA_WIDTH bound to: 32 - type: integer 
	Parameter C_S_AXIS_S2MM_TDATA_WIDTH bound to: 32 - type: integer 
	Parameter C_INCLUDE_S2MM_STSFIFO bound to: 1 - type: integer 
	Parameter C_S2MM_STSCMD_FIFO_DEPTH bound to: 1 - type: integer 
	Parameter C_S2MM_STSCMD_IS_ASYNC bound to: 0 - type: integer 
	Parameter C_INCLUDE_S2MM_DRE bound to: 0 - type: integer 
	Parameter C_S2MM_BURST_SIZE bound to: 16 - type: integer 
	Parameter C_S2MM_BTT_USED bound to: 16 - type: integer 
	Parameter C_S2MM_SUPPORT_INDET_BTT bound to: 1 - type: integer 
	Parameter C_S2MM_ADDR_PIPE_DEPTH bound to: 4 - type: integer 
	Parameter C_S2MM_INCLUDE_SF bound to: 1 - type: integer 
	Parameter C_ENABLE_CACHE_USER bound to: 0 - type: integer 
	Parameter C_ENABLE_SKID_BUF bound to: 11111 - type: string 
	Parameter C_ENABLE_MM2S_TKEEP bound to: 1 - type: integer 
	Parameter C_ENABLE_S2MM_TKEEP bound to: 1 - type: integer 
	Parameter C_ENABLE_S2MM_ADV_SIG bound to: 0 - type: integer 
	Parameter C_ENABLE_MM2S_ADV_SIG bound to: 0 - type: integer 
	Parameter C_MICRO_DMA bound to: 0 - type: integer 
	Parameter C_CMD_WIDTH bound to: 72 - type: integer 
	Parameter C_MCDMA bound to: 1 - type: integer 
	Parameter C_FAMILY bound to: zynq - type: string 
INFO: [Synth 8-638] synthesizing module 'axi_datamover_mm2s_omit_wrap__parameterized0' [c:/Users/chris/FPGA_Projects/A-high-speed-data-acquisition-framework-main/AXI_DMA.srcs/sources_1/bd/System/ipshared/4ab6/hdl/axi_datamover_v5_1_vh_rfs.vhd:53209]
	Parameter C_INCLUDE_MM2S bound to: 0 - type: integer 
	Parameter C_MM2S_ARID bound to: 0 - type: integer 
	Parameter C_MM2S_ID_WIDTH bound to: 4 - type: integer 
	Parameter C_MM2S_ADDR_WIDTH bound to: 32 - type: integer 
	Parameter C_MM2S_MDATA_WIDTH bound to: 32 - type: integer 
	Parameter C_MM2S_SDATA_WIDTH bound to: 32 - type: integer 
	Parameter C_INCLUDE_MM2S_STSFIFO bound to: 1 - type: integer 
	Parameter C_MM2S_STSCMD_FIFO_DEPTH bound to: 1 - type: integer 
	Parameter C_MM2S_STSCMD_IS_ASYNC bound to: 0 - type: integer 
	Parameter C_INCLUDE_MM2S_DRE bound to: 0 - type: integer 
	Parameter C_MM2S_BURST_SIZE bound to: 16 - type: integer 
	Parameter C_MM2S_BTT_USED bound to: 16 - type: integer 
	Parameter C_MM2S_ADDR_PIPE_DEPTH bound to: 4 - type: integer 
	Parameter C_TAG_WIDTH bound to: 4 - type: integer 
	Parameter C_ENABLE_CACHE_USER bound to: 0 - type: integer 
	Parameter C_MCDMA bound to: 1 - type: integer 
	Parameter C_FAMILY bound to: zynq - type: string 
INFO: [Synth 8-256] done synthesizing module 'axi_datamover_mm2s_omit_wrap__parameterized0' (286#1) [c:/Users/chris/FPGA_Projects/A-high-speed-data-acquisition-framework-main/AXI_DMA.srcs/sources_1/bd/System/ipshared/4ab6/hdl/axi_datamover_v5_1_vh_rfs.vhd:53209]
INFO: [Synth 8-638] synthesizing module 'axi_datamover_s2mm_full_wrap__parameterized0' [c:/Users/chris/FPGA_Projects/A-high-speed-data-acquisition-framework-main/AXI_DMA.srcs/sources_1/bd/System/ipshared/4ab6/hdl/axi_datamover_v5_1_vh_rfs.vhd:49997]
	Parameter C_INCLUDE_S2MM bound to: 1 - type: integer 
	Parameter C_S2MM_AWID bound to: 1 - type: integer 
	Parameter C_S2MM_ID_WIDTH bound to: 4 - type: integer 
	Parameter C_S2MM_ADDR_WIDTH bound to: 32 - type: integer 
	Parameter C_S2MM_MDATA_WIDTH bound to: 32 - type: integer 
	Parameter C_S2MM_SDATA_WIDTH bound to: 32 - type: integer 
	Parameter C_INCLUDE_S2MM_STSFIFO bound to: 1 - type: integer 
	Parameter C_S2MM_STSCMD_FIFO_DEPTH bound to: 1 - type: integer 
	Parameter C_S2MM_STSCMD_IS_ASYNC bound to: 0 - type: integer 
	Parameter C_INCLUDE_S2MM_DRE bound to: 0 - type: integer 
	Parameter C_S2MM_BURST_SIZE bound to: 16 - type: integer 
	Parameter C_S2MM_BTT_USED bound to: 16 - type: integer 
	Parameter C_S2MM_SUPPORT_INDET_BTT bound to: 1 - type: integer 
	Parameter C_S2MM_ADDR_PIPE_DEPTH bound to: 4 - type: integer 
	Parameter C_TAG_WIDTH bound to: 4 - type: integer 
	Parameter C_INCLUDE_S2MM_GP_SF bound to: 1 - type: integer 
	Parameter C_ENABLE_CACHE_USER bound to: 0 - type: integer 
	Parameter C_ENABLE_S2MM_TKEEP bound to: 1 - type: integer 
	Parameter C_ENABLE_SKID_BUF bound to: 11111 - type: string 
	Parameter C_FAMILY bound to: zynq - type: string 
	Parameter C_MCDMA bound to: 1 - type: integer 
INFO: [Synth 8-638] synthesizing module 'axi_datamover_wr_status_cntl__parameterized0' [c:/Users/chris/FPGA_Projects/A-high-speed-data-acquisition-framework-main/AXI_DMA.srcs/sources_1/bd/System/ipshared/4ab6/hdl/axi_datamover_v5_1_vh_rfs.vhd:17704]
	Parameter C_ENABLE_INDET_BTT bound to: 1 - type: integer 
	Parameter C_SF_BYTES_RCVD_WIDTH bound to: 16 - type: integer 
	Parameter C_STS_FIFO_DEPTH bound to: 6 - type: integer 
	Parameter C_STS_WIDTH bound to: 35 - type: integer 
	Parameter C_TAG_WIDTH bound to: 4 - type: integer 
	Parameter C_MCDMA bound to: 1 - type: integer 
	Parameter C_FAMILY bound to: zynq - type: string 
INFO: [Synth 8-638] synthesizing module 'axi_datamover_fifo__parameterized7' [c:/Users/chris/FPGA_Projects/A-high-speed-data-acquisition-framework-main/AXI_DMA.srcs/sources_1/bd/System/ipshared/4ab6/hdl/axi_datamover_v5_1_vh_rfs.vhd:1886]
	Parameter C_DWIDTH bound to: 23 - type: integer 
	Parameter C_DEPTH bound to: 6 - type: integer 
	Parameter C_IS_ASYNC bound to: 0 - type: integer 
	Parameter C_PRIM_TYPE bound to: 2 - type: integer 
	Parameter C_FAMILY bound to: zynq - type: string 
INFO: [Synth 8-638] synthesizing module 'srl_fifo_f__parameterized7' [c:/Users/chris/FPGA_Projects/A-high-speed-data-acquisition-framework-main/AXI_DMA.srcs/sources_1/bd/System/ipshared/51ce/hdl/lib_srl_fifo_v1_0_rfs.vhd:1000]
	Parameter C_DWIDTH bound to: 23 - type: integer 
	Parameter C_DEPTH bound to: 6 - type: integer 
	Parameter C_FAMILY bound to: zynq - type: string 
INFO: [Synth 8-638] synthesizing module 'srl_fifo_rbu_f__parameterized7' [c:/Users/chris/FPGA_Projects/A-high-speed-data-acquisition-framework-main/AXI_DMA.srcs/sources_1/bd/System/ipshared/51ce/hdl/lib_srl_fifo_v1_0_rfs.vhd:697]
	Parameter C_DWIDTH bound to: 23 - type: integer 
	Parameter C_DEPTH bound to: 6 - type: integer 
	Parameter C_FAMILY bound to: zynq - type: string 
INFO: [Synth 8-638] synthesizing module 'dynshreg_f__parameterized7' [c:/Users/chris/FPGA_Projects/A-high-speed-data-acquisition-framework-main/AXI_DMA.srcs/sources_1/bd/System/ipshared/51ce/hdl/lib_srl_fifo_v1_0_rfs.vhd:397]
	Parameter C_DEPTH bound to: 6 - type: integer 
	Parameter C_DWIDTH bound to: 23 - type: integer 
	Parameter C_FAMILY bound to: zynq - type: string 
INFO: [Synth 8-256] done synthesizing module 'dynshreg_f__parameterized7' (286#1) [c:/Users/chris/FPGA_Projects/A-high-speed-data-acquisition-framework-main/AXI_DMA.srcs/sources_1/bd/System/ipshared/51ce/hdl/lib_srl_fifo_v1_0_rfs.vhd:397]
INFO: [Synth 8-256] done synthesizing module 'srl_fifo_rbu_f__parameterized7' (286#1) [c:/Users/chris/FPGA_Projects/A-high-speed-data-acquisition-framework-main/AXI_DMA.srcs/sources_1/bd/System/ipshared/51ce/hdl/lib_srl_fifo_v1_0_rfs.vhd:697]
INFO: [Synth 8-256] done synthesizing module 'srl_fifo_f__parameterized7' (286#1) [c:/Users/chris/FPGA_Projects/A-high-speed-data-acquisition-framework-main/AXI_DMA.srcs/sources_1/bd/System/ipshared/51ce/hdl/lib_srl_fifo_v1_0_rfs.vhd:1000]
INFO: [Synth 8-256] done synthesizing module 'axi_datamover_fifo__parameterized7' (286#1) [c:/Users/chris/FPGA_Projects/A-high-speed-data-acquisition-framework-main/AXI_DMA.srcs/sources_1/bd/System/ipshared/4ab6/hdl/axi_datamover_v5_1_vh_rfs.vhd:1886]
INFO: [Synth 8-256] done synthesizing module 'axi_datamover_wr_status_cntl__parameterized0' (286#1) [c:/Users/chris/FPGA_Projects/A-high-speed-data-acquisition-framework-main/AXI_DMA.srcs/sources_1/bd/System/ipshared/4ab6/hdl/axi_datamover_v5_1_vh_rfs.vhd:17704]
INFO: [Synth 8-638] synthesizing module 'axi_datamover_ibttcc__parameterized0' [c:/Users/chris/FPGA_Projects/A-high-speed-data-acquisition-framework-main/AXI_DMA.srcs/sources_1/bd/System/ipshared/4ab6/hdl/axi_datamover_v5_1_vh_rfs.vhd:25731]
	Parameter C_SF_XFER_BYTES_WIDTH bound to: 7 - type: integer 
	Parameter C_DRE_ALIGN_WIDTH bound to: 1 - type: integer 
	Parameter C_SEL_ADDR_WIDTH bound to: 2 - type: integer 
	Parameter C_ADDR_WIDTH bound to: 32 - type: integer 
	Parameter C_STREAM_DWIDTH bound to: 32 - type: integer 
	Parameter C_MAX_BURST_LEN bound to: 16 - type: integer 
	Parameter C_CMD_WIDTH bound to: 71 - type: integer 
	Parameter C_TAG_WIDTH bound to: 4 - type: integer 
	Parameter C_BTT_USED bound to: 16 - type: integer 
	Parameter C_NATIVE_XFER_WIDTH bound to: 32 - type: integer 
	Parameter C_STRT_SF_OFFSET_WIDTH bound to: 1 - type: integer 
	Parameter C_MCDMA bound to: 1 - type: integer 
INFO: [Synth 8-256] done synthesizing module 'axi_datamover_ibttcc__parameterized0' (286#1) [c:/Users/chris/FPGA_Projects/A-high-speed-data-acquisition-framework-main/AXI_DMA.srcs/sources_1/bd/System/ipshared/4ab6/hdl/axi_datamover_v5_1_vh_rfs.vhd:25731]
INFO: [Synth 8-638] synthesizing module 'axi_datamover_s2mm_realign__parameterized0' [c:/Users/chris/FPGA_Projects/A-high-speed-data-acquisition-framework-main/AXI_DMA.srcs/sources_1/bd/System/ipshared/4ab6/hdl/axi_datamover_v5_1_vh_rfs.vhd:47011]
	Parameter C_ENABLE_INDET_BTT bound to: 1 - type: integer 
	Parameter C_INCLUDE_DRE bound to: 0 - type: integer 
	Parameter C_DRE_CNTL_FIFO_DEPTH bound to: 4 - type: integer 
	Parameter C_DRE_ALIGN_WIDTH bound to: 1 - type: integer 
	Parameter C_SUPPORT_SCATTER bound to: 1 - type: integer 
	Parameter C_ENABLE_S2MM_TKEEP bound to: 1 - type: integer 
	Parameter C_BTT_USED bound to: 16 - type: integer 
	Parameter C_STREAM_DWIDTH bound to: 32 - type: integer 
	Parameter C_TAG_WIDTH bound to: 4 - type: integer 
	Parameter C_STRT_SF_OFFSET_WIDTH bound to: 1 - type: integer 
	Parameter C_FAMILY bound to: zynq - type: string 
INFO: [Synth 8-638] synthesizing module 'axi_datamover_s2mm_scatter__parameterized0' [c:/Users/chris/FPGA_Projects/A-high-speed-data-acquisition-framework-main/AXI_DMA.srcs/sources_1/bd/System/ipshared/4ab6/hdl/axi_datamover_v5_1_vh_rfs.vhd:45117]
	Parameter C_ENABLE_INDET_BTT bound to: 1 - type: integer 
	Parameter C_DRE_ALIGN_WIDTH bound to: 1 - type: integer 
	Parameter C_BTT_USED bound to: 16 - type: integer 
	Parameter C_STREAM_DWIDTH bound to: 32 - type: integer 
	Parameter C_ENABLE_S2MM_TKEEP bound to: 1 - type: integer 
	Parameter C_FAMILY bound to: zynq - type: string 
INFO: [Synth 8-256] done synthesizing module 'axi_datamover_s2mm_scatter__parameterized0' (286#1) [c:/Users/chris/FPGA_Projects/A-high-speed-data-acquisition-framework-main/AXI_DMA.srcs/sources_1/bd/System/ipshared/4ab6/hdl/axi_datamover_v5_1_vh_rfs.vhd:45117]
INFO: [Synth 8-256] done synthesizing module 'axi_datamover_s2mm_realign__parameterized0' (286#1) [c:/Users/chris/FPGA_Projects/A-high-speed-data-acquisition-framework-main/AXI_DMA.srcs/sources_1/bd/System/ipshared/4ab6/hdl/axi_datamover_v5_1_vh_rfs.vhd:47011]
INFO: [Synth 8-638] synthesizing module 'axi_datamover_indet_btt__parameterized0' [c:/Users/chris/FPGA_Projects/A-high-speed-data-acquisition-framework-main/AXI_DMA.srcs/sources_1/bd/System/ipshared/4ab6/hdl/axi_datamover_v5_1_vh_rfs.vhd:28430]
	Parameter C_SF_FIFO_DEPTH bound to: 128 - type: integer 
	Parameter C_IBTT_XFER_BYTES_WIDTH bound to: 7 - type: integer 
	Parameter C_STRT_OFFSET_WIDTH bound to: 1 - type: integer 
	Parameter C_MAX_BURST_LEN bound to: 16 - type: integer 
	Parameter C_MMAP_DWIDTH bound to: 32 - type: integer 
	Parameter C_STREAM_DWIDTH bound to: 32 - type: integer 
	Parameter C_ENABLE_SKID_BUF bound to: 11111 - type: string 
	Parameter C_ENABLE_S2MM_TKEEP bound to: 1 - type: integer 
	Parameter C_ENABLE_DRE bound to: 0 - type: integer 
	Parameter C_FAMILY bound to: zynq - type: string 
INFO: [Synth 8-638] synthesizing module 'axi_datamover_stbs_set_nodre' [c:/Users/chris/FPGA_Projects/A-high-speed-data-acquisition-framework-main/AXI_DMA.srcs/sources_1/bd/System/ipshared/4ab6/hdl/axi_datamover_v5_1_vh_rfs.vhd:24209]
	Parameter C_STROBE_WIDTH bound to: 4 - type: integer 
INFO: [Synth 8-256] done synthesizing module 'axi_datamover_stbs_set_nodre' (287#1) [c:/Users/chris/FPGA_Projects/A-high-speed-data-acquisition-framework-main/AXI_DMA.srcs/sources_1/bd/System/ipshared/4ab6/hdl/axi_datamover_v5_1_vh_rfs.vhd:24209]
INFO: [Synth 8-638] synthesizing module 'axi_datamover_sfifo_autord__parameterized1' [c:/Users/chris/FPGA_Projects/A-high-speed-data-acquisition-framework-main/AXI_DMA.srcs/sources_1/bd/System/ipshared/4ab6/hdl/axi_datamover_v5_1_vh_rfs.vhd:1295]
	Parameter C_DWIDTH bound to: 9 - type: integer 
	Parameter C_DEPTH bound to: 16 - type: integer 
	Parameter C_DATA_CNT_WIDTH bound to: 5 - type: integer 
	Parameter C_NEED_ALMOST_EMPTY bound to: 0 - type: integer 
	Parameter C_NEED_ALMOST_FULL bound to: 1 - type: integer 
	Parameter C_USE_BLKMEM bound to: 0 - type: integer 
	Parameter C_FAMILY bound to: zynq - type: string 
INFO: [Synth 8-638] synthesizing module 'sync_fifo_fg__parameterized1' [c:/Users/chris/FPGA_Projects/A-high-speed-data-acquisition-framework-main/AXI_DMA.srcs/sources_1/bd/System/ipshared/a5cb/hdl/lib_fifo_v1_0_rfs.vhd:2250]
	Parameter C_FAMILY bound to: zynq - type: string 
	Parameter C_DCOUNT_WIDTH bound to: 5 - type: integer 
	Parameter C_ENABLE_RLOCS bound to: 0 - type: integer 
	Parameter C_HAS_DCOUNT bound to: 1 - type: integer 
	Parameter C_HAS_RD_ACK bound to: 1 - type: integer 
	Parameter C_HAS_RD_ERR bound to: 0 - type: integer 
	Parameter C_HAS_WR_ACK bound to: 1 - type: integer 
	Parameter C_HAS_WR_ERR bound to: 0 - type: integer 
	Parameter C_HAS_ALMOST_FULL bound to: 0 - type: integer 
	Parameter C_MEMORY_TYPE bound to: 0 - type: integer 
	Parameter C_PORTS_DIFFER bound to: 0 - type: integer 
	Parameter C_RD_ACK_LOW bound to: 0 - type: integer 
	Parameter C_USE_EMBEDDED_REG bound to: 0 - type: integer 
	Parameter C_READ_DATA_WIDTH bound to: 9 - type: integer 
	Parameter C_READ_DEPTH bound to: 16 - type: integer 
	Parameter C_RD_ERR_LOW bound to: 0 - type: integer 
	Parameter C_WR_ACK_LOW bound to: 0 - type: integer 
	Parameter C_WR_ERR_LOW bound to: 0 - type: integer 
	Parameter C_PRELOAD_REGS bound to: 1 - type: integer 
	Parameter C_PRELOAD_LATENCY bound to: 0 - type: integer 
	Parameter C_WRITE_DATA_WIDTH bound to: 9 - type: integer 
	Parameter C_WRITE_DEPTH bound to: 16 - type: integer 
	Parameter C_SYNCHRONIZER_STAGE bound to: 2 - type: integer 
	Parameter C_XPM_FIFO bound to: 1 - type: integer 
	Parameter FIFO_MEMORY_TYPE bound to: auto - type: string 
	Parameter FIFO_WRITE_DEPTH bound to: 16 - type: integer 
	Parameter CASCADE_HEIGHT bound to: 0 - type: integer 
	Parameter WRITE_DATA_WIDTH bound to: 9 - type: integer 
	Parameter READ_MODE bound to: fwft - type: string 
	Parameter FIFO_READ_LATENCY bound to: 0 - type: integer 
	Parameter FULL_RESET_VALUE bound to: 1 - type: integer 
	Parameter USE_ADV_FEATURES bound to: 1F1F - type: string 
	Parameter READ_DATA_WIDTH bound to: 9 - type: integer 
	Parameter WR_DATA_COUNT_WIDTH bound to: 5 - type: integer 
	Parameter PROG_FULL_THRESH bound to: 10 - type: integer 
	Parameter RD_DATA_COUNT_WIDTH bound to: 4 - type: integer 
	Parameter PROG_EMPTY_THRESH bound to: 10 - type: integer 
	Parameter DOUT_RESET_VALUE bound to: 0 - type: string 
	Parameter ECC_MODE bound to: no_ecc - type: string 
	Parameter SIM_ASSERT_CHK bound to: 0 - type: integer 
	Parameter WAKEUP_TIME bound to: 0 - type: integer 
INFO: [Synth 8-3491] module 'xpm_fifo_sync' declared at 'C:/baidunetdiskdownload/Vivado2020_2/Vivado/2020.2/data/ip/xpm/xpm_fifo/hdl/xpm_fifo.sv:1947' bound to instance 'xpm_fifo_sync_inst' of component 'xpm_fifo_sync' [c:/Users/chris/FPGA_Projects/A-high-speed-data-acquisition-framework-main/AXI_DMA.srcs/sources_1/bd/System/ipshared/a5cb/hdl/lib_fifo_v1_0_rfs.vhd:2627]
	Parameter FIFO_MEMORY_TYPE bound to: auto - type: string 
	Parameter ECC_MODE bound to: no_ecc - type: string 
	Parameter SIM_ASSERT_CHK bound to: 0 - type: integer 
	Parameter CASCADE_HEIGHT bound to: 0 - type: integer 
	Parameter FIFO_WRITE_DEPTH bound to: 16 - type: integer 
	Parameter WRITE_DATA_WIDTH bound to: 9 - type: integer 
	Parameter WR_DATA_COUNT_WIDTH bound to: 5 - type: integer 
	Parameter PROG_FULL_THRESH bound to: 10 - type: integer 
	Parameter FULL_RESET_VALUE bound to: 1 - type: integer 
	Parameter USE_ADV_FEATURES bound to: 1F1F - type: string 
	Parameter READ_MODE bound to: fwft - type: string 
	Parameter FIFO_READ_LATENCY bound to: 0 - type: integer 
	Parameter READ_DATA_WIDTH bound to: 9 - type: integer 
	Parameter RD_DATA_COUNT_WIDTH bound to: 4 - type: integer 
	Parameter PROG_EMPTY_THRESH bound to: 10 - type: integer 
	Parameter DOUT_RESET_VALUE bound to: 0 - type: string 
	Parameter WAKEUP_TIME bound to: 0 - type: integer 
	Parameter EN_ADV_FEATURE_SYNC bound to: 16'b0001111100011111 
	Parameter P_FIFO_MEMORY_TYPE bound to: 0 - type: integer 
	Parameter P_COMMON_CLOCK bound to: 1 - type: integer 
	Parameter P_ECC_MODE bound to: 0 - type: integer 
	Parameter P_READ_MODE bound to: 1 - type: integer 
	Parameter P_WAKEUP_TIME bound to: 2 - type: integer 
	Parameter COMMON_CLOCK bound to: 1 - type: integer 
	Parameter RELATED_CLOCKS bound to: 0 - type: integer 
	Parameter FIFO_MEMORY_TYPE bound to: 0 - type: integer 
	Parameter ECC_MODE bound to: 0 - type: integer 
	Parameter SIM_ASSERT_CHK bound to: 0 - type: integer 
	Parameter CASCADE_HEIGHT bound to: 0 - type: integer 
	Parameter FIFO_WRITE_DEPTH bound to: 16 - type: integer 
	Parameter WRITE_DATA_WIDTH bound to: 9 - type: integer 
	Parameter WR_DATA_COUNT_WIDTH bound to: 5 - type: integer 
	Parameter PROG_FULL_THRESH bound to: 10 - type: integer 
	Parameter USE_ADV_FEATURES bound to: 1F1F - type: string 
	Parameter READ_MODE bound to: 1 - type: integer 
	Parameter FIFO_READ_LATENCY bound to: 0 - type: integer 
	Parameter READ_DATA_WIDTH bound to: 9 - type: integer 
	Parameter RD_DATA_COUNT_WIDTH bound to: 4 - type: integer 
	Parameter PROG_EMPTY_THRESH bound to: 10 - type: integer 
	Parameter DOUT_RESET_VALUE bound to: 0 - type: string 
	Parameter CDC_DEST_SYNC_FF bound to: 2 - type: integer 
	Parameter FULL_RESET_VALUE bound to: 1 - type: integer 
	Parameter REMOVE_WR_RD_PROT_LOGIC bound to: 0 - type: integer 
	Parameter WAKEUP_TIME bound to: 0 - type: integer 
	Parameter VERSION bound to: 0 - type: integer 
	Parameter invalid bound to: 0 - type: integer 
	Parameter stage1_valid bound to: 2 - type: integer 
	Parameter stage2_valid bound to: 1 - type: integer 
	Parameter both_stages_valid bound to: 3 - type: integer 
	Parameter FIFO_MEM_TYPE bound to: 0 - type: integer 
	Parameter RD_MODE bound to: 1 - type: integer 
	Parameter ENABLE_ECC bound to: 0 - type: integer 
	Parameter FIFO_READ_DEPTH bound to: 16 - type: integer 
	Parameter FIFO_SIZE bound to: 144 - type: integer 
	Parameter WR_WIDTH_LOG bound to: 4 - type: integer 
	Parameter WR_DEPTH_LOG bound to: 4 - type: integer 
	Parameter WR_PNTR_WIDTH bound to: 4 - type: integer 
	Parameter RD_PNTR_WIDTH bound to: 4 - type: integer 
	Parameter FULL_RST_VAL bound to: 1'b1 
	Parameter WR_RD_RATIO bound to: 0 - type: integer 
	Parameter READ_MODE_LL bound to: 1 - type: integer 
	Parameter PF_THRESH_ADJ bound to: 8 - type: integer 
	Parameter PE_THRESH_ADJ bound to: 8 - type: integer 
	Parameter PF_THRESH_MIN bound to: 5 - type: integer 
	Parameter PF_THRESH_MAX bound to: 11 - type: integer 
	Parameter PE_THRESH_MIN bound to: 5 - type: integer 
	Parameter PE_THRESH_MAX bound to: 11 - type: integer 
	Parameter WR_DC_WIDTH_EXT bound to: 5 - type: integer 
	Parameter RD_DC_WIDTH_EXT bound to: 5 - type: integer 
	Parameter RD_LATENCY bound to: 2 - type: integer 
	Parameter WIDTH_RATIO bound to: 1 - type: integer 
	Parameter EN_ADV_FEATURE bound to: 16'b0001111100011111 
	Parameter EN_OF bound to: 1'b1 
	Parameter EN_PF bound to: 1'b1 
	Parameter EN_WDC bound to: 1'b1 
	Parameter EN_AF bound to: 1'b1 
	Parameter EN_WACK bound to: 1'b1 
	Parameter FG_EQ_ASYM_DOUT bound to: 1'b0 
	Parameter EN_UF bound to: 1'b1 
	Parameter EN_PE bound to: 1'b1 
	Parameter EN_RDC bound to: 1'b1 
	Parameter EN_AE bound to: 1'b1 
	Parameter EN_DVLD bound to: 1'b1 
	Parameter MEMORY_TYPE bound to: 1 - type: integer 
	Parameter MEMORY_SIZE bound to: 144 - type: integer 
	Parameter MEMORY_PRIMITIVE bound to: 0 - type: integer 
	Parameter CLOCKING_MODE bound to: 0 - type: integer 
	Parameter ECC_MODE bound to: 0 - type: integer 
	Parameter MEMORY_INIT_FILE bound to: none - type: string 
	Parameter MEMORY_INIT_PARAM bound to: (null) - type: string 
	Parameter USE_MEM_INIT_MMI bound to: 0 - type: integer 
	Parameter USE_MEM_INIT bound to: 0 - type: integer 
	Parameter MEMORY_OPTIMIZATION bound to: true - type: string 
	Parameter WAKEUP_TIME bound to: 0 - type: integer 
	Parameter AUTO_SLEEP_TIME bound to: 0 - type: integer 
	Parameter MESSAGE_CONTROL bound to: 0 - type: integer 
	Parameter VERSION bound to: 0 - type: integer 
	Parameter USE_EMBEDDED_CONSTRAINT bound to: 0 - type: integer 
	Parameter CASCADE_HEIGHT bound to: 0 - type: integer 
	Parameter SIM_ASSERT_CHK bound to: 0 - type: integer 
	Parameter WRITE_PROTECT bound to: 1 - type: integer 
	Parameter WRITE_DATA_WIDTH_A bound to: 9 - type: integer 
	Parameter READ_DATA_WIDTH_A bound to: 9 - type: integer 
	Parameter BYTE_WRITE_WIDTH_A bound to: 9 - type: integer 
	Parameter ADDR_WIDTH_A bound to: 4 - type: integer 
	Parameter READ_RESET_VALUE_A bound to: 0 - type: string 
	Parameter READ_LATENCY_A bound to: 2 - type: integer 
	Parameter WRITE_MODE_A bound to: 2 - type: integer 
	Parameter RST_MODE_A bound to: SYNC - type: string 
	Parameter WRITE_DATA_WIDTH_B bound to: 9 - type: integer 
	Parameter READ_DATA_WIDTH_B bound to: 9 - type: integer 
	Parameter BYTE_WRITE_WIDTH_B bound to: 9 - type: integer 
	Parameter ADDR_WIDTH_B bound to: 4 - type: integer 
	Parameter READ_RESET_VALUE_B bound to: 0 - type: string 
	Parameter READ_LATENCY_B bound to: 2 - type: integer 
	Parameter WRITE_MODE_B bound to: 2 - type: integer 
	Parameter RST_MODE_B bound to: SYNC - type: string 
	Parameter P_MEMORY_PRIMITIVE bound to: auto - type: string 
	Parameter P_MIN_WIDTH_DATA_A bound to: 9 - type: integer 
	Parameter P_MIN_WIDTH_DATA_B bound to: 9 - type: integer 
	Parameter P_MIN_WIDTH_DATA bound to: 9 - type: integer 
	Parameter P_MIN_WIDTH_DATA_ECC bound to: 9 - type: integer 
	Parameter P_MAX_DEPTH_DATA bound to: 16 - type: integer 
	Parameter P_ECC_MODE bound to: no_ecc - type: string 
	Parameter P_MEMORY_OPT bound to: yes - type: string 
	Parameter P_WIDTH_COL_WRITE_A bound to: 9 - type: integer 
	Parameter P_WIDTH_COL_WRITE_B bound to: 9 - type: integer 
	Parameter P_NUM_COLS_WRITE_A bound to: 1 - type: integer 
	Parameter P_NUM_COLS_WRITE_B bound to: 1 - type: integer 
	Parameter P_NUM_ROWS_WRITE_A bound to: 1 - type: integer 
	Parameter P_NUM_ROWS_WRITE_B bound to: 1 - type: integer 
	Parameter P_NUM_ROWS_READ_A bound to: 1 - type: integer 
	Parameter P_NUM_ROWS_READ_B bound to: 1 - type: integer 
	Parameter P_WIDTH_ADDR_WRITE_A bound to: 4 - type: integer 
	Parameter P_WIDTH_ADDR_WRITE_B bound to: 4 - type: integer 
	Parameter P_WIDTH_ADDR_READ_A bound to: 4 - type: integer 
	Parameter P_WIDTH_ADDR_READ_B bound to: 4 - type: integer 
	Parameter P_WIDTH_ADDR_LSB_WRITE_A bound to: 0 - type: integer 
	Parameter P_WIDTH_ADDR_LSB_WRITE_B bound to: 0 - type: integer 
	Parameter P_WIDTH_ADDR_LSB_READ_A bound to: 0 - type: integer 
	Parameter P_WIDTH_ADDR_LSB_READ_B bound to: 0 - type: integer 
	Parameter P_ENABLE_BYTE_WRITE_A bound to: 0 - type: integer 
	Parameter P_ENABLE_BYTE_WRITE_B bound to: 0 - type: integer 
	Parameter P_SDP_WRITE_MODE bound to: yes - type: string 
	Parameter rsta_loop_iter bound to: 12 - type: integer 
	Parameter rstb_loop_iter bound to: 12 - type: integer 
	Parameter NUM_CHAR_LOC bound to: 0 - type: integer 
	Parameter MAX_NUM_CHAR bound to: 0 - type: integer 
	Parameter P_MIN_WIDTH_DATA_SHFT bound to: 9 - type: integer 
	Parameter P_MIN_WIDTH_DATA_LDW bound to: 4 - type: integer 
INFO: [Synth 8-6059] Synth Info: [XPM_MEMORY 20-1] MEMORY_PRIMITIVE (0) instructs Vivado Synthesis to choose the memory primitive type. Depending on their values, other XPM_MEMORY parameters may preclude the choice of certain memory primitive types. Review XPM_MEMORY documentation and parameter values to understand any limitations, or set MEMORY_PRIMITIVE to a different value.   [C:/baidunetdiskdownload/Vivado2020_2/Vivado/2020.2/data/ip/xpm/xpm_memory/hdl/xpm_memory.sv:488]
INFO: [Synth 8-226] default block is never used [C:/baidunetdiskdownload/Vivado2020_2/Vivado/2020.2/data/ip/xpm/xpm_fifo/hdl/xpm_fifo.sv:1204]
INFO: [Synth 8-226] default block is never used [C:/baidunetdiskdownload/Vivado2020_2/Vivado/2020.2/data/ip/xpm/xpm_fifo/hdl/xpm_fifo.sv:1271]
INFO: [Synth 8-226] default block is never used [C:/baidunetdiskdownload/Vivado2020_2/Vivado/2020.2/data/ip/xpm/xpm_fifo/hdl/xpm_fifo.sv:1293]
INFO: [Synth 8-256] done synthesizing module 'sync_fifo_fg__parameterized1' (287#1) [c:/Users/chris/FPGA_Projects/A-high-speed-data-acquisition-framework-main/AXI_DMA.srcs/sources_1/bd/System/ipshared/a5cb/hdl/lib_fifo_v1_0_rfs.vhd:2250]
INFO: [Synth 8-256] done synthesizing module 'axi_datamover_sfifo_autord__parameterized1' (287#1) [c:/Users/chris/FPGA_Projects/A-high-speed-data-acquisition-framework-main/AXI_DMA.srcs/sources_1/bd/System/ipshared/4ab6/hdl/axi_datamover_v5_1_vh_rfs.vhd:1295]
INFO: [Synth 8-638] synthesizing module 'axi_datamover_sfifo_autord__parameterized2' [c:/Users/chris/FPGA_Projects/A-high-speed-data-acquisition-framework-main/AXI_DMA.srcs/sources_1/bd/System/ipshared/4ab6/hdl/axi_datamover_v5_1_vh_rfs.vhd:1295]
	Parameter C_DWIDTH bound to: 38 - type: integer 
	Parameter C_DEPTH bound to: 128 - type: integer 
	Parameter C_DATA_CNT_WIDTH bound to: 8 - type: integer 
	Parameter C_NEED_ALMOST_EMPTY bound to: 0 - type: integer 
	Parameter C_NEED_ALMOST_FULL bound to: 0 - type: integer 
	Parameter C_USE_BLKMEM bound to: 1 - type: integer 
	Parameter C_FAMILY bound to: zynq - type: string 
INFO: [Synth 8-638] synthesizing module 'sync_fifo_fg__parameterized2' [c:/Users/chris/FPGA_Projects/A-high-speed-data-acquisition-framework-main/AXI_DMA.srcs/sources_1/bd/System/ipshared/a5cb/hdl/lib_fifo_v1_0_rfs.vhd:2250]
	Parameter C_FAMILY bound to: zynq - type: string 
	Parameter C_DCOUNT_WIDTH bound to: 8 - type: integer 
	Parameter C_ENABLE_RLOCS bound to: 0 - type: integer 
	Parameter C_HAS_DCOUNT bound to: 1 - type: integer 
	Parameter C_HAS_RD_ACK bound to: 1 - type: integer 
	Parameter C_HAS_RD_ERR bound to: 0 - type: integer 
	Parameter C_HAS_WR_ACK bound to: 1 - type: integer 
	Parameter C_HAS_WR_ERR bound to: 0 - type: integer 
	Parameter C_HAS_ALMOST_FULL bound to: 0 - type: integer 
	Parameter C_MEMORY_TYPE bound to: 1 - type: integer 
	Parameter C_PORTS_DIFFER bound to: 0 - type: integer 
	Parameter C_RD_ACK_LOW bound to: 0 - type: integer 
	Parameter C_USE_EMBEDDED_REG bound to: 1 - type: integer 
	Parameter C_READ_DATA_WIDTH bound to: 38 - type: integer 
	Parameter C_READ_DEPTH bound to: 128 - type: integer 
	Parameter C_RD_ERR_LOW bound to: 0 - type: integer 
	Parameter C_WR_ACK_LOW bound to: 0 - type: integer 
	Parameter C_WR_ERR_LOW bound to: 0 - type: integer 
	Parameter C_PRELOAD_REGS bound to: 1 - type: integer 
	Parameter C_PRELOAD_LATENCY bound to: 0 - type: integer 
	Parameter C_WRITE_DATA_WIDTH bound to: 38 - type: integer 
	Parameter C_WRITE_DEPTH bound to: 128 - type: integer 
	Parameter C_SYNCHRONIZER_STAGE bound to: 2 - type: integer 
	Parameter C_XPM_FIFO bound to: 1 - type: integer 
	Parameter FIFO_MEMORY_TYPE bound to: block - type: string 
	Parameter FIFO_WRITE_DEPTH bound to: 128 - type: integer 
	Parameter CASCADE_HEIGHT bound to: 0 - type: integer 
	Parameter WRITE_DATA_WIDTH bound to: 38 - type: integer 
	Parameter READ_MODE bound to: fwft - type: string 
	Parameter FIFO_READ_LATENCY bound to: 0 - type: integer 
	Parameter FULL_RESET_VALUE bound to: 1 - type: integer 
	Parameter USE_ADV_FEATURES bound to: 1F1F - type: string 
	Parameter READ_DATA_WIDTH bound to: 38 - type: integer 
	Parameter WR_DATA_COUNT_WIDTH bound to: 8 - type: integer 
	Parameter PROG_FULL_THRESH bound to: 10 - type: integer 
	Parameter RD_DATA_COUNT_WIDTH bound to: 4 - type: integer 
	Parameter PROG_EMPTY_THRESH bound to: 10 - type: integer 
	Parameter DOUT_RESET_VALUE bound to: 0 - type: string 
	Parameter ECC_MODE bound to: no_ecc - type: string 
	Parameter SIM_ASSERT_CHK bound to: 0 - type: integer 
	Parameter WAKEUP_TIME bound to: 0 - type: integer 
INFO: [Synth 8-3491] module 'xpm_fifo_sync' declared at 'C:/baidunetdiskdownload/Vivado2020_2/Vivado/2020.2/data/ip/xpm/xpm_fifo/hdl/xpm_fifo.sv:1947' bound to instance 'xpm_fifo_sync_inst' of component 'xpm_fifo_sync' [c:/Users/chris/FPGA_Projects/A-high-speed-data-acquisition-framework-main/AXI_DMA.srcs/sources_1/bd/System/ipshared/a5cb/hdl/lib_fifo_v1_0_rfs.vhd:2627]
	Parameter FIFO_MEMORY_TYPE bound to: block - type: string 
	Parameter ECC_MODE bound to: no_ecc - type: string 
	Parameter SIM_ASSERT_CHK bound to: 0 - type: integer 
	Parameter CASCADE_HEIGHT bound to: 0 - type: integer 
	Parameter FIFO_WRITE_DEPTH bound to: 128 - type: integer 
	Parameter WRITE_DATA_WIDTH bound to: 38 - type: integer 
	Parameter WR_DATA_COUNT_WIDTH bound to: 8 - type: integer 
	Parameter PROG_FULL_THRESH bound to: 10 - type: integer 
	Parameter FULL_RESET_VALUE bound to: 1 - type: integer 
	Parameter USE_ADV_FEATURES bound to: 1F1F - type: string 
	Parameter READ_MODE bound to: fwft - type: string 
	Parameter FIFO_READ_LATENCY bound to: 0 - type: integer 
	Parameter READ_DATA_WIDTH bound to: 38 - type: integer 
	Parameter RD_DATA_COUNT_WIDTH bound to: 4 - type: integer 
	Parameter PROG_EMPTY_THRESH bound to: 10 - type: integer 
	Parameter DOUT_RESET_VALUE bound to: 0 - type: string 
	Parameter WAKEUP_TIME bound to: 0 - type: integer 
	Parameter EN_ADV_FEATURE_SYNC bound to: 16'b0001111100011111 
	Parameter P_FIFO_MEMORY_TYPE bound to: 2 - type: integer 
	Parameter P_COMMON_CLOCK bound to: 1 - type: integer 
	Parameter P_ECC_MODE bound to: 0 - type: integer 
	Parameter P_READ_MODE bound to: 1 - type: integer 
	Parameter P_WAKEUP_TIME bound to: 2 - type: integer 
	Parameter COMMON_CLOCK bound to: 1 - type: integer 
	Parameter RELATED_CLOCKS bound to: 0 - type: integer 
	Parameter FIFO_MEMORY_TYPE bound to: 2 - type: integer 
	Parameter ECC_MODE bound to: 0 - type: integer 
	Parameter SIM_ASSERT_CHK bound to: 0 - type: integer 
	Parameter CASCADE_HEIGHT bound to: 0 - type: integer 
	Parameter FIFO_WRITE_DEPTH bound to: 128 - type: integer 
	Parameter WRITE_DATA_WIDTH bound to: 38 - type: integer 
	Parameter WR_DATA_COUNT_WIDTH bound to: 8 - type: integer 
	Parameter PROG_FULL_THRESH bound to: 10 - type: integer 
	Parameter USE_ADV_FEATURES bound to: 1F1F - type: string 
	Parameter READ_MODE bound to: 1 - type: integer 
	Parameter FIFO_READ_LATENCY bound to: 0 - type: integer 
	Parameter READ_DATA_WIDTH bound to: 38 - type: integer 
	Parameter RD_DATA_COUNT_WIDTH bound to: 4 - type: integer 
	Parameter PROG_EMPTY_THRESH bound to: 10 - type: integer 
	Parameter DOUT_RESET_VALUE bound to: 0 - type: string 
	Parameter CDC_DEST_SYNC_FF bound to: 2 - type: integer 
	Parameter FULL_RESET_VALUE bound to: 1 - type: integer 
	Parameter REMOVE_WR_RD_PROT_LOGIC bound to: 0 - type: integer 
	Parameter WAKEUP_TIME bound to: 0 - type: integer 
	Parameter VERSION bound to: 0 - type: integer 
	Parameter invalid bound to: 0 - type: integer 
	Parameter stage1_valid bound to: 2 - type: integer 
	Parameter stage2_valid bound to: 1 - type: integer 
	Parameter both_stages_valid bound to: 3 - type: integer 
	Parameter FIFO_MEM_TYPE bound to: 2 - type: integer 
	Parameter RD_MODE bound to: 1 - type: integer 
	Parameter ENABLE_ECC bound to: 0 - type: integer 
	Parameter FIFO_READ_DEPTH bound to: 128 - type: integer 
	Parameter FIFO_SIZE bound to: 4864 - type: integer 
	Parameter WR_WIDTH_LOG bound to: 6 - type: integer 
	Parameter WR_DEPTH_LOG bound to: 7 - type: integer 
	Parameter WR_PNTR_WIDTH bound to: 7 - type: integer 
	Parameter RD_PNTR_WIDTH bound to: 7 - type: integer 
	Parameter FULL_RST_VAL bound to: 1'b1 
	Parameter WR_RD_RATIO bound to: 0 - type: integer 
	Parameter READ_MODE_LL bound to: 1 - type: integer 
	Parameter PF_THRESH_ADJ bound to: 8 - type: integer 
	Parameter PE_THRESH_ADJ bound to: 8 - type: integer 
	Parameter PF_THRESH_MIN bound to: 5 - type: integer 
	Parameter PF_THRESH_MAX bound to: 123 - type: integer 
	Parameter PE_THRESH_MIN bound to: 5 - type: integer 
	Parameter PE_THRESH_MAX bound to: 123 - type: integer 
	Parameter WR_DC_WIDTH_EXT bound to: 8 - type: integer 
	Parameter RD_DC_WIDTH_EXT bound to: 8 - type: integer 
	Parameter RD_LATENCY bound to: 2 - type: integer 
	Parameter WIDTH_RATIO bound to: 1 - type: integer 
	Parameter EN_ADV_FEATURE bound to: 16'b0001111100011111 
	Parameter EN_OF bound to: 1'b1 
	Parameter EN_PF bound to: 1'b1 
	Parameter EN_WDC bound to: 1'b1 
	Parameter EN_AF bound to: 1'b1 
	Parameter EN_WACK bound to: 1'b1 
	Parameter FG_EQ_ASYM_DOUT bound to: 1'b0 
	Parameter EN_UF bound to: 1'b1 
	Parameter EN_PE bound to: 1'b1 
	Parameter EN_RDC bound to: 1'b1 
	Parameter EN_AE bound to: 1'b1 
	Parameter EN_DVLD bound to: 1'b1 
	Parameter COUNTER_WIDTH bound to: 7 - type: integer 
	Parameter RESET_VALUE bound to: 3 - type: integer 
	Parameter COUNTER_WIDTH bound to: 7 - type: integer 
	Parameter RESET_VALUE bound to: 2 - type: integer 
	Parameter MEMORY_TYPE bound to: 1 - type: integer 
	Parameter MEMORY_SIZE bound to: 4864 - type: integer 
	Parameter MEMORY_PRIMITIVE bound to: 2 - type: integer 
	Parameter CLOCKING_MODE bound to: 0 - type: integer 
	Parameter ECC_MODE bound to: 0 - type: integer 
	Parameter MEMORY_INIT_FILE bound to: none - type: string 
	Parameter MEMORY_INIT_PARAM bound to: (null) - type: string 
	Parameter USE_MEM_INIT_MMI bound to: 0 - type: integer 
	Parameter USE_MEM_INIT bound to: 0 - type: integer 
	Parameter MEMORY_OPTIMIZATION bound to: true - type: string 
	Parameter WAKEUP_TIME bound to: 0 - type: integer 
	Parameter AUTO_SLEEP_TIME bound to: 0 - type: integer 
	Parameter MESSAGE_CONTROL bound to: 0 - type: integer 
	Parameter VERSION bound to: 0 - type: integer 
	Parameter USE_EMBEDDED_CONSTRAINT bound to: 0 - type: integer 
	Parameter CASCADE_HEIGHT bound to: 0 - type: integer 
	Parameter SIM_ASSERT_CHK bound to: 0 - type: integer 
	Parameter WRITE_PROTECT bound to: 1 - type: integer 
	Parameter WRITE_DATA_WIDTH_A bound to: 38 - type: integer 
	Parameter READ_DATA_WIDTH_A bound to: 38 - type: integer 
	Parameter BYTE_WRITE_WIDTH_A bound to: 38 - type: integer 
	Parameter ADDR_WIDTH_A bound to: 7 - type: integer 
	Parameter READ_RESET_VALUE_A bound to: 0 - type: string 
	Parameter READ_LATENCY_A bound to: 2 - type: integer 
	Parameter WRITE_MODE_A bound to: 2 - type: integer 
	Parameter RST_MODE_A bound to: SYNC - type: string 
	Parameter WRITE_DATA_WIDTH_B bound to: 38 - type: integer 
	Parameter READ_DATA_WIDTH_B bound to: 38 - type: integer 
	Parameter BYTE_WRITE_WIDTH_B bound to: 38 - type: integer 
	Parameter ADDR_WIDTH_B bound to: 7 - type: integer 
	Parameter READ_RESET_VALUE_B bound to: 0 - type: string 
	Parameter READ_LATENCY_B bound to: 2 - type: integer 
	Parameter WRITE_MODE_B bound to: 2 - type: integer 
	Parameter RST_MODE_B bound to: SYNC - type: string 
	Parameter P_MEMORY_PRIMITIVE bound to: block - type: string 
	Parameter P_MIN_WIDTH_DATA_A bound to: 38 - type: integer 
	Parameter P_MIN_WIDTH_DATA_B bound to: 38 - type: integer 
	Parameter P_MIN_WIDTH_DATA bound to: 38 - type: integer 
	Parameter P_MIN_WIDTH_DATA_ECC bound to: 38 - type: integer 
	Parameter P_MAX_DEPTH_DATA bound to: 128 - type: integer 
	Parameter P_ECC_MODE bound to: no_ecc - type: string 
	Parameter P_MEMORY_OPT bound to: yes - type: string 
	Parameter P_WIDTH_COL_WRITE_A bound to: 38 - type: integer 
	Parameter P_WIDTH_COL_WRITE_B bound to: 38 - type: integer 
	Parameter P_NUM_COLS_WRITE_A bound to: 1 - type: integer 
	Parameter P_NUM_COLS_WRITE_B bound to: 1 - type: integer 
	Parameter P_NUM_ROWS_WRITE_A bound to: 1 - type: integer 
	Parameter P_NUM_ROWS_WRITE_B bound to: 1 - type: integer 
	Parameter P_NUM_ROWS_READ_A bound to: 1 - type: integer 
	Parameter P_NUM_ROWS_READ_B bound to: 1 - type: integer 
	Parameter P_WIDTH_ADDR_WRITE_A bound to: 7 - type: integer 
	Parameter P_WIDTH_ADDR_WRITE_B bound to: 7 - type: integer 
	Parameter P_WIDTH_ADDR_READ_A bound to: 7 - type: integer 
	Parameter P_WIDTH_ADDR_READ_B bound to: 7 - type: integer 
	Parameter P_WIDTH_ADDR_LSB_WRITE_A bound to: 0 - type: integer 
	Parameter P_WIDTH_ADDR_LSB_WRITE_B bound to: 0 - type: integer 
	Parameter P_WIDTH_ADDR_LSB_READ_A bound to: 0 - type: integer 
	Parameter P_WIDTH_ADDR_LSB_READ_B bound to: 0 - type: integer 
	Parameter P_ENABLE_BYTE_WRITE_A bound to: 0 - type: integer 
	Parameter P_ENABLE_BYTE_WRITE_B bound to: 0 - type: integer 
	Parameter P_SDP_WRITE_MODE bound to: no - type: string 
	Parameter rsta_loop_iter bound to: 40 - type: integer 
	Parameter rstb_loop_iter bound to: 40 - type: integer 
	Parameter NUM_CHAR_LOC bound to: 0 - type: integer 
	Parameter MAX_NUM_CHAR bound to: 0 - type: integer 
	Parameter P_MIN_WIDTH_DATA_SHFT bound to: 38 - type: integer 
	Parameter P_MIN_WIDTH_DATA_LDW bound to: 4 - type: integer 
INFO: [Synth 8-226] default block is never used [C:/baidunetdiskdownload/Vivado2020_2/Vivado/2020.2/data/ip/xpm/xpm_fifo/hdl/xpm_fifo.sv:1204]
INFO: [Synth 8-226] default block is never used [C:/baidunetdiskdownload/Vivado2020_2/Vivado/2020.2/data/ip/xpm/xpm_fifo/hdl/xpm_fifo.sv:1271]
INFO: [Synth 8-226] default block is never used [C:/baidunetdiskdownload/Vivado2020_2/Vivado/2020.2/data/ip/xpm/xpm_fifo/hdl/xpm_fifo.sv:1293]
	Parameter COUNTER_WIDTH bound to: 8 - type: integer 
	Parameter RESET_VALUE bound to: 0 - type: integer 
	Parameter COUNTER_WIDTH bound to: 7 - type: integer 
	Parameter RESET_VALUE bound to: 1 - type: integer 
INFO: [Synth 8-256] done synthesizing module 'sync_fifo_fg__parameterized2' (287#1) [c:/Users/chris/FPGA_Projects/A-high-speed-data-acquisition-framework-main/AXI_DMA.srcs/sources_1/bd/System/ipshared/a5cb/hdl/lib_fifo_v1_0_rfs.vhd:2250]
INFO: [Synth 8-256] done synthesizing module 'axi_datamover_sfifo_autord__parameterized2' (287#1) [c:/Users/chris/FPGA_Projects/A-high-speed-data-acquisition-framework-main/AXI_DMA.srcs/sources_1/bd/System/ipshared/4ab6/hdl/axi_datamover_v5_1_vh_rfs.vhd:1295]
INFO: [Synth 8-256] done synthesizing module 'axi_datamover_indet_btt__parameterized0' (287#1) [c:/Users/chris/FPGA_Projects/A-high-speed-data-acquisition-framework-main/AXI_DMA.srcs/sources_1/bd/System/ipshared/4ab6/hdl/axi_datamover_v5_1_vh_rfs.vhd:28430]
INFO: [Synth 8-638] synthesizing module 'axi_datamover_wrdata_cntl__parameterized0' [c:/Users/chris/FPGA_Projects/A-high-speed-data-acquisition-framework-main/AXI_DMA.srcs/sources_1/bd/System/ipshared/4ab6/hdl/axi_datamover_v5_1_vh_rfs.vhd:15674]
	Parameter C_REALIGNER_INCLUDED bound to: 1 - type: integer 
	Parameter C_ENABLE_INDET_BTT bound to: 1 - type: integer 
	Parameter C_SF_BYTES_RCVD_WIDTH bound to: 16 - type: integer 
	Parameter C_SEL_ADDR_WIDTH bound to: 2 - type: integer 
	Parameter C_DATA_CNTL_FIFO_DEPTH bound to: 4 - type: integer 
	Parameter C_MMAP_DWIDTH bound to: 32 - type: integer 
	Parameter C_STREAM_DWIDTH bound to: 32 - type: integer 
	Parameter C_TAG_WIDTH bound to: 4 - type: integer 
	Parameter C_FAMILY bound to: zynq - type: string 
INFO: [Synth 8-256] done synthesizing module 'axi_datamover_wrdata_cntl__parameterized0' (287#1) [c:/Users/chris/FPGA_Projects/A-high-speed-data-acquisition-framework-main/AXI_DMA.srcs/sources_1/bd/System/ipshared/4ab6/hdl/axi_datamover_v5_1_vh_rfs.vhd:15674]
INFO: [Synth 8-256] done synthesizing module 'axi_datamover_s2mm_full_wrap__parameterized0' (287#1) [c:/Users/chris/FPGA_Projects/A-high-speed-data-acquisition-framework-main/AXI_DMA.srcs/sources_1/bd/System/ipshared/4ab6/hdl/axi_datamover_v5_1_vh_rfs.vhd:49997]
INFO: [Synth 8-256] done synthesizing module 'axi_datamover__parameterized0' (287#1) [c:/Users/chris/FPGA_Projects/A-high-speed-data-acquisition-framework-main/AXI_DMA.srcs/sources_1/bd/System/ipshared/4ab6/hdl/axi_datamover_v5_1_vh_rfs.vhd:55436]
INFO: [Synth 8-256] done synthesizing module 'axi_dma__parameterized1' (287#1) [c:/Users/chris/FPGA_Projects/A-high-speed-data-acquisition-framework-main/AXI_DMA.srcs/sources_1/bd/System/ipshared/89d8/hdl/axi_dma_v7_1_vh_rfs.vhd:22178]
INFO: [Synth 8-256] done synthesizing module 'System_scope_dma_1_0' (288#1) [c:/Users/chris/FPGA_Projects/A-high-speed-data-acquisition-framework-main/AXI_DMA.srcs/sources_1/bd/System/ip/System_scope_dma_1_0/synth/System_scope_dma_1_0.vhd:137]
WARNING: [Synth 8-7071] port 's2mm_prmry_reset_out_n' of module 'System_scope_dma_1_0' is unconnected for instance 'scope_dma_1' [C:/Users/chris/FPGA_Projects/A-high-speed-data-acquisition-framework-main/AXI_DMA.srcs/sources_1/bd/System/synth/System.v:2166]
WARNING: [Synth 8-7071] port 'axi_dma_tstvec' of module 'System_scope_dma_1_0' is unconnected for instance 'scope_dma_1' [C:/Users/chris/FPGA_Projects/A-high-speed-data-acquisition-framework-main/AXI_DMA.srcs/sources_1/bd/System/synth/System.v:2166]
WARNING: [Synth 8-7023] instance 'scope_dma_1' of module 'System_scope_dma_1_0' has 73 connections declared, but only 71 given [C:/Users/chris/FPGA_Projects/A-high-speed-data-acquisition-framework-main/AXI_DMA.srcs/sources_1/bd/System/synth/System.v:2166]
INFO: [Synth 8-638] synthesizing module 'bd_6471_psr_aclk_0' [c:/Users/chris/FPGA_Projects/A-high-speed-data-acquisition-framework-main/AXI_DMA.srcs/sources_1/bd/System/ip/System_scope_smc_0/bd_0/ip/ip_1/synth/bd_6471_psr_aclk_0.vhd:74]
	Parameter C_FAMILY bound to: zynq - type: string 
	Parameter C_EXT_RST_WIDTH bound to: 4 - type: integer 
	Parameter C_AUX_RST_WIDTH bound to: 1 - type: integer 
	Parameter C_EXT_RESET_HIGH bound to: 1'b0 
	Parameter C_AUX_RESET_HIGH bound to: 1'b0 
	Parameter C_NUM_BUS_RST bound to: 1 - type: integer 
	Parameter C_NUM_PERP_RST bound to: 1 - type: integer 
	Parameter C_NUM_INTERCONNECT_ARESETN bound to: 1 - type: integer 
	Parameter C_NUM_PERP_ARESETN bound to: 1 - type: integer 
INFO: [Synth 8-3491] module 'proc_sys_reset' declared at 'c:/Users/chris/FPGA_Projects/A-high-speed-data-acquisition-framework-main/AXI_DMA.srcs/sources_1/bd/System/ipshared/8842/hdl/proc_sys_reset_v5_0_vh_rfs.vhd:1264' bound to instance 'U0' of component 'proc_sys_reset' [c:/Users/chris/FPGA_Projects/A-high-speed-data-acquisition-framework-main/AXI_DMA.srcs/sources_1/bd/System/ip/System_scope_smc_0/bd_0/ip/ip_1/synth/bd_6471_psr_aclk_0.vhd:129]
INFO: [Synth 8-256] done synthesizing module 'bd_6471_psr_aclk_0' (290#1) [c:/Users/chris/FPGA_Projects/A-high-speed-data-acquisition-framework-main/AXI_DMA.srcs/sources_1/bd/System/ip/System_scope_smc_0/bd_0/ip/ip_1/synth/bd_6471_psr_aclk_0.vhd:74]
WARNING: [Synth 8-7071] port 'mb_reset' of module 'bd_6471_psr_aclk_0' is unconnected for instance 'psr_aclk' [c:/Users/chris/FPGA_Projects/A-high-speed-data-acquisition-framework-main/AXI_DMA.srcs/sources_1/bd/System/ip/System_scope_smc_0/bd_0/synth/bd_6471.v:1224]
WARNING: [Synth 8-7071] port 'bus_struct_reset' of module 'bd_6471_psr_aclk_0' is unconnected for instance 'psr_aclk' [c:/Users/chris/FPGA_Projects/A-high-speed-data-acquisition-framework-main/AXI_DMA.srcs/sources_1/bd/System/ip/System_scope_smc_0/bd_0/synth/bd_6471.v:1224]
WARNING: [Synth 8-7071] port 'peripheral_reset' of module 'bd_6471_psr_aclk_0' is unconnected for instance 'psr_aclk' [c:/Users/chris/FPGA_Projects/A-high-speed-data-acquisition-framework-main/AXI_DMA.srcs/sources_1/bd/System/ip/System_scope_smc_0/bd_0/synth/bd_6471.v:1224]
WARNING: [Synth 8-7071] port 'peripheral_aresetn' of module 'bd_6471_psr_aclk_0' is unconnected for instance 'psr_aclk' [c:/Users/chris/FPGA_Projects/A-high-speed-data-acquisition-framework-main/AXI_DMA.srcs/sources_1/bd/System/ip/System_scope_smc_0/bd_0/synth/bd_6471.v:1224]
WARNING: [Synth 8-7023] instance 'psr_aclk' of module 'bd_6471_psr_aclk_0' has 10 connections declared, but only 6 given [c:/Users/chris/FPGA_Projects/A-high-speed-data-acquisition-framework-main/AXI_DMA.srcs/sources_1/bd/System/ip/System_scope_smc_0/bd_0/synth/bd_6471.v:1224]
	Parameter MEMORY_TYPE bound to: 1 - type: integer 
	Parameter MEMORY_SIZE bound to: 5120 - type: integer 
	Parameter MEMORY_PRIMITIVE bound to: 1 - type: integer 
	Parameter CLOCKING_MODE bound to: 0 - type: integer 
	Parameter ECC_MODE bound to: 0 - type: integer 
	Parameter MEMORY_INIT_FILE bound to: none - type: string 
	Parameter MEMORY_INIT_PARAM bound to: (null) - type: string 
	Parameter USE_MEM_INIT_MMI bound to: 0 - type: integer 
	Parameter USE_MEM_INIT bound to: 0 - type: integer 
	Parameter MEMORY_OPTIMIZATION bound to: true - type: string 
	Parameter WAKEUP_TIME bound to: 0 - type: integer 
	Parameter AUTO_SLEEP_TIME bound to: 0 - type: integer 
	Parameter MESSAGE_CONTROL bound to: 0 - type: integer 
	Parameter VERSION bound to: 0 - type: integer 
	Parameter USE_EMBEDDED_CONSTRAINT bound to: 0 - type: integer 
	Parameter CASCADE_HEIGHT bound to: 0 - type: integer 
	Parameter SIM_ASSERT_CHK bound to: 0 - type: integer 
	Parameter WRITE_PROTECT bound to: 1 - type: integer 
	Parameter WRITE_DATA_WIDTH_A bound to: 160 - type: integer 
	Parameter READ_DATA_WIDTH_A bound to: 160 - type: integer 
	Parameter BYTE_WRITE_WIDTH_A bound to: 160 - type: integer 
	Parameter ADDR_WIDTH_A bound to: 5 - type: integer 
	Parameter READ_RESET_VALUE_A bound to: 0 - type: string 
	Parameter READ_LATENCY_A bound to: 2 - type: integer 
	Parameter WRITE_MODE_A bound to: 1 - type: integer 
	Parameter RST_MODE_A bound to: SYNC - type: string 
	Parameter WRITE_DATA_WIDTH_B bound to: 160 - type: integer 
	Parameter READ_DATA_WIDTH_B bound to: 160 - type: integer 
	Parameter BYTE_WRITE_WIDTH_B bound to: 160 - type: integer 
	Parameter ADDR_WIDTH_B bound to: 5 - type: integer 
	Parameter READ_RESET_VALUE_B bound to: 0 - type: string 
	Parameter READ_LATENCY_B bound to: 1 - type: integer 
	Parameter WRITE_MODE_B bound to: 1 - type: integer 
	Parameter RST_MODE_B bound to: SYNC - type: string 
	Parameter P_MEMORY_PRIMITIVE bound to: distributed - type: string 
	Parameter P_MIN_WIDTH_DATA_A bound to: 160 - type: integer 
	Parameter P_MIN_WIDTH_DATA_B bound to: 160 - type: integer 
	Parameter P_MIN_WIDTH_DATA bound to: 160 - type: integer 
	Parameter P_MIN_WIDTH_DATA_ECC bound to: 160 - type: integer 
	Parameter P_MAX_DEPTH_DATA bound to: 32 - type: integer 
	Parameter P_ECC_MODE bound to: no_ecc - type: string 
	Parameter P_MEMORY_OPT bound to: yes - type: string 
	Parameter P_WIDTH_COL_WRITE_A bound to: 160 - type: integer 
	Parameter P_WIDTH_COL_WRITE_B bound to: 160 - type: integer 
	Parameter P_NUM_COLS_WRITE_A bound to: 1 - type: integer 
	Parameter P_NUM_COLS_WRITE_B bound to: 1 - type: integer 
	Parameter P_NUM_ROWS_WRITE_A bound to: 1 - type: integer 
	Parameter P_NUM_ROWS_WRITE_B bound to: 1 - type: integer 
	Parameter P_NUM_ROWS_READ_A bound to: 1 - type: integer 
	Parameter P_NUM_ROWS_READ_B bound to: 1 - type: integer 
	Parameter P_WIDTH_ADDR_WRITE_A bound to: 5 - type: integer 
	Parameter P_WIDTH_ADDR_WRITE_B bound to: 5 - type: integer 
	Parameter P_WIDTH_ADDR_READ_A bound to: 5 - type: integer 
	Parameter P_WIDTH_ADDR_READ_B bound to: 5 - type: integer 
	Parameter P_WIDTH_ADDR_LSB_WRITE_A bound to: 0 - type: integer 
	Parameter P_WIDTH_ADDR_LSB_WRITE_B bound to: 0 - type: integer 
	Parameter P_WIDTH_ADDR_LSB_READ_A bound to: 0 - type: integer 
	Parameter P_WIDTH_ADDR_LSB_READ_B bound to: 0 - type: integer 
	Parameter P_ENABLE_BYTE_WRITE_A bound to: 0 - type: integer 
	Parameter P_ENABLE_BYTE_WRITE_B bound to: 0 - type: integer 
	Parameter P_SDP_WRITE_MODE bound to: yes - type: string 
	Parameter rsta_loop_iter bound to: 160 - type: integer 
	Parameter rstb_loop_iter bound to: 160 - type: integer 
	Parameter NUM_CHAR_LOC bound to: 0 - type: integer 
	Parameter MAX_NUM_CHAR bound to: 0 - type: integer 
	Parameter P_MIN_WIDTH_DATA_SHFT bound to: 160 - type: integer 
	Parameter P_MIN_WIDTH_DATA_LDW bound to: 4 - type: integer 
	Parameter MEMORY_TYPE bound to: 1 - type: integer 
	Parameter MEMORY_SIZE bound to: 608 - type: integer 
	Parameter MEMORY_PRIMITIVE bound to: 1 - type: integer 
	Parameter CLOCKING_MODE bound to: 0 - type: integer 
	Parameter ECC_MODE bound to: 0 - type: integer 
	Parameter MEMORY_INIT_FILE bound to: none - type: string 
	Parameter MEMORY_INIT_PARAM bound to: (null) - type: string 
	Parameter USE_MEM_INIT_MMI bound to: 0 - type: integer 
	Parameter USE_MEM_INIT bound to: 0 - type: integer 
	Parameter MEMORY_OPTIMIZATION bound to: true - type: string 
	Parameter WAKEUP_TIME bound to: 0 - type: integer 
	Parameter AUTO_SLEEP_TIME bound to: 0 - type: integer 
	Parameter MESSAGE_CONTROL bound to: 0 - type: integer 
	Parameter VERSION bound to: 0 - type: integer 
	Parameter USE_EMBEDDED_CONSTRAINT bound to: 0 - type: integer 
	Parameter CASCADE_HEIGHT bound to: 0 - type: integer 
	Parameter SIM_ASSERT_CHK bound to: 0 - type: integer 
	Parameter WRITE_PROTECT bound to: 1 - type: integer 
	Parameter WRITE_DATA_WIDTH_A bound to: 19 - type: integer 
	Parameter READ_DATA_WIDTH_A bound to: 19 - type: integer 
	Parameter BYTE_WRITE_WIDTH_A bound to: 19 - type: integer 
	Parameter ADDR_WIDTH_A bound to: 5 - type: integer 
	Parameter READ_RESET_VALUE_A bound to: 0 - type: string 
	Parameter READ_LATENCY_A bound to: 2 - type: integer 
	Parameter WRITE_MODE_A bound to: 1 - type: integer 
	Parameter RST_MODE_A bound to: SYNC - type: string 
	Parameter WRITE_DATA_WIDTH_B bound to: 19 - type: integer 
	Parameter READ_DATA_WIDTH_B bound to: 19 - type: integer 
	Parameter BYTE_WRITE_WIDTH_B bound to: 19 - type: integer 
	Parameter ADDR_WIDTH_B bound to: 5 - type: integer 
	Parameter READ_RESET_VALUE_B bound to: 0 - type: string 
	Parameter READ_LATENCY_B bound to: 1 - type: integer 
	Parameter WRITE_MODE_B bound to: 1 - type: integer 
	Parameter RST_MODE_B bound to: SYNC - type: string 
	Parameter P_MEMORY_PRIMITIVE bound to: distributed - type: string 
	Parameter P_MIN_WIDTH_DATA_A bound to: 19 - type: integer 
	Parameter P_MIN_WIDTH_DATA_B bound to: 19 - type: integer 
	Parameter P_MIN_WIDTH_DATA bound to: 19 - type: integer 
	Parameter P_MIN_WIDTH_DATA_ECC bound to: 19 - type: integer 
	Parameter P_MAX_DEPTH_DATA bound to: 32 - type: integer 
	Parameter P_ECC_MODE bound to: no_ecc - type: string 
	Parameter P_MEMORY_OPT bound to: yes - type: string 
	Parameter P_WIDTH_COL_WRITE_A bound to: 19 - type: integer 
	Parameter P_WIDTH_COL_WRITE_B bound to: 19 - type: integer 
	Parameter P_NUM_COLS_WRITE_A bound to: 1 - type: integer 
	Parameter P_NUM_COLS_WRITE_B bound to: 1 - type: integer 
	Parameter P_NUM_ROWS_WRITE_A bound to: 1 - type: integer 
	Parameter P_NUM_ROWS_WRITE_B bound to: 1 - type: integer 
	Parameter P_NUM_ROWS_READ_A bound to: 1 - type: integer 
	Parameter P_NUM_ROWS_READ_B bound to: 1 - type: integer 
	Parameter P_WIDTH_ADDR_WRITE_A bound to: 5 - type: integer 
	Parameter P_WIDTH_ADDR_WRITE_B bound to: 5 - type: integer 
	Parameter P_WIDTH_ADDR_READ_A bound to: 5 - type: integer 
	Parameter P_WIDTH_ADDR_READ_B bound to: 5 - type: integer 
	Parameter P_WIDTH_ADDR_LSB_WRITE_A bound to: 0 - type: integer 
	Parameter P_WIDTH_ADDR_LSB_WRITE_B bound to: 0 - type: integer 
	Parameter P_WIDTH_ADDR_LSB_READ_A bound to: 0 - type: integer 
	Parameter P_WIDTH_ADDR_LSB_READ_B bound to: 0 - type: integer 
	Parameter P_ENABLE_BYTE_WRITE_A bound to: 0 - type: integer 
	Parameter P_ENABLE_BYTE_WRITE_B bound to: 0 - type: integer 
	Parameter P_SDP_WRITE_MODE bound to: yes - type: string 
	Parameter rsta_loop_iter bound to: 20 - type: integer 
	Parameter rstb_loop_iter bound to: 20 - type: integer 
	Parameter NUM_CHAR_LOC bound to: 0 - type: integer 
	Parameter MAX_NUM_CHAR bound to: 0 - type: integer 
	Parameter P_MIN_WIDTH_DATA_SHFT bound to: 19 - type: integer 
	Parameter P_MIN_WIDTH_DATA_LDW bound to: 4 - type: integer 
	Parameter MEMORY_TYPE bound to: 1 - type: integer 
	Parameter MEMORY_SIZE bound to: 256 - type: integer 
	Parameter MEMORY_PRIMITIVE bound to: 1 - type: integer 
	Parameter CLOCKING_MODE bound to: 0 - type: integer 
	Parameter ECC_MODE bound to: 0 - type: integer 
	Parameter MEMORY_INIT_FILE bound to: none - type: string 
	Parameter MEMORY_INIT_PARAM bound to: (null) - type: string 
	Parameter USE_MEM_INIT_MMI bound to: 0 - type: integer 
	Parameter USE_MEM_INIT bound to: 0 - type: integer 
	Parameter MEMORY_OPTIMIZATION bound to: true - type: string 
	Parameter WAKEUP_TIME bound to: 0 - type: integer 
	Parameter AUTO_SLEEP_TIME bound to: 0 - type: integer 
	Parameter MESSAGE_CONTROL bound to: 0 - type: integer 
	Parameter VERSION bound to: 0 - type: integer 
	Parameter USE_EMBEDDED_CONSTRAINT bound to: 0 - type: integer 
	Parameter CASCADE_HEIGHT bound to: 0 - type: integer 
	Parameter SIM_ASSERT_CHK bound to: 0 - type: integer 
	Parameter WRITE_PROTECT bound to: 1 - type: integer 
	Parameter WRITE_DATA_WIDTH_A bound to: 8 - type: integer 
	Parameter READ_DATA_WIDTH_A bound to: 8 - type: integer 
	Parameter BYTE_WRITE_WIDTH_A bound to: 8 - type: integer 
	Parameter ADDR_WIDTH_A bound to: 5 - type: integer 
	Parameter READ_RESET_VALUE_A bound to: 0 - type: string 
	Parameter READ_LATENCY_A bound to: 2 - type: integer 
	Parameter WRITE_MODE_A bound to: 1 - type: integer 
	Parameter RST_MODE_A bound to: SYNC - type: string 
	Parameter WRITE_DATA_WIDTH_B bound to: 8 - type: integer 
	Parameter READ_DATA_WIDTH_B bound to: 8 - type: integer 
	Parameter BYTE_WRITE_WIDTH_B bound to: 8 - type: integer 
	Parameter ADDR_WIDTH_B bound to: 5 - type: integer 
	Parameter READ_RESET_VALUE_B bound to: 0 - type: string 
	Parameter READ_LATENCY_B bound to: 1 - type: integer 
	Parameter WRITE_MODE_B bound to: 1 - type: integer 
	Parameter RST_MODE_B bound to: SYNC - type: string 
	Parameter P_MEMORY_PRIMITIVE bound to: distributed - type: string 
	Parameter P_MIN_WIDTH_DATA_A bound to: 8 - type: integer 
	Parameter P_MIN_WIDTH_DATA_B bound to: 8 - type: integer 
	Parameter P_MIN_WIDTH_DATA bound to: 8 - type: integer 
	Parameter P_MIN_WIDTH_DATA_ECC bound to: 8 - type: integer 
	Parameter P_MAX_DEPTH_DATA bound to: 32 - type: integer 
	Parameter P_ECC_MODE bound to: no_ecc - type: string 
	Parameter P_MEMORY_OPT bound to: yes - type: string 
	Parameter P_WIDTH_COL_WRITE_A bound to: 8 - type: integer 
	Parameter P_WIDTH_COL_WRITE_B bound to: 8 - type: integer 
	Parameter P_NUM_COLS_WRITE_A bound to: 1 - type: integer 
	Parameter P_NUM_COLS_WRITE_B bound to: 1 - type: integer 
	Parameter P_NUM_ROWS_WRITE_A bound to: 1 - type: integer 
	Parameter P_NUM_ROWS_WRITE_B bound to: 1 - type: integer 
	Parameter P_NUM_ROWS_READ_A bound to: 1 - type: integer 
	Parameter P_NUM_ROWS_READ_B bound to: 1 - type: integer 
	Parameter P_WIDTH_ADDR_WRITE_A bound to: 5 - type: integer 
	Parameter P_WIDTH_ADDR_WRITE_B bound to: 5 - type: integer 
	Parameter P_WIDTH_ADDR_READ_A bound to: 5 - type: integer 
	Parameter P_WIDTH_ADDR_READ_B bound to: 5 - type: integer 
	Parameter P_WIDTH_ADDR_LSB_WRITE_A bound to: 0 - type: integer 
	Parameter P_WIDTH_ADDR_LSB_WRITE_B bound to: 0 - type: integer 
	Parameter P_WIDTH_ADDR_LSB_READ_A bound to: 0 - type: integer 
	Parameter P_WIDTH_ADDR_LSB_READ_B bound to: 0 - type: integer 
	Parameter P_ENABLE_BYTE_WRITE_A bound to: 0 - type: integer 
	Parameter P_ENABLE_BYTE_WRITE_B bound to: 0 - type: integer 
	Parameter P_SDP_WRITE_MODE bound to: yes - type: string 
	Parameter rsta_loop_iter bound to: 8 - type: integer 
	Parameter rstb_loop_iter bound to: 8 - type: integer 
	Parameter NUM_CHAR_LOC bound to: 0 - type: integer 
	Parameter MAX_NUM_CHAR bound to: 0 - type: integer 
	Parameter P_MIN_WIDTH_DATA_SHFT bound to: 8 - type: integer 
	Parameter P_MIN_WIDTH_DATA_LDW bound to: 4 - type: integer 
	Parameter MEMORY_TYPE bound to: 1 - type: integer 
	Parameter MEMORY_SIZE bound to: 2752 - type: integer 
	Parameter MEMORY_PRIMITIVE bound to: 1 - type: integer 
	Parameter CLOCKING_MODE bound to: 0 - type: integer 
	Parameter ECC_MODE bound to: 0 - type: integer 
	Parameter MEMORY_INIT_FILE bound to: none - type: string 
	Parameter MEMORY_INIT_PARAM bound to: (null) - type: string 
	Parameter USE_MEM_INIT_MMI bound to: 0 - type: integer 
	Parameter USE_MEM_INIT bound to: 0 - type: integer 
	Parameter MEMORY_OPTIMIZATION bound to: true - type: string 
	Parameter WAKEUP_TIME bound to: 0 - type: integer 
	Parameter AUTO_SLEEP_TIME bound to: 0 - type: integer 
	Parameter MESSAGE_CONTROL bound to: 0 - type: integer 
	Parameter VERSION bound to: 0 - type: integer 
	Parameter USE_EMBEDDED_CONSTRAINT bound to: 0 - type: integer 
	Parameter CASCADE_HEIGHT bound to: 0 - type: integer 
	Parameter SIM_ASSERT_CHK bound to: 0 - type: integer 
	Parameter WRITE_PROTECT bound to: 1 - type: integer 
	Parameter WRITE_DATA_WIDTH_A bound to: 86 - type: integer 
	Parameter READ_DATA_WIDTH_A bound to: 86 - type: integer 
	Parameter BYTE_WRITE_WIDTH_A bound to: 86 - type: integer 
	Parameter ADDR_WIDTH_A bound to: 5 - type: integer 
	Parameter READ_RESET_VALUE_A bound to: 0 - type: string 
	Parameter READ_LATENCY_A bound to: 2 - type: integer 
	Parameter WRITE_MODE_A bound to: 1 - type: integer 
	Parameter RST_MODE_A bound to: SYNC - type: string 
	Parameter WRITE_DATA_WIDTH_B bound to: 86 - type: integer 
	Parameter READ_DATA_WIDTH_B bound to: 86 - type: integer 
	Parameter BYTE_WRITE_WIDTH_B bound to: 86 - type: integer 
	Parameter ADDR_WIDTH_B bound to: 5 - type: integer 
	Parameter READ_RESET_VALUE_B bound to: 0 - type: string 
	Parameter READ_LATENCY_B bound to: 1 - type: integer 
	Parameter WRITE_MODE_B bound to: 1 - type: integer 
	Parameter RST_MODE_B bound to: SYNC - type: string 
	Parameter P_MEMORY_PRIMITIVE bound to: distributed - type: string 
	Parameter P_MIN_WIDTH_DATA_A bound to: 86 - type: integer 
	Parameter P_MIN_WIDTH_DATA_B bound to: 86 - type: integer 
	Parameter P_MIN_WIDTH_DATA bound to: 86 - type: integer 
	Parameter P_MIN_WIDTH_DATA_ECC bound to: 86 - type: integer 
	Parameter P_MAX_DEPTH_DATA bound to: 32 - type: integer 
	Parameter P_ECC_MODE bound to: no_ecc - type: string 
	Parameter P_MEMORY_OPT bound to: yes - type: string 
	Parameter P_WIDTH_COL_WRITE_A bound to: 86 - type: integer 
	Parameter P_WIDTH_COL_WRITE_B bound to: 86 - type: integer 
	Parameter P_NUM_COLS_WRITE_A bound to: 1 - type: integer 
	Parameter P_NUM_COLS_WRITE_B bound to: 1 - type: integer 
	Parameter P_NUM_ROWS_WRITE_A bound to: 1 - type: integer 
	Parameter P_NUM_ROWS_WRITE_B bound to: 1 - type: integer 
	Parameter P_NUM_ROWS_READ_A bound to: 1 - type: integer 
	Parameter P_NUM_ROWS_READ_B bound to: 1 - type: integer 
	Parameter P_WIDTH_ADDR_WRITE_A bound to: 5 - type: integer 
	Parameter P_WIDTH_ADDR_WRITE_B bound to: 5 - type: integer 
	Parameter P_WIDTH_ADDR_READ_A bound to: 5 - type: integer 
	Parameter P_WIDTH_ADDR_READ_B bound to: 5 - type: integer 
	Parameter P_WIDTH_ADDR_LSB_WRITE_A bound to: 0 - type: integer 
	Parameter P_WIDTH_ADDR_LSB_WRITE_B bound to: 0 - type: integer 
	Parameter P_WIDTH_ADDR_LSB_READ_A bound to: 0 - type: integer 
	Parameter P_WIDTH_ADDR_LSB_READ_B bound to: 0 - type: integer 
	Parameter P_ENABLE_BYTE_WRITE_A bound to: 0 - type: integer 
	Parameter P_ENABLE_BYTE_WRITE_B bound to: 0 - type: integer 
	Parameter P_SDP_WRITE_MODE bound to: yes - type: string 
	Parameter rsta_loop_iter bound to: 88 - type: integer 
	Parameter rstb_loop_iter bound to: 88 - type: integer 
	Parameter NUM_CHAR_LOC bound to: 0 - type: integer 
	Parameter MAX_NUM_CHAR bound to: 0 - type: integer 
	Parameter P_MIN_WIDTH_DATA_SHFT bound to: 86 - type: integer 
	Parameter P_MIN_WIDTH_DATA_LDW bound to: 4 - type: integer 
	Parameter MEMORY_TYPE bound to: 1 - type: integer 
	Parameter MEMORY_SIZE bound to: 3392 - type: integer 
	Parameter MEMORY_PRIMITIVE bound to: 1 - type: integer 
	Parameter CLOCKING_MODE bound to: 0 - type: integer 
	Parameter ECC_MODE bound to: 0 - type: integer 
	Parameter MEMORY_INIT_FILE bound to: none - type: string 
	Parameter MEMORY_INIT_PARAM bound to: (null) - type: string 
	Parameter USE_MEM_INIT_MMI bound to: 0 - type: integer 
	Parameter USE_MEM_INIT bound to: 0 - type: integer 
	Parameter MEMORY_OPTIMIZATION bound to: true - type: string 
	Parameter WAKEUP_TIME bound to: 0 - type: integer 
	Parameter AUTO_SLEEP_TIME bound to: 0 - type: integer 
	Parameter MESSAGE_CONTROL bound to: 0 - type: integer 
	Parameter VERSION bound to: 0 - type: integer 
	Parameter USE_EMBEDDED_CONSTRAINT bound to: 0 - type: integer 
	Parameter CASCADE_HEIGHT bound to: 0 - type: integer 
	Parameter SIM_ASSERT_CHK bound to: 0 - type: integer 
	Parameter WRITE_PROTECT bound to: 1 - type: integer 
	Parameter WRITE_DATA_WIDTH_A bound to: 106 - type: integer 
	Parameter READ_DATA_WIDTH_A bound to: 106 - type: integer 
	Parameter BYTE_WRITE_WIDTH_A bound to: 106 - type: integer 
	Parameter ADDR_WIDTH_A bound to: 5 - type: integer 
	Parameter READ_RESET_VALUE_A bound to: 0 - type: string 
	Parameter READ_LATENCY_A bound to: 2 - type: integer 
	Parameter WRITE_MODE_A bound to: 1 - type: integer 
	Parameter RST_MODE_A bound to: SYNC - type: string 
	Parameter WRITE_DATA_WIDTH_B bound to: 106 - type: integer 
	Parameter READ_DATA_WIDTH_B bound to: 106 - type: integer 
	Parameter BYTE_WRITE_WIDTH_B bound to: 106 - type: integer 
	Parameter ADDR_WIDTH_B bound to: 5 - type: integer 
	Parameter READ_RESET_VALUE_B bound to: 0 - type: string 
	Parameter READ_LATENCY_B bound to: 1 - type: integer 
	Parameter WRITE_MODE_B bound to: 1 - type: integer 
	Parameter RST_MODE_B bound to: SYNC - type: string 
	Parameter P_MEMORY_PRIMITIVE bound to: distributed - type: string 
	Parameter P_MIN_WIDTH_DATA_A bound to: 106 - type: integer 
	Parameter P_MIN_WIDTH_DATA_B bound to: 106 - type: integer 
	Parameter P_MIN_WIDTH_DATA bound to: 106 - type: integer 
	Parameter P_MIN_WIDTH_DATA_ECC bound to: 106 - type: integer 
	Parameter P_MAX_DEPTH_DATA bound to: 32 - type: integer 
	Parameter P_ECC_MODE bound to: no_ecc - type: string 
	Parameter P_MEMORY_OPT bound to: yes - type: string 
	Parameter P_WIDTH_COL_WRITE_A bound to: 106 - type: integer 
	Parameter P_WIDTH_COL_WRITE_B bound to: 106 - type: integer 
	Parameter P_NUM_COLS_WRITE_A bound to: 1 - type: integer 
	Parameter P_NUM_COLS_WRITE_B bound to: 1 - type: integer 
	Parameter P_NUM_ROWS_WRITE_A bound to: 1 - type: integer 
	Parameter P_NUM_ROWS_WRITE_B bound to: 1 - type: integer 
	Parameter P_NUM_ROWS_READ_A bound to: 1 - type: integer 
	Parameter P_NUM_ROWS_READ_B bound to: 1 - type: integer 
	Parameter P_WIDTH_ADDR_WRITE_A bound to: 5 - type: integer 
	Parameter P_WIDTH_ADDR_WRITE_B bound to: 5 - type: integer 
	Parameter P_WIDTH_ADDR_READ_A bound to: 5 - type: integer 
	Parameter P_WIDTH_ADDR_READ_B bound to: 5 - type: integer 
	Parameter P_WIDTH_ADDR_LSB_WRITE_A bound to: 0 - type: integer 
	Parameter P_WIDTH_ADDR_LSB_WRITE_B bound to: 0 - type: integer 
	Parameter P_WIDTH_ADDR_LSB_READ_A bound to: 0 - type: integer 
	Parameter P_WIDTH_ADDR_LSB_READ_B bound to: 0 - type: integer 
	Parameter P_ENABLE_BYTE_WRITE_A bound to: 0 - type: integer 
	Parameter P_ENABLE_BYTE_WRITE_B bound to: 0 - type: integer 
	Parameter P_SDP_WRITE_MODE bound to: yes - type: string 
	Parameter rsta_loop_iter bound to: 108 - type: integer 
	Parameter rstb_loop_iter bound to: 108 - type: integer 
	Parameter NUM_CHAR_LOC bound to: 0 - type: integer 
	Parameter MAX_NUM_CHAR bound to: 0 - type: integer 
	Parameter P_MIN_WIDTH_DATA_SHFT bound to: 106 - type: integer 
	Parameter P_MIN_WIDTH_DATA_LDW bound to: 4 - type: integer 
WARNING: [Synth 8-7071] port 'm_axi_awburst' of module 'bd_6471_s00tr_0' is unconnected for instance 's00_transaction_regulator' [c:/Users/chris/FPGA_Projects/A-high-speed-data-acquisition-framework-main/AXI_DMA.srcs/sources_1/bd/System/ip/System_scope_smc_0/bd_0/synth/bd_6471.v:2207]
WARNING: [Synth 8-7023] instance 's00_transaction_regulator' of module 'bd_6471_s00tr_0' has 46 connections declared, but only 45 given [c:/Users/chris/FPGA_Projects/A-high-speed-data-acquisition-framework-main/AXI_DMA.srcs/sources_1/bd/System/ip/System_scope_smc_0/bd_0/synth/bd_6471.v:2207]
	Parameter MEMORY_TYPE bound to: 1 - type: integer 
	Parameter MEMORY_SIZE bound to: 832 - type: integer 
	Parameter MEMORY_PRIMITIVE bound to: 1 - type: integer 
	Parameter CLOCKING_MODE bound to: 0 - type: integer 
	Parameter ECC_MODE bound to: 0 - type: integer 
	Parameter MEMORY_INIT_FILE bound to: none - type: string 
	Parameter MEMORY_INIT_PARAM bound to: (null) - type: string 
	Parameter USE_MEM_INIT_MMI bound to: 0 - type: integer 
	Parameter USE_MEM_INIT bound to: 0 - type: integer 
	Parameter MEMORY_OPTIMIZATION bound to: true - type: string 
	Parameter WAKEUP_TIME bound to: 0 - type: integer 
	Parameter AUTO_SLEEP_TIME bound to: 0 - type: integer 
	Parameter MESSAGE_CONTROL bound to: 0 - type: integer 
	Parameter VERSION bound to: 0 - type: integer 
	Parameter USE_EMBEDDED_CONSTRAINT bound to: 0 - type: integer 
	Parameter CASCADE_HEIGHT bound to: 0 - type: integer 
	Parameter SIM_ASSERT_CHK bound to: 0 - type: integer 
	Parameter WRITE_PROTECT bound to: 1 - type: integer 
	Parameter WRITE_DATA_WIDTH_A bound to: 26 - type: integer 
	Parameter READ_DATA_WIDTH_A bound to: 26 - type: integer 
	Parameter BYTE_WRITE_WIDTH_A bound to: 26 - type: integer 
	Parameter ADDR_WIDTH_A bound to: 5 - type: integer 
	Parameter READ_RESET_VALUE_A bound to: 0 - type: string 
	Parameter READ_LATENCY_A bound to: 2 - type: integer 
	Parameter WRITE_MODE_A bound to: 1 - type: integer 
	Parameter RST_MODE_A bound to: SYNC - type: string 
	Parameter WRITE_DATA_WIDTH_B bound to: 26 - type: integer 
	Parameter READ_DATA_WIDTH_B bound to: 26 - type: integer 
	Parameter BYTE_WRITE_WIDTH_B bound to: 26 - type: integer 
	Parameter ADDR_WIDTH_B bound to: 5 - type: integer 
	Parameter READ_RESET_VALUE_B bound to: 0 - type: string 
	Parameter READ_LATENCY_B bound to: 1 - type: integer 
	Parameter WRITE_MODE_B bound to: 1 - type: integer 
	Parameter RST_MODE_B bound to: SYNC - type: string 
	Parameter P_MEMORY_PRIMITIVE bound to: distributed - type: string 
	Parameter P_MIN_WIDTH_DATA_A bound to: 26 - type: integer 
	Parameter P_MIN_WIDTH_DATA_B bound to: 26 - type: integer 
	Parameter P_MIN_WIDTH_DATA bound to: 26 - type: integer 
	Parameter P_MIN_WIDTH_DATA_ECC bound to: 26 - type: integer 
	Parameter P_MAX_DEPTH_DATA bound to: 32 - type: integer 
	Parameter P_ECC_MODE bound to: no_ecc - type: string 
	Parameter P_MEMORY_OPT bound to: yes - type: string 
	Parameter P_WIDTH_COL_WRITE_A bound to: 26 - type: integer 
	Parameter P_WIDTH_COL_WRITE_B bound to: 26 - type: integer 
	Parameter P_NUM_COLS_WRITE_A bound to: 1 - type: integer 
	Parameter P_NUM_COLS_WRITE_B bound to: 1 - type: integer 
	Parameter P_NUM_ROWS_WRITE_A bound to: 1 - type: integer 
	Parameter P_NUM_ROWS_WRITE_B bound to: 1 - type: integer 
	Parameter P_NUM_ROWS_READ_A bound to: 1 - type: integer 
	Parameter P_NUM_ROWS_READ_B bound to: 1 - type: integer 
	Parameter P_WIDTH_ADDR_WRITE_A bound to: 5 - type: integer 
	Parameter P_WIDTH_ADDR_WRITE_B bound to: 5 - type: integer 
	Parameter P_WIDTH_ADDR_READ_A bound to: 5 - type: integer 
	Parameter P_WIDTH_ADDR_READ_B bound to: 5 - type: integer 
	Parameter P_WIDTH_ADDR_LSB_WRITE_A bound to: 0 - type: integer 
	Parameter P_WIDTH_ADDR_LSB_WRITE_B bound to: 0 - type: integer 
	Parameter P_WIDTH_ADDR_LSB_READ_A bound to: 0 - type: integer 
	Parameter P_WIDTH_ADDR_LSB_READ_B bound to: 0 - type: integer 
	Parameter P_ENABLE_BYTE_WRITE_A bound to: 0 - type: integer 
	Parameter P_ENABLE_BYTE_WRITE_B bound to: 0 - type: integer 
	Parameter P_SDP_WRITE_MODE bound to: yes - type: string 
	Parameter rsta_loop_iter bound to: 28 - type: integer 
	Parameter rstb_loop_iter bound to: 28 - type: integer 
	Parameter NUM_CHAR_LOC bound to: 0 - type: integer 
	Parameter MAX_NUM_CHAR bound to: 0 - type: integer 
	Parameter P_MIN_WIDTH_DATA_SHFT bound to: 26 - type: integer 
	Parameter P_MIN_WIDTH_DATA_LDW bound to: 4 - type: integer 
WARNING: [Synth 8-7071] port 'm_axi_awburst' of module 'bd_6471_s01tr_0' is unconnected for instance 's01_transaction_regulator' [c:/Users/chris/FPGA_Projects/A-high-speed-data-acquisition-framework-main/AXI_DMA.srcs/sources_1/bd/System/ip/System_scope_smc_0/bd_0/synth/bd_6471.v:2969]
WARNING: [Synth 8-7071] port 'm_axi_arburst' of module 'bd_6471_s01tr_0' is unconnected for instance 's01_transaction_regulator' [c:/Users/chris/FPGA_Projects/A-high-speed-data-acquisition-framework-main/AXI_DMA.srcs/sources_1/bd/System/ip/System_scope_smc_0/bd_0/synth/bd_6471.v:2969]
WARNING: [Synth 8-7023] instance 's01_transaction_regulator' of module 'bd_6471_s01tr_0' has 82 connections declared, but only 80 given [c:/Users/chris/FPGA_Projects/A-high-speed-data-acquisition-framework-main/AXI_DMA.srcs/sources_1/bd/System/ip/System_scope_smc_0/bd_0/synth/bd_6471.v:2969]
	Parameter MEMORY_TYPE bound to: 1 - type: integer 
	Parameter MEMORY_SIZE bound to: 3328 - type: integer 
	Parameter MEMORY_PRIMITIVE bound to: 1 - type: integer 
	Parameter CLOCKING_MODE bound to: 0 - type: integer 
	Parameter ECC_MODE bound to: 0 - type: integer 
	Parameter MEMORY_INIT_FILE bound to: none - type: string 
	Parameter MEMORY_INIT_PARAM bound to: (null) - type: string 
	Parameter USE_MEM_INIT_MMI bound to: 0 - type: integer 
	Parameter USE_MEM_INIT bound to: 0 - type: integer 
	Parameter MEMORY_OPTIMIZATION bound to: true - type: string 
	Parameter WAKEUP_TIME bound to: 0 - type: integer 
	Parameter AUTO_SLEEP_TIME bound to: 0 - type: integer 
	Parameter MESSAGE_CONTROL bound to: 0 - type: integer 
	Parameter VERSION bound to: 0 - type: integer 
	Parameter USE_EMBEDDED_CONSTRAINT bound to: 0 - type: integer 
	Parameter CASCADE_HEIGHT bound to: 0 - type: integer 
	Parameter SIM_ASSERT_CHK bound to: 0 - type: integer 
	Parameter WRITE_PROTECT bound to: 1 - type: integer 
	Parameter WRITE_DATA_WIDTH_A bound to: 104 - type: integer 
	Parameter READ_DATA_WIDTH_A bound to: 104 - type: integer 
	Parameter BYTE_WRITE_WIDTH_A bound to: 104 - type: integer 
	Parameter ADDR_WIDTH_A bound to: 5 - type: integer 
	Parameter READ_RESET_VALUE_A bound to: 0 - type: string 
	Parameter READ_LATENCY_A bound to: 2 - type: integer 
	Parameter WRITE_MODE_A bound to: 1 - type: integer 
	Parameter RST_MODE_A bound to: SYNC - type: string 
	Parameter WRITE_DATA_WIDTH_B bound to: 104 - type: integer 
	Parameter READ_DATA_WIDTH_B bound to: 104 - type: integer 
	Parameter BYTE_WRITE_WIDTH_B bound to: 104 - type: integer 
	Parameter ADDR_WIDTH_B bound to: 5 - type: integer 
	Parameter READ_RESET_VALUE_B bound to: 0 - type: string 
	Parameter READ_LATENCY_B bound to: 1 - type: integer 
	Parameter WRITE_MODE_B bound to: 1 - type: integer 
	Parameter RST_MODE_B bound to: SYNC - type: string 
	Parameter P_MEMORY_PRIMITIVE bound to: distributed - type: string 
	Parameter P_MIN_WIDTH_DATA_A bound to: 104 - type: integer 
	Parameter P_MIN_WIDTH_DATA_B bound to: 104 - type: integer 
	Parameter P_MIN_WIDTH_DATA bound to: 104 - type: integer 
	Parameter P_MIN_WIDTH_DATA_ECC bound to: 104 - type: integer 
	Parameter P_MAX_DEPTH_DATA bound to: 32 - type: integer 
	Parameter P_ECC_MODE bound to: no_ecc - type: string 
	Parameter P_MEMORY_OPT bound to: yes - type: string 
	Parameter P_WIDTH_COL_WRITE_A bound to: 104 - type: integer 
	Parameter P_WIDTH_COL_WRITE_B bound to: 104 - type: integer 
	Parameter P_NUM_COLS_WRITE_A bound to: 1 - type: integer 
	Parameter P_NUM_COLS_WRITE_B bound to: 1 - type: integer 
	Parameter P_NUM_ROWS_WRITE_A bound to: 1 - type: integer 
	Parameter P_NUM_ROWS_WRITE_B bound to: 1 - type: integer 
	Parameter P_NUM_ROWS_READ_A bound to: 1 - type: integer 
	Parameter P_NUM_ROWS_READ_B bound to: 1 - type: integer 
	Parameter P_WIDTH_ADDR_WRITE_A bound to: 5 - type: integer 
	Parameter P_WIDTH_ADDR_WRITE_B bound to: 5 - type: integer 
	Parameter P_WIDTH_ADDR_READ_A bound to: 5 - type: integer 
	Parameter P_WIDTH_ADDR_READ_B bound to: 5 - type: integer 
	Parameter P_WIDTH_ADDR_LSB_WRITE_A bound to: 0 - type: integer 
	Parameter P_WIDTH_ADDR_LSB_WRITE_B bound to: 0 - type: integer 
	Parameter P_WIDTH_ADDR_LSB_READ_A bound to: 0 - type: integer 
	Parameter P_WIDTH_ADDR_LSB_READ_B bound to: 0 - type: integer 
	Parameter P_ENABLE_BYTE_WRITE_A bound to: 0 - type: integer 
	Parameter P_ENABLE_BYTE_WRITE_B bound to: 0 - type: integer 
	Parameter P_SDP_WRITE_MODE bound to: yes - type: string 
	Parameter rsta_loop_iter bound to: 104 - type: integer 
	Parameter rstb_loop_iter bound to: 104 - type: integer 
	Parameter NUM_CHAR_LOC bound to: 0 - type: integer 
	Parameter MAX_NUM_CHAR bound to: 0 - type: integer 
	Parameter P_MIN_WIDTH_DATA_SHFT bound to: 104 - type: integer 
	Parameter P_MIN_WIDTH_DATA_LDW bound to: 4 - type: integer 
WARNING: [Synth 8-7071] port 'M00_SC_R_info' of module 'switchboards_imp_72Q3YR' is unconnected for instance 'switchboards' [c:/Users/chris/FPGA_Projects/A-high-speed-data-acquisition-framework-main/AXI_DMA.srcs/sources_1/bd/System/ip/System_scope_smc_0/bd_0/synth/bd_6471.v:1108]
WARNING: [Synth 8-7071] port 'M00_SC_R_payld' of module 'switchboards_imp_72Q3YR' is unconnected for instance 'switchboards' [c:/Users/chris/FPGA_Projects/A-high-speed-data-acquisition-framework-main/AXI_DMA.srcs/sources_1/bd/System/ip/System_scope_smc_0/bd_0/synth/bd_6471.v:1108]
WARNING: [Synth 8-7071] port 'M00_SC_R_req' of module 'switchboards_imp_72Q3YR' is unconnected for instance 'switchboards' [c:/Users/chris/FPGA_Projects/A-high-speed-data-acquisition-framework-main/AXI_DMA.srcs/sources_1/bd/System/ip/System_scope_smc_0/bd_0/synth/bd_6471.v:1108]
WARNING: [Synth 8-7071] port 'M00_SC_R_send' of module 'switchboards_imp_72Q3YR' is unconnected for instance 'switchboards' [c:/Users/chris/FPGA_Projects/A-high-speed-data-acquisition-framework-main/AXI_DMA.srcs/sources_1/bd/System/ip/System_scope_smc_0/bd_0/synth/bd_6471.v:1108]
WARNING: [Synth 8-7071] port 'S00_SC_AR_recv' of module 'switchboards_imp_72Q3YR' is unconnected for instance 'switchboards' [c:/Users/chris/FPGA_Projects/A-high-speed-data-acquisition-framework-main/AXI_DMA.srcs/sources_1/bd/System/ip/System_scope_smc_0/bd_0/synth/bd_6471.v:1108]
WARNING: [Synth 8-7023] instance 'switchboards' of module 'switchboards_imp_72Q3YR' has 77 connections declared, but only 72 given [c:/Users/chris/FPGA_Projects/A-high-speed-data-acquisition-framework-main/AXI_DMA.srcs/sources_1/bd/System/ip/System_scope_smc_0/bd_0/synth/bd_6471.v:1108]
---------------------------------------------------------------------------------
Finished RTL Elaboration : Time (s): cpu = 00:00:35 ; elapsed = 00:00:40 . Memory (MB): peak = 2104.371 ; gain = 982.906
---------------------------------------------------------------------------------
---------------------------------------------------------------------------------
Start Handling Custom Attributes
---------------------------------------------------------------------------------
---------------------------------------------------------------------------------
Finished Handling Custom Attributes : Time (s): cpu = 00:00:39 ; elapsed = 00:00:45 . Memory (MB): peak = 2122.992 ; gain = 1001.527
---------------------------------------------------------------------------------
---------------------------------------------------------------------------------
Finished RTL Optimization Phase 1 : Time (s): cpu = 00:00:39 ; elapsed = 00:00:45 . Memory (MB): peak = 2122.992 ; gain = 1001.527
---------------------------------------------------------------------------------
Netlist sorting complete. Time (s): cpu = 00:00:05 ; elapsed = 00:00:06 . Memory (MB): peak = 2592.023 ; gain = 20.785
INFO: [Netlist 29-17] Analyzing 1267 Unisim elements for replacement
WARNING: [Netlist 29-151] Pin 'C1' on instance 'eth_bridge_inst/u_rgmii_rx/rxdata_bus[0].u_iddr_rxd' of cell type 'IDDR2' does not have an equivalent function on the new cell type 'IDDR'. Net 'C10' that is connected to this pin will not be connected to the replacement instance.
WARNING: [Netlist 29-151] Pin 'C1' on instance 'eth_bridge_inst/u_rgmii_rx/rxdata_bus[1].u_iddr_rxd' of cell type 'IDDR2' does not have an equivalent function on the new cell type 'IDDR'. Net 'C10' that is connected to this pin will not be connected to the replacement instance.
WARNING: [Netlist 29-151] Pin 'C1' on instance 'eth_bridge_inst/u_rgmii_rx/rxdata_bus[2].u_iddr_rxd' of cell type 'IDDR2' does not have an equivalent function on the new cell type 'IDDR'. Net 'C10' that is connected to this pin will not be connected to the replacement instance.
WARNING: [Netlist 29-151] Pin 'C1' on instance 'eth_bridge_inst/u_rgmii_rx/rxdata_bus[3].u_iddr_rxd' of cell type 'IDDR2' does not have an equivalent function on the new cell type 'IDDR'. Net 'C10' that is connected to this pin will not be connected to the replacement instance.
WARNING: [Netlist 29-151] Pin 'C1' on instance 'eth_bridge_inst/u_rgmii_rx/u_iddr_rx_ctl' of cell type 'IDDR2' does not have an equivalent function on the new cell type 'IDDR'. Net 'C10' that is connected to this pin will not be connected to the replacement instance.
WARNING: [Netlist 29-151] Pin 'C1' on instance 'eth_bridge_inst/u_rgmii_tx/ODDR_inst' of cell type 'ODDR2' does not have an equivalent function on the new cell type 'ODDR'. Net 'C10' that is connected to this pin will not be connected to the replacement instance.
WARNING: [Netlist 29-151] Pin 'C1' on instance 'eth_bridge_inst/u_rgmii_tx/txdata_bus[0].ODDR_inst' of cell type 'ODDR2' does not have an equivalent function on the new cell type 'ODDR'. Net 'C10' that is connected to this pin will not be connected to the replacement instance.
WARNING: [Netlist 29-151] Pin 'C1' on instance 'eth_bridge_inst/u_rgmii_tx/txdata_bus[1].ODDR_inst' of cell type 'ODDR2' does not have an equivalent function on the new cell type 'ODDR'. Net 'C10' that is connected to this pin will not be connected to the replacement instance.
WARNING: [Netlist 29-151] Pin 'C1' on instance 'eth_bridge_inst/u_rgmii_tx/txdata_bus[2].ODDR_inst' of cell type 'ODDR2' does not have an equivalent function on the new cell type 'ODDR'. Net 'C10' that is connected to this pin will not be connected to the replacement instance.
WARNING: [Netlist 29-151] Pin 'C1' on instance 'eth_bridge_inst/u_rgmii_tx/txdata_bus[3].ODDR_inst' of cell type 'ODDR2' does not have an equivalent function on the new cell type 'ODDR'. Net 'C10' that is connected to this pin will not be connected to the replacement instance.
INFO: [Netlist 29-28] Unisim Transformation completed in 1 CPU seconds
INFO: [Project 1-570] Preparing netlist for logic optimization

Processing XDC Constraints
Initializing timing engine
Parsing XDC File [c:/Users/chris/FPGA_Projects/A-high-speed-data-acquisition-framework-main/AXI_DMA.srcs/sources_1/bd/System/ip/System_processing_system7_0_0/System_processing_system7_0_0.xdc] for cell 'zynq_u/System_i/Controller/processing_system7_0/inst'
Finished Parsing XDC File [c:/Users/chris/FPGA_Projects/A-high-speed-data-acquisition-framework-main/AXI_DMA.srcs/sources_1/bd/System/ip/System_processing_system7_0_0/System_processing_system7_0_0.xdc] for cell 'zynq_u/System_i/Controller/processing_system7_0/inst'
INFO: [Project 1-236] Implementation specific constraints were found while reading constraint file [c:/Users/chris/FPGA_Projects/A-high-speed-data-acquisition-framework-main/AXI_DMA.srcs/sources_1/bd/System/ip/System_processing_system7_0_0/System_processing_system7_0_0.xdc]. These constraints will be ignored for synthesis but will be used in implementation. Impacted constraints are listed in the file [.Xil/top_propImpl.xdc].
Resolution: To avoid this warning, move constraints listed in [.Xil/top_propImpl.xdc] to another XDC file and exclude this new file from synthesis with the used_in_synthesis property (File Properties dialog in GUI) and re-run elaboration/synthesis.
Parsing XDC File [c:/Users/chris/FPGA_Projects/A-high-speed-data-acquisition-framework-main/AXI_DMA.srcs/sources_1/bd/System/ip/System_axi_dma_0_0/System_axi_dma_0_0.xdc] for cell 'zynq_u/System_i/DMA/axi_dma_0/U0'
Finished Parsing XDC File [c:/Users/chris/FPGA_Projects/A-high-speed-data-acquisition-framework-main/AXI_DMA.srcs/sources_1/bd/System/ip/System_axi_dma_0_0/System_axi_dma_0_0.xdc] for cell 'zynq_u/System_i/DMA/axi_dma_0/U0'
INFO: [Project 1-236] Implementation specific constraints were found while reading constraint file [c:/Users/chris/FPGA_Projects/A-high-speed-data-acquisition-framework-main/AXI_DMA.srcs/sources_1/bd/System/ip/System_axi_dma_0_0/System_axi_dma_0_0.xdc]. These constraints will be ignored for synthesis but will be used in implementation. Impacted constraints are listed in the file [.Xil/top_propImpl.xdc].
Resolution: To avoid this warning, move constraints listed in [.Xil/top_propImpl.xdc] to another XDC file and exclude this new file from synthesis with the used_in_synthesis property (File Properties dialog in GUI) and re-run elaboration/synthesis.
Parsing XDC File [c:/Users/chris/FPGA_Projects/A-high-speed-data-acquisition-framework-main/AXI_DMA.srcs/sources_1/bd/System/ip/System_axi_smc_1/bd_0/ip/ip_1/bd_5c3b_psr_aclk_0_board.xdc] for cell 'zynq_u/System_i/DMA/axi_smc/inst/clk_map/psr_aclk/U0'
Finished Parsing XDC File [c:/Users/chris/FPGA_Projects/A-high-speed-data-acquisition-framework-main/AXI_DMA.srcs/sources_1/bd/System/ip/System_axi_smc_1/bd_0/ip/ip_1/bd_5c3b_psr_aclk_0_board.xdc] for cell 'zynq_u/System_i/DMA/axi_smc/inst/clk_map/psr_aclk/U0'
Parsing XDC File [c:/Users/chris/FPGA_Projects/A-high-speed-data-acquisition-framework-main/AXI_DMA.srcs/sources_1/bd/System/ip/System_axi_smc_1/bd_0/ip/ip_1/bd_5c3b_psr_aclk_0.xdc] for cell 'zynq_u/System_i/DMA/axi_smc/inst/clk_map/psr_aclk/U0'
Finished Parsing XDC File [c:/Users/chris/FPGA_Projects/A-high-speed-data-acquisition-framework-main/AXI_DMA.srcs/sources_1/bd/System/ip/System_axi_smc_1/bd_0/ip/ip_1/bd_5c3b_psr_aclk_0.xdc] for cell 'zynq_u/System_i/DMA/axi_smc/inst/clk_map/psr_aclk/U0'
Parsing XDC File [c:/Users/chris/FPGA_Projects/A-high-speed-data-acquisition-framework-main/AXI_DMA.srcs/sources_1/bd/System/ip/System_rst_ps7_0_100M_1/System_rst_ps7_0_100M_1_board.xdc] for cell 'zynq_u/System_i/Controller/rst_ps7_0_100M/U0'
Finished Parsing XDC File [c:/Users/chris/FPGA_Projects/A-high-speed-data-acquisition-framework-main/AXI_DMA.srcs/sources_1/bd/System/ip/System_rst_ps7_0_100M_1/System_rst_ps7_0_100M_1_board.xdc] for cell 'zynq_u/System_i/Controller/rst_ps7_0_100M/U0'
Parsing XDC File [c:/Users/chris/FPGA_Projects/A-high-speed-data-acquisition-framework-main/AXI_DMA.srcs/sources_1/bd/System/ip/System_rst_ps7_0_100M_1/System_rst_ps7_0_100M_1.xdc] for cell 'zynq_u/System_i/Controller/rst_ps7_0_100M/U0'
Finished Parsing XDC File [c:/Users/chris/FPGA_Projects/A-high-speed-data-acquisition-framework-main/AXI_DMA.srcs/sources_1/bd/System/ip/System_rst_ps7_0_100M_1/System_rst_ps7_0_100M_1.xdc] for cell 'zynq_u/System_i/Controller/rst_ps7_0_100M/U0'
Parsing XDC File [c:/Users/chris/FPGA_Projects/A-high-speed-data-acquisition-framework-main/AXI_DMA.srcs/sources_1/bd/System/ip/System_adc_fifo_0_12/System_adc_fifo_0_12.xdc] for cell 'zynq_u/System_i/adc_fifo_0/U0'
Finished Parsing XDC File [c:/Users/chris/FPGA_Projects/A-high-speed-data-acquisition-framework-main/AXI_DMA.srcs/sources_1/bd/System/ip/System_adc_fifo_0_12/System_adc_fifo_0_12.xdc] for cell 'zynq_u/System_i/adc_fifo_0/U0'
Parsing XDC File [c:/Users/chris/FPGA_Projects/A-high-speed-data-acquisition-framework-main/AXI_DMA.srcs/sources_1/bd/System/ip/System_scope_dma_1_0/System_scope_dma_1_0.xdc] for cell 'zynq_u/System_i/scope_dma_1/U0'
Finished Parsing XDC File [c:/Users/chris/FPGA_Projects/A-high-speed-data-acquisition-framework-main/AXI_DMA.srcs/sources_1/bd/System/ip/System_scope_dma_1_0/System_scope_dma_1_0.xdc] for cell 'zynq_u/System_i/scope_dma_1/U0'
INFO: [Project 1-236] Implementation specific constraints were found while reading constraint file [c:/Users/chris/FPGA_Projects/A-high-speed-data-acquisition-framework-main/AXI_DMA.srcs/sources_1/bd/System/ip/System_scope_dma_1_0/System_scope_dma_1_0.xdc]. These constraints will be ignored for synthesis but will be used in implementation. Impacted constraints are listed in the file [.Xil/top_propImpl.xdc].
Resolution: To avoid this warning, move constraints listed in [.Xil/top_propImpl.xdc] to another XDC file and exclude this new file from synthesis with the used_in_synthesis property (File Properties dialog in GUI) and re-run elaboration/synthesis.
Parsing XDC File [c:/Users/chris/FPGA_Projects/A-high-speed-data-acquisition-framework-main/AXI_DMA.srcs/sources_1/bd/System/ip/System_scope_smc_0/bd_0/ip/ip_1/bd_6471_psr_aclk_0_board.xdc] for cell 'zynq_u/System_i/scope_smc/inst/clk_map/psr_aclk/U0'
Finished Parsing XDC File [c:/Users/chris/FPGA_Projects/A-high-speed-data-acquisition-framework-main/AXI_DMA.srcs/sources_1/bd/System/ip/System_scope_smc_0/bd_0/ip/ip_1/bd_6471_psr_aclk_0_board.xdc] for cell 'zynq_u/System_i/scope_smc/inst/clk_map/psr_aclk/U0'
Parsing XDC File [c:/Users/chris/FPGA_Projects/A-high-speed-data-acquisition-framework-main/AXI_DMA.srcs/sources_1/bd/System/ip/System_scope_smc_0/bd_0/ip/ip_1/bd_6471_psr_aclk_0.xdc] for cell 'zynq_u/System_i/scope_smc/inst/clk_map/psr_aclk/U0'
Finished Parsing XDC File [c:/Users/chris/FPGA_Projects/A-high-speed-data-acquisition-framework-main/AXI_DMA.srcs/sources_1/bd/System/ip/System_scope_smc_0/bd_0/ip/ip_1/bd_6471_psr_aclk_0.xdc] for cell 'zynq_u/System_i/scope_smc/inst/clk_map/psr_aclk/U0'
Parsing XDC File [C:/Users/chris/FPGA_Projects/A-high-speed-data-acquisition-framework-main/AXI_DMA.srcs/constrs_1/new/dual_adc_pl_io.xdc]
INFO: [Timing 38-2] Deriving generated clocks [C:/Users/chris/FPGA_Projects/A-high-speed-data-acquisition-framework-main/AXI_DMA.srcs/constrs_1/new/dual_adc_pl_io.xdc:25]
Finished Parsing XDC File [C:/Users/chris/FPGA_Projects/A-high-speed-data-acquisition-framework-main/AXI_DMA.srcs/constrs_1/new/dual_adc_pl_io.xdc]
INFO: [Project 1-236] Implementation specific constraints were found while reading constraint file [C:/Users/chris/FPGA_Projects/A-high-speed-data-acquisition-framework-main/AXI_DMA.srcs/constrs_1/new/dual_adc_pl_io.xdc]. These constraints will be ignored for synthesis but will be used in implementation. Impacted constraints are listed in the file [.Xil/top_propImpl.xdc].
Resolution: To avoid this warning, move constraints listed in [.Xil/top_propImpl.xdc] to another XDC file and exclude this new file from synthesis with the used_in_synthesis property (File Properties dialog in GUI) and re-run elaboration/synthesis.
Parsing XDC File [C:/Users/chris/FPGA_Projects/A-high-speed-data-acquisition-framework-main/AXI_DMA.runs/synth_1/dont_touch.xdc]
Finished Parsing XDC File [C:/Users/chris/FPGA_Projects/A-high-speed-data-acquisition-framework-main/AXI_DMA.runs/synth_1/dont_touch.xdc]
INFO: [Project 1-236] Implementation specific constraints were found while reading constraint file [C:/Users/chris/FPGA_Projects/A-high-speed-data-acquisition-framework-main/AXI_DMA.runs/synth_1/dont_touch.xdc]. These constraints will be ignored for synthesis but will be used in implementation. Impacted constraints are listed in the file [.Xil/top_propImpl.xdc].
Resolution: To avoid this warning, move constraints listed in [.Xil/top_propImpl.xdc] to another XDC file and exclude this new file from synthesis with the used_in_synthesis property (File Properties dialog in GUI) and re-run elaboration/synthesis.
Parsing XDC File [c:/Users/chris/FPGA_Projects/A-high-speed-data-acquisition-framework-main/AXI_DMA.srcs/sources_1/bd/System/ip/System_axi_dma_0_0/System_axi_dma_0_0_clocks.xdc] for cell 'zynq_u/System_i/DMA/axi_dma_0/U0'
Finished Parsing XDC File [c:/Users/chris/FPGA_Projects/A-high-speed-data-acquisition-framework-main/AXI_DMA.srcs/sources_1/bd/System/ip/System_axi_dma_0_0/System_axi_dma_0_0_clocks.xdc] for cell 'zynq_u/System_i/DMA/axi_dma_0/U0'
Parsing XDC File [c:/Users/chris/FPGA_Projects/A-high-speed-data-acquisition-framework-main/AXI_DMA.srcs/sources_1/bd/System/ip/System_adc_fifo_0_12/System_adc_fifo_0_12_clocks.xdc] for cell 'zynq_u/System_i/adc_fifo_0/U0'
Finished Parsing XDC File [c:/Users/chris/FPGA_Projects/A-high-speed-data-acquisition-framework-main/AXI_DMA.srcs/sources_1/bd/System/ip/System_adc_fifo_0_12/System_adc_fifo_0_12_clocks.xdc] for cell 'zynq_u/System_i/adc_fifo_0/U0'
Parsing XDC File [c:/Users/chris/FPGA_Projects/A-high-speed-data-acquisition-framework-main/AXI_DMA.srcs/sources_1/bd/System/ip/System_scope_dma_1_0/System_scope_dma_1_0_clocks.xdc] for cell 'zynq_u/System_i/scope_dma_1/U0'
Finished Parsing XDC File [c:/Users/chris/FPGA_Projects/A-high-speed-data-acquisition-framework-main/AXI_DMA.srcs/sources_1/bd/System/ip/System_scope_dma_1_0/System_scope_dma_1_0_clocks.xdc] for cell 'zynq_u/System_i/scope_dma_1/U0'
Parsing XDC File [C:/Users/chris/FPGA_Projects/A-high-speed-data-acquisition-framework-main/AXI_DMA.srcs/constrs_1/new/pin_constraint.xdc]
Finished Parsing XDC File [C:/Users/chris/FPGA_Projects/A-high-speed-data-acquisition-framework-main/AXI_DMA.srcs/constrs_1/new/pin_constraint.xdc]
INFO: [Project 1-236] Implementation specific constraints were found while reading constraint file [C:/Users/chris/FPGA_Projects/A-high-speed-data-acquisition-framework-main/AXI_DMA.srcs/constrs_1/new/pin_constraint.xdc]. These constraints will be ignored for synthesis but will be used in implementation. Impacted constraints are listed in the file [.Xil/top_propImpl.xdc].
Resolution: To avoid this warning, move constraints listed in [.Xil/top_propImpl.xdc] to another XDC file and exclude this new file from synthesis with the used_in_synthesis property (File Properties dialog in GUI) and re-run elaboration/synthesis.
INFO: [Project 1-236] Implementation specific constraints were found while reading constraint file [C:/baidunetdiskdownload/Vivado2020_2/Vivado/2020.2/data/ip/xpm/xpm_cdc/tcl/xpm_cdc_gray.tcl]. These constraints will be ignored for synthesis but will be used in implementation. Impacted constraints are listed in the file [.Xil/top_propImpl.xdc].
Resolution: To avoid this warning, move constraints listed in [.Xil/top_propImpl.xdc] to another XDC file and exclude this new file from synthesis with the used_in_synthesis property (File Properties dialog in GUI) and re-run elaboration/synthesis.
INFO: [Project 1-236] Implementation specific constraints were found while reading constraint file [C:/baidunetdiskdownload/Vivado2020_2/Vivado/2020.2/data/ip/xpm/xpm_cdc/tcl/xpm_cdc_single.tcl]. These constraints will be ignored for synthesis but will be used in implementation. Impacted constraints are listed in the file [.Xil/top_propImpl.xdc].
Resolution: To avoid this warning, move constraints listed in [.Xil/top_propImpl.xdc] to another XDC file and exclude this new file from synthesis with the used_in_synthesis property (File Properties dialog in GUI) and re-run elaboration/synthesis.
INFO: [Project 1-236] Implementation specific constraints were found while reading constraint file [C:/baidunetdiskdownload/Vivado2020_2/Vivado/2020.2/data/ip/xpm/xpm_fifo/tcl/xpm_fifo_rst.tcl]. These constraints will be ignored for synthesis but will be used in implementation. Impacted constraints are listed in the file [.Xil/top_propImpl.xdc].
Resolution: To avoid this warning, move constraints listed in [.Xil/top_propImpl.xdc] to another XDC file and exclude this new file from synthesis with the used_in_synthesis property (File Properties dialog in GUI) and re-run elaboration/synthesis.
INFO: [Project 1-236] Implementation specific constraints were found while reading constraint file [C:/baidunetdiskdownload/Vivado2020_2/Vivado/2020.2/data/ip/xpm/xpm_fifo/tcl/xpm_fifo_rst.tcl]. These constraints will be ignored for synthesis but will be used in implementation. Impacted constraints are listed in the file [.Xil/top_propImpl.xdc].
Resolution: To avoid this warning, move constraints listed in [.Xil/top_propImpl.xdc] to another XDC file and exclude this new file from synthesis with the used_in_synthesis property (File Properties dialog in GUI) and re-run elaboration/synthesis.
WARNING: [Vivado 12-180] No cells matched 'get_cells -hier -filter {PRIMITIVE_SUBGROUP==LUTRAM || PRIMITIVE_SUBGROUP==dram || PRIMITIVE_SUBGROUP==uram || PRIMITIVE_SUBGROUP==BRAM}'. [C:/baidunetdiskdownload/Vivado2020_2/Vivado/2020.2/data/ip/xpm/xpm_memory/tcl/xpm_memory_xdc.tcl:3]
WARNING: [Vivado 12-180] No cells matched 'get_cells -hier -filter {PRIMITIVE_SUBGROUP==LUTRAM || PRIMITIVE_SUBGROUP==dram || PRIMITIVE_SUBGROUP==uram || PRIMITIVE_SUBGROUP==BRAM}'. [C:/baidunetdiskdownload/Vivado2020_2/Vivado/2020.2/data/ip/xpm/xpm_memory/tcl/xpm_memory_xdc.tcl:3]
WARNING: [Vivado 12-180] No cells matched 'get_cells -hier -filter {PRIMITIVE_SUBGROUP==LUTRAM || PRIMITIVE_SUBGROUP==dram || PRIMITIVE_SUBGROUP==uram || PRIMITIVE_SUBGROUP==BRAM}'. [C:/baidunetdiskdownload/Vivado2020_2/Vivado/2020.2/data/ip/xpm/xpm_memory/tcl/xpm_memory_xdc.tcl:3]
WARNING: [Vivado 12-180] No cells matched 'get_cells -hier -filter {PRIMITIVE_SUBGROUP==LUTRAM || PRIMITIVE_SUBGROUP==dram || PRIMITIVE_SUBGROUP==uram || PRIMITIVE_SUBGROUP==BRAM}'. [C:/baidunetdiskdownload/Vivado2020_2/Vivado/2020.2/data/ip/xpm/xpm_memory/tcl/xpm_memory_xdc.tcl:3]
WARNING: [Vivado 12-180] No cells matched 'get_cells -hier -filter {PRIMITIVE_SUBGROUP==LUTRAM || PRIMITIVE_SUBGROUP==dram || PRIMITIVE_SUBGROUP==uram || PRIMITIVE_SUBGROUP==BRAM}'. [C:/baidunetdiskdownload/Vivado2020_2/Vivado/2020.2/data/ip/xpm/xpm_memory/tcl/xpm_memory_xdc.tcl:3]
WARNING: [Vivado 12-180] No cells matched 'get_cells -hier -filter {PRIMITIVE_SUBGROUP==LUTRAM || PRIMITIVE_SUBGROUP==dram || PRIMITIVE_SUBGROUP==uram || PRIMITIVE_SUBGROUP==BRAM}'. [C:/baidunetdiskdownload/Vivado2020_2/Vivado/2020.2/data/ip/xpm/xpm_memory/tcl/xpm_memory_xdc.tcl:3]
WARNING: [Vivado 12-180] No cells matched 'get_cells -hier -filter {PRIMITIVE_SUBGROUP==LUTRAM || PRIMITIVE_SUBGROUP==dram || PRIMITIVE_SUBGROUP==uram || PRIMITIVE_SUBGROUP==BRAM}'. [C:/baidunetdiskdownload/Vivado2020_2/Vivado/2020.2/data/ip/xpm/xpm_memory/tcl/xpm_memory_xdc.tcl:3]
WARNING: [Vivado 12-180] No cells matched 'get_cells -hier -filter {PRIMITIVE_SUBGROUP==LUTRAM || PRIMITIVE_SUBGROUP==dram || PRIMITIVE_SUBGROUP==uram || PRIMITIVE_SUBGROUP==BRAM}'. [C:/baidunetdiskdownload/Vivado2020_2/Vivado/2020.2/data/ip/xpm/xpm_memory/tcl/xpm_memory_xdc.tcl:3]
WARNING: [Vivado 12-180] No cells matched 'get_cells -hier -filter {PRIMITIVE_SUBGROUP==LUTRAM || PRIMITIVE_SUBGROUP==dram || PRIMITIVE_SUBGROUP==uram || PRIMITIVE_SUBGROUP==BRAM}'. [C:/baidunetdiskdownload/Vivado2020_2/Vivado/2020.2/data/ip/xpm/xpm_memory/tcl/xpm_memory_xdc.tcl:3]
WARNING: [Vivado 12-180] No cells matched 'get_cells -hier -filter {PRIMITIVE_SUBGROUP==LUTRAM || PRIMITIVE_SUBGROUP==dram || PRIMITIVE_SUBGROUP==uram || PRIMITIVE_SUBGROUP==BRAM}'. [C:/baidunetdiskdownload/Vivado2020_2/Vivado/2020.2/data/ip/xpm/xpm_memory/tcl/xpm_memory_xdc.tcl:3]
WARNING: [Vivado 12-180] No cells matched 'get_cells -hier -filter {PRIMITIVE_SUBGROUP==LUTRAM || PRIMITIVE_SUBGROUP==dram || PRIMITIVE_SUBGROUP==uram || PRIMITIVE_SUBGROUP==BRAM}'. [C:/baidunetdiskdownload/Vivado2020_2/Vivado/2020.2/data/ip/xpm/xpm_memory/tcl/xpm_memory_xdc.tcl:3]
WARNING: [Vivado 12-180] No cells matched 'get_cells -hier -filter {PRIMITIVE_SUBGROUP==LUTRAM || PRIMITIVE_SUBGROUP==dram || PRIMITIVE_SUBGROUP==uram || PRIMITIVE_SUBGROUP==BRAM}'. [C:/baidunetdiskdownload/Vivado2020_2/Vivado/2020.2/data/ip/xpm/xpm_memory/tcl/xpm_memory_xdc.tcl:3]
WARNING: [Vivado 12-180] No cells matched 'get_cells -hier -filter {PRIMITIVE_SUBGROUP==LUTRAM || PRIMITIVE_SUBGROUP==dram || PRIMITIVE_SUBGROUP==uram || PRIMITIVE_SUBGROUP==BRAM}'. [C:/baidunetdiskdownload/Vivado2020_2/Vivado/2020.2/data/ip/xpm/xpm_memory/tcl/xpm_memory_xdc.tcl:3]
WARNING: [Vivado 12-180] No cells matched 'get_cells -hier -filter {PRIMITIVE_SUBGROUP==LUTRAM || PRIMITIVE_SUBGROUP==dram || PRIMITIVE_SUBGROUP==uram || PRIMITIVE_SUBGROUP==BRAM}'. [C:/baidunetdiskdownload/Vivado2020_2/Vivado/2020.2/data/ip/xpm/xpm_memory/tcl/xpm_memory_xdc.tcl:3]
WARNING: [Vivado 12-180] No cells matched 'get_cells -hier -filter {PRIMITIVE_SUBGROUP==LUTRAM || PRIMITIVE_SUBGROUP==dram || PRIMITIVE_SUBGROUP==uram || PRIMITIVE_SUBGROUP==BRAM}'. [C:/baidunetdiskdownload/Vivado2020_2/Vivado/2020.2/data/ip/xpm/xpm_memory/tcl/xpm_memory_xdc.tcl:3]
WARNING: [Vivado 12-180] No cells matched 'get_cells -hier -filter {PRIMITIVE_SUBGROUP==LUTRAM || PRIMITIVE_SUBGROUP==dram || PRIMITIVE_SUBGROUP==uram || PRIMITIVE_SUBGROUP==BRAM}'. [C:/baidunetdiskdownload/Vivado2020_2/Vivado/2020.2/data/ip/xpm/xpm_memory/tcl/xpm_memory_xdc.tcl:3]
WARNING: [Vivado 12-180] No cells matched 'get_cells -hier -filter {PRIMITIVE_SUBGROUP==LUTRAM || PRIMITIVE_SUBGROUP==dram || PRIMITIVE_SUBGROUP==uram || PRIMITIVE_SUBGROUP==BRAM}'. [C:/baidunetdiskdownload/Vivado2020_2/Vivado/2020.2/data/ip/xpm/xpm_memory/tcl/xpm_memory_xdc.tcl:3]
WARNING: [Vivado 12-180] No cells matched 'get_cells -hier -filter {PRIMITIVE_SUBGROUP==LUTRAM || PRIMITIVE_SUBGROUP==dram || PRIMITIVE_SUBGROUP==uram || PRIMITIVE_SUBGROUP==BRAM}'. [C:/baidunetdiskdownload/Vivado2020_2/Vivado/2020.2/data/ip/xpm/xpm_memory/tcl/xpm_memory_xdc.tcl:3]
WARNING: [Vivado 12-180] No cells matched 'get_cells -hier -filter {PRIMITIVE_SUBGROUP==LUTRAM || PRIMITIVE_SUBGROUP==dram || PRIMITIVE_SUBGROUP==uram || PRIMITIVE_SUBGROUP==BRAM}'. [C:/baidunetdiskdownload/Vivado2020_2/Vivado/2020.2/data/ip/xpm/xpm_memory/tcl/xpm_memory_xdc.tcl:3]
WARNING: [Vivado 12-180] No cells matched 'get_cells -hier -filter {PRIMITIVE_SUBGROUP==LUTRAM || PRIMITIVE_SUBGROUP==dram || PRIMITIVE_SUBGROUP==uram || PRIMITIVE_SUBGROUP==BRAM}'. [C:/baidunetdiskdownload/Vivado2020_2/Vivado/2020.2/data/ip/xpm/xpm_memory/tcl/xpm_memory_xdc.tcl:3]
WARNING: [Vivado 12-180] No cells matched 'get_cells -hier -filter {PRIMITIVE_SUBGROUP==LUTRAM || PRIMITIVE_SUBGROUP==dram || PRIMITIVE_SUBGROUP==uram || PRIMITIVE_SUBGROUP==BRAM}'. [C:/baidunetdiskdownload/Vivado2020_2/Vivado/2020.2/data/ip/xpm/xpm_memory/tcl/xpm_memory_xdc.tcl:3]
WARNING: [Vivado 12-180] No cells matched 'get_cells -hier -filter {PRIMITIVE_SUBGROUP==LUTRAM || PRIMITIVE_SUBGROUP==dram || PRIMITIVE_SUBGROUP==uram || PRIMITIVE_SUBGROUP==BRAM}'. [C:/baidunetdiskdownload/Vivado2020_2/Vivado/2020.2/data/ip/xpm/xpm_memory/tcl/xpm_memory_xdc.tcl:3]
WARNING: [Vivado 12-180] No cells matched 'get_cells -hier -filter {PRIMITIVE_SUBGROUP==LUTRAM || PRIMITIVE_SUBGROUP==dram || PRIMITIVE_SUBGROUP==uram || PRIMITIVE_SUBGROUP==BRAM}'. [C:/baidunetdiskdownload/Vivado2020_2/Vivado/2020.2/data/ip/xpm/xpm_memory/tcl/xpm_memory_xdc.tcl:3]
WARNING: [Vivado 12-180] No cells matched 'get_cells -hier -filter {PRIMITIVE_SUBGROUP==LUTRAM || PRIMITIVE_SUBGROUP==dram || PRIMITIVE_SUBGROUP==uram || PRIMITIVE_SUBGROUP==BRAM}'. [C:/baidunetdiskdownload/Vivado2020_2/Vivado/2020.2/data/ip/xpm/xpm_memory/tcl/xpm_memory_xdc.tcl:3]
WARNING: [Vivado 12-180] No cells matched 'get_cells -hier -filter {PRIMITIVE_SUBGROUP==LUTRAM || PRIMITIVE_SUBGROUP==dram || PRIMITIVE_SUBGROUP==uram || PRIMITIVE_SUBGROUP==BRAM}'. [C:/baidunetdiskdownload/Vivado2020_2/Vivado/2020.2/data/ip/xpm/xpm_memory/tcl/xpm_memory_xdc.tcl:3]
WARNING: [Vivado 12-180] No cells matched 'get_cells -hier -filter {PRIMITIVE_SUBGROUP==LUTRAM || PRIMITIVE_SUBGROUP==dram || PRIMITIVE_SUBGROUP==uram || PRIMITIVE_SUBGROUP==BRAM}'. [C:/baidunetdiskdownload/Vivado2020_2/Vivado/2020.2/data/ip/xpm/xpm_memory/tcl/xpm_memory_xdc.tcl:3]
WARNING: [Vivado 12-180] No cells matched 'get_cells -hier -filter {PRIMITIVE_SUBGROUP==LUTRAM || PRIMITIVE_SUBGROUP==dram || PRIMITIVE_SUBGROUP==uram || PRIMITIVE_SUBGROUP==BRAM}'. [C:/baidunetdiskdownload/Vivado2020_2/Vivado/2020.2/data/ip/xpm/xpm_memory/tcl/xpm_memory_xdc.tcl:3]
WARNING: [Vivado 12-180] No cells matched 'get_cells -hier -filter {PRIMITIVE_SUBGROUP==LUTRAM || PRIMITIVE_SUBGROUP==dram || PRIMITIVE_SUBGROUP==uram || PRIMITIVE_SUBGROUP==BRAM}'. [C:/baidunetdiskdownload/Vivado2020_2/Vivado/2020.2/data/ip/xpm/xpm_memory/tcl/xpm_memory_xdc.tcl:3]
WARNING: [Vivado 12-180] No cells matched 'get_cells -hier -filter {PRIMITIVE_SUBGROUP==LUTRAM || PRIMITIVE_SUBGROUP==dram || PRIMITIVE_SUBGROUP==uram || PRIMITIVE_SUBGROUP==BRAM}'. [C:/baidunetdiskdownload/Vivado2020_2/Vivado/2020.2/data/ip/xpm/xpm_memory/tcl/xpm_memory_xdc.tcl:3]
WARNING: [Vivado 12-180] No cells matched 'get_cells -hier -filter {PRIMITIVE_SUBGROUP==LUTRAM || PRIMITIVE_SUBGROUP==dram || PRIMITIVE_SUBGROUP==uram || PRIMITIVE_SUBGROUP==BRAM}'. [C:/baidunetdiskdownload/Vivado2020_2/Vivado/2020.2/data/ip/xpm/xpm_memory/tcl/xpm_memory_xdc.tcl:3]
WARNING: [Vivado 12-180] No cells matched 'get_cells -hier -filter {PRIMITIVE_SUBGROUP==LUTRAM || PRIMITIVE_SUBGROUP==dram || PRIMITIVE_SUBGROUP==uram || PRIMITIVE_SUBGROUP==BRAM}'. [C:/baidunetdiskdownload/Vivado2020_2/Vivado/2020.2/data/ip/xpm/xpm_memory/tcl/xpm_memory_xdc.tcl:3]
WARNING: [Vivado 12-180] No cells matched 'get_cells -hier -filter {PRIMITIVE_SUBGROUP==LUTRAM || PRIMITIVE_SUBGROUP==dram || PRIMITIVE_SUBGROUP==uram || PRIMITIVE_SUBGROUP==BRAM}'. [C:/baidunetdiskdownload/Vivado2020_2/Vivado/2020.2/data/ip/xpm/xpm_memory/tcl/xpm_memory_xdc.tcl:3]
WARNING: [Vivado 12-180] No cells matched 'get_cells -hier -filter {PRIMITIVE_SUBGROUP==LUTRAM || PRIMITIVE_SUBGROUP==dram || PRIMITIVE_SUBGROUP==uram || PRIMITIVE_SUBGROUP==BRAM}'. [C:/baidunetdiskdownload/Vivado2020_2/Vivado/2020.2/data/ip/xpm/xpm_memory/tcl/xpm_memory_xdc.tcl:3]
WARNING: [Vivado 12-180] No cells matched 'get_cells -hier -filter {PRIMITIVE_SUBGROUP==LUTRAM || PRIMITIVE_SUBGROUP==dram || PRIMITIVE_SUBGROUP==uram || PRIMITIVE_SUBGROUP==BRAM}'. [C:/baidunetdiskdownload/Vivado2020_2/Vivado/2020.2/data/ip/xpm/xpm_memory/tcl/xpm_memory_xdc.tcl:3]
WARNING: [Vivado 12-180] No cells matched 'get_cells -hier -filter {PRIMITIVE_SUBGROUP==LUTRAM || PRIMITIVE_SUBGROUP==dram || PRIMITIVE_SUBGROUP==uram || PRIMITIVE_SUBGROUP==BRAM}'. [C:/baidunetdiskdownload/Vivado2020_2/Vivado/2020.2/data/ip/xpm/xpm_memory/tcl/xpm_memory_xdc.tcl:3]
WARNING: [Vivado 12-180] No cells matched 'get_cells -hier -filter {PRIMITIVE_SUBGROUP==LUTRAM || PRIMITIVE_SUBGROUP==dram || PRIMITIVE_SUBGROUP==uram || PRIMITIVE_SUBGROUP==BRAM}'. [C:/baidunetdiskdownload/Vivado2020_2/Vivado/2020.2/data/ip/xpm/xpm_memory/tcl/xpm_memory_xdc.tcl:3]
WARNING: [Vivado 12-180] No cells matched 'get_cells -hier -filter {PRIMITIVE_SUBGROUP==LUTRAM || PRIMITIVE_SUBGROUP==dram || PRIMITIVE_SUBGROUP==uram || PRIMITIVE_SUBGROUP==BRAM}'. [C:/baidunetdiskdownload/Vivado2020_2/Vivado/2020.2/data/ip/xpm/xpm_memory/tcl/xpm_memory_xdc.tcl:3]
WARNING: [Vivado 12-180] No cells matched 'get_cells -hier -filter {PRIMITIVE_SUBGROUP==LUTRAM || PRIMITIVE_SUBGROUP==dram || PRIMITIVE_SUBGROUP==uram || PRIMITIVE_SUBGROUP==BRAM}'. [C:/baidunetdiskdownload/Vivado2020_2/Vivado/2020.2/data/ip/xpm/xpm_memory/tcl/xpm_memory_xdc.tcl:3]
WARNING: [Vivado 12-180] No cells matched 'get_cells -hier -filter {PRIMITIVE_SUBGROUP==LUTRAM || PRIMITIVE_SUBGROUP==dram || PRIMITIVE_SUBGROUP==uram || PRIMITIVE_SUBGROUP==BRAM}'. [C:/baidunetdiskdownload/Vivado2020_2/Vivado/2020.2/data/ip/xpm/xpm_memory/tcl/xpm_memory_xdc.tcl:3]
WARNING: [Vivado 12-180] No cells matched 'get_cells -hier -filter {PRIMITIVE_SUBGROUP==LUTRAM || PRIMITIVE_SUBGROUP==dram || PRIMITIVE_SUBGROUP==uram || PRIMITIVE_SUBGROUP==BRAM}'. [C:/baidunetdiskdownload/Vivado2020_2/Vivado/2020.2/data/ip/xpm/xpm_memory/tcl/xpm_memory_xdc.tcl:3]
WARNING: [Vivado 12-180] No cells matched 'get_cells -hier -filter {PRIMITIVE_SUBGROUP==LUTRAM || PRIMITIVE_SUBGROUP==dram || PRIMITIVE_SUBGROUP==uram || PRIMITIVE_SUBGROUP==BRAM}'. [C:/baidunetdiskdownload/Vivado2020_2/Vivado/2020.2/data/ip/xpm/xpm_memory/tcl/xpm_memory_xdc.tcl:3]
WARNING: [Vivado 12-180] No cells matched 'get_cells -hier -filter {PRIMITIVE_SUBGROUP==LUTRAM || PRIMITIVE_SUBGROUP==dram || PRIMITIVE_SUBGROUP==uram || PRIMITIVE_SUBGROUP==BRAM}'. [C:/baidunetdiskdownload/Vivado2020_2/Vivado/2020.2/data/ip/xpm/xpm_memory/tcl/xpm_memory_xdc.tcl:3]
WARNING: [Vivado 12-180] No cells matched 'get_cells -hier -filter {PRIMITIVE_SUBGROUP==LUTRAM || PRIMITIVE_SUBGROUP==dram || PRIMITIVE_SUBGROUP==uram || PRIMITIVE_SUBGROUP==BRAM}'. [C:/baidunetdiskdownload/Vivado2020_2/Vivado/2020.2/data/ip/xpm/xpm_memory/tcl/xpm_memory_xdc.tcl:3]
WARNING: [Vivado 12-180] No cells matched 'get_cells -hier -filter {PRIMITIVE_SUBGROUP==LUTRAM || PRIMITIVE_SUBGROUP==dram || PRIMITIVE_SUBGROUP==uram || PRIMITIVE_SUBGROUP==BRAM}'. [C:/baidunetdiskdownload/Vivado2020_2/Vivado/2020.2/data/ip/xpm/xpm_memory/tcl/xpm_memory_xdc.tcl:3]
WARNING: [Vivado 12-180] No cells matched 'get_cells -hier -filter {PRIMITIVE_SUBGROUP==LUTRAM || PRIMITIVE_SUBGROUP==dram || PRIMITIVE_SUBGROUP==uram || PRIMITIVE_SUBGROUP==BRAM}'. [C:/baidunetdiskdownload/Vivado2020_2/Vivado/2020.2/data/ip/xpm/xpm_memory/tcl/xpm_memory_xdc.tcl:3]
WARNING: [Vivado 12-180] No cells matched 'get_cells -hier -filter {PRIMITIVE_SUBGROUP==LUTRAM || PRIMITIVE_SUBGROUP==dram || PRIMITIVE_SUBGROUP==uram || PRIMITIVE_SUBGROUP==BRAM}'. [C:/baidunetdiskdownload/Vivado2020_2/Vivado/2020.2/data/ip/xpm/xpm_memory/tcl/xpm_memory_xdc.tcl:3]
WARNING: [Vivado 12-180] No cells matched 'get_cells -hier -filter {PRIMITIVE_SUBGROUP==LUTRAM || PRIMITIVE_SUBGROUP==dram || PRIMITIVE_SUBGROUP==uram || PRIMITIVE_SUBGROUP==BRAM}'. [C:/baidunetdiskdownload/Vivado2020_2/Vivado/2020.2/data/ip/xpm/xpm_memory/tcl/xpm_memory_xdc.tcl:3]
WARNING: [Vivado 12-180] No cells matched 'get_cells -hier -filter {PRIMITIVE_SUBGROUP==LUTRAM || PRIMITIVE_SUBGROUP==dram || PRIMITIVE_SUBGROUP==uram || PRIMITIVE_SUBGROUP==BRAM}'. [C:/baidunetdiskdownload/Vivado2020_2/Vivado/2020.2/data/ip/xpm/xpm_memory/tcl/xpm_memory_xdc.tcl:3]
WARNING: [Vivado 12-180] No cells matched 'get_cells -hier -filter {PRIMITIVE_SUBGROUP==LUTRAM || PRIMITIVE_SUBGROUP==dram || PRIMITIVE_SUBGROUP==uram || PRIMITIVE_SUBGROUP==BRAM}'. [C:/baidunetdiskdownload/Vivado2020_2/Vivado/2020.2/data/ip/xpm/xpm_memory/tcl/xpm_memory_xdc.tcl:3]
WARNING: [Vivado 12-180] No cells matched 'get_cells -hier -filter {PRIMITIVE_SUBGROUP==LUTRAM || PRIMITIVE_SUBGROUP==dram || PRIMITIVE_SUBGROUP==uram || PRIMITIVE_SUBGROUP==BRAM}'. [C:/baidunetdiskdownload/Vivado2020_2/Vivado/2020.2/data/ip/xpm/xpm_memory/tcl/xpm_memory_xdc.tcl:3]
WARNING: [Vivado 12-180] No cells matched 'get_cells -hier -filter {PRIMITIVE_SUBGROUP==LUTRAM || PRIMITIVE_SUBGROUP==dram || PRIMITIVE_SUBGROUP==uram || PRIMITIVE_SUBGROUP==BRAM}'. [C:/baidunetdiskdownload/Vivado2020_2/Vivado/2020.2/data/ip/xpm/xpm_memory/tcl/xpm_memory_xdc.tcl:3]
WARNING: [Vivado 12-180] No cells matched 'get_cells -hier -filter {PRIMITIVE_SUBGROUP==LUTRAM || PRIMITIVE_SUBGROUP==dram || PRIMITIVE_SUBGROUP==uram || PRIMITIVE_SUBGROUP==BRAM}'. [C:/baidunetdiskdownload/Vivado2020_2/Vivado/2020.2/data/ip/xpm/xpm_memory/tcl/xpm_memory_xdc.tcl:3]
WARNING: [Vivado 12-180] No cells matched 'get_cells -hier -filter {PRIMITIVE_SUBGROUP==LUTRAM || PRIMITIVE_SUBGROUP==dram || PRIMITIVE_SUBGROUP==uram || PRIMITIVE_SUBGROUP==BRAM}'. [C:/baidunetdiskdownload/Vivado2020_2/Vivado/2020.2/data/ip/xpm/xpm_memory/tcl/xpm_memory_xdc.tcl:3]
WARNING: [Vivado 12-180] No cells matched 'get_cells -hier -filter {PRIMITIVE_SUBGROUP==LUTRAM || PRIMITIVE_SUBGROUP==dram || PRIMITIVE_SUBGROUP==uram || PRIMITIVE_SUBGROUP==BRAM}'. [C:/baidunetdiskdownload/Vivado2020_2/Vivado/2020.2/data/ip/xpm/xpm_memory/tcl/xpm_memory_xdc.tcl:3]
WARNING: [Vivado 12-180] No cells matched 'get_cells -hier -filter {PRIMITIVE_SUBGROUP==LUTRAM || PRIMITIVE_SUBGROUP==dram || PRIMITIVE_SUBGROUP==uram || PRIMITIVE_SUBGROUP==BRAM}'. [C:/baidunetdiskdownload/Vivado2020_2/Vivado/2020.2/data/ip/xpm/xpm_memory/tcl/xpm_memory_xdc.tcl:3]
WARNING: [Vivado 12-180] No cells matched 'get_cells -hier -filter {PRIMITIVE_SUBGROUP==LUTRAM || PRIMITIVE_SUBGROUP==dram || PRIMITIVE_SUBGROUP==uram || PRIMITIVE_SUBGROUP==BRAM}'. [C:/baidunetdiskdownload/Vivado2020_2/Vivado/2020.2/data/ip/xpm/xpm_memory/tcl/xpm_memory_xdc.tcl:3]
WARNING: [Vivado 12-180] No cells matched 'get_cells -hier -filter {PRIMITIVE_SUBGROUP==LUTRAM || PRIMITIVE_SUBGROUP==dram || PRIMITIVE_SUBGROUP==uram || PRIMITIVE_SUBGROUP==BRAM}'. [C:/baidunetdiskdownload/Vivado2020_2/Vivado/2020.2/data/ip/xpm/xpm_memory/tcl/xpm_memory_xdc.tcl:3]
INFO: [Project 1-236] Implementation specific constraints were found while reading constraint file [C:/baidunetdiskdownload/Vivado2020_2/Vivado/2020.2/data/ip/xpm/xpm_memory/tcl/xpm_memory_xdc.tcl]. These constraints will be ignored for synthesis but will be used in implementation. Impacted constraints are listed in the file [.Xil/top_propImpl.xdc].
Resolution: To avoid this warning, move constraints listed in [.Xil/top_propImpl.xdc] to another XDC file and exclude this new file from synthesis with the used_in_synthesis property (File Properties dialog in GUI) and re-run elaboration/synthesis.
INFO: [Project 1-1715] 7 XPM XDC files have been applied to the design.
Completed Processing XDC Constraints

Netlist sorting complete. Time (s): cpu = 00:00:01 ; elapsed = 00:00:00.080 . Memory (MB): peak = 3298.746 ; gain = 0.000
INFO: [Project 1-111] Unisim Transformation Summary:
  A total of 1205 instances were transformed.
  FDR => FDRE: 1188 instances
  IDDR2 => IDDR: 5 instances
  IOBUF => IOBUF (IBUF, OBUFT): 1 instance 
  MMCME2_BASE => MMCME2_ADV: 3 instances
  ODDR2 => ODDR: 5 instances
  SRL16 => SRL16E: 3 instances

Constraint Validation Runtime : Time (s): cpu = 00:00:02 ; elapsed = 00:00:02 . Memory (MB): peak = 3298.746 ; gain = 0.000
---------------------------------------------------------------------------------
Finished Constraint Validation : Time (s): cpu = 00:01:54 ; elapsed = 00:01:54 . Memory (MB): peak = 3298.746 ; gain = 2177.281
---------------------------------------------------------------------------------
---------------------------------------------------------------------------------
Start Loading Part and Timing Information
---------------------------------------------------------------------------------
Loading part: xc7z020clg400-2
---------------------------------------------------------------------------------
Finished Loading Part and Timing Information : Time (s): cpu = 00:01:54 ; elapsed = 00:01:54 . Memory (MB): peak = 3298.746 ; gain = 2177.281
---------------------------------------------------------------------------------
INFO: [Synth 8-802] inferred FSM for state register 'cur_state_reg' in module 'udp_rx'
INFO: [Synth 8-802] inferred FSM for state register 'cur_state_reg' in module 'udp_tx'
INFO: [Synth 8-802] inferred FSM for state register 'state_reg' in module 'daq_acq_manager'
INFO: [Synth 8-802] inferred FSM for state register 'state_reg' in module 'ad9269_spi_init'
INFO: [Synth 8-802] inferred FSM for state register 'gen_rst_ic.curr_wrst_state_reg' in module 'xpm_fifo_rst__xdcDup__1'
INFO: [Synth 8-802] inferred FSM for state register 'gen_rst_ic.curr_rrst_state_reg' in module 'xpm_fifo_rst__xdcDup__1'
INFO: [Synth 8-802] inferred FSM for state register 'gen_fwft.curr_fwft_state_reg' in module 'xpm_fifo_base'
INFO: [Synth 8-802] inferred FSM for state register 'send_state_reg' in module 'ad9269_scope_capture'
INFO: [Synth 8-802] inferred FSM for state register 'gen_rst_ic.curr_wrst_state_reg' in module 'xpm_fifo_rst'
INFO: [Synth 8-802] inferred FSM for state register 'gen_rst_ic.curr_rrst_state_reg' in module 'xpm_fifo_rst'
INFO: [Synth 8-802] inferred FSM for state register 'gen_fwft.curr_fwft_state_reg' in module 'xpm_fifo_base__parameterized0'
INFO: [Synth 8-802] inferred FSM for state register 'state_reg' in module 'axi_protocol_converter_v2_1_22_b2s_wr_cmd_fsm'
INFO: [Synth 8-802] inferred FSM for state register 'state_reg' in module 'axi_protocol_converter_v2_1_22_b2s_rd_cmd_fsm'
INFO: [Synth 8-802] inferred FSM for state register 'ftch_cs_reg' in module 'axi_sg_ftch_sm'
INFO: [Synth 8-802] inferred FSM for state register 'updt_cs_reg' in module 'axi_sg_updt_sm'
INFO: [Synth 8-802] inferred FSM for state register 'pntr_cs_reg' in module 'axi_sg_updt_queue'
INFO: [Synth 8-802] inferred FSM for state register 'GEN_SM_FOR_NO_LENGTH.s2mm_cs_reg' in module 'axi_dma_s2mm_sm'
INFO: [Synth 8-802] inferred FSM for state register 'sig_psm_state_reg' in module 'axi_datamover_ibttcc'
INFO: [Synth 8-802] inferred FSM for state register 'sig_csm_state_reg' in module 'axi_datamover_ibttcc'
INFO: [Synth 8-802] inferred FSM for state register 'sig_cmdcntl_sm_state_reg' in module 'axi_datamover_s2mm_realign'
INFO: [Synth 8-802] inferred FSM for state register 'gen_fwft.curr_fwft_state_reg' in module 'xpm_fifo_base__parameterized1'
INFO: [Synth 8-802] inferred FSM for state register 'gen_fwft.curr_fwft_state_reg' in module 'xpm_fifo_base__parameterized2'
INFO: [Synth 8-4490] FSM extraction disabled for register 'gen_pipelined.state_reg' through user attribute
INFO: [Synth 8-4490] FSM extraction disabled for register 'gen_pipelined.state_reg' through user attribute
INFO: [Synth 8-4490] FSM extraction disabled for register 'gen_pipelined.state_reg' through user attribute
INFO: [Synth 8-4490] FSM extraction disabled for register 'gen_pipelined.state_reg' through user attribute
INFO: [Synth 8-4490] FSM extraction disabled for register 'gen_pipelined.state_reg' through user attribute
INFO: [Synth 8-4490] FSM extraction disabled for register 'gen_pipelined.state_reg' through user attribute
INFO: [Synth 8-4490] FSM extraction disabled for register 'gen_AB_reg_slice.state_reg' through user attribute
INFO: [Synth 8-802] inferred FSM for state register 'gen_axi.gen_write.write_cs_reg' in module 'sc_mmu_v1_0_10_decerr_slave'
INFO: [Synth 8-4490] FSM extraction disabled for register 'gen_pipelined.state_reg' through user attribute
INFO: [Synth 8-4490] FSM extraction disabled for register 'gen_AB_reg_slice.state_reg' through user attribute
INFO: [Synth 8-802] inferred FSM for state register 'gpregsm1.curr_fwft_state_reg' in module 'rd_fwft'
INFO: [Synth 8-802] inferred FSM for state register 'gen_rst_ic.curr_wrst_state_reg' in module 'xpm_fifo_rst__parameterized1'
INFO: [Synth 8-802] inferred FSM for state register 'gen_rst_ic.curr_rrst_state_reg' in module 'xpm_fifo_rst__parameterized1'
INFO: [Synth 8-802] inferred FSM for state register 'gen_fwft.curr_fwft_state_reg' in module 'xpm_fifo_base__parameterized3'
INFO: [Synth 8-802] inferred FSM for state register 'GEN_SM_FOR_NO_LENGTH.s2mm_cs_reg' in module 'axi_dma_s2mm_sm__parameterized0'
INFO: [Synth 8-802] inferred FSM for state register 'sig_psm_state_reg' in module 'axi_datamover_ibttcc__parameterized0'
INFO: [Synth 8-802] inferred FSM for state register 'sig_csm_state_reg' in module 'axi_datamover_ibttcc__parameterized0'
INFO: [Synth 8-802] inferred FSM for state register 'sig_cmdcntl_sm_state_reg' in module 'axi_datamover_s2mm_realign__parameterized0'
INFO: [Synth 8-802] inferred FSM for state register 'gen_fwft.curr_fwft_state_reg' in module 'xpm_fifo_base__parameterized4'
INFO: [Synth 8-802] inferred FSM for state register 'gen_fwft.curr_fwft_state_reg' in module 'xpm_fifo_base__parameterized5'
INFO: [Synth 8-4490] FSM extraction disabled for register 'gen_AB_reg_slice.state_reg' through user attribute
---------------------------------------------------------------------------------------------------
                   State |                     New Encoding |                Previous Encoding 
---------------------------------------------------------------------------------------------------
*
                 st_idle |                          0000001 |                          0000001
             st_preamble |                          0000010 |                          0000010
             st_eth_head |                          0000100 |                          0000100
              st_ip_head |                          0001000 |                          0001000
             st_udp_head |                          0010000 |                          0010000
              st_rx_data |                          0100000 |                          0100000
               st_rx_end |                          1000000 |                          1000000
---------------------------------------------------------------------------------------------------
INFO: [Synth 8-3898] No Re-encoding of one hot register 'cur_state_reg' in module 'udp_rx'
---------------------------------------------------------------------------------------------------
                   State |                     New Encoding |                Previous Encoding 
---------------------------------------------------------------------------------------------------
*
                 st_idle |                          0000001 |                          0000001
            st_check_sum |                          0000010 |                          0000010
             st_preamble |                          0000100 |                          0000100
             st_eth_head |                          0001000 |                          0001000
              st_ip_head |                          0010000 |                          0010000
              st_tx_data |                          0100000 |                          0100000
                  st_crc |                          1000000 |                          1000000
---------------------------------------------------------------------------------------------------
INFO: [Synth 8-3898] No Re-encoding of one hot register 'cur_state_reg' in module 'udp_tx'
---------------------------------------------------------------------------------------------------
                   State |                     New Encoding |                Previous Encoding 
---------------------------------------------------------------------------------------------------
              ST_STOPPED |                            00001 |                              000
           ST_CONFIGURED |                            00010 |                              001
               ST_ARMING |                            00100 |                              010
              ST_RUNNING |                            01000 |                              011
                  iSTATE |                            10000 |                              100
*
---------------------------------------------------------------------------------------------------
INFO: [Synth 8-3354] encoded FSM with state register 'state_reg' using encoding 'one-hot' in module 'daq_acq_manager'
---------------------------------------------------------------------------------------------------
                   State |                     New Encoding |                Previous Encoding 
---------------------------------------------------------------------------------------------------
                 ST_WAIT |                              000 |                              000
                 ST_LOAD |                              001 |                              001
                ST_SHIFT |                              010 |                              010
                  ST_GAP |                              011 |                              011
               ST_VERIFY |                              100 |                              100
                 ST_DONE |                              101 |                              101
               ST_FAILED |                              110 |                              110
---------------------------------------------------------------------------------------------------
INFO: [Synth 8-3354] encoded FSM with state register 'state_reg' using encoding 'sequential' in module 'ad9269_spi_init'
INFO: [Synth 8-5775] Found 'rw_addr_collision' attribute set to 'no' on SDP RAM gen_wr_a.gen_word_narrow.mem_reg. Setting write mode to NO_CHANGE 
INFO: [Synth 8-5552] Implemented safe state 'default_state' for state register 'gen_rst_ic.curr_wrst_state_reg' in module 'xpm_fifo_rst__xdcDup__1'
---------------------------------------------------------------------------------------------------
                   State |                     New Encoding |                Previous Encoding 
---------------------------------------------------------------------------------------------------
*
               WRST_IDLE |                            00001 |                              000
                 WRST_IN |                            00010 |                              010
                WRST_OUT |                            00100 |                              111
               WRST_EXIT |                            01000 |                              110
            WRST_GO2IDLE |                            10000 |                              100
---------------------------------------------------------------------------------------------------
INFO: [Synth 8-3354] encoded FSM with state register 'gen_rst_ic.curr_wrst_state_reg' using encoding 'one-hot' in module 'xpm_fifo_rst__xdcDup__1'
INFO: [Synth 8-5552] Implemented safe state 'default_state' for state register 'gen_rst_ic.curr_rrst_state_reg' in module 'xpm_fifo_rst__xdcDup__1'
---------------------------------------------------------------------------------------------------
                   State |                     New Encoding |                Previous Encoding 
---------------------------------------------------------------------------------------------------
                  iSTATE |                               00 |                               00
                 iSTATE0 |                               01 |                               10
                 iSTATE1 |                               10 |                               11
                 iSTATE2 |                               11 |                               01
---------------------------------------------------------------------------------------------------
INFO: [Synth 8-3354] encoded FSM with state register 'gen_rst_ic.curr_rrst_state_reg' using encoding 'sequential' in module 'xpm_fifo_rst__xdcDup__1'
---------------------------------------------------------------------------------------------------
                   State |                     New Encoding |                Previous Encoding 
---------------------------------------------------------------------------------------------------
                 invalid |                               00 |                               00
            stage1_valid |                               01 |                               10
       both_stages_valid |                               10 |                               11
            stage2_valid |                               11 |                               01
---------------------------------------------------------------------------------------------------
INFO: [Synth 8-3354] encoded FSM with state register 'gen_fwft.curr_fwft_state_reg' using encoding 'sequential' in module 'xpm_fifo_base'
---------------------------------------------------------------------------------------------------
                   State |                     New Encoding |                Previous Encoding 
---------------------------------------------------------------------------------------------------
               SEND_LOAD |                               00 |                               00
           SEND_RAM_WAIT |                               01 |                               01
           SEND_RAM_DATA |                               10 |                               10
                  iSTATE |                               11 |                               11
*
---------------------------------------------------------------------------------------------------
INFO: [Synth 8-3354] encoded FSM with state register 'send_state_reg' using encoding 'sequential' in module 'ad9269_scope_capture'
INFO: [Synth 8-5775] Found 'rw_addr_collision' attribute set to 'no' on SDP RAM gen_wr_a.gen_word_narrow.mem_reg. Setting write mode to NO_CHANGE 
INFO: [Synth 8-5552] Implemented safe state 'default_state' for state register 'gen_rst_ic.curr_wrst_state_reg' in module 'xpm_fifo_rst'
---------------------------------------------------------------------------------------------------
                   State |                     New Encoding |                Previous Encoding 
---------------------------------------------------------------------------------------------------
*
               WRST_IDLE |                            00001 |                              000
                 WRST_IN |                            00010 |                              010
                WRST_OUT |                            00100 |                              111
               WRST_EXIT |                            01000 |                              110
            WRST_GO2IDLE |                            10000 |                              100
---------------------------------------------------------------------------------------------------
INFO: [Synth 8-3354] encoded FSM with state register 'gen_rst_ic.curr_wrst_state_reg' using encoding 'one-hot' in module 'xpm_fifo_rst'
INFO: [Synth 8-5552] Implemented safe state 'default_state' for state register 'gen_rst_ic.curr_rrst_state_reg' in module 'xpm_fifo_rst'
---------------------------------------------------------------------------------------------------
                   State |                     New Encoding |                Previous Encoding 
---------------------------------------------------------------------------------------------------
                  iSTATE |                               00 |                               00
                 iSTATE0 |                               01 |                               10
                 iSTATE1 |                               10 |                               11
                 iSTATE2 |                               11 |                               01
---------------------------------------------------------------------------------------------------
INFO: [Synth 8-3354] encoded FSM with state register 'gen_rst_ic.curr_rrst_state_reg' using encoding 'sequential' in module 'xpm_fifo_rst'
---------------------------------------------------------------------------------------------------
                   State |                     New Encoding |                Previous Encoding 
---------------------------------------------------------------------------------------------------
                 invalid |                               00 |                               00
            stage1_valid |                               01 |                               10
       both_stages_valid |                               10 |                               11
            stage2_valid |                               11 |                               01
---------------------------------------------------------------------------------------------------
INFO: [Synth 8-3354] encoded FSM with state register 'gen_fwft.curr_fwft_state_reg' using encoding 'sequential' in module 'xpm_fifo_base__parameterized0'
---------------------------------------------------------------------------------------------------
                   State |                     New Encoding |                Previous Encoding 
---------------------------------------------------------------------------------------------------
                 SM_IDLE |                               01 |                               00
               SM_CMD_EN |                               11 |                               01
         SM_CMD_ACCEPTED |                               10 |                               10
            SM_DONE_WAIT |                               00 |                               11
---------------------------------------------------------------------------------------------------
INFO: [Synth 8-3354] encoded FSM with state register 'state_reg' using encoding 'sequential' in module 'axi_protocol_converter_v2_1_22_b2s_wr_cmd_fsm'
---------------------------------------------------------------------------------------------------
                   State |                     New Encoding |                Previous Encoding 
---------------------------------------------------------------------------------------------------
                 SM_IDLE |                               01 |                               00
               SM_CMD_EN |                               11 |                               01
         SM_CMD_ACCEPTED |                               10 |                               10
                 SM_DONE |                               00 |                               11
---------------------------------------------------------------------------------------------------
INFO: [Synth 8-3354] encoded FSM with state register 'state_reg' using encoding 'sequential' in module 'axi_protocol_converter_v2_1_22_b2s_rd_cmd_fsm'
---------------------------------------------------------------------------------------------------
                   State |                     New Encoding |                Previous Encoding 
---------------------------------------------------------------------------------------------------
                    idle |                               00 |                               00
        fetch_descriptor |                               01 |                               01
            fetch_status |                               10 |                               10
             fetch_error |                               11 |                               11
---------------------------------------------------------------------------------------------------
INFO: [Synth 8-3354] encoded FSM with state register 'ftch_cs_reg' using encoding 'sequential' in module 'axi_sg_ftch_sm'
---------------------------------------------------------------------------------------------------
                   State |                     New Encoding |                Previous Encoding 
---------------------------------------------------------------------------------------------------
                    idle |                              000 |                              000
         get_update_pntr |                              001 |                              001
       update_descriptor |                              010 |                              010
           update_status |                              011 |                              011
            update_error |                              100 |                              100
---------------------------------------------------------------------------------------------------
INFO: [Synth 8-3354] encoded FSM with state register 'updt_cs_reg' using encoding 'sequential' in module 'axi_sg_updt_sm'
---------------------------------------------------------------------------------------------------
                   State |                     New Encoding |                Previous Encoding 
---------------------------------------------------------------------------------------------------
                    idle |                               00 |                               00
        read_curdesc_lsb |                               01 |                               01
            write_status |                               10 |                               11
---------------------------------------------------------------------------------------------------
INFO: [Synth 8-3354] encoded FSM with state register 'pntr_cs_reg' using encoding 'sequential' in module 'axi_sg_updt_queue'
---------------------------------------------------------------------------------------------------
                   State |                     New Encoding |                Previous Encoding 
---------------------------------------------------------------------------------------------------
                    idle |                               00 |                               00
        fetch_descriptor |                               01 |                               01
                  iSTATE |                               10 |                               11
*
---------------------------------------------------------------------------------------------------
INFO: [Synth 8-3354] encoded FSM with state register 'GEN_SM_FOR_NO_LENGTH.s2mm_cs_reg' using encoding 'sequential' in module 'axi_dma_s2mm_sm'
---------------------------------------------------------------------------------------------------
                   State |                     New Encoding |                Previous Encoding 
---------------------------------------------------------------------------------------------------
                 ch_init |                          0000001 |                              000
           wait_for_pcmd |                          0000010 |                              001
          ch_error_trap1 |                          0000100 |                              101
          ch_error_trap2 |                          0001000 |                              110
      ch_wait_for_sf_cmd |                          0010000 |                              010
         ch_ld_child_cmd |                          0100000 |                              011
          ch_chk_if_done |                          1000000 |                              100
---------------------------------------------------------------------------------------------------
INFO: [Synth 8-3354] encoded FSM with state register 'sig_csm_state_reg' using encoding 'one-hot' in module 'axi_datamover_ibttcc'
---------------------------------------------------------------------------------------------------
                   State |                     New Encoding |                Previous Encoding 
---------------------------------------------------------------------------------------------------
                  p_init |                              000 |                              000
          p_wait_for_cmd |                              001 |                              001
          p_ld_first_cmd |                              010 |                              010
          p_ld_child_cmd |                              011 |                              011
            p_error_trap |                              100 |                              111
           p_ld_last_cmd |                              101 |                              100
---------------------------------------------------------------------------------------------------
INFO: [Synth 8-3354] encoded FSM with state register 'sig_psm_state_reg' using encoding 'sequential' in module 'axi_datamover_ibttcc'
---------------------------------------------------------------------------------------------------
                   State |                     New Encoding |                Previous Encoding 
---------------------------------------------------------------------------------------------------
                    init |                              000 |                              000
    ld_dre_scatter_first |                              001 |                              001
           chk_pop_first |                              010 |                              010
   ld_dre_scatter_second |                              011 |                              011
              error_trap |                              100 |                              101
          chk_pop_second |                              101 |                              100
---------------------------------------------------------------------------------------------------
INFO: [Synth 8-3354] encoded FSM with state register 'sig_cmdcntl_sm_state_reg' using encoding 'sequential' in module 'axi_datamover_s2mm_realign'
---------------------------------------------------------------------------------------------------
                   State |                     New Encoding |                Previous Encoding 
---------------------------------------------------------------------------------------------------
                 invalid |                               00 |                               00
            stage1_valid |                               01 |                               10
       both_stages_valid |                               10 |                               11
            stage2_valid |                               11 |                               01
---------------------------------------------------------------------------------------------------
INFO: [Synth 8-3354] encoded FSM with state register 'gen_fwft.curr_fwft_state_reg' using encoding 'sequential' in module 'xpm_fifo_base__parameterized1'
INFO: [Synth 8-5775] Found 'rw_addr_collision' attribute set to 'no' on SDP RAM gen_wr_a.gen_word_narrow.mem_reg. Setting write mode to NO_CHANGE 
---------------------------------------------------------------------------------------------------
                   State |                     New Encoding |                Previous Encoding 
---------------------------------------------------------------------------------------------------
                 invalid |                               00 |                               00
            stage1_valid |                               01 |                               10
       both_stages_valid |                               10 |                               11
            stage2_valid |                               11 |                               01
---------------------------------------------------------------------------------------------------
INFO: [Synth 8-3354] encoded FSM with state register 'gen_fwft.curr_fwft_state_reg' using encoding 'sequential' in module 'xpm_fifo_base__parameterized2'
---------------------------------------------------------------------------------------------------
                   State |                     New Encoding |                Previous Encoding 
---------------------------------------------------------------------------------------------------
            P_WRITE_IDLE |                              001 |                               00
            P_WRITE_DATA |                              010 |                               01
            P_WRITE_RESP |                              100 |                               10
---------------------------------------------------------------------------------------------------
INFO: [Synth 8-3354] encoded FSM with state register 'gen_axi.gen_write.write_cs_reg' using encoding 'one-hot' in module 'sc_mmu_v1_0_10_decerr_slave'
INFO: [Synth 8-6159] Found Keep on FSM register 'gpregsm1.curr_fwft_state_reg' in module 'rd_fwft', re-encoding will not be performed
---------------------------------------------------------------------------------------------------
                   State |                     New Encoding |                Previous Encoding 
---------------------------------------------------------------------------------------------------
                 invalid |                               00 |                               00
            stage1_valid |                               10 |                               10
       both_stages_valid |                               11 |                               11
            stage2_valid |                               01 |                               01
---------------------------------------------------------------------------------------------------
INFO: [Synth 8-5552] Implemented safe state 'default_state' for state register 'gen_rst_ic.curr_wrst_state_reg' in module 'xpm_fifo_rst__parameterized1'
---------------------------------------------------------------------------------------------------
                   State |                     New Encoding |                Previous Encoding 
---------------------------------------------------------------------------------------------------
*
               WRST_IDLE |                            00001 |                              000
                 WRST_IN |                            00010 |                              010
                WRST_OUT |                            00100 |                              111
               WRST_EXIT |                            01000 |                              110
            WRST_GO2IDLE |                            10000 |                              100
---------------------------------------------------------------------------------------------------
INFO: [Synth 8-3354] encoded FSM with state register 'gen_rst_ic.curr_wrst_state_reg' using encoding 'one-hot' in module 'xpm_fifo_rst__parameterized1'
INFO: [Synth 8-5552] Implemented safe state 'default_state' for state register 'gen_rst_ic.curr_rrst_state_reg' in module 'xpm_fifo_rst__parameterized1'
---------------------------------------------------------------------------------------------------
                   State |                     New Encoding |                Previous Encoding 
---------------------------------------------------------------------------------------------------
                  iSTATE |                               00 |                               00
                 iSTATE0 |                               01 |                               10
                 iSTATE1 |                               10 |                               11
                 iSTATE2 |                               11 |                               01
---------------------------------------------------------------------------------------------------
INFO: [Synth 8-3354] encoded FSM with state register 'gen_rst_ic.curr_rrst_state_reg' using encoding 'sequential' in module 'xpm_fifo_rst__parameterized1'
---------------------------------------------------------------------------------------------------
                   State |                     New Encoding |                Previous Encoding 
---------------------------------------------------------------------------------------------------
                 invalid |                               00 |                               00
            stage1_valid |                               01 |                               10
       both_stages_valid |                               10 |                               11
            stage2_valid |                               11 |                               01
---------------------------------------------------------------------------------------------------
INFO: [Synth 8-3354] encoded FSM with state register 'gen_fwft.curr_fwft_state_reg' using encoding 'sequential' in module 'xpm_fifo_base__parameterized3'
---------------------------------------------------------------------------------------------------
                   State |                     New Encoding |                Previous Encoding 
---------------------------------------------------------------------------------------------------
                    idle |                               00 |                               00
        fetch_descriptor |                               01 |                               01
                  iSTATE |                               10 |                               11
*
---------------------------------------------------------------------------------------------------
INFO: [Synth 8-3354] encoded FSM with state register 'GEN_SM_FOR_NO_LENGTH.s2mm_cs_reg' using encoding 'sequential' in module 'axi_dma_s2mm_sm__parameterized0'
---------------------------------------------------------------------------------------------------
                   State |                     New Encoding |                Previous Encoding 
---------------------------------------------------------------------------------------------------
                 ch_init |                          0000001 |                              000
           wait_for_pcmd |                          0000010 |                              001
          ch_error_trap1 |                          0000100 |                              101
          ch_error_trap2 |                          0001000 |                              110
      ch_wait_for_sf_cmd |                          0010000 |                              010
         ch_ld_child_cmd |                          0100000 |                              011
          ch_chk_if_done |                          1000000 |                              100
---------------------------------------------------------------------------------------------------
INFO: [Synth 8-3354] encoded FSM with state register 'sig_csm_state_reg' using encoding 'one-hot' in module 'axi_datamover_ibttcc__parameterized0'
---------------------------------------------------------------------------------------------------
                   State |                     New Encoding |                Previous Encoding 
---------------------------------------------------------------------------------------------------
                  p_init |                              000 |                              000
          p_wait_for_cmd |                              001 |                              001
          p_ld_first_cmd |                              010 |                              010
          p_ld_child_cmd |                              011 |                              011
            p_error_trap |                              100 |                              111
           p_ld_last_cmd |                              101 |                              100
---------------------------------------------------------------------------------------------------
INFO: [Synth 8-3354] encoded FSM with state register 'sig_psm_state_reg' using encoding 'sequential' in module 'axi_datamover_ibttcc__parameterized0'
---------------------------------------------------------------------------------------------------
                   State |                     New Encoding |                Previous Encoding 
---------------------------------------------------------------------------------------------------
                    init |                              000 |                              000
    ld_dre_scatter_first |                              001 |                              001
           chk_pop_first |                              010 |                              010
   ld_dre_scatter_second |                              011 |                              011
              error_trap |                              100 |                              101
          chk_pop_second |                              101 |                              100
---------------------------------------------------------------------------------------------------
INFO: [Synth 8-3354] encoded FSM with state register 'sig_cmdcntl_sm_state_reg' using encoding 'sequential' in module 'axi_datamover_s2mm_realign__parameterized0'
---------------------------------------------------------------------------------------------------
                   State |                     New Encoding |                Previous Encoding 
---------------------------------------------------------------------------------------------------
                 invalid |                               00 |                               00
            stage1_valid |                               01 |                               10
       both_stages_valid |                               10 |                               11
            stage2_valid |                               11 |                               01
---------------------------------------------------------------------------------------------------
INFO: [Synth 8-3354] encoded FSM with state register 'gen_fwft.curr_fwft_state_reg' using encoding 'sequential' in module 'xpm_fifo_base__parameterized4'
INFO: [Synth 8-5775] Found 'rw_addr_collision' attribute set to 'no' on SDP RAM gen_wr_a.gen_word_narrow.mem_reg. Setting write mode to NO_CHANGE 
---------------------------------------------------------------------------------------------------
                   State |                     New Encoding |                Previous Encoding 
---------------------------------------------------------------------------------------------------
                 invalid |                               00 |                               00
            stage1_valid |                               01 |                               10
       both_stages_valid |                               10 |                               11
            stage2_valid |                               11 |                               01
---------------------------------------------------------------------------------------------------
INFO: [Synth 8-3354] encoded FSM with state register 'gen_fwft.curr_fwft_state_reg' using encoding 'sequential' in module 'xpm_fifo_base__parameterized5'
---------------------------------------------------------------------------------
Finished RTL Optimization Phase 2 : Time (s): cpu = 00:02:27 ; elapsed = 00:02:33 . Memory (MB): peak = 3298.746 ; gain = 2177.281
---------------------------------------------------------------------------------
INFO: [Synth 8-5775] Found 'rw_addr_collision' attribute set to 'no' on SDP RAM gen_wr_a.gen_word_narrow.mem_reg. Setting write mode to NO_CHANGE 
INFO: [Synth 8-5775] Found 'rw_addr_collision' attribute set to 'no' on SDP RAM gen_wr_a.gen_word_narrow.mem_reg. Setting write mode to NO_CHANGE 
INFO: [Synth 8-5775] Found 'rw_addr_collision' attribute set to 'no' on SDP RAM gen_wr_a.gen_word_narrow.mem_reg. Setting write mode to NO_CHANGE 
INFO: [Synth 8-5775] Found 'rw_addr_collision' attribute set to 'no' on SDP RAM gen_wr_a.gen_word_narrow.mem_reg. Setting write mode to NO_CHANGE 
---------------------------------------------------------------------------------
Start RTL Component Statistics 
---------------------------------------------------------------------------------
Detailed RTL Component Info : 
+---Adders : 
	   2 Input   64 Bit       Adders := 6     
	   3 Input   64 Bit       Adders := 3     
	   4 Input   64 Bit       Adders := 1     
	   3 Input   35 Bit       Adders := 1     
	   2 Input   34 Bit       Adders := 3     
	   4 Input   34 Bit       Adders := 1     
	   3 Input   33 Bit       Adders := 1     
	   2 Input   32 Bit       Adders := 14    
	   3 Input   32 Bit       Adders := 5     
	   4 Input   32 Bit       Adders := 1     
	   2 Input   28 Bit       Adders := 2     
	   3 Input   26 Bit       Adders := 1     
	   2 Input   24 Bit       Adders := 1     
	  10 Input   20 Bit       Adders := 1     
	   3 Input   17 Bit       Adders := 5     
	   2 Input   17 Bit       Adders := 3     
	   2 Input   16 Bit       Adders := 11    
	   3 Input   16 Bit       Adders := 1     
	   4 Input   15 Bit       Adders := 6     
	   2 Input   15 Bit       Adders := 2     
	   3 Input   15 Bit       Adders := 4     
	   3 Input   14 Bit       Adders := 4     
	   4 Input   14 Bit       Adders := 6     
	   2 Input   14 Bit       Adders := 2     
	   2 Input   13 Bit       Adders := 1     
	   3 Input   13 Bit       Adders := 1     
	   2 Input   12 Bit       Adders := 9     
	   2 Input   11 Bit       Adders := 2     
	   2 Input   10 Bit       Adders := 6     
	   4 Input   10 Bit       Adders := 4     
	   2 Input    9 Bit       Adders := 7     
	   4 Input    9 Bit       Adders := 5     
	   3 Input    9 Bit       Adders := 1     
	   2 Input    8 Bit       Adders := 32    
	   3 Input    8 Bit       Adders := 4     
	   4 Input    8 Bit       Adders := 4     
	   2 Input    7 Bit       Adders := 14    
	   4 Input    7 Bit       Adders := 5     
	   3 Input    7 Bit       Adders := 1     
	   2 Input    6 Bit       Adders := 323   
	   4 Input    6 Bit       Adders := 2     
	   2 Input    5 Bit       Adders := 28    
	   3 Input    5 Bit       Adders := 2     
	   4 Input    5 Bit       Adders := 11    
	   2 Input    4 Bit       Adders := 57    
	   3 Input    4 Bit       Adders := 6     
	   4 Input    4 Bit       Adders := 10    
	   2 Input    3 Bit       Adders := 48    
	   3 Input    3 Bit       Adders := 14    
	   2 Input    2 Bit       Adders := 20    
	   4 Input    2 Bit       Adders := 7     
	   3 Input    1 Bit       Adders := 10    
	   2 Input    1 Bit       Adders := 8     
+---XORs : 
	   2 Input     64 Bit         XORs := 14    
	   2 Input     32 Bit         XORs := 31    
	   2 Input     15 Bit         XORs := 4     
	   2 Input     14 Bit         XORs := 6     
	   2 Input      8 Bit         XORs := 1     
	   2 Input      6 Bit         XORs := 2     
	   2 Input      5 Bit         XORs := 2     
	   2 Input      1 Bit         XORs := 727   
	   3 Input      1 Bit         XORs := 6     
	   6 Input      1 Bit         XORs := 7     
	   8 Input      1 Bit         XORs := 1     
	   5 Input      1 Bit         XORs := 4     
	   7 Input      1 Bit         XORs := 7     
	  10 Input      1 Bit         XORs := 2     
	   9 Input      1 Bit         XORs := 3     
	  12 Input      1 Bit         XORs := 1     
	   4 Input      1 Bit         XORs := 1     
+---Registers : 
	             2178 Bit    Registers := 84    
	              512 Bit    Registers := 4     
	              161 Bit    Registers := 2     
	              160 Bit    Registers := 2     
	              142 Bit    Registers := 10    
	              107 Bit    Registers := 1     
	              106 Bit    Registers := 1     
	              105 Bit    Registers := 1     
	              104 Bit    Registers := 1     
	               91 Bit    Registers := 4     
	               88 Bit    Registers := 6     
	               87 Bit    Registers := 4     
	               86 Bit    Registers := 3     
	               71 Bit    Registers := 2     
	               68 Bit    Registers := 4     
	               66 Bit    Registers := 5     
	               64 Bit    Registers := 35    
	               48 Bit    Registers := 1     
	               47 Bit    Registers := 4     
	               40 Bit    Registers := 4     
	               38 Bit    Registers := 4     
	               37 Bit    Registers := 2     
	               36 Bit    Registers := 2     
	               35 Bit    Registers := 3     
	               34 Bit    Registers := 13    
	               33 Bit    Registers := 2     
	               32 Bit    Registers := 1219  
	               28 Bit    Registers := 3     
	               27 Bit    Registers := 2     
	               26 Bit    Registers := 15    
	               24 Bit    Registers := 2     
	               23 Bit    Registers := 4     
	               20 Bit    Registers := 4     
	               19 Bit    Registers := 2     
	               18 Bit    Registers := 14    
	               17 Bit    Registers := 3     
	               16 Bit    Registers := 43    
	               15 Bit    Registers := 33    
	               14 Bit    Registers := 45    
	               13 Bit    Registers := 4     
	               12 Bit    Registers := 10    
	               11 Bit    Registers := 3     
	               10 Bit    Registers := 20    
	                9 Bit    Registers := 23    
	                8 Bit    Registers := 133   
	                7 Bit    Registers := 27    
	                6 Bit    Registers := 179   
	                5 Bit    Registers := 87    
	                4 Bit    Registers := 168   
	                3 Bit    Registers := 185   
	                2 Bit    Registers := 143   
	                1 Bit    Registers := 2725  
+---Multipliers : 
	              32x32  Multipliers := 1     
	               4x32  Multipliers := 1     
+---RAMs : 
	             544K Bit	(16384 X 34 bit)          RAMs := 1     
	             512K Bit	(16384 X 32 bit)          RAMs := 1     
	             256K Bit	(8192 X 32 bit)          RAMs := 2     
	              32K Bit	(1024 X 32 bit)          RAMs := 1     
	              19K Bit	(512 X 38 bit)          RAMs := 1     
	               4K Bit	(128 X 38 bit)          RAMs := 1     
	              176 Bit	(16 X 11 bit)          RAMs := 1     
	              144 Bit	(16 X 9 bit)          RAMs := 1     
+---Muxes : 
	   2 Input 2178 Bit        Muxes := 42    
	   2 Input  512 Bit        Muxes := 4     
	   4 Input  142 Bit        Muxes := 2     
	   2 Input  142 Bit        Muxes := 2     
	   4 Input   88 Bit        Muxes := 1     
	   2 Input   88 Bit        Muxes := 1     
	   2 Input   87 Bit        Muxes := 3     
	   2 Input   86 Bit        Muxes := 2     
	   2 Input   66 Bit        Muxes := 4     
	   2 Input   64 Bit        Muxes := 37    
	   4 Input   64 Bit        Muxes := 1     
	   2 Input   47 Bit        Muxes := 4     
	   2 Input   40 Bit        Muxes := 2     
	   2 Input   36 Bit        Muxes := 2     
	   2 Input   35 Bit        Muxes := 1     
	   2 Input   34 Bit        Muxes := 6     
	   2 Input   33 Bit        Muxes := 2     
	   2 Input   32 Bit        Muxes := 90    
	   3 Input   32 Bit        Muxes := 1     
	  68 Input   32 Bit        Muxes := 2     
	   4 Input   32 Bit        Muxes := 3     
	   6 Input   32 Bit        Muxes := 1     
	   7 Input   32 Bit        Muxes := 5     
	  10 Input   32 Bit        Muxes := 1     
	   5 Input   32 Bit        Muxes := 1     
	   2 Input   28 Bit        Muxes := 5     
	   6 Input   27 Bit        Muxes := 1     
	   2 Input   26 Bit        Muxes := 26    
	   4 Input   26 Bit        Muxes := 2     
	   3 Input   26 Bit        Muxes := 1     
	   2 Input   25 Bit        Muxes := 1     
	   2 Input   24 Bit        Muxes := 2     
	   7 Input   24 Bit        Muxes := 1     
	   2 Input   23 Bit        Muxes := 6     
	   2 Input   17 Bit        Muxes := 3     
	   2 Input   16 Bit        Muxes := 25    
	   4 Input   16 Bit        Muxes := 5     
	   3 Input   16 Bit        Muxes := 1     
	   7 Input   16 Bit        Muxes := 2     
	   5 Input   16 Bit        Muxes := 1     
	   2 Input   14 Bit        Muxes := 17    
	   4 Input   14 Bit        Muxes := 1     
	   2 Input   13 Bit        Muxes := 3     
	   2 Input   12 Bit        Muxes := 9     
	   2 Input   11 Bit        Muxes := 9     
	   2 Input   10 Bit        Muxes := 8     
	   4 Input   10 Bit        Muxes := 3     
	   2 Input    9 Bit        Muxes := 11    
	   3 Input    9 Bit        Muxes := 1     
	   2 Input    8 Bit        Muxes := 65    
	   3 Input    8 Bit        Muxes := 2     
	   8 Input    8 Bit        Muxes := 2     
	   4 Input    8 Bit        Muxes := 2     
	   5 Input    8 Bit        Muxes := 2     
	   7 Input    8 Bit        Muxes := 2     
	   2 Input    7 Bit        Muxes := 98    
	  74 Input    7 Bit        Muxes := 2     
	   7 Input    7 Bit        Muxes := 2     
	   3 Input    7 Bit        Muxes := 4     
	   8 Input    7 Bit        Muxes := 4     
	   2 Input    6 Bit        Muxes := 62    
	   7 Input    6 Bit        Muxes := 1     
	   2 Input    5 Bit        Muxes := 56    
	   6 Input    5 Bit        Muxes := 3     
	   4 Input    5 Bit        Muxes := 2     
	   7 Input    5 Bit        Muxes := 2     
	   5 Input    5 Bit        Muxes := 1     
	   2 Input    4 Bit        Muxes := 61    
	   4 Input    4 Bit        Muxes := 10    
	   5 Input    4 Bit        Muxes := 1     
	   7 Input    4 Bit        Muxes := 1     
	   4 Input    3 Bit        Muxes := 28    
	  11 Input    3 Bit        Muxes := 20    
	   2 Input    3 Bit        Muxes := 102   
	   5 Input    3 Bit        Muxes := 12    
	   6 Input    3 Bit        Muxes := 4     
	   3 Input    3 Bit        Muxes := 2     
	  14 Input    3 Bit        Muxes := 1     
	   7 Input    3 Bit        Muxes := 1     
	   2 Input    2 Bit        Muxes := 570   
	   3 Input    2 Bit        Muxes := 6     
	   7 Input    2 Bit        Muxes := 16    
	   4 Input    2 Bit        Muxes := 60    
	  16 Input    2 Bit        Muxes := 1     
	   6 Input    2 Bit        Muxes := 1     
	   5 Input    2 Bit        Muxes := 1     
	   2 Input    1 Bit        Muxes := 1368  
	   4 Input    1 Bit        Muxes := 157   
	   5 Input    1 Bit        Muxes := 34    
	   6 Input    1 Bit        Muxes := 299   
	  10 Input    1 Bit        Muxes := 139   
	   7 Input    1 Bit        Muxes := 141   
	  12 Input    1 Bit        Muxes := 20    
	   3 Input    1 Bit        Muxes := 57    
	   8 Input    1 Bit        Muxes := 1     
---------------------------------------------------------------------------------
Finished RTL Component Statistics 
---------------------------------------------------------------------------------
---------------------------------------------------------------------------------
Start Part Resource Summary
---------------------------------------------------------------------------------
Part Resources:
DSPs: 220 (col length:60)
BRAMs: 280 (col length: RAMB18 60 RAMB36 30)
---------------------------------------------------------------------------------
Finished Part Resource Summary
---------------------------------------------------------------------------------
---------------------------------------------------------------------------------
Start Cross Boundary and Area Optimization
---------------------------------------------------------------------------------
WARNING: [Synth 8-3936] Found unconnected internal register 'interval_error_square_pipe_reg' and it is trimmed from '64' to '48' bits. [C:/Users/chris/FPGA_Projects/A-high-speed-data-acquisition-framework-main/AXI_DMA.srcs/sources_1/new/peak_feature_engine.v:247]
WARNING: [Synth 8-3936] Found unconnected internal register 'interval_error_square_reg' and it is trimmed from '64' to '48' bits. [C:/Users/chris/FPGA_Projects/A-high-speed-data-acquisition-framework-main/AXI_DMA.srcs/sources_1/new/peak_feature_engine.v:243]
INFO: [Synth 8-5845] Not enough pipeline registers after wide multiplier. Recommended levels of pipeline registers is 4 [C:/Users/chris/FPGA_Projects/A-high-speed-data-acquisition-framework-main/AXI_DMA.srcs/sources_1/new/peak_feature_engine.v:243]
DSP Report: Generating DSP interval_error_square0, operation Mode is: A2*B2.
DSP Report: register interval_error_reg_reg is absorbed into DSP interval_error_square0.
DSP Report: register interval_error_square0 is absorbed into DSP interval_error_square0.
DSP Report: operator interval_error_square0 is absorbed into DSP interval_error_square0.
DSP Report: operator interval_error_square0 is absorbed into DSP interval_error_square0.
DSP Report: Generating DSP interval_error_square_reg, operation Mode is: (PCIN>>17)+A2*B2.
DSP Report: register interval_error_reg_reg is absorbed into DSP interval_error_square_reg.
DSP Report: register interval_error_reg_reg is absorbed into DSP interval_error_square_reg.
DSP Report: register interval_error_square_reg is absorbed into DSP interval_error_square_reg.
DSP Report: operator interval_error_square0 is absorbed into DSP interval_error_square_reg.
DSP Report: operator interval_error_square0 is absorbed into DSP interval_error_square_reg.
DSP Report: Generating DSP interval_error_square0, operation Mode is: A2*B2.
DSP Report: register interval_error_square0 is absorbed into DSP interval_error_square0.
DSP Report: register interval_error_square0 is absorbed into DSP interval_error_square0.
DSP Report: operator interval_error_square0 is absorbed into DSP interval_error_square0.
DSP Report: operator interval_error_square0 is absorbed into DSP interval_error_square0.
DSP Report: Generating DSP interval_error_square_reg, operation Mode is: (PCIN>>17)+A2*B2.
DSP Report: register interval_error_reg_reg is absorbed into DSP interval_error_square_reg.
DSP Report: register interval_error_square_reg is absorbed into DSP interval_error_square_reg.
DSP Report: register interval_error_square_reg is absorbed into DSP interval_error_square_reg.
DSP Report: operator interval_error_square0 is absorbed into DSP interval_error_square_reg.
DSP Report: operator interval_error_square0 is absorbed into DSP interval_error_square_reg.
DSP Report: Generating DSP scaled_noise, operation Mode is: A2*B.
DSP Report: register scaled_noise is absorbed into DSP scaled_noise.
DSP Report: operator scaled_noise is absorbed into DSP scaled_noise.
DSP Report: operator scaled_noise is absorbed into DSP scaled_noise.
DSP Report: Generating DSP scaled_noise, operation Mode is: (PCIN>>17)+(A:0x0)'*B.
DSP Report: register noise_q16_reg is absorbed into DSP scaled_noise.
DSP Report: operator scaled_noise is absorbed into DSP scaled_noise.
DSP Report: operator scaled_noise is absorbed into DSP scaled_noise.
DSP Report: Generating DSP error_square_stage1_reg, operation Mode is: (A*B)'.
DSP Report: register error_square_stage1_reg is absorbed into DSP error_square_stage1_reg.
DSP Report: register error_square_stage0_reg is absorbed into DSP error_square_stage1_reg.
DSP Report: operator error_square_stage00 is absorbed into DSP error_square_stage1_reg.
INFO: [Synth 8-3333] propagating constant 0 across sequential element (\div_numerator_reg[15] )
INFO: [Synth 8-3333] propagating constant 1 across sequential element (\header_mem_reg[0][30] )
INFO: [Synth 8-3333] propagating constant 0 across sequential element (\header_mem_reg[2][31] )
INFO: [Synth 8-3333] propagating constant 0 across sequential element (\header_mem_reg[0][31] )
INFO: [Synth 8-3333] propagating constant 0 across sequential element (divider_inst/\divisor_abs_reg[33] )
INFO: [Synth 8-3333] propagating constant 0 across sequential element (\header_mem_reg[18][11] )
WARNING: [Synth 8-7129] Port connectivity[2] in module sc_switchboard_v1_0_6_top__parameterized2 is either unconnected or has no load
WARNING: [Synth 8-7129] Port connectivity[1] in module sc_switchboard_v1_0_6_top__parameterized2 is either unconnected or has no load
WARNING: [Synth 8-7129] Port connectivity[0] in module sc_switchboard_v1_0_6_top__parameterized2 is either unconnected or has no load
WARNING: [Synth 8-7129] Port s_sc_send[2] in module sc_switchboard_v1_0_6_top__parameterized2 is either unconnected or has no load
WARNING: [Synth 8-7129] Port s_sc_req[2] in module sc_switchboard_v1_0_6_top__parameterized2 is either unconnected or has no load
WARNING: [Synth 8-7129] Port s_sc_info[2] in module sc_switchboard_v1_0_6_top__parameterized2 is either unconnected or has no load
WARNING: [Synth 8-7129] Port s_sc_payld[263] in module sc_switchboard_v1_0_6_top__parameterized2 is either unconnected or has no load
WARNING: [Synth 8-7129] Port s_sc_payld[262] in module sc_switchboard_v1_0_6_top__parameterized2 is either unconnected or has no load
WARNING: [Synth 8-7129] Port s_sc_payld[261] in module sc_switchboard_v1_0_6_top__parameterized2 is either unconnected or has no load
WARNING: [Synth 8-7129] Port s_sc_payld[260] in module sc_switchboard_v1_0_6_top__parameterized2 is either unconnected or has no load
WARNING: [Synth 8-7129] Port s_sc_payld[259] in module sc_switchboard_v1_0_6_top__parameterized2 is either unconnected or has no load
WARNING: [Synth 8-7129] Port s_sc_payld[258] in module sc_switchboard_v1_0_6_top__parameterized2 is either unconnected or has no load
WARNING: [Synth 8-7129] Port s_sc_payld[257] in module sc_switchboard_v1_0_6_top__parameterized2 is either unconnected or has no load
WARNING: [Synth 8-7129] Port s_sc_payld[256] in module sc_switchboard_v1_0_6_top__parameterized2 is either unconnected or has no load
WARNING: [Synth 8-7129] Port s_sc_payld[255] in module sc_switchboard_v1_0_6_top__parameterized2 is either unconnected or has no load
WARNING: [Synth 8-7129] Port s_sc_payld[254] in module sc_switchboard_v1_0_6_top__parameterized2 is either unconnected or has no load
WARNING: [Synth 8-7129] Port s_sc_payld[253] in module sc_switchboard_v1_0_6_top__parameterized2 is either unconnected or has no load
WARNING: [Synth 8-7129] Port s_sc_payld[252] in module sc_switchboard_v1_0_6_top__parameterized2 is either unconnected or has no load
WARNING: [Synth 8-7129] Port s_sc_payld[251] in module sc_switchboard_v1_0_6_top__parameterized2 is either unconnected or has no load
WARNING: [Synth 8-7129] Port s_sc_payld[250] in module sc_switchboard_v1_0_6_top__parameterized2 is either unconnected or has no load
WARNING: [Synth 8-7129] Port s_sc_payld[249] in module sc_switchboard_v1_0_6_top__parameterized2 is either unconnected or has no load
WARNING: [Synth 8-7129] Port s_sc_payld[248] in module sc_switchboard_v1_0_6_top__parameterized2 is either unconnected or has no load
WARNING: [Synth 8-7129] Port s_sc_payld[247] in module sc_switchboard_v1_0_6_top__parameterized2 is either unconnected or has no load
WARNING: [Synth 8-7129] Port s_sc_payld[246] in module sc_switchboard_v1_0_6_top__parameterized2 is either unconnected or has no load
WARNING: [Synth 8-7129] Port s_sc_payld[245] in module sc_switchboard_v1_0_6_top__parameterized2 is either unconnected or has no load
WARNING: [Synth 8-7129] Port s_sc_payld[244] in module sc_switchboard_v1_0_6_top__parameterized2 is either unconnected or has no load
WARNING: [Synth 8-7129] Port s_sc_payld[243] in module sc_switchboard_v1_0_6_top__parameterized2 is either unconnected or has no load
WARNING: [Synth 8-7129] Port s_sc_payld[242] in module sc_switchboard_v1_0_6_top__parameterized2 is either unconnected or has no load
WARNING: [Synth 8-7129] Port s_sc_payld[241] in module sc_switchboard_v1_0_6_top__parameterized2 is either unconnected or has no load
WARNING: [Synth 8-7129] Port s_sc_payld[240] in module sc_switchboard_v1_0_6_top__parameterized2 is either unconnected or has no load
WARNING: [Synth 8-7129] Port s_sc_payld[239] in module sc_switchboard_v1_0_6_top__parameterized2 is either unconnected or has no load
WARNING: [Synth 8-7129] Port s_sc_payld[238] in module sc_switchboard_v1_0_6_top__parameterized2 is either unconnected or has no load
WARNING: [Synth 8-7129] Port s_sc_payld[237] in module sc_switchboard_v1_0_6_top__parameterized2 is either unconnected or has no load
WARNING: [Synth 8-7129] Port s_sc_payld[236] in module sc_switchboard_v1_0_6_top__parameterized2 is either unconnected or has no load
WARNING: [Synth 8-7129] Port s_sc_payld[235] in module sc_switchboard_v1_0_6_top__parameterized2 is either unconnected or has no load
WARNING: [Synth 8-7129] Port s_sc_payld[234] in module sc_switchboard_v1_0_6_top__parameterized2 is either unconnected or has no load
WARNING: [Synth 8-7129] Port s_sc_payld[233] in module sc_switchboard_v1_0_6_top__parameterized2 is either unconnected or has no load
WARNING: [Synth 8-7129] Port s_sc_payld[232] in module sc_switchboard_v1_0_6_top__parameterized2 is either unconnected or has no load
WARNING: [Synth 8-7129] Port s_sc_payld[231] in module sc_switchboard_v1_0_6_top__parameterized2 is either unconnected or has no load
WARNING: [Synth 8-7129] Port s_sc_payld[230] in module sc_switchboard_v1_0_6_top__parameterized2 is either unconnected or has no load
WARNING: [Synth 8-7129] Port s_sc_payld[229] in module sc_switchboard_v1_0_6_top__parameterized2 is either unconnected or has no load
WARNING: [Synth 8-7129] Port s_sc_payld[228] in module sc_switchboard_v1_0_6_top__parameterized2 is either unconnected or has no load
WARNING: [Synth 8-7129] Port s_sc_payld[227] in module sc_switchboard_v1_0_6_top__parameterized2 is either unconnected or has no load
WARNING: [Synth 8-7129] Port s_sc_payld[226] in module sc_switchboard_v1_0_6_top__parameterized2 is either unconnected or has no load
WARNING: [Synth 8-7129] Port s_sc_payld[225] in module sc_switchboard_v1_0_6_top__parameterized2 is either unconnected or has no load
WARNING: [Synth 8-7129] Port s_sc_payld[224] in module sc_switchboard_v1_0_6_top__parameterized2 is either unconnected or has no load
WARNING: [Synth 8-7129] Port s_sc_payld[223] in module sc_switchboard_v1_0_6_top__parameterized2 is either unconnected or has no load
WARNING: [Synth 8-7129] Port s_sc_payld[222] in module sc_switchboard_v1_0_6_top__parameterized2 is either unconnected or has no load
WARNING: [Synth 8-7129] Port s_sc_payld[221] in module sc_switchboard_v1_0_6_top__parameterized2 is either unconnected or has no load
WARNING: [Synth 8-7129] Port s_sc_payld[220] in module sc_switchboard_v1_0_6_top__parameterized2 is either unconnected or has no load
WARNING: [Synth 8-7129] Port s_sc_payld[219] in module sc_switchboard_v1_0_6_top__parameterized2 is either unconnected or has no load
WARNING: [Synth 8-7129] Port s_sc_payld[218] in module sc_switchboard_v1_0_6_top__parameterized2 is either unconnected or has no load
WARNING: [Synth 8-7129] Port s_sc_payld[217] in module sc_switchboard_v1_0_6_top__parameterized2 is either unconnected or has no load
WARNING: [Synth 8-7129] Port s_sc_payld[216] in module sc_switchboard_v1_0_6_top__parameterized2 is either unconnected or has no load
WARNING: [Synth 8-7129] Port s_sc_payld[215] in module sc_switchboard_v1_0_6_top__parameterized2 is either unconnected or has no load
WARNING: [Synth 8-7129] Port s_sc_payld[214] in module sc_switchboard_v1_0_6_top__parameterized2 is either unconnected or has no load
WARNING: [Synth 8-7129] Port s_sc_payld[213] in module sc_switchboard_v1_0_6_top__parameterized2 is either unconnected or has no load
WARNING: [Synth 8-7129] Port s_sc_payld[212] in module sc_switchboard_v1_0_6_top__parameterized2 is either unconnected or has no load
WARNING: [Synth 8-7129] Port s_sc_payld[211] in module sc_switchboard_v1_0_6_top__parameterized2 is either unconnected or has no load
WARNING: [Synth 8-7129] Port s_sc_payld[210] in module sc_switchboard_v1_0_6_top__parameterized2 is either unconnected or has no load
WARNING: [Synth 8-7129] Port s_sc_payld[209] in module sc_switchboard_v1_0_6_top__parameterized2 is either unconnected or has no load
WARNING: [Synth 8-7129] Port s_sc_payld[208] in module sc_switchboard_v1_0_6_top__parameterized2 is either unconnected or has no load
WARNING: [Synth 8-7129] Port s_sc_payld[207] in module sc_switchboard_v1_0_6_top__parameterized2 is either unconnected or has no load
WARNING: [Synth 8-7129] Port s_sc_payld[206] in module sc_switchboard_v1_0_6_top__parameterized2 is either unconnected or has no load
WARNING: [Synth 8-7129] Port s_sc_payld[205] in module sc_switchboard_v1_0_6_top__parameterized2 is either unconnected or has no load
WARNING: [Synth 8-7129] Port s_sc_payld[204] in module sc_switchboard_v1_0_6_top__parameterized2 is either unconnected or has no load
WARNING: [Synth 8-7129] Port s_sc_payld[203] in module sc_switchboard_v1_0_6_top__parameterized2 is either unconnected or has no load
WARNING: [Synth 8-7129] Port s_sc_payld[202] in module sc_switchboard_v1_0_6_top__parameterized2 is either unconnected or has no load
WARNING: [Synth 8-7129] Port s_sc_payld[201] in module sc_switchboard_v1_0_6_top__parameterized2 is either unconnected or has no load
WARNING: [Synth 8-7129] Port s_sc_payld[200] in module sc_switchboard_v1_0_6_top__parameterized2 is either unconnected or has no load
WARNING: [Synth 8-7129] Port s_sc_payld[199] in module sc_switchboard_v1_0_6_top__parameterized2 is either unconnected or has no load
WARNING: [Synth 8-7129] Port s_sc_payld[198] in module sc_switchboard_v1_0_6_top__parameterized2 is either unconnected or has no load
WARNING: [Synth 8-7129] Port s_sc_payld[197] in module sc_switchboard_v1_0_6_top__parameterized2 is either unconnected or has no load
WARNING: [Synth 8-7129] Port s_sc_payld[196] in module sc_switchboard_v1_0_6_top__parameterized2 is either unconnected or has no load
WARNING: [Synth 8-7129] Port s_sc_payld[195] in module sc_switchboard_v1_0_6_top__parameterized2 is either unconnected or has no load
WARNING: [Synth 8-7129] Port s_sc_payld[194] in module sc_switchboard_v1_0_6_top__parameterized2 is either unconnected or has no load
WARNING: [Synth 8-7129] Port s_sc_payld[193] in module sc_switchboard_v1_0_6_top__parameterized2 is either unconnected or has no load
WARNING: [Synth 8-7129] Port s_sc_payld[192] in module sc_switchboard_v1_0_6_top__parameterized2 is either unconnected or has no load
WARNING: [Synth 8-7129] Port s_sc_payld[191] in module sc_switchboard_v1_0_6_top__parameterized2 is either unconnected or has no load
WARNING: [Synth 8-7129] Port s_sc_payld[190] in module sc_switchboard_v1_0_6_top__parameterized2 is either unconnected or has no load
WARNING: [Synth 8-7129] Port s_sc_payld[189] in module sc_switchboard_v1_0_6_top__parameterized2 is either unconnected or has no load
WARNING: [Synth 8-7129] Port s_sc_payld[188] in module sc_switchboard_v1_0_6_top__parameterized2 is either unconnected or has no load
WARNING: [Synth 8-7129] Port s_sc_payld[187] in module sc_switchboard_v1_0_6_top__parameterized2 is either unconnected or has no load
WARNING: [Synth 8-7129] Port s_sc_payld[186] in module sc_switchboard_v1_0_6_top__parameterized2 is either unconnected or has no load
WARNING: [Synth 8-7129] Port s_sc_payld[185] in module sc_switchboard_v1_0_6_top__parameterized2 is either unconnected or has no load
WARNING: [Synth 8-7129] Port s_sc_payld[184] in module sc_switchboard_v1_0_6_top__parameterized2 is either unconnected or has no load
WARNING: [Synth 8-7129] Port s_sc_payld[183] in module sc_switchboard_v1_0_6_top__parameterized2 is either unconnected or has no load
WARNING: [Synth 8-7129] Port s_sc_payld[182] in module sc_switchboard_v1_0_6_top__parameterized2 is either unconnected or has no load
WARNING: [Synth 8-7129] Port s_sc_payld[181] in module sc_switchboard_v1_0_6_top__parameterized2 is either unconnected or has no load
WARNING: [Synth 8-7129] Port s_sc_payld[180] in module sc_switchboard_v1_0_6_top__parameterized2 is either unconnected or has no load
WARNING: [Synth 8-7129] Port s_sc_payld[179] in module sc_switchboard_v1_0_6_top__parameterized2 is either unconnected or has no load
WARNING: [Synth 8-7129] Port s_sc_payld[178] in module sc_switchboard_v1_0_6_top__parameterized2 is either unconnected or has no load
WARNING: [Synth 8-7129] Port s_sc_payld[177] in module sc_switchboard_v1_0_6_top__parameterized2 is either unconnected or has no load
WARNING: [Synth 8-7129] Port s_sc_payld[176] in module sc_switchboard_v1_0_6_top__parameterized2 is either unconnected or has no load
WARNING: [Synth 8-7129] Port connectivity[2] in module sc_switchboard_v1_0_6_top__parameterized1 is either unconnected or has no load
WARNING: [Synth 8-7129] Port connectivity[1] in module sc_switchboard_v1_0_6_top__parameterized1 is either unconnected or has no load
WARNING: [Synth 8-7129] Port connectivity[0] in module sc_switchboard_v1_0_6_top__parameterized1 is either unconnected or has no load
WARNING: [Synth 8-7129] Port s_sc_send[2] in module sc_switchboard_v1_0_6_top__parameterized1 is either unconnected or has no load
WARNING: [Synth 8-7129] Port s_sc_req[2] in module sc_switchboard_v1_0_6_top__parameterized1 is either unconnected or has no load
WARNING: [Synth 8-7129] Port s_sc_info[2] in module sc_switchboard_v1_0_6_top__parameterized1 is either unconnected or has no load
INFO: [Common 17-14] Message 'Synth 8-7129' appears 100 times and further instances of the messages will be disabled. Use the Tcl command set_msg_config to change the current settings.
INFO: [Common 17-14] Message 'Synth 8-7129' appears 100 times and further instances of the messages will be disabled. Use the Tcl command set_msg_config to change the current settings.
INFO: [Synth 8-3886] merging instance 's00_nodes/s00_w_node/inst/inst_mi_handler/gen_normal_area.gen_upsizer.inst_upsizer/inst_upsizer_target_pipeline/gen_pipe[1].pipe_reg[1][5]' (FDRE) to 's00_nodes/s00_w_node/inst/inst_mi_handler/gen_normal_area.gen_upsizer.inst_upsizer/inst_upsizer_target_pipeline/gen_pipe[1].pipe_reg[1][2]'
INFO: [Synth 8-3886] merging instance 's00_nodes/s00_w_node/inst/inst_mi_handler/gen_normal_area.gen_upsizer.inst_upsizer/inst_upsizer_target_pipeline/gen_pipe[1].pipe_reg[1][6]' (FDRE) to 's00_nodes/s00_w_node/inst/inst_mi_handler/gen_normal_area.gen_upsizer.inst_upsizer/inst_upsizer_target_pipeline/gen_pipe[1].pipe_reg[1][2]'
INFO: [Synth 8-3886] merging instance 's00_nodes/s00_w_node/inst/inst_mi_handler/gen_normal_area.gen_upsizer.inst_upsizer/inst_upsizer_target_pipeline/gen_pipe[1].pipe_reg[1][7]' (FDRE) to 's00_nodes/s00_w_node/inst/inst_mi_handler/gen_normal_area.gen_upsizer.inst_upsizer/inst_upsizer_target_pipeline/gen_pipe[1].pipe_reg[1][2]'
INFO: [Synth 8-3886] merging instance 's00_nodes/s00_w_node/inst/inst_mi_handler/gen_normal_area.gen_upsizer.inst_upsizer/inst_upsizer_target_pipeline/gen_pipe[1].pipe_reg[1][8]' (FDRE) to 's00_nodes/s00_w_node/inst/inst_mi_handler/gen_normal_area.gen_upsizer.inst_upsizer/inst_upsizer_target_pipeline/gen_pipe[1].pipe_reg[1][2]'
INFO: [Synth 8-3886] merging instance 's00_nodes/s00_w_node/inst/inst_mi_handler/gen_normal_area.gen_upsizer.inst_upsizer/inst_upsizer_target_pipeline/gen_pipe[1].pipe_reg[1][9]' (FDRE) to 's00_nodes/s00_w_node/inst/inst_mi_handler/gen_normal_area.gen_upsizer.inst_upsizer/inst_upsizer_target_pipeline/gen_pipe[1].pipe_reg[1][2]'
INFO: [Synth 8-3886] merging instance 's00_nodes/s00_w_node/inst/inst_mi_handler/gen_normal_area.gen_upsizer.inst_upsizer/inst_upsizer_target_pipeline/gen_pipe[1].pipe_reg[1][10]' (FDRE) to 's00_nodes/s00_w_node/inst/inst_mi_handler/gen_normal_area.gen_upsizer.inst_upsizer/inst_upsizer_target_pipeline/gen_pipe[1].pipe_reg[1][2]'
INFO: [Synth 8-3886] merging instance 's00_nodes/s00_w_node/inst/inst_mi_handler/gen_normal_area.gen_upsizer.inst_upsizer/inst_upsizer_target_pipeline/gen_pipe[1].pipe_reg[1][12]' (FDRE) to 's00_nodes/s00_w_node/inst/inst_mi_handler/gen_normal_area.gen_upsizer.inst_upsizer/inst_upsizer_target_pipeline/gen_pipe[1].pipe_reg[1][2]'
INFO: [Synth 8-3886] merging instance 's00_nodes/s00_w_node/inst/inst_mi_handler/gen_normal_area.gen_upsizer.inst_upsizer/inst_upsizer_target_pipeline/gen_pipe[1].pipe_reg[1][13]' (FDRE) to 's00_nodes/s00_w_node/inst/inst_mi_handler/gen_normal_area.gen_upsizer.inst_upsizer/inst_upsizer_target_pipeline/gen_pipe[1].pipe_reg[1][2]'
INFO: [Synth 8-3886] merging instance 's00_nodes/s00_w_node/inst/inst_mi_handler/gen_normal_area.gen_upsizer.inst_upsizer/inst_upsizer_target_pipeline/gen_pipe[1].pipe_reg[1][14]' (FDRE) to 's00_nodes/s00_w_node/inst/inst_mi_handler/gen_normal_area.gen_upsizer.inst_upsizer/inst_upsizer_target_pipeline/gen_pipe[1].pipe_reg[1][2]'
INFO: [Synth 8-3886] merging instance 's00_nodes/s00_w_node/inst/inst_mi_handler/gen_normal_area.gen_upsizer.inst_upsizer/inst_upsizer_target_pipeline/gen_pipe[1].pipe_reg[1][15]' (FDRE) to 's00_nodes/s00_w_node/inst/inst_mi_handler/gen_normal_area.gen_upsizer.inst_upsizer/inst_upsizer_target_pipeline/gen_pipe[1].pipe_reg[1][2]'
INFO: [Synth 8-3886] merging instance 's00_nodes/s00_w_node/inst/inst_mi_handler/gen_normal_area.gen_upsizer.inst_upsizer/inst_upsizer_target_pipeline/gen_pipe[1].pipe_reg[1][16]' (FDRE) to 's00_nodes/s00_w_node/inst/inst_mi_handler/gen_normal_area.gen_upsizer.inst_upsizer/inst_upsizer_target_pipeline/gen_pipe[1].pipe_reg[1][2]'
INFO: [Synth 8-3886] merging instance 's00_nodes/s00_w_node/inst/inst_mi_handler/gen_normal_area.gen_upsizer.inst_upsizer/inst_upsizer_target_pipeline/gen_pipe[1].pipe_reg[1][17]' (FDRE) to 's00_nodes/s00_w_node/inst/inst_mi_handler/gen_normal_area.gen_upsizer.inst_upsizer/inst_upsizer_target_pipeline/gen_pipe[1].pipe_reg[1][2]'
INFO: [Synth 8-3333] propagating constant 0 across sequential element (\s00_nodes/s00_w_node/inst /\inst_mi_handler/gen_normal_area.gen_upsizer.inst_upsizer/inst_upsizer_target_pipeline/gen_pipe[1].pipe_reg[1][2] )
INFO: [Synth 8-3886] merging instance 's01_nodes/s01_w_node/inst/inst_mi_handler/gen_normal_area.gen_upsizer.inst_upsizer/inst_upsizer_target_pipeline/gen_pipe[1].pipe_reg[1][5]' (FDRE) to 's01_nodes/s01_w_node/inst/inst_mi_handler/gen_normal_area.gen_upsizer.inst_upsizer/inst_upsizer_target_pipeline/gen_pipe[1].pipe_reg[1][2]'
INFO: [Synth 8-3886] merging instance 's01_nodes/s01_w_node/inst/inst_mi_handler/gen_normal_area.gen_upsizer.inst_upsizer/inst_upsizer_target_pipeline/gen_pipe[1].pipe_reg[1][6]' (FDRE) to 's01_nodes/s01_w_node/inst/inst_mi_handler/gen_normal_area.gen_upsizer.inst_upsizer/inst_upsizer_target_pipeline/gen_pipe[1].pipe_reg[1][2]'
INFO: [Synth 8-3886] merging instance 's01_nodes/s01_w_node/inst/inst_mi_handler/gen_normal_area.gen_upsizer.inst_upsizer/inst_upsizer_target_pipeline/gen_pipe[1].pipe_reg[1][7]' (FDRE) to 's01_nodes/s01_w_node/inst/inst_mi_handler/gen_normal_area.gen_upsizer.inst_upsizer/inst_upsizer_target_pipeline/gen_pipe[1].pipe_reg[1][2]'
INFO: [Synth 8-3886] merging instance 's01_nodes/s01_w_node/inst/inst_mi_handler/gen_normal_area.gen_upsizer.inst_upsizer/inst_upsizer_target_pipeline/gen_pipe[1].pipe_reg[1][8]' (FDRE) to 's01_nodes/s01_w_node/inst/inst_mi_handler/gen_normal_area.gen_upsizer.inst_upsizer/inst_upsizer_target_pipeline/gen_pipe[1].pipe_reg[1][2]'
INFO: [Synth 8-3886] merging instance 's01_nodes/s01_w_node/inst/inst_mi_handler/gen_normal_area.gen_upsizer.inst_upsizer/inst_upsizer_target_pipeline/gen_pipe[1].pipe_reg[1][9]' (FDRE) to 's01_nodes/s01_w_node/inst/inst_mi_handler/gen_normal_area.gen_upsizer.inst_upsizer/inst_upsizer_target_pipeline/gen_pipe[1].pipe_reg[1][2]'
INFO: [Synth 8-3886] merging instance 's01_nodes/s01_w_node/inst/inst_mi_handler/gen_normal_area.gen_upsizer.inst_upsizer/inst_upsizer_target_pipeline/gen_pipe[1].pipe_reg[1][10]' (FDRE) to 's01_nodes/s01_w_node/inst/inst_mi_handler/gen_normal_area.gen_upsizer.inst_upsizer/inst_upsizer_target_pipeline/gen_pipe[1].pipe_reg[1][2]'
INFO: [Synth 8-3886] merging instance 's01_nodes/s01_w_node/inst/inst_mi_handler/gen_normal_area.gen_upsizer.inst_upsizer/inst_upsizer_target_pipeline/gen_pipe[1].pipe_reg[1][12]' (FDRE) to 's01_nodes/s01_w_node/inst/inst_mi_handler/gen_normal_area.gen_upsizer.inst_upsizer/inst_upsizer_target_pipeline/gen_pipe[1].pipe_reg[1][2]'
INFO: [Synth 8-3886] merging instance 's01_nodes/s01_w_node/inst/inst_mi_handler/gen_normal_area.gen_upsizer.inst_upsizer/inst_upsizer_target_pipeline/gen_pipe[1].pipe_reg[1][13]' (FDRE) to 's01_nodes/s01_w_node/inst/inst_mi_handler/gen_normal_area.gen_upsizer.inst_upsizer/inst_upsizer_target_pipeline/gen_pipe[1].pipe_reg[1][2]'
INFO: [Synth 8-3886] merging instance 's01_nodes/s01_w_node/inst/inst_mi_handler/gen_normal_area.gen_upsizer.inst_upsizer/inst_upsizer_target_pipeline/gen_pipe[1].pipe_reg[1][14]' (FDRE) to 's01_nodes/s01_w_node/inst/inst_mi_handler/gen_normal_area.gen_upsizer.inst_upsizer/inst_upsizer_target_pipeline/gen_pipe[1].pipe_reg[1][2]'
INFO: [Synth 8-3886] merging instance 's01_nodes/s01_w_node/inst/inst_mi_handler/gen_normal_area.gen_upsizer.inst_upsizer/inst_upsizer_target_pipeline/gen_pipe[1].pipe_reg[1][15]' (FDRE) to 's01_nodes/s01_w_node/inst/inst_mi_handler/gen_normal_area.gen_upsizer.inst_upsizer/inst_upsizer_target_pipeline/gen_pipe[1].pipe_reg[1][2]'
INFO: [Synth 8-3886] merging instance 's01_nodes/s01_w_node/inst/inst_mi_handler/gen_normal_area.gen_upsizer.inst_upsizer/inst_upsizer_target_pipeline/gen_pipe[1].pipe_reg[1][16]' (FDRE) to 's01_nodes/s01_w_node/inst/inst_mi_handler/gen_normal_area.gen_upsizer.inst_upsizer/inst_upsizer_target_pipeline/gen_pipe[1].pipe_reg[1][2]'
INFO: [Synth 8-3886] merging instance 's01_nodes/s01_w_node/inst/inst_mi_handler/gen_normal_area.gen_upsizer.inst_upsizer/inst_upsizer_target_pipeline/gen_pipe[1].pipe_reg[1][17]' (FDRE) to 's01_nodes/s01_w_node/inst/inst_mi_handler/gen_normal_area.gen_upsizer.inst_upsizer/inst_upsizer_target_pipeline/gen_pipe[1].pipe_reg[1][2]'
INFO: [Synth 8-3333] propagating constant 0 across sequential element (\s01_nodes/s01_w_node/inst /\inst_mi_handler/gen_normal_area.gen_upsizer.inst_upsizer/inst_upsizer_target_pipeline/gen_pipe[1].pipe_reg[1][2] )
INFO: [Synth 8-3886] merging instance 'clk_map/psr_aclk/U0/SEQ/core_dec_reg[1]' (FD) to 'clk_map/psr_aclk/U0/SEQ/bsr_dec_reg[1]'
INFO: [Synth 8-3333] propagating constant 0 across sequential element (\clk_map/psr_aclk/U0/EXT_LPF/ACTIVE_LOW_EXT.ACT_LO_EXT/GENERATE_LEVEL_P_S_CDC.SINGLE_BIT.CROSS_PLEVEL_IN2SCNDRY_IN_cdc_to )
INFO: [Synth 8-3333] propagating constant 0 across sequential element (\m00_nodes/m00_w_node/inst /\inst_si_handler/gen_si_handler.gen_request_fifos.gen_req_fifo[2].inst_req_fifo/gen_xpm_memory_fifo.inst_fifo/gen_mem_rep[0].inst_wr_addra/count_r_reg[0] )
INFO: [Synth 8-3333] propagating constant 0 across sequential element (\m00_nodes/m00_w_node/inst /\inst_si_handler/gen_si_handler.gen_request_fifos.gen_req_fifo[2].inst_req_fifo/gen_xpm_memory_fifo.inst_fifo/gen_mem_rep[0].inst_wr_addra/count_r_reg[1] )
INFO: [Synth 8-3333] propagating constant 0 across sequential element (\m00_nodes/m00_w_node/inst /\inst_si_handler/gen_si_handler.gen_request_fifos.gen_req_fifo[2].inst_req_fifo/gen_xpm_memory_fifo.inst_fifo/gen_mem_rep[0].inst_wr_addra/count_r_reg[2] )
INFO: [Synth 8-3333] propagating constant 0 across sequential element (\m00_nodes/m00_w_node/inst /\inst_si_handler/gen_si_handler.gen_request_fifos.gen_req_fifo[2].inst_req_fifo/gen_xpm_memory_fifo.inst_fifo/gen_mem_rep[0].inst_rd_addrb/count_r_reg[0] )
INFO: [Synth 8-3333] propagating constant 0 across sequential element (\m00_nodes/m00_w_node/inst /\inst_si_handler/gen_si_handler.gen_request_fifos.gen_req_fifo[2].inst_req_fifo/gen_xpm_memory_fifo.inst_fifo/gen_mem_rep[0].inst_rd_addrb/count_r_reg[1] )
INFO: [Synth 8-3333] propagating constant 0 across sequential element (\m00_nodes/m00_w_node/inst /\inst_si_handler/gen_si_handler.gen_request_fifos.gen_req_fifo[2].inst_req_fifo/gen_xpm_memory_fifo.inst_fifo/gen_mem_rep[0].inst_rd_addrb/count_r_reg[2] )
INFO: [Synth 8-3333] propagating constant 0 across sequential element (\s01_nodes/s01_w_node/inst /\inst_mi_handler/gen_normal_area.gen_upsizer.inst_upsizer/gen_w_ch.accum_reg[sc_route][0] )
INFO: [Synth 8-3333] propagating constant 0 across sequential element (\s00_nodes/s00_w_node/inst /\inst_mi_handler/gen_normal_area.gen_upsizer.inst_upsizer/gen_w_ch.accum_reg[sc_route][0] )
INFO: [Synth 8-3886] merging instance 's01_nodes/s01_w_node/inst/inst_mi_handler/gen_normal_area.gen_upsizer.inst_upsizer/gen_w_ch.post_upsize_ratio_reg[1]' (FDSE) to 's01_nodes/s01_w_node/inst/inst_mi_handler/gen_normal_area.gen_upsizer.inst_upsizer/gen_w_ch.post_pntr_shift_reg[1]'
INFO: [Synth 8-3886] merging instance 's01_nodes/s01_w_node/inst/inst_mi_handler/gen_normal_area.gen_upsizer.inst_upsizer/gen_w_ch.post_upsize_ratio_reg[0]' (FDRE) to 's01_nodes/s01_w_node/inst/inst_mi_handler/gen_normal_area.gen_upsizer.inst_upsizer/gen_w_ch.post_pntr_shift_reg[7]'
INFO: [Synth 8-3886] merging instance 's01_nodes/s01_w_node/inst/inst_mi_handler/gen_normal_area.gen_upsizer.inst_upsizer/gen_w_ch.post_pntr_mask_reg[0]' (FDSE) to 's01_nodes/s01_w_node/inst/inst_mi_handler/gen_normal_area.gen_upsizer.inst_upsizer/gen_w_ch.post_pntr_shift_reg[1]'
INFO: [Synth 8-3886] merging instance 's01_nodes/s01_w_node/inst/inst_mi_handler/gen_normal_area.gen_upsizer.inst_upsizer/gen_w_ch.post_pntr_shift_reg[7]' (FDRE) to 's01_nodes/s01_w_node/inst/inst_mi_handler/gen_normal_area.gen_upsizer.inst_upsizer/gen_w_ch.post_pntr_shift_reg[6]'
INFO: [Synth 8-3886] merging instance 's01_nodes/s01_w_node/inst/inst_mi_handler/gen_normal_area.gen_upsizer.inst_upsizer/gen_w_ch.post_pntr_shift_reg[6]' (FDRE) to 's01_nodes/s01_w_node/inst/inst_mi_handler/gen_normal_area.gen_upsizer.inst_upsizer/gen_w_ch.post_pntr_shift_reg[5]'
INFO: [Synth 8-3886] merging instance 's01_nodes/s01_w_node/inst/inst_mi_handler/gen_normal_area.gen_upsizer.inst_upsizer/gen_w_ch.post_pntr_shift_reg[5]' (FDRE) to 's01_nodes/s01_w_node/inst/inst_mi_handler/gen_normal_area.gen_upsizer.inst_upsizer/gen_w_ch.post_pntr_shift_reg[4]'
INFO: [Synth 8-3886] merging instance 's01_nodes/s01_w_node/inst/inst_mi_handler/gen_normal_area.gen_upsizer.inst_upsizer/gen_w_ch.post_pntr_shift_reg[4]' (FDRE) to 's01_nodes/s01_w_node/inst/inst_mi_handler/gen_normal_area.gen_upsizer.inst_upsizer/gen_w_ch.post_pntr_shift_reg[3]'
INFO: [Synth 8-3886] merging instance 's01_nodes/s01_w_node/inst/inst_mi_handler/gen_normal_area.gen_upsizer.inst_upsizer/gen_w_ch.post_pntr_shift_reg[3]' (FDRE) to 's01_nodes/s01_w_node/inst/inst_mi_handler/gen_normal_area.gen_upsizer.inst_upsizer/gen_w_ch.post_pntr_shift_reg[2]'
INFO: [Synth 8-3886] merging instance 's01_nodes/s01_w_node/inst/inst_mi_handler/gen_normal_area.gen_upsizer.inst_upsizer/gen_w_ch.post_pntr_shift_reg[2]' (FDRE) to 's01_nodes/s01_w_node/inst/inst_mi_handler/gen_normal_area.gen_upsizer.inst_upsizer/gen_w_ch.post_pntr_shift_reg[0]'
INFO: [Synth 8-3333] propagating constant 1 across sequential element (\s01_nodes/s01_w_node/inst /\inst_mi_handler/gen_normal_area.gen_upsizer.inst_upsizer/gen_w_ch.post_pntr_shift_reg[1] )
INFO: [Synth 8-3333] propagating constant 0 across sequential element (\s01_nodes/s01_w_node/inst /\inst_mi_handler/gen_normal_area.gen_upsizer.inst_upsizer/gen_w_ch.post_pntr_shift_reg[0] )
INFO: [Synth 8-3886] merging instance 's00_nodes/s00_w_node/inst/inst_mi_handler/gen_normal_area.gen_upsizer.inst_upsizer/gen_w_ch.post_upsize_ratio_reg[1]' (FDSE) to 's00_nodes/s00_w_node/inst/inst_mi_handler/gen_normal_area.gen_upsizer.inst_upsizer/gen_w_ch.post_pntr_shift_reg[1]'
INFO: [Synth 8-3886] merging instance 's00_nodes/s00_w_node/inst/inst_mi_handler/gen_normal_area.gen_upsizer.inst_upsizer/gen_w_ch.post_upsize_ratio_reg[0]' (FDRE) to 's00_nodes/s00_w_node/inst/inst_mi_handler/gen_normal_area.gen_upsizer.inst_upsizer/gen_w_ch.post_pntr_shift_reg[7]'
INFO: [Synth 8-3886] merging instance 's00_nodes/s00_w_node/inst/inst_mi_handler/gen_normal_area.gen_upsizer.inst_upsizer/gen_w_ch.post_pntr_mask_reg[0]' (FDSE) to 's00_nodes/s00_w_node/inst/inst_mi_handler/gen_normal_area.gen_upsizer.inst_upsizer/gen_w_ch.post_pntr_shift_reg[1]'
INFO: [Synth 8-3886] merging instance 's00_nodes/s00_w_node/inst/inst_mi_handler/gen_normal_area.gen_upsizer.inst_upsizer/gen_w_ch.post_pntr_shift_reg[7]' (FDRE) to 's00_nodes/s00_w_node/inst/inst_mi_handler/gen_normal_area.gen_upsizer.inst_upsizer/gen_w_ch.post_pntr_shift_reg[6]'
INFO: [Synth 8-3886] merging instance 's00_nodes/s00_w_node/inst/inst_mi_handler/gen_normal_area.gen_upsizer.inst_upsizer/gen_w_ch.post_pntr_shift_reg[6]' (FDRE) to 's00_nodes/s00_w_node/inst/inst_mi_handler/gen_normal_area.gen_upsizer.inst_upsizer/gen_w_ch.post_pntr_shift_reg[5]'
INFO: [Synth 8-3886] merging instance 's00_nodes/s00_w_node/inst/inst_mi_handler/gen_normal_area.gen_upsizer.inst_upsizer/gen_w_ch.post_pntr_shift_reg[5]' (FDRE) to 's00_nodes/s00_w_node/inst/inst_mi_handler/gen_normal_area.gen_upsizer.inst_upsizer/gen_w_ch.post_pntr_shift_reg[4]'
INFO: [Synth 8-3886] merging instance 's00_nodes/s00_w_node/inst/inst_mi_handler/gen_normal_area.gen_upsizer.inst_upsizer/gen_w_ch.post_pntr_shift_reg[4]' (FDRE) to 's00_nodes/s00_w_node/inst/inst_mi_handler/gen_normal_area.gen_upsizer.inst_upsizer/gen_w_ch.post_pntr_shift_reg[3]'
INFO: [Synth 8-3886] merging instance 's00_nodes/s00_w_node/inst/inst_mi_handler/gen_normal_area.gen_upsizer.inst_upsizer/gen_w_ch.post_pntr_shift_reg[3]' (FDRE) to 's00_nodes/s00_w_node/inst/inst_mi_handler/gen_normal_area.gen_upsizer.inst_upsizer/gen_w_ch.post_pntr_shift_reg[2]'
INFO: [Synth 8-3886] merging instance 's00_nodes/s00_w_node/inst/inst_mi_handler/gen_normal_area.gen_upsizer.inst_upsizer/gen_w_ch.post_pntr_shift_reg[2]' (FDRE) to 's00_nodes/s00_w_node/inst/inst_mi_handler/gen_normal_area.gen_upsizer.inst_upsizer/gen_w_ch.post_pntr_shift_reg[0]'
INFO: [Synth 8-3333] propagating constant 1 across sequential element (\s00_nodes/s00_w_node/inst /\inst_mi_handler/gen_normal_area.gen_upsizer.inst_upsizer/gen_w_ch.post_pntr_shift_reg[1] )
INFO: [Synth 8-3333] propagating constant 0 across sequential element (\s00_nodes/s00_w_node/inst /\inst_mi_handler/gen_normal_area.gen_upsizer.inst_upsizer/gen_w_ch.post_pntr_shift_reg[0] )
INFO: [Synth 8-3333] propagating constant 0 across sequential element (\m00_nodes/m00_ar_node/inst /\inst_si_handler/gen_si_handler.gen_request_counters.gen_req_counter[1].inst_req_counter/count_r_reg[0] )
INFO: [Synth 8-3333] propagating constant 0 across sequential element (\m00_nodes/m00_ar_node/inst /\inst_si_handler/gen_si_handler.gen_request_counters.gen_req_counter[1].inst_req_counter/count_r_reg[1] )
INFO: [Synth 8-3333] propagating constant 0 across sequential element (\m00_nodes/m00_ar_node/inst /\inst_si_handler/gen_si_handler.gen_request_counters.gen_req_counter[2].inst_req_counter/count_r_reg[0] )
INFO: [Synth 8-3333] propagating constant 0 across sequential element (\m00_nodes/m00_ar_node/inst /\inst_si_handler/gen_si_handler.gen_request_counters.gen_req_counter[2].inst_req_counter/count_r_reg[1] )
INFO: [Synth 8-3333] propagating constant 0 across sequential element (\m00_nodes/m00_aw_node/inst /\inst_si_handler/gen_si_handler.gen_request_counters.gen_req_counter[2].inst_req_counter/count_r_reg[0] )
INFO: [Synth 8-3333] propagating constant 0 across sequential element (\m00_nodes/m00_aw_node/inst /\inst_si_handler/gen_si_handler.gen_request_counters.gen_req_counter[2].inst_req_counter/count_r_reg[1] )
INFO: [Synth 8-3333] propagating constant 1 across sequential element (\s00_nodes/s00_w_node/inst /\inst_mi_handler/gen_normal_area.inst_fifo_send/gen_AB_reg_slice.payld_b_reg[0] )
INFO: [Synth 8-3333] propagating constant 1 across sequential element (\s00_nodes/s00_w_node/inst /\inst_mi_handler/gen_normal_area.inst_fifo_send/gen_AB_reg_slice.payld_a_reg[0] )
INFO: [Synth 8-3333] propagating constant 1 across sequential element (\s01_nodes/s01_w_node/inst /\inst_mi_handler/gen_normal_area.inst_fifo_send/gen_AB_reg_slice.payld_b_reg[0] )
INFO: [Synth 8-3333] propagating constant 1 across sequential element (\s01_nodes/s01_w_node/inst /\inst_mi_handler/gen_normal_area.inst_fifo_send/gen_AB_reg_slice.payld_a_reg[0] )
INFO: [Synth 8-3333] propagating constant 1 across sequential element (\m00_nodes/m00_w_node/inst /\inst_si_handler/gen_si_handler.gen_request_fifos.gen_req_fifo[2].inst_req_fifo/gen_xpm_memory_fifo.inst_fifo/gen_wr.inst_wr_addra_p1/count_r_reg[0] )
INFO: [Synth 8-3333] propagating constant 0 across sequential element (\m00_nodes/m00_w_node/inst /\inst_si_handler/gen_si_handler.gen_request_fifos.gen_req_fifo[2].inst_req_fifo/gen_xpm_memory_fifo.inst_fifo/gen_wr.inst_wr_addra_p1/count_r_reg[1] )
INFO: [Synth 8-3333] propagating constant 0 across sequential element (\m00_nodes/m00_w_node/inst /\inst_si_handler/gen_si_handler.gen_request_fifos.gen_req_fifo[2].inst_req_fifo/gen_xpm_memory_fifo.inst_fifo/gen_wr.inst_wr_addra_p1/count_r_reg[2] )
INFO: [Synth 8-3333] propagating constant 0 across sequential element (\s01_nodes/s01_w_node/inst /\inst_mi_handler/p_0_out_inferred /\inst_mi_handler/inst_ingress/inst_incoming_count/count_r_reg[2] )
INFO: [Synth 8-3333] propagating constant 0 across sequential element (\s01_nodes/s01_w_node/inst /\inst_mi_handler/p_0_out_inferred /\inst_mi_handler/inst_ingress/inst_incoming_count/count_r_reg[3] )
INFO: [Synth 8-3333] propagating constant 0 across sequential element (\s01_nodes/s01_w_node/inst /\inst_mi_handler/p_0_out_inferred /\inst_mi_handler/inst_ingress/inst_incoming_count/count_r_reg[1] )
INFO: [Synth 8-3333] propagating constant 0 across sequential element (\s01_nodes/s01_w_node/inst /\inst_mi_handler/p_0_out_inferred /\inst_mi_handler/inst_ingress/inst_incoming_count/count_r_reg[0] )
INFO: [Synth 8-3333] propagating constant 1 across sequential element (\s01_nodes/s01_aw_node/inst /\inst_mi_handler/gen_normal_area.inst_fifo_send/gen_AB_reg_slice.payld_b_reg[0] )
INFO: [Synth 8-3333] propagating constant 1 across sequential element (\s01_nodes/s01_aw_node/inst /\inst_mi_handler/gen_normal_area.inst_fifo_send/gen_AB_reg_slice.payld_a_reg[0] )
INFO: [Synth 8-3333] propagating constant 1 across sequential element (\s00_nodes/s00_ar_node/inst /\inst_mi_handler/gen_normal_area.inst_fifo_send/gen_AB_reg_slice.payld_b_reg[0] )
INFO: [Synth 8-3333] propagating constant 1 across sequential element (\s00_nodes/s00_ar_node/inst /\inst_mi_handler/gen_normal_area.inst_fifo_send/gen_AB_reg_slice.payld_a_reg[0] )
INFO: [Synth 8-3886] merging instance 'm00_nodes/m00_ar_node/inst/inst_si_handler/gen_si_handler.gen_request_counters.gen_req_counter[1].inst_req_counter/is_zero_r_reg' (FDSE) to 'm00_nodes/m00_ar_node/inst/inst_si_handler/gen_si_handler.gen_request_counters.gen_req_counter[2].inst_req_counter/is_zero_r_reg'
INFO: [Synth 8-3333] propagating constant 1 across sequential element (\m00_nodes/m00_ar_node/inst /\inst_si_handler/gen_si_handler.gen_request_counters.gen_req_counter[2].inst_req_counter/is_zero_r_reg )
INFO: [Synth 8-3333] propagating constant 0 across sequential element (\s00_nodes/s00_w_node/inst /\inst_mi_handler/p_0_out_inferred /\inst_mi_handler/inst_ingress/inst_incoming_count/count_r_reg[2] )
INFO: [Synth 8-3333] propagating constant 0 across sequential element (\s00_nodes/s00_w_node/inst /\inst_mi_handler/p_0_out_inferred /\inst_mi_handler/inst_ingress/inst_incoming_count/count_r_reg[3] )
INFO: [Synth 8-3333] propagating constant 0 across sequential element (\s00_nodes/s00_w_node/inst /\inst_mi_handler/p_0_out_inferred /\inst_mi_handler/inst_ingress/inst_incoming_count/count_r_reg[1] )
INFO: [Synth 8-3333] propagating constant 0 across sequential element (\s00_nodes/s00_w_node/inst /\inst_mi_handler/p_0_out_inferred /\inst_mi_handler/inst_ingress/inst_incoming_count/count_r_reg[0] )
INFO: [Synth 8-3333] propagating constant 1 across sequential element (\s00_nodes/s00_aw_node/inst /\inst_mi_handler/gen_normal_area.inst_fifo_send/gen_AB_reg_slice.payld_b_reg[0] )
INFO: [Synth 8-3333] propagating constant 1 across sequential element (\s00_nodes/s00_aw_node/inst /\inst_mi_handler/gen_normal_area.inst_fifo_send/gen_AB_reg_slice.payld_a_reg[0] )
INFO: [Synth 8-3333] propagating constant 1 across sequential element (\m00_nodes/m00_aw_node/inst /\inst_si_handler/gen_si_handler.gen_request_counters.gen_req_counter[2].inst_req_counter/is_zero_r_reg )
INFO: [Synth 8-3886] merging instance 'switchboards/b_switchboard/inst/gen_mi[1].inst_opipe_payld/gen_pipe[1].pipe_reg[1][4]' (FDRE) to 'switchboards/b_switchboard/inst/gen_mi[0].inst_opipe_payld/gen_pipe[1].pipe_reg[1][4]'
INFO: [Synth 8-3886] merging instance 'switchboards/b_switchboard/inst/gen_mi[1].inst_opipe_payld/gen_pipe[1].pipe_reg[1][5]' (FDRE) to 'switchboards/b_switchboard/inst/gen_mi[0].inst_opipe_payld/gen_pipe[1].pipe_reg[1][5]'
INFO: [Synth 8-3886] merging instance 'switchboards/b_switchboard/inst/gen_mi[1].inst_opipe_payld/gen_pipe[1].pipe_reg[1][3]' (FDRE) to 'switchboards/b_switchboard/inst/gen_mi[0].inst_opipe_payld/gen_pipe[1].pipe_reg[1][3]'
INFO: [Synth 8-3886] merging instance 'switchboards/b_switchboard/inst/gen_mi[1].inst_opipe_payld/gen_pipe[1].pipe_reg[1][1]' (FDRE) to 'switchboards/b_switchboard/inst/gen_mi[0].inst_opipe_payld/gen_pipe[1].pipe_reg[1][1]'
INFO: [Synth 8-3886] merging instance 'switchboards/b_switchboard/inst/gen_mi[1].inst_opipe_payld/gen_pipe[1].pipe_reg[1][2]' (FDRE) to 'switchboards/b_switchboard/inst/gen_mi[0].inst_opipe_payld/gen_pipe[1].pipe_reg[1][2]'
INFO: [Synth 8-3886] merging instance 'switchboards/b_switchboard/inst/gen_mi[1].inst_opipe_payld/gen_pipe[1].pipe_reg[1][8]' (FDRE) to 'switchboards/b_switchboard/inst/gen_mi[0].inst_opipe_payld/gen_pipe[1].pipe_reg[1][8]'
INFO: [Synth 8-3886] merging instance 'switchboards/b_switchboard/inst/gen_mi[1].inst_opipe_payld/gen_pipe[1].pipe_reg[1][6]' (FDRE) to 'switchboards/b_switchboard/inst/gen_mi[0].inst_opipe_payld/gen_pipe[1].pipe_reg[1][6]'
INFO: [Synth 8-3886] merging instance 'switchboards/b_switchboard/inst/gen_mi[1].inst_opipe_payld/gen_pipe[1].pipe_reg[1][7]' (FDRE) to 'switchboards/b_switchboard/inst/gen_mi[0].inst_opipe_payld/gen_pipe[1].pipe_reg[1][7]'
INFO: [Synth 8-3333] propagating constant 1 across sequential element (\s01_nodes/s01_w_node/inst /\inst_mi_handler/inst_ingress/inst_incoming_count/is_zero_r_reg )
INFO: [Synth 8-3886] merging instance 'switchboards/r_switchboard/inst/gen_mi[1].inst_opipe_payld/gen_pipe[1].pipe_reg[1][4]' (FDRE) to 'switchboards/r_switchboard/inst/gen_mi[0].inst_opipe_payld/gen_pipe[1].pipe_reg[1][4]'
INFO: [Synth 8-3886] merging instance 'switchboards/r_switchboard/inst/gen_mi[1].inst_opipe_payld/gen_pipe[1].pipe_reg[1][3]' (FDRE) to 'switchboards/r_switchboard/inst/gen_mi[0].inst_opipe_payld/gen_pipe[1].pipe_reg[1][3]'
INFO: [Synth 8-3886] merging instance 'switchboards/r_switchboard/inst/gen_mi[1].inst_opipe_payld/gen_pipe[1].pipe_reg[1][1]' (FDRE) to 'switchboards/r_switchboard/inst/gen_mi[0].inst_opipe_payld/gen_pipe[1].pipe_reg[1][1]'
INFO: [Synth 8-3886] merging instance 'switchboards/r_switchboard/inst/gen_mi[1].inst_opipe_payld/gen_pipe[1].pipe_reg[1][2]' (FDRE) to 'switchboards/r_switchboard/inst/gen_mi[0].inst_opipe_payld/gen_pipe[1].pipe_reg[1][2]'
INFO: [Synth 8-3886] merging instance 'switchboards/r_switchboard/inst/gen_mi[1].inst_opipe_payld/gen_pipe[1].pipe_reg[1][10]' (FDRE) to 'switchboards/r_switchboard/inst/gen_mi[0].inst_opipe_payld/gen_pipe[1].pipe_reg[1][10]'
INFO: [Synth 8-3886] merging instance 'switchboards/r_switchboard/inst/gen_mi[1].inst_opipe_payld/gen_pipe[1].pipe_reg[1][11]' (FDRE) to 'switchboards/r_switchboard/inst/gen_mi[0].inst_opipe_payld/gen_pipe[1].pipe_reg[1][11]'
INFO: [Synth 8-3886] merging instance 'switchboards/r_switchboard/inst/gen_mi[1].inst_opipe_payld/gen_pipe[1].pipe_reg[1][8]' (FDRE) to 'switchboards/r_switchboard/inst/gen_mi[0].inst_opipe_payld/gen_pipe[1].pipe_reg[1][8]'
INFO: [Synth 8-3886] merging instance 'switchboards/r_switchboard/inst/gen_mi[1].inst_opipe_payld/gen_pipe[1].pipe_reg[1][9]' (FDRE) to 'switchboards/r_switchboard/inst/gen_mi[0].inst_opipe_payld/gen_pipe[1].pipe_reg[1][9]'
INFO: [Synth 8-3886] merging instance 'switchboards/r_switchboard/inst/gen_mi[1].inst_opipe_payld/gen_pipe[1].pipe_reg[1][6]' (FDRE) to 'switchboards/r_switchboard/inst/gen_mi[0].inst_opipe_payld/gen_pipe[1].pipe_reg[1][6]'
INFO: [Synth 8-3886] merging instance 'switchboards/r_switchboard/inst/gen_mi[1].inst_opipe_payld/gen_pipe[1].pipe_reg[1][7]' (FDRE) to 'switchboards/r_switchboard/inst/gen_mi[0].inst_opipe_payld/gen_pipe[1].pipe_reg[1][7]'
INFO: [Synth 8-3886] merging instance 'switchboards/r_switchboard/inst/gen_mi[1].inst_opipe_payld/gen_pipe[1].pipe_reg[1][28]' (FDRE) to 'switchboards/r_switchboard/inst/gen_mi[0].inst_opipe_payld/gen_pipe[1].pipe_reg[1][28]'
INFO: [Synth 8-3886] merging instance 'switchboards/r_switchboard/inst/gen_mi[1].inst_opipe_payld/gen_pipe[1].pipe_reg[1][29]' (FDRE) to 'switchboards/r_switchboard/inst/gen_mi[0].inst_opipe_payld/gen_pipe[1].pipe_reg[1][29]'
INFO: [Synth 8-3886] merging instance 'switchboards/r_switchboard/inst/gen_mi[1].inst_opipe_payld/gen_pipe[1].pipe_reg[1][26]' (FDRE) to 'switchboards/r_switchboard/inst/gen_mi[0].inst_opipe_payld/gen_pipe[1].pipe_reg[1][26]'
INFO: [Synth 8-3886] merging instance 'switchboards/r_switchboard/inst/gen_mi[1].inst_opipe_payld/gen_pipe[1].pipe_reg[1][27]' (FDRE) to 'switchboards/r_switchboard/inst/gen_mi[0].inst_opipe_payld/gen_pipe[1].pipe_reg[1][27]'
INFO: [Synth 8-3886] merging instance 'switchboards/r_switchboard/inst/gen_mi[1].inst_opipe_payld/gen_pipe[1].pipe_reg[1][24]' (FDRE) to 'switchboards/r_switchboard/inst/gen_mi[0].inst_opipe_payld/gen_pipe[1].pipe_reg[1][24]'
INFO: [Synth 8-3886] merging instance 'switchboards/r_switchboard/inst/gen_mi[1].inst_opipe_payld/gen_pipe[1].pipe_reg[1][25]' (FDRE) to 'switchboards/r_switchboard/inst/gen_mi[0].inst_opipe_payld/gen_pipe[1].pipe_reg[1][25]'
INFO: [Synth 8-3886] merging instance 'switchboards/r_switchboard/inst/gen_mi[1].inst_opipe_payld/gen_pipe[1].pipe_reg[1][64]' (FDRE) to 'switchboards/r_switchboard/inst/gen_mi[0].inst_opipe_payld/gen_pipe[1].pipe_reg[1][64]'
INFO: [Synth 8-3886] merging instance 'switchboards/r_switchboard/inst/gen_mi[1].inst_opipe_payld/gen_pipe[1].pipe_reg[1][65]' (FDRE) to 'switchboards/r_switchboard/inst/gen_mi[0].inst_opipe_payld/gen_pipe[1].pipe_reg[1][65]'
INFO: [Synth 8-3886] merging instance 'switchboards/r_switchboard/inst/gen_mi[1].inst_opipe_payld/gen_pipe[1].pipe_reg[1][62]' (FDRE) to 'switchboards/r_switchboard/inst/gen_mi[0].inst_opipe_payld/gen_pipe[1].pipe_reg[1][62]'
INFO: [Synth 8-3886] merging instance 'switchboards/r_switchboard/inst/gen_mi[1].inst_opipe_payld/gen_pipe[1].pipe_reg[1][63]' (FDRE) to 'switchboards/r_switchboard/inst/gen_mi[0].inst_opipe_payld/gen_pipe[1].pipe_reg[1][63]'
INFO: [Synth 8-3886] merging instance 'switchboards/r_switchboard/inst/gen_mi[1].inst_opipe_payld/gen_pipe[1].pipe_reg[1][60]' (FDRE) to 'switchboards/r_switchboard/inst/gen_mi[0].inst_opipe_payld/gen_pipe[1].pipe_reg[1][60]'
INFO: [Synth 8-3886] merging instance 'switchboards/r_switchboard/inst/gen_mi[1].inst_opipe_payld/gen_pipe[1].pipe_reg[1][61]' (FDRE) to 'switchboards/r_switchboard/inst/gen_mi[0].inst_opipe_payld/gen_pipe[1].pipe_reg[1][61]'
INFO: [Synth 8-3886] merging instance 'switchboards/r_switchboard/inst/gen_mi[1].inst_opipe_payld/gen_pipe[1].pipe_reg[1][34]' (FDRE) to 'switchboards/r_switchboard/inst/gen_mi[0].inst_opipe_payld/gen_pipe[1].pipe_reg[1][34]'
INFO: [Synth 8-3886] merging instance 'switchboards/r_switchboard/inst/gen_mi[1].inst_opipe_payld/gen_pipe[1].pipe_reg[1][35]' (FDRE) to 'switchboards/r_switchboard/inst/gen_mi[0].inst_opipe_payld/gen_pipe[1].pipe_reg[1][35]'
INFO: [Synth 8-3886] merging instance 'switchboards/r_switchboard/inst/gen_mi[1].inst_opipe_payld/gen_pipe[1].pipe_reg[1][32]' (FDRE) to 'switchboards/r_switchboard/inst/gen_mi[0].inst_opipe_payld/gen_pipe[1].pipe_reg[1][32]'
INFO: [Synth 8-3886] merging instance 'switchboards/r_switchboard/inst/gen_mi[1].inst_opipe_payld/gen_pipe[1].pipe_reg[1][33]' (FDRE) to 'switchboards/r_switchboard/inst/gen_mi[0].inst_opipe_payld/gen_pipe[1].pipe_reg[1][33]'
INFO: [Synth 8-3886] merging instance 'switchboards/r_switchboard/inst/gen_mi[1].inst_opipe_payld/gen_pipe[1].pipe_reg[1][30]' (FDRE) to 'switchboards/r_switchboard/inst/gen_mi[0].inst_opipe_payld/gen_pipe[1].pipe_reg[1][30]'
INFO: [Synth 8-3886] merging instance 'switchboards/r_switchboard/inst/gen_mi[1].inst_opipe_payld/gen_pipe[1].pipe_reg[1][31]' (FDRE) to 'switchboards/r_switchboard/inst/gen_mi[0].inst_opipe_payld/gen_pipe[1].pipe_reg[1][31]'
INFO: [Synth 8-3886] merging instance 'switchboards/r_switchboard/inst/gen_mi[1].inst_opipe_payld/gen_pipe[1].pipe_reg[1][70]' (FDRE) to 'switchboards/r_switchboard/inst/gen_mi[0].inst_opipe_payld/gen_pipe[1].pipe_reg[1][70]'
INFO: [Synth 8-3886] merging instance 'switchboards/r_switchboard/inst/gen_mi[1].inst_opipe_payld/gen_pipe[1].pipe_reg[1][71]' (FDRE) to 'switchboards/r_switchboard/inst/gen_mi[0].inst_opipe_payld/gen_pipe[1].pipe_reg[1][71]'
INFO: [Synth 8-3886] merging instance 'switchboards/r_switchboard/inst/gen_mi[1].inst_opipe_payld/gen_pipe[1].pipe_reg[1][68]' (FDRE) to 'switchboards/r_switchboard/inst/gen_mi[0].inst_opipe_payld/gen_pipe[1].pipe_reg[1][68]'
INFO: [Synth 8-3886] merging instance 'switchboards/r_switchboard/inst/gen_mi[1].inst_opipe_payld/gen_pipe[1].pipe_reg[1][69]' (FDRE) to 'switchboards/r_switchboard/inst/gen_mi[0].inst_opipe_payld/gen_pipe[1].pipe_reg[1][69]'
INFO: [Synth 8-3886] merging instance 'switchboards/r_switchboard/inst/gen_mi[1].inst_opipe_payld/gen_pipe[1].pipe_reg[1][66]' (FDRE) to 'switchboards/r_switchboard/inst/gen_mi[0].inst_opipe_payld/gen_pipe[1].pipe_reg[1][66]'
INFO: [Synth 8-3886] merging instance 'switchboards/r_switchboard/inst/gen_mi[1].inst_opipe_payld/gen_pipe[1].pipe_reg[1][67]' (FDRE) to 'switchboards/r_switchboard/inst/gen_mi[0].inst_opipe_payld/gen_pipe[1].pipe_reg[1][67]'
INFO: [Synth 8-3886] merging instance 'switchboards/r_switchboard/inst/gen_mi[1].inst_opipe_payld/gen_pipe[1].pipe_reg[1][40]' (FDRE) to 'switchboards/r_switchboard/inst/gen_mi[0].inst_opipe_payld/gen_pipe[1].pipe_reg[1][40]'
INFO: [Synth 8-3886] merging instance 'switchboards/r_switchboard/inst/gen_mi[1].inst_opipe_payld/gen_pipe[1].pipe_reg[1][41]' (FDRE) to 'switchboards/r_switchboard/inst/gen_mi[0].inst_opipe_payld/gen_pipe[1].pipe_reg[1][41]'
INFO: [Synth 8-3886] merging instance 'switchboards/r_switchboard/inst/gen_mi[1].inst_opipe_payld/gen_pipe[1].pipe_reg[1][38]' (FDRE) to 'switchboards/r_switchboard/inst/gen_mi[0].inst_opipe_payld/gen_pipe[1].pipe_reg[1][38]'
INFO: [Synth 8-3886] merging instance 'switchboards/r_switchboard/inst/gen_mi[1].inst_opipe_payld/gen_pipe[1].pipe_reg[1][39]' (FDRE) to 'switchboards/r_switchboard/inst/gen_mi[0].inst_opipe_payld/gen_pipe[1].pipe_reg[1][39]'
INFO: [Synth 8-3886] merging instance 'switchboards/r_switchboard/inst/gen_mi[1].inst_opipe_payld/gen_pipe[1].pipe_reg[1][36]' (FDRE) to 'switchboards/r_switchboard/inst/gen_mi[0].inst_opipe_payld/gen_pipe[1].pipe_reg[1][36]'
INFO: [Synth 8-3886] merging instance 'switchboards/r_switchboard/inst/gen_mi[1].inst_opipe_payld/gen_pipe[1].pipe_reg[1][37]' (FDRE) to 'switchboards/r_switchboard/inst/gen_mi[0].inst_opipe_payld/gen_pipe[1].pipe_reg[1][37]'
INFO: [Synth 8-3886] merging instance 'switchboards/r_switchboard/inst/gen_mi[1].inst_opipe_payld/gen_pipe[1].pipe_reg[1][76]' (FDRE) to 'switchboards/r_switchboard/inst/gen_mi[0].inst_opipe_payld/gen_pipe[1].pipe_reg[1][76]'
INFO: [Synth 8-3886] merging instance 'switchboards/r_switchboard/inst/gen_mi[1].inst_opipe_payld/gen_pipe[1].pipe_reg[1][77]' (FDRE) to 'switchboards/r_switchboard/inst/gen_mi[0].inst_opipe_payld/gen_pipe[1].pipe_reg[1][77]'
INFO: [Synth 8-3886] merging instance 'switchboards/r_switchboard/inst/gen_mi[1].inst_opipe_payld/gen_pipe[1].pipe_reg[1][74]' (FDRE) to 'switchboards/r_switchboard/inst/gen_mi[0].inst_opipe_payld/gen_pipe[1].pipe_reg[1][74]'
INFO: [Synth 8-3886] merging instance 'switchboards/r_switchboard/inst/gen_mi[1].inst_opipe_payld/gen_pipe[1].pipe_reg[1][75]' (FDRE) to 'switchboards/r_switchboard/inst/gen_mi[0].inst_opipe_payld/gen_pipe[1].pipe_reg[1][75]'
INFO: [Synth 8-3886] merging instance 'switchboards/r_switchboard/inst/gen_mi[1].inst_opipe_payld/gen_pipe[1].pipe_reg[1][72]' (FDRE) to 'switchboards/r_switchboard/inst/gen_mi[0].inst_opipe_payld/gen_pipe[1].pipe_reg[1][72]'
INFO: [Synth 8-3886] merging instance 'switchboards/r_switchboard/inst/gen_mi[1].inst_opipe_payld/gen_pipe[1].pipe_reg[1][73]' (FDRE) to 'switchboards/r_switchboard/inst/gen_mi[0].inst_opipe_payld/gen_pipe[1].pipe_reg[1][73]'
INFO: [Synth 8-3886] merging instance 'switchboards/r_switchboard/inst/gen_mi[1].inst_opipe_payld/gen_pipe[1].pipe_reg[1][46]' (FDRE) to 'switchboards/r_switchboard/inst/gen_mi[0].inst_opipe_payld/gen_pipe[1].pipe_reg[1][46]'
INFO: [Synth 8-3886] merging instance 'switchboards/r_switchboard/inst/gen_mi[1].inst_opipe_payld/gen_pipe[1].pipe_reg[1][47]' (FDRE) to 'switchboards/r_switchboard/inst/gen_mi[0].inst_opipe_payld/gen_pipe[1].pipe_reg[1][47]'
INFO: [Common 17-14] Message 'Synth 8-3886' appears 100 times and further instances of the messages will be disabled. Use the Tcl command set_msg_config to change the current settings.
INFO: [Common 17-14] Message 'Synth 8-3886' appears 100 times and further instances of the messages will be disabled. Use the Tcl command set_msg_config to change the current settings.
INFO: [Synth 8-3333] propagating constant 1 across sequential element (\s00_nodes/s00_w_node/inst /\inst_mi_handler/inst_ingress/inst_incoming_count/is_zero_r_reg )
INFO: [Synth 8-3333] propagating constant 0 across sequential element (\clk_map/psr_aclk/U0/EXT_LPF/ACTIVE_LOW_EXT.ACT_LO_EXT/GENERATE_LEVEL_P_S_CDC.SINGLE_BIT.CROSS_PLEVEL_IN2SCNDRY_s_level_out_d2 )
INFO: [Synth 8-3333] propagating constant 0 across sequential element (\m00_nodes/m00_ar_node/inst /\inst_si_handler/gen_si_handler.gen_arbiter_rr_normal_area.inst_arbiter/last_grant_reg[1] )
INFO: [Synth 8-3333] propagating constant 0 across sequential element (\m00_nodes/m00_ar_node/inst /\inst_si_handler/gen_si_handler.gen_arbiter_rr_normal_area.inst_arbiter/grant_i_reg[2] )
INFO: [Synth 8-3333] propagating constant 0 across sequential element (\m00_nodes/m00_aw_node/inst /\inst_si_handler/gen_m_axis_arb_fifo.inst_axis_arb_fifo/gen_pipelined.mesg_reg_reg[2] )
INFO: [Synth 8-3333] propagating constant 0 across sequential element (\m00_nodes/m00_aw_node/inst /\inst_si_handler/gen_si_handler.gen_arbiter_rr_normal_area.inst_arbiter/grant_i_reg[2] )
INFO: [Synth 8-3333] propagating constant 0 across sequential element (\clk_map/psr_aclk/U0/EXT_LPF/ACTIVE_LOW_EXT.ACT_LO_EXT/GENERATE_LEVEL_P_S_CDC.SINGLE_BIT.CROSS_PLEVEL_IN2SCNDRY_s_level_out_d3 )
INFO: [Synth 8-3333] propagating constant 0 across sequential element (\clk_map/psr_aclk/U0/EXT_LPF/ACTIVE_LOW_EXT.ACT_LO_EXT/GENERATE_LEVEL_P_S_CDC.SINGLE_BIT.CROSS_PLEVEL_IN2SCNDRY_s_level_out_d4 )
INFO: [Synth 8-3333] propagating constant 0 across sequential element (\clk_map/psr_aclk/U0/EXT_LPF/EXT_LPF[1].exr_lpf_reg[1] )
INFO: [Synth 8-3333] propagating constant 0 across sequential element (\clk_map/psr_aclk/U0/EXT_LPF/lpf_exr_reg )
INFO: [Synth 8-4471] merging register 'GEN_ENABLE_INDET_BTT.I_SF_DATA_CNTL_STATUS_FIFO/sig_init_reg_reg' into 'I_WRESP_STATUS_FIFO/sig_init_reg_reg' [c:/Users/chris/FPGA_Projects/A-high-speed-data-acquisition-framework-main/AXI_DMA.srcs/sources_1/bd/System/ipshared/4ab6/hdl/axi_datamover_v5_1_vh_rfs.vhd:1961]
INFO: [Synth 8-4471] merging register 'GEN_ENABLE_INDET_BTT.I_SF_DATA_CNTL_STATUS_FIFO/sig_init_reg2_reg' into 'I_WRESP_STATUS_FIFO/sig_init_reg2_reg' [c:/Users/chris/FPGA_Projects/A-high-speed-data-acquisition-framework-main/AXI_DMA.srcs/sources_1/bd/System/ipshared/4ab6/hdl/axi_datamover_v5_1_vh_rfs.vhd:1962]
INFO: [Synth 8-4471] merging register 'sig_stop_request_reg' into 'sig_sready_stop_reg_reg' [c:/Users/chris/FPGA_Projects/A-high-speed-data-acquisition-framework-main/AXI_DMA.srcs/sources_1/bd/System/ipshared/4ab6/hdl/axi_datamover_v5_1_vh_rfs.vhd:19578]
INFO: [Synth 8-4471] merging register 'GEN_INCLUDE_SCATTER.I_S2MM_SCATTER/I_MSSAI_SKID_BUF/sig_reset_reg_reg' into 'I_DRE_CNTL_FIFO/sig_init_reg_reg' [c:/Users/chris/FPGA_Projects/A-high-speed-data-acquisition-framework-main/AXI_DMA.srcs/sources_1/bd/System/ipshared/4ab6/hdl/axi_datamover_v5_1_vh_rfs.vhd:44276]
INFO: [Synth 8-4471] merging register 'GEN_INCLUDE_SCATTER.I_S2MM_SCATTER/I_MSSAI_SKID_BUF/sig_stop_request_reg' into 'GEN_INCLUDE_SCATTER.I_S2MM_SCATTER/I_MSSAI_SKID_BUF/sig_sready_stop_reg_reg' [c:/Users/chris/FPGA_Projects/A-high-speed-data-acquisition-framework-main/AXI_DMA.srcs/sources_1/bd/System/ipshared/4ab6/hdl/axi_datamover_v5_1_vh_rfs.vhd:44271]
INFO: [Synth 8-4471] merging register 'ENABLE_AXIS_SKID.I_INDET_BTT_SKID_BUF/sig_stop_request_reg' into 'ENABLE_AXIS_SKID.I_INDET_BTT_SKID_BUF/sig_sready_stop_reg_reg' [c:/Users/chris/FPGA_Projects/A-high-speed-data-acquisition-framework-main/AXI_DMA.srcs/sources_1/bd/System/ipshared/4ab6/hdl/axi_datamover_v5_1_vh_rfs.vhd:19578]
INFO: [Synth 8-5546] ROM "DIFF_WIDTH_OR_DRE.I_IBTTCC_STBS_SET/sig_stbs_asserted0" won't be mapped to RAM because it is too sparse
INFO: [Synth 8-5546] ROM "DIFF_WIDTH_OR_DRE_WDC.I_WDC_STBS_SET/sig_stbs_asserted0" won't be mapped to RAM because it is too sparse
INFO: [Synth 8-4471] merging register 'I_CMD_STATUS/GEN_INCLUDE_STATUS_FIFO.I_STS_FIFO/sig_init_reg_reg' into 'I_CMD_STATUS/I_CMD_FIFO/sig_init_reg_reg' [c:/Users/chris/FPGA_Projects/A-high-speed-data-acquisition-framework-main/AXI_DMA.srcs/sources_1/bd/System/ipshared/4ab6/hdl/axi_datamover_v5_1_vh_rfs.vhd:1961]
INFO: [Synth 8-4471] merging register 'I_CMD_STATUS/GEN_INCLUDE_STATUS_FIFO.I_STS_FIFO/sig_init_reg2_reg' into 'I_CMD_STATUS/I_CMD_FIFO/sig_init_reg2_reg' [c:/Users/chris/FPGA_Projects/A-high-speed-data-acquisition-framework-main/AXI_DMA.srcs/sources_1/bd/System/ipshared/4ab6/hdl/axi_datamover_v5_1_vh_rfs.vhd:1962]
INFO: [Synth 8-4471] merging register 'GEN_SG_ENGINE.I_SG_ENGINE/GEN_DESC_UPDATE.I_SG_UPDATE_MNGR/I_UPDT_CMDSTS_IF/m_axis_updt_sts_tready_reg' into 'GEN_SG_ENGINE.I_SG_ENGINE/I_SG_FETCH_MNGR/I_FTCH_CMDSTS_IF/m_axis_ftch_sts_tready_reg' [c:/Users/chris/FPGA_Projects/A-high-speed-data-acquisition-framework-main/AXI_DMA.srcs/sources_1/bd/System/ipshared/4919/hdl/axi_sg_v4_1_rfs.vhd:23954]
INFO: [Synth 8-4471] merging register 'GEN_SG_ENGINE.I_SG_ENGINE/I_SG_AXI_DATAMOVER/GEN_MM2S_BASIC.I_MM2S_BASIC_WRAPPER/I_CMD_STATUS/I_CACHE_FIFO/sig_init_reg_reg' into 'GEN_SG_ENGINE.I_SG_ENGINE/I_SG_AXI_DATAMOVER/GEN_MM2S_BASIC.I_MM2S_BASIC_WRAPPER/I_CMD_STATUS/I_CMD_FIFO/sig_init_reg_reg' [c:/Users/chris/FPGA_Projects/A-high-speed-data-acquisition-framework-main/AXI_DMA.srcs/sources_1/bd/System/ipshared/4919/hdl/axi_sg_v4_1_rfs.vhd:1967]
INFO: [Synth 8-4471] merging register 'GEN_SG_ENGINE.I_SG_ENGINE/I_SG_AXI_DATAMOVER/GEN_MM2S_BASIC.I_MM2S_BASIC_WRAPPER/I_CMD_STATUS/I_CACHE_FIFO/sig_init_reg2_reg' into 'GEN_SG_ENGINE.I_SG_ENGINE/I_SG_AXI_DATAMOVER/GEN_MM2S_BASIC.I_MM2S_BASIC_WRAPPER/I_CMD_STATUS/I_CMD_FIFO/sig_init_reg2_reg' [c:/Users/chris/FPGA_Projects/A-high-speed-data-acquisition-framework-main/AXI_DMA.srcs/sources_1/bd/System/ipshared/4919/hdl/axi_sg_v4_1_rfs.vhd:1968]
INFO: [Synth 8-4471] merging register 'GEN_SG_ENGINE.I_SG_ENGINE/I_SG_AXI_DATAMOVER/GEN_MM2S_BASIC.I_MM2S_BASIC_WRAPPER/I_CMD_STATUS/GEN_INCLUDE_STATUS_FIFO.I_STS_FIFO/sig_init_reg_reg' into 'GEN_SG_ENGINE.I_SG_ENGINE/I_SG_AXI_DATAMOVER/GEN_MM2S_BASIC.I_MM2S_BASIC_WRAPPER/I_CMD_STATUS/I_CMD_FIFO/sig_init_reg_reg' [c:/Users/chris/FPGA_Projects/A-high-speed-data-acquisition-framework-main/AXI_DMA.srcs/sources_1/bd/System/ipshared/4919/hdl/axi_sg_v4_1_rfs.vhd:1967]
INFO: [Synth 8-4471] merging register 'GEN_SG_ENGINE.I_SG_ENGINE/I_SG_AXI_DATAMOVER/GEN_MM2S_BASIC.I_MM2S_BASIC_WRAPPER/I_CMD_STATUS/GEN_INCLUDE_STATUS_FIFO.I_STS_FIFO/sig_init_reg2_reg' into 'GEN_SG_ENGINE.I_SG_ENGINE/I_SG_AXI_DATAMOVER/GEN_MM2S_BASIC.I_MM2S_BASIC_WRAPPER/I_CMD_STATUS/I_CMD_FIFO/sig_init_reg2_reg' [c:/Users/chris/FPGA_Projects/A-high-speed-data-acquisition-framework-main/AXI_DMA.srcs/sources_1/bd/System/ipshared/4919/hdl/axi_sg_v4_1_rfs.vhd:1968]
INFO: [Synth 8-4471] merging register 'GEN_SG_ENGINE.I_SG_ENGINE/I_SG_AXI_DATAMOVER/GEN_S2MM_BASIC.I_S2MM_BASIC_WRAPPER/I_RESET/sig_cmd_stat_rst_user_reg_n_cdc_from_reg' into 'GEN_SG_ENGINE.I_SG_ENGINE/I_SG_AXI_DATAMOVER/GEN_MM2S_BASIC.I_MM2S_BASIC_WRAPPER/I_RESET/sig_cmd_stat_rst_user_reg_n_cdc_from_reg' [c:/Users/chris/FPGA_Projects/A-high-speed-data-acquisition-framework-main/AXI_DMA.srcs/sources_1/bd/System/ipshared/4919/hdl/axi_sg_v4_1_rfs.vhd:337]
INFO: [Synth 8-4471] merging register 'GEN_SG_ENGINE.I_SG_ENGINE/I_SG_AXI_DATAMOVER/GEN_S2MM_BASIC.I_S2MM_BASIC_WRAPPER/I_RESET/sig_s_h_halt_reg_reg' into 'GEN_SG_ENGINE.I_SG_ENGINE/I_SG_AXI_DATAMOVER/GEN_MM2S_BASIC.I_MM2S_BASIC_WRAPPER/I_RESET/sig_s_h_halt_reg_reg' [c:/Users/chris/FPGA_Projects/A-high-speed-data-acquisition-framework-main/AXI_DMA.srcs/sources_1/bd/System/ipshared/4919/hdl/axi_sg_v4_1_rfs.vhd:741]
INFO: [Synth 8-4471] merging register 'GEN_SG_ENGINE.I_SG_ENGINE/I_SG_AXI_DATAMOVER/GEN_S2MM_BASIC.I_S2MM_BASIC_WRAPPER/I_CMD_STATUS/I_CMD_FIFO/sig_init_reg_reg' into 'GEN_SG_ENGINE.I_SG_ENGINE/I_SG_AXI_DATAMOVER/GEN_MM2S_BASIC.I_MM2S_BASIC_WRAPPER/I_CMD_STATUS/I_CMD_FIFO/sig_init_reg_reg' [c:/Users/chris/FPGA_Projects/A-high-speed-data-acquisition-framework-main/AXI_DMA.srcs/sources_1/bd/System/ipshared/4919/hdl/axi_sg_v4_1_rfs.vhd:1967]
INFO: [Synth 8-4471] merging register 'GEN_SG_ENGINE.I_SG_ENGINE/I_SG_AXI_DATAMOVER/GEN_S2MM_BASIC.I_S2MM_BASIC_WRAPPER/I_CMD_STATUS/I_CMD_FIFO/sig_init_reg2_reg' into 'GEN_SG_ENGINE.I_SG_ENGINE/I_SG_AXI_DATAMOVER/GEN_MM2S_BASIC.I_MM2S_BASIC_WRAPPER/I_CMD_STATUS/I_CMD_FIFO/sig_init_reg2_reg' [c:/Users/chris/FPGA_Projects/A-high-speed-data-acquisition-framework-main/AXI_DMA.srcs/sources_1/bd/System/ipshared/4919/hdl/axi_sg_v4_1_rfs.vhd:1968]
INFO: [Synth 8-4471] merging register 'GEN_SG_ENGINE.I_SG_ENGINE/I_SG_AXI_DATAMOVER/GEN_S2MM_BASIC.I_S2MM_BASIC_WRAPPER/I_CMD_STATUS/I_CACHE_FIFO/sig_init_reg_reg' into 'GEN_SG_ENGINE.I_SG_ENGINE/I_SG_AXI_DATAMOVER/GEN_MM2S_BASIC.I_MM2S_BASIC_WRAPPER/I_CMD_STATUS/I_CMD_FIFO/sig_init_reg_reg' [c:/Users/chris/FPGA_Projects/A-high-speed-data-acquisition-framework-main/AXI_DMA.srcs/sources_1/bd/System/ipshared/4919/hdl/axi_sg_v4_1_rfs.vhd:1967]
INFO: [Synth 8-4471] merging register 'GEN_SG_ENGINE.I_SG_ENGINE/I_SG_AXI_DATAMOVER/GEN_S2MM_BASIC.I_S2MM_BASIC_WRAPPER/I_CMD_STATUS/I_CACHE_FIFO/sig_init_reg2_reg' into 'GEN_SG_ENGINE.I_SG_ENGINE/I_SG_AXI_DATAMOVER/GEN_MM2S_BASIC.I_MM2S_BASIC_WRAPPER/I_CMD_STATUS/I_CMD_FIFO/sig_init_reg2_reg' [c:/Users/chris/FPGA_Projects/A-high-speed-data-acquisition-framework-main/AXI_DMA.srcs/sources_1/bd/System/ipshared/4919/hdl/axi_sg_v4_1_rfs.vhd:1968]
INFO: [Synth 8-4471] merging register 'GEN_SG_ENGINE.I_SG_ENGINE/I_SG_AXI_DATAMOVER/GEN_S2MM_BASIC.I_S2MM_BASIC_WRAPPER/I_CMD_STATUS/GEN_INCLUDE_STATUS_FIFO.I_STS_FIFO/sig_init_reg_reg' into 'GEN_SG_ENGINE.I_SG_ENGINE/I_SG_AXI_DATAMOVER/GEN_MM2S_BASIC.I_MM2S_BASIC_WRAPPER/I_CMD_STATUS/I_CMD_FIFO/sig_init_reg_reg' [c:/Users/chris/FPGA_Projects/A-high-speed-data-acquisition-framework-main/AXI_DMA.srcs/sources_1/bd/System/ipshared/4919/hdl/axi_sg_v4_1_rfs.vhd:1967]
INFO: [Synth 8-4471] merging register 'GEN_SG_ENGINE.I_SG_ENGINE/I_SG_AXI_DATAMOVER/GEN_S2MM_BASIC.I_S2MM_BASIC_WRAPPER/I_CMD_STATUS/GEN_INCLUDE_STATUS_FIFO.I_STS_FIFO/sig_init_reg2_reg' into 'GEN_SG_ENGINE.I_SG_ENGINE/I_SG_AXI_DATAMOVER/GEN_MM2S_BASIC.I_MM2S_BASIC_WRAPPER/I_CMD_STATUS/I_CMD_FIFO/sig_init_reg2_reg' [c:/Users/chris/FPGA_Projects/A-high-speed-data-acquisition-framework-main/AXI_DMA.srcs/sources_1/bd/System/ipshared/4919/hdl/axi_sg_v4_1_rfs.vhd:1968]
INFO: [Synth 8-4471] merging register 'GEN_SG_ENGINE.I_SG_ENGINE/I_SG_AXI_DATAMOVER/GEN_S2MM_BASIC.I_S2MM_BASIC_WRAPPER/I_WR_STATUS_CNTLR/I_WRESP_STATUS_FIFO/sig_init_reg_reg' into 'GEN_SG_ENGINE.I_SG_ENGINE/I_SG_AXI_DATAMOVER/GEN_MM2S_BASIC.I_MM2S_BASIC_WRAPPER/I_CMD_STATUS/I_CMD_FIFO/sig_init_reg_reg' [c:/Users/chris/FPGA_Projects/A-high-speed-data-acquisition-framework-main/AXI_DMA.srcs/sources_1/bd/System/ipshared/4919/hdl/axi_sg_v4_1_rfs.vhd:1967]
INFO: [Synth 8-4471] merging register 'GEN_SG_ENGINE.I_SG_ENGINE/I_SG_AXI_DATAMOVER/GEN_S2MM_BASIC.I_S2MM_BASIC_WRAPPER/I_WR_STATUS_CNTLR/I_WRESP_STATUS_FIFO/sig_init_reg2_reg' into 'GEN_SG_ENGINE.I_SG_ENGINE/I_SG_AXI_DATAMOVER/GEN_MM2S_BASIC.I_MM2S_BASIC_WRAPPER/I_CMD_STATUS/I_CMD_FIFO/sig_init_reg2_reg' [c:/Users/chris/FPGA_Projects/A-high-speed-data-acquisition-framework-main/AXI_DMA.srcs/sources_1/bd/System/ipshared/4919/hdl/axi_sg_v4_1_rfs.vhd:1968]
INFO: [Synth 8-4471] merging register 'GEN_SG_ENGINE.I_SG_ENGINE/I_SG_AXI_DATAMOVER/GEN_S2MM_BASIC.I_S2MM_BASIC_WRAPPER/I_WR_STATUS_CNTLR/GEN_OMIT_INDET_BTT.I_DATA_CNTL_STATUS_FIFO/sig_init_reg_reg' into 'GEN_SG_ENGINE.I_SG_ENGINE/I_SG_AXI_DATAMOVER/GEN_MM2S_BASIC.I_MM2S_BASIC_WRAPPER/I_CMD_STATUS/I_CMD_FIFO/sig_init_reg_reg' [c:/Users/chris/FPGA_Projects/A-high-speed-data-acquisition-framework-main/AXI_DMA.srcs/sources_1/bd/System/ipshared/4919/hdl/axi_sg_v4_1_rfs.vhd:1967]
INFO: [Synth 8-4471] merging register 'GEN_SG_ENGINE.I_SG_ENGINE/I_SG_AXI_DATAMOVER/GEN_S2MM_BASIC.I_S2MM_BASIC_WRAPPER/I_WR_STATUS_CNTLR/GEN_OMIT_INDET_BTT.I_DATA_CNTL_STATUS_FIFO/sig_init_reg2_reg' into 'GEN_SG_ENGINE.I_SG_ENGINE/I_SG_AXI_DATAMOVER/GEN_MM2S_BASIC.I_MM2S_BASIC_WRAPPER/I_CMD_STATUS/I_CMD_FIFO/sig_init_reg2_reg' [c:/Users/chris/FPGA_Projects/A-high-speed-data-acquisition-framework-main/AXI_DMA.srcs/sources_1/bd/System/ipshared/4919/hdl/axi_sg_v4_1_rfs.vhd:1968]
INFO: [Synth 8-4471] merging register 'GEN_SG_ENGINE.I_SG_ENGINE/I_SG_AXI_DATAMOVER/GEN_S2MM_BASIC.I_S2MM_BASIC_WRAPPER/I_WR_STATUS_CNTLR/sig_halt_reg_reg' into 'GEN_SG_ENGINE.I_SG_ENGINE/I_SG_AXI_DATAMOVER/GEN_MM2S_BASIC.I_MM2S_BASIC_WRAPPER/I_RD_DATA_CNTL/sig_halt_reg_reg' [c:/Users/chris/FPGA_Projects/A-high-speed-data-acquisition-framework-main/AXI_DMA.srcs/sources_1/bd/System/ipshared/4919/hdl/axi_sg_v4_1_rfs.vhd:13731]
INFO: [Synth 8-4471] merging register 'GEN_SG_ENGINE.I_SG_ENGINE/I_SG_AXI_DATAMOVER/GEN_S2MM_BASIC.I_S2MM_BASIC_WRAPPER/I_WR_DATA_CNTL/sig_halt_reg_reg' into 'GEN_SG_ENGINE.I_SG_ENGINE/I_SG_AXI_DATAMOVER/GEN_MM2S_BASIC.I_MM2S_BASIC_WRAPPER/I_RD_DATA_CNTL/sig_halt_reg_reg' [c:/Users/chris/FPGA_Projects/A-high-speed-data-acquisition-framework-main/AXI_DMA.srcs/sources_1/bd/System/ipshared/4919/hdl/axi_sg_v4_1_rfs.vhd:11859]
INFO: [Synth 8-4471] merging register 'GEN_SG_ENGINE.I_SG_ENGINE/I_SG_AXI_DATAMOVER/GEN_S2MM_BASIC.I_S2MM_BASIC_WRAPPER/I_WR_DATA_CNTL/sig_halt_reg_dly1_reg' into 'GEN_SG_ENGINE.I_SG_ENGINE/I_SG_AXI_DATAMOVER/GEN_S2MM_BASIC.I_S2MM_BASIC_WRAPPER/I_WR_STATUS_CNTLR/sig_halt_reg_dly1_reg' [c:/Users/chris/FPGA_Projects/A-high-speed-data-acquisition-framework-main/AXI_DMA.srcs/sources_1/bd/System/ipshared/4919/hdl/axi_sg_v4_1_rfs.vhd:13295]
INFO: [Synth 8-4471] merging register 'GEN_SG_ENGINE.I_SG_ENGINE/I_SG_AXI_DATAMOVER/GEN_S2MM_BASIC.I_S2MM_BASIC_WRAPPER/I_WR_DATA_CNTL/sig_halt_reg_dly2_reg' into 'GEN_SG_ENGINE.I_SG_ENGINE/I_SG_AXI_DATAMOVER/GEN_S2MM_BASIC.I_S2MM_BASIC_WRAPPER/I_WR_STATUS_CNTLR/sig_halt_reg_dly2_reg' [c:/Users/chris/FPGA_Projects/A-high-speed-data-acquisition-framework-main/AXI_DMA.srcs/sources_1/bd/System/ipshared/4919/hdl/axi_sg_v4_1_rfs.vhd:13239]
INFO: [Synth 8-4471] merging register 'GEN_SG_ENGINE.I_SG_ENGINE/I_SG_AXI_DATAMOVER/GEN_S2MM_BASIC.I_S2MM_BASIC_WRAPPER/I_WR_DATA_CNTL/sig_halt_reg_dly3_reg' into 'GEN_SG_ENGINE.I_SG_ENGINE/I_SG_AXI_DATAMOVER/GEN_S2MM_BASIC.I_S2MM_BASIC_WRAPPER/I_WR_STATUS_CNTLR/sig_halt_reg_dly3_reg' [c:/Users/chris/FPGA_Projects/A-high-speed-data-acquisition-framework-main/AXI_DMA.srcs/sources_1/bd/System/ipshared/4919/hdl/axi_sg_v4_1_rfs.vhd:13213]
INFO: [Synth 8-4471] merging register 'GEN_SG_ENGINE.I_SG_ENGINE/I_SG_AXI_DATAMOVER/GEN_S2MM_BASIC.I_S2MM_BASIC_WRAPPER/I_WR_DATA_CNTL/sig_next_cmd_cmplt_reg_reg' into 'GEN_SG_ENGINE.I_SG_ENGINE/I_SG_AXI_DATAMOVER/GEN_S2MM_BASIC.I_S2MM_BASIC_WRAPPER/I_WR_DATA_CNTL/sig_next_eof_reg_reg' [c:/Users/chris/FPGA_Projects/A-high-speed-data-acquisition-framework-main/AXI_DMA.srcs/sources_1/bd/System/ipshared/4919/hdl/axi_sg_v4_1_rfs.vhd:12840]
INFO: [Synth 8-5775] Found 'rw_addr_collision' attribute set to 'no' on SDP RAM gen_wr_a.gen_word_narrow.mem_reg. Setting write mode to NO_CHANGE 
INFO: [Synth 8-5775] Found 'rw_addr_collision' attribute set to 'no' on SDP RAM gen_wr_a.gen_word_narrow.mem_reg. Setting write mode to NO_CHANGE 
INFO: [Synth 8-5775] Found 'rw_addr_collision' attribute set to 'no' on SDP RAM gen_wr_a.gen_word_narrow.mem_reg. Setting write mode to NO_CHANGE 
INFO: [Synth 8-5775] Found 'rw_addr_collision' attribute set to 'no' on SDP RAM gen_wr_a.gen_word_narrow.mem_reg. Setting write mode to NO_CHANGE 
INFO: [Synth 8-5775] Found 'rw_addr_collision' attribute set to 'no' on SDP RAM gen_wr_a.gen_word_narrow.mem_reg. Setting write mode to NO_CHANGE 
INFO: [Synth 8-5775] Found 'rw_addr_collision' attribute set to 'no' on SDP RAM gen_wr_a.gen_word_narrow.mem_reg. Setting write mode to NO_CHANGE 
INFO: [Synth 8-3332] Sequential element (I_RST_MODULE/REG_HRD_RST/GENERATE_LEVEL_P_S_CDC.SINGLE_BIT.CROSS_PLEVEL_IN2SCNDRY_s_level_out_d5) is unused and will be removed from module axi_dma.
INFO: [Synth 8-3332] Sequential element (I_RST_MODULE/REG_HRD_RST/GENERATE_LEVEL_P_S_CDC.SINGLE_BIT.CROSS_PLEVEL_IN2SCNDRY_s_level_out_d6) is unused and will be removed from module axi_dma.
INFO: [Synth 8-3332] Sequential element (I_RST_MODULE/REG_HRD_RST_OUT/GENERATE_LEVEL_P_S_CDC.SINGLE_BIT.CROSS_PLEVEL_IN2SCNDRY_s_level_out_d5) is unused and will be removed from module axi_dma.
INFO: [Synth 8-3332] Sequential element (I_RST_MODULE/REG_HRD_RST_OUT/GENERATE_LEVEL_P_S_CDC.SINGLE_BIT.CROSS_PLEVEL_IN2SCNDRY_s_level_out_d6) is unused and will be removed from module axi_dma.
INFO: [Synth 8-3332] Sequential element (I_RST_MODULE/GEN_RESET_FOR_S2MM.RESET_I/GEN_ASYNC_RESET.GEN_PRMRY_GRTR_EQL_SCNDRY.HALT_PROCESS/GENERATE_LEVEL_P_S_CDC.SINGLE_BIT.CROSS_PLEVEL_IN2SCNDRY_s_level_out_d5) is unused and will be removed from module axi_dma.
INFO: [Synth 8-3332] Sequential element (I_RST_MODULE/GEN_RESET_FOR_S2MM.RESET_I/GEN_ASYNC_RESET.GEN_PRMRY_GRTR_EQL_SCNDRY.HALT_PROCESS/GENERATE_LEVEL_P_S_CDC.SINGLE_BIT.CROSS_PLEVEL_IN2SCNDRY_s_level_out_d6) is unused and will be removed from module axi_dma.
INFO: [Synth 8-3332] Sequential element (I_RST_MODULE/GEN_RESET_FOR_S2MM.RESET_I/GEN_ASYNC_RESET.REG_HALT_CMPLT_IN/GENERATE_LEVEL_P_S_CDC.SINGLE_BIT.CROSS_PLEVEL_IN2SCNDRY_s_level_out_d5) is unused and will be removed from module axi_dma.
INFO: [Synth 8-3332] Sequential element (I_RST_MODULE/GEN_RESET_FOR_S2MM.RESET_I/GEN_ASYNC_RESET.REG_HALT_CMPLT_IN/GENERATE_LEVEL_P_S_CDC.SINGLE_BIT.CROSS_PLEVEL_IN2SCNDRY_s_level_out_d6) is unused and will be removed from module axi_dma.
INFO: [Synth 8-3332] Sequential element (I_RST_MODULE/GEN_RESET_FOR_S2MM.RESET_I/GEN_ASYNC_RESET.REG_SOFT2PRMRY/GENERATE_LEVEL_P_S_CDC.SINGLE_BIT.CROSS_PLEVEL_IN2SCNDRY_IN_cdc_to) is unused and will be removed from module axi_dma.
INFO: [Synth 8-3332] Sequential element (I_RST_MODULE/GEN_RESET_FOR_S2MM.RESET_I/GEN_ASYNC_RESET.REG_SOFT2PRMRY/GENERATE_LEVEL_P_S_CDC.SINGLE_BIT.CROSS_PLEVEL_IN2SCNDRY_s_level_out_d2) is unused and will be removed from module axi_dma.
INFO: [Synth 8-3332] Sequential element (I_RST_MODULE/GEN_RESET_FOR_S2MM.RESET_I/GEN_ASYNC_RESET.REG_SOFT2PRMRY/GENERATE_LEVEL_P_S_CDC.SINGLE_BIT.CROSS_PLEVEL_IN2SCNDRY_s_level_out_d3) is unused and will be removed from module axi_dma.
INFO: [Synth 8-3332] Sequential element (I_RST_MODULE/GEN_RESET_FOR_S2MM.RESET_I/GEN_ASYNC_RESET.REG_SOFT2PRMRY/GENERATE_LEVEL_P_S_CDC.SINGLE_BIT.CROSS_PLEVEL_IN2SCNDRY_s_level_out_d4) is unused and will be removed from module axi_dma.
INFO: [Synth 8-3332] Sequential element (I_RST_MODULE/GEN_RESET_FOR_S2MM.RESET_I/GEN_ASYNC_RESET.REG_SOFT2PRMRY/GENERATE_LEVEL_P_S_CDC.SINGLE_BIT.CROSS_PLEVEL_IN2SCNDRY_s_level_out_d5) is unused and will be removed from module axi_dma.
INFO: [Synth 8-3332] Sequential element (I_RST_MODULE/GEN_RESET_FOR_S2MM.RESET_I/GEN_ASYNC_RESET.REG_SOFT2PRMRY/GENERATE_LEVEL_P_S_CDC.SINGLE_BIT.CROSS_PLEVEL_IN2SCNDRY_s_level_out_d6) is unused and will be removed from module axi_dma.
INFO: [Synth 8-3332] Sequential element (I_RST_MODULE/GEN_RESET_FOR_S2MM.RESET_I/GEN_ASYNC_RESET.REG_RESET_OUT/GENERATE_LEVEL_P_S_CDC.SINGLE_BIT.CROSS_PLEVEL_IN2SCNDRY_s_level_out_d5) is unused and will be removed from module axi_dma.
INFO: [Synth 8-3332] Sequential element (I_RST_MODULE/GEN_RESET_FOR_S2MM.RESET_I/GEN_ASYNC_RESET.REG_RESET_OUT/GENERATE_LEVEL_P_S_CDC.SINGLE_BIT.CROSS_PLEVEL_IN2SCNDRY_s_level_out_d6) is unused and will be removed from module axi_dma.
INFO: [Synth 8-3332] Sequential element (I_AXI_DMA_REG_MODULE/GEN_AXI_LITE_IF.AXI_LITE_IF_I/GEN_ASYNC_WRITE.AWVLD_CDC_TO/GENERATE_LEVEL_P_S_CDC.SINGLE_BIT.CROSS_PLEVEL_IN2SCNDRY_s_level_out_d5) is unused and will be removed from module axi_dma.
INFO: [Synth 8-3332] Sequential element (I_AXI_DMA_REG_MODULE/GEN_AXI_LITE_IF.AXI_LITE_IF_I/GEN_ASYNC_WRITE.AWVLD_CDC_TO/GENERATE_LEVEL_P_S_CDC.SINGLE_BIT.CROSS_PLEVEL_IN2SCNDRY_s_level_out_d6) is unused and will be removed from module axi_dma.
INFO: [Synth 8-3332] Sequential element (I_AXI_DMA_REG_MODULE/GEN_AXI_LITE_IF.AXI_LITE_IF_I/GEN_ASYNC_WRITE.WVLD_CDC_TO/GENERATE_LEVEL_P_S_CDC.SINGLE_BIT.CROSS_PLEVEL_IN2SCNDRY_s_level_out_d5) is unused and will be removed from module axi_dma.
INFO: [Synth 8-3332] Sequential element (I_AXI_DMA_REG_MODULE/GEN_AXI_LITE_IF.AXI_LITE_IF_I/GEN_ASYNC_WRITE.WVLD_CDC_TO/GENERATE_LEVEL_P_S_CDC.SINGLE_BIT.CROSS_PLEVEL_IN2SCNDRY_s_level_out_d6) is unused and will be removed from module axi_dma.
INFO: [Synth 8-3332] Sequential element (I_AXI_DMA_REG_MODULE/GEN_AXI_LITE_IF.AXI_LITE_IF_I/GEN_ASYNC_WRITE.REG_WADDR_TO_IPCLK/GENERATE_LEVEL_P_S_CDC.MULTI_BIT.FOR_IN_cdc_to[0].CROSS2_PLEVEL_IN2SCNDRY_IN_cdc_to) is unused and will be removed from module axi_dma.
INFO: [Synth 8-3332] Sequential element (I_AXI_DMA_REG_MODULE/GEN_AXI_LITE_IF.AXI_LITE_IF_I/GEN_ASYNC_WRITE.REG_WADDR_TO_IPCLK/GENERATE_LEVEL_P_S_CDC.MULTI_BIT.FOR_IN_cdc_to[1].CROSS2_PLEVEL_IN2SCNDRY_IN_cdc_to) is unused and will be removed from module axi_dma.
INFO: [Synth 8-3332] Sequential element (I_AXI_DMA_REG_MODULE/GEN_AXI_LITE_IF.AXI_LITE_IF_I/GEN_ASYNC_WRITE.REG_WADDR_TO_IPCLK/GENERATE_LEVEL_P_S_CDC.MULTI_BIT.FOR_IN_cdc_to[7].CROSS2_PLEVEL_IN2SCNDRY_IN_cdc_to) is unused and will be removed from module axi_dma.
INFO: [Synth 8-3332] Sequential element (I_AXI_DMA_REG_MODULE/GEN_AXI_LITE_IF.AXI_LITE_IF_I/GEN_ASYNC_WRITE.REG_WADDR_TO_IPCLK/GENERATE_LEVEL_P_S_CDC.MULTI_BIT.FOR_IN_cdc_to[8].CROSS2_PLEVEL_IN2SCNDRY_IN_cdc_to) is unused and will be removed from module axi_dma.
INFO: [Synth 8-3332] Sequential element (I_AXI_DMA_REG_MODULE/GEN_AXI_LITE_IF.AXI_LITE_IF_I/GEN_ASYNC_WRITE.REG_WADDR_TO_IPCLK/GENERATE_LEVEL_P_S_CDC.MULTI_BIT.FOR_IN_cdc_to[9].CROSS2_PLEVEL_IN2SCNDRY_IN_cdc_to) is unused and will be removed from module axi_dma.
INFO: [Synth 8-3332] Sequential element (I_AXI_DMA_REG_MODULE/GEN_AXI_LITE_IF.AXI_LITE_IF_I/GEN_ASYNC_WRITE.REG_WADDR_TO_IPCLK/GENERATE_LEVEL_P_S_CDC.MULTI_BIT.FOR_CROSS_PLEVEL_IN2SCNDRY_bus_d2[0].CROSS2_PLEVEL_IN2SCNDRY_s_level_out_bus_d2) is unused and will be removed from module axi_dma.
INFO: [Synth 8-3332] Sequential element (I_AXI_DMA_REG_MODULE/GEN_AXI_LITE_IF.AXI_LITE_IF_I/GEN_ASYNC_WRITE.REG_WADDR_TO_IPCLK/GENERATE_LEVEL_P_S_CDC.MULTI_BIT.FOR_CROSS_PLEVEL_IN2SCNDRY_bus_d2[1].CROSS2_PLEVEL_IN2SCNDRY_s_level_out_bus_d2) is unused and will be removed from module axi_dma.
INFO: [Synth 8-3332] Sequential element (I_AXI_DMA_REG_MODULE/GEN_AXI_LITE_IF.AXI_LITE_IF_I/GEN_ASYNC_WRITE.REG_WADDR_TO_IPCLK/GENERATE_LEVEL_P_S_CDC.MULTI_BIT.FOR_CROSS_PLEVEL_IN2SCNDRY_bus_d2[2].CROSS2_PLEVEL_IN2SCNDRY_s_level_out_bus_d2) is unused and will be removed from module axi_dma.
INFO: [Synth 8-3332] Sequential element (I_AXI_DMA_REG_MODULE/GEN_AXI_LITE_IF.AXI_LITE_IF_I/GEN_ASYNC_WRITE.REG_WADDR_TO_IPCLK/GENERATE_LEVEL_P_S_CDC.MULTI_BIT.FOR_CROSS_PLEVEL_IN2SCNDRY_bus_d2[3].CROSS2_PLEVEL_IN2SCNDRY_s_level_out_bus_d2) is unused and will be removed from module axi_dma.
INFO: [Synth 8-3332] Sequential element (I_AXI_DMA_REG_MODULE/GEN_AXI_LITE_IF.AXI_LITE_IF_I/GEN_ASYNC_WRITE.REG_WADDR_TO_IPCLK/GENERATE_LEVEL_P_S_CDC.MULTI_BIT.FOR_CROSS_PLEVEL_IN2SCNDRY_bus_d2[4].CROSS2_PLEVEL_IN2SCNDRY_s_level_out_bus_d2) is unused and will be removed from module axi_dma.
INFO: [Synth 8-3332] Sequential element (I_AXI_DMA_REG_MODULE/GEN_AXI_LITE_IF.AXI_LITE_IF_I/GEN_ASYNC_WRITE.REG_WADDR_TO_IPCLK/GENERATE_LEVEL_P_S_CDC.MULTI_BIT.FOR_CROSS_PLEVEL_IN2SCNDRY_bus_d2[5].CROSS2_PLEVEL_IN2SCNDRY_s_level_out_bus_d2) is unused and will be removed from module axi_dma.
INFO: [Synth 8-3332] Sequential element (I_AXI_DMA_REG_MODULE/GEN_AXI_LITE_IF.AXI_LITE_IF_I/GEN_ASYNC_WRITE.REG_WADDR_TO_IPCLK/GENERATE_LEVEL_P_S_CDC.MULTI_BIT.FOR_CROSS_PLEVEL_IN2SCNDRY_bus_d2[6].CROSS2_PLEVEL_IN2SCNDRY_s_level_out_bus_d2) is unused and will be removed from module axi_dma.
INFO: [Synth 8-3332] Sequential element (I_AXI_DMA_REG_MODULE/GEN_AXI_LITE_IF.AXI_LITE_IF_I/GEN_ASYNC_WRITE.REG_WADDR_TO_IPCLK/GENERATE_LEVEL_P_S_CDC.MULTI_BIT.FOR_CROSS_PLEVEL_IN2SCNDRY_bus_d2[7].CROSS2_PLEVEL_IN2SCNDRY_s_level_out_bus_d2) is unused and will be removed from module axi_dma.
INFO: [Synth 8-3332] Sequential element (I_AXI_DMA_REG_MODULE/GEN_AXI_LITE_IF.AXI_LITE_IF_I/GEN_ASYNC_WRITE.REG_WADDR_TO_IPCLK/GENERATE_LEVEL_P_S_CDC.MULTI_BIT.FOR_CROSS_PLEVEL_IN2SCNDRY_bus_d2[8].CROSS2_PLEVEL_IN2SCNDRY_s_level_out_bus_d2) is unused and will be removed from module axi_dma.
INFO: [Synth 8-3332] Sequential element (I_AXI_DMA_REG_MODULE/GEN_AXI_LITE_IF.AXI_LITE_IF_I/GEN_ASYNC_WRITE.REG_WADDR_TO_IPCLK/GENERATE_LEVEL_P_S_CDC.MULTI_BIT.FOR_CROSS_PLEVEL_IN2SCNDRY_bus_d2[9].CROSS2_PLEVEL_IN2SCNDRY_s_level_out_bus_d2) is unused and will be removed from module axi_dma.
INFO: [Synth 8-3332] Sequential element (I_AXI_DMA_REG_MODULE/GEN_AXI_LITE_IF.AXI_LITE_IF_I/GEN_ASYNC_WRITE.REG_WADDR_TO_IPCLK/GENERATE_LEVEL_P_S_CDC.MULTI_BIT.FOR_CROSS_PLEVEL_IN2SCNDRY_bus_d3[0].CROSS2_PLEVEL_IN2SCNDRY_s_level_out_bus_d3) is unused and will be removed from module axi_dma.
INFO: [Synth 8-3332] Sequential element (I_AXI_DMA_REG_MODULE/GEN_AXI_LITE_IF.AXI_LITE_IF_I/GEN_ASYNC_WRITE.REG_WADDR_TO_IPCLK/GENERATE_LEVEL_P_S_CDC.MULTI_BIT.FOR_CROSS_PLEVEL_IN2SCNDRY_bus_d3[1].CROSS2_PLEVEL_IN2SCNDRY_s_level_out_bus_d3) is unused and will be removed from module axi_dma.
INFO: [Synth 8-3332] Sequential element (I_AXI_DMA_REG_MODULE/GEN_AXI_LITE_IF.AXI_LITE_IF_I/GEN_ASYNC_WRITE.REG_WADDR_TO_IPCLK/GENERATE_LEVEL_P_S_CDC.MULTI_BIT.FOR_CROSS_PLEVEL_IN2SCNDRY_bus_d3[2].CROSS2_PLEVEL_IN2SCNDRY_s_level_out_bus_d3) is unused and will be removed from module axi_dma.
INFO: [Synth 8-3332] Sequential element (I_AXI_DMA_REG_MODULE/GEN_AXI_LITE_IF.AXI_LITE_IF_I/GEN_ASYNC_WRITE.REG_WADDR_TO_IPCLK/GENERATE_LEVEL_P_S_CDC.MULTI_BIT.FOR_CROSS_PLEVEL_IN2SCNDRY_bus_d3[3].CROSS2_PLEVEL_IN2SCNDRY_s_level_out_bus_d3) is unused and will be removed from module axi_dma.
INFO: [Synth 8-3332] Sequential element (I_AXI_DMA_REG_MODULE/GEN_AXI_LITE_IF.AXI_LITE_IF_I/GEN_ASYNC_WRITE.REG_WADDR_TO_IPCLK/GENERATE_LEVEL_P_S_CDC.MULTI_BIT.FOR_CROSS_PLEVEL_IN2SCNDRY_bus_d3[4].CROSS2_PLEVEL_IN2SCNDRY_s_level_out_bus_d3) is unused and will be removed from module axi_dma.
INFO: [Synth 8-3332] Sequential element (I_AXI_DMA_REG_MODULE/GEN_AXI_LITE_IF.AXI_LITE_IF_I/GEN_ASYNC_WRITE.REG_WADDR_TO_IPCLK/GENERATE_LEVEL_P_S_CDC.MULTI_BIT.FOR_CROSS_PLEVEL_IN2SCNDRY_bus_d3[5].CROSS2_PLEVEL_IN2SCNDRY_s_level_out_bus_d3) is unused and will be removed from module axi_dma.
INFO: [Synth 8-3332] Sequential element (I_AXI_DMA_REG_MODULE/GEN_AXI_LITE_IF.AXI_LITE_IF_I/GEN_ASYNC_WRITE.REG_WADDR_TO_IPCLK/GENERATE_LEVEL_P_S_CDC.MULTI_BIT.FOR_CROSS_PLEVEL_IN2SCNDRY_bus_d3[6].CROSS2_PLEVEL_IN2SCNDRY_s_level_out_bus_d3) is unused and will be removed from module axi_dma.
INFO: [Synth 8-3332] Sequential element (I_AXI_DMA_REG_MODULE/GEN_AXI_LITE_IF.AXI_LITE_IF_I/GEN_ASYNC_WRITE.REG_WADDR_TO_IPCLK/GENERATE_LEVEL_P_S_CDC.MULTI_BIT.FOR_CROSS_PLEVEL_IN2SCNDRY_bus_d3[7].CROSS2_PLEVEL_IN2SCNDRY_s_level_out_bus_d3) is unused and will be removed from module axi_dma.
INFO: [Synth 8-3332] Sequential element (I_AXI_DMA_REG_MODULE/GEN_AXI_LITE_IF.AXI_LITE_IF_I/GEN_ASYNC_WRITE.REG_WADDR_TO_IPCLK/GENERATE_LEVEL_P_S_CDC.MULTI_BIT.FOR_CROSS_PLEVEL_IN2SCNDRY_bus_d3[8].CROSS2_PLEVEL_IN2SCNDRY_s_level_out_bus_d3) is unused and will be removed from module axi_dma.
INFO: [Synth 8-3332] Sequential element (I_AXI_DMA_REG_MODULE/GEN_AXI_LITE_IF.AXI_LITE_IF_I/GEN_ASYNC_WRITE.REG_WADDR_TO_IPCLK/GENERATE_LEVEL_P_S_CDC.MULTI_BIT.FOR_CROSS_PLEVEL_IN2SCNDRY_bus_d3[9].CROSS2_PLEVEL_IN2SCNDRY_s_level_out_bus_d3) is unused and will be removed from module axi_dma.
INFO: [Synth 8-3332] Sequential element (I_AXI_DMA_REG_MODULE/GEN_AXI_LITE_IF.AXI_LITE_IF_I/GEN_ASYNC_WRITE.REG_WADDR_TO_IPCLK/GENERATE_LEVEL_P_S_CDC.MULTI_BIT.FOR_CROSS_PLEVEL_IN2SCNDRY_bus_d4[0].CROSS2_PLEVEL_IN2SCNDRY_s_level_out_bus_d4) is unused and will be removed from module axi_dma.
INFO: [Synth 8-3332] Sequential element (I_AXI_DMA_REG_MODULE/GEN_AXI_LITE_IF.AXI_LITE_IF_I/GEN_ASYNC_WRITE.REG_WADDR_TO_IPCLK/GENERATE_LEVEL_P_S_CDC.MULTI_BIT.FOR_CROSS_PLEVEL_IN2SCNDRY_bus_d4[1].CROSS2_PLEVEL_IN2SCNDRY_s_level_out_bus_d4) is unused and will be removed from module axi_dma.
INFO: [Synth 8-3332] Sequential element (I_AXI_DMA_REG_MODULE/GEN_AXI_LITE_IF.AXI_LITE_IF_I/GEN_ASYNC_WRITE.REG_WADDR_TO_IPCLK/GENERATE_LEVEL_P_S_CDC.MULTI_BIT.FOR_CROSS_PLEVEL_IN2SCNDRY_bus_d4[2].CROSS2_PLEVEL_IN2SCNDRY_s_level_out_bus_d4) is unused and will be removed from module axi_dma.
INFO: [Synth 8-3332] Sequential element (I_AXI_DMA_REG_MODULE/GEN_AXI_LITE_IF.AXI_LITE_IF_I/GEN_ASYNC_WRITE.REG_WADDR_TO_IPCLK/GENERATE_LEVEL_P_S_CDC.MULTI_BIT.FOR_CROSS_PLEVEL_IN2SCNDRY_bus_d4[3].CROSS2_PLEVEL_IN2SCNDRY_s_level_out_bus_d4) is unused and will be removed from module axi_dma.
INFO: [Synth 8-3332] Sequential element (I_AXI_DMA_REG_MODULE/GEN_AXI_LITE_IF.AXI_LITE_IF_I/GEN_ASYNC_WRITE.REG_WADDR_TO_IPCLK/GENERATE_LEVEL_P_S_CDC.MULTI_BIT.FOR_CROSS_PLEVEL_IN2SCNDRY_bus_d4[4].CROSS2_PLEVEL_IN2SCNDRY_s_level_out_bus_d4) is unused and will be removed from module axi_dma.
INFO: [Synth 8-3332] Sequential element (I_AXI_DMA_REG_MODULE/GEN_AXI_LITE_IF.AXI_LITE_IF_I/GEN_ASYNC_WRITE.REG_WADDR_TO_IPCLK/GENERATE_LEVEL_P_S_CDC.MULTI_BIT.FOR_CROSS_PLEVEL_IN2SCNDRY_bus_d4[5].CROSS2_PLEVEL_IN2SCNDRY_s_level_out_bus_d4) is unused and will be removed from module axi_dma.
INFO: [Synth 8-3332] Sequential element (I_AXI_DMA_REG_MODULE/GEN_AXI_LITE_IF.AXI_LITE_IF_I/GEN_ASYNC_WRITE.REG_WADDR_TO_IPCLK/GENERATE_LEVEL_P_S_CDC.MULTI_BIT.FOR_CROSS_PLEVEL_IN2SCNDRY_bus_d4[6].CROSS2_PLEVEL_IN2SCNDRY_s_level_out_bus_d4) is unused and will be removed from module axi_dma.
INFO: [Synth 8-3332] Sequential element (I_AXI_DMA_REG_MODULE/GEN_AXI_LITE_IF.AXI_LITE_IF_I/GEN_ASYNC_WRITE.REG_WADDR_TO_IPCLK/GENERATE_LEVEL_P_S_CDC.MULTI_BIT.FOR_CROSS_PLEVEL_IN2SCNDRY_bus_d4[7].CROSS2_PLEVEL_IN2SCNDRY_s_level_out_bus_d4) is unused and will be removed from module axi_dma.
INFO: [Synth 8-3332] Sequential element (I_AXI_DMA_REG_MODULE/GEN_AXI_LITE_IF.AXI_LITE_IF_I/GEN_ASYNC_WRITE.REG_WADDR_TO_IPCLK/GENERATE_LEVEL_P_S_CDC.MULTI_BIT.FOR_CROSS_PLEVEL_IN2SCNDRY_bus_d4[8].CROSS2_PLEVEL_IN2SCNDRY_s_level_out_bus_d4) is unused and will be removed from module axi_dma.
INFO: [Synth 8-3332] Sequential element (I_AXI_DMA_REG_MODULE/GEN_AXI_LITE_IF.AXI_LITE_IF_I/GEN_ASYNC_WRITE.REG_WADDR_TO_IPCLK/GENERATE_LEVEL_P_S_CDC.MULTI_BIT.FOR_CROSS_PLEVEL_IN2SCNDRY_bus_d4[9].CROSS2_PLEVEL_IN2SCNDRY_s_level_out_bus_d4) is unused and will be removed from module axi_dma.
INFO: [Synth 8-3332] Sequential element (I_AXI_DMA_REG_MODULE/GEN_AXI_LITE_IF.AXI_LITE_IF_I/GEN_ASYNC_WRITE.REG_WADDR_TO_IPCLK/GENERATE_LEVEL_P_S_CDC.MULTI_BIT.FOR_CROSS_PLEVEL_IN2SCNDRY_bus_d5[0].CROSS2_PLEVEL_IN2SCNDRY_s_level_out_bus_d5) is unused and will be removed from module axi_dma.
INFO: [Synth 8-3332] Sequential element (I_AXI_DMA_REG_MODULE/GEN_AXI_LITE_IF.AXI_LITE_IF_I/GEN_ASYNC_WRITE.REG_WADDR_TO_IPCLK/GENERATE_LEVEL_P_S_CDC.MULTI_BIT.FOR_CROSS_PLEVEL_IN2SCNDRY_bus_d5[1].CROSS2_PLEVEL_IN2SCNDRY_s_level_out_bus_d5) is unused and will be removed from module axi_dma.
INFO: [Synth 8-3332] Sequential element (I_AXI_DMA_REG_MODULE/GEN_AXI_LITE_IF.AXI_LITE_IF_I/GEN_ASYNC_WRITE.REG_WADDR_TO_IPCLK/GENERATE_LEVEL_P_S_CDC.MULTI_BIT.FOR_CROSS_PLEVEL_IN2SCNDRY_bus_d5[2].CROSS2_PLEVEL_IN2SCNDRY_s_level_out_bus_d5) is unused and will be removed from module axi_dma.
INFO: [Synth 8-3332] Sequential element (I_AXI_DMA_REG_MODULE/GEN_AXI_LITE_IF.AXI_LITE_IF_I/GEN_ASYNC_WRITE.REG_WADDR_TO_IPCLK/GENERATE_LEVEL_P_S_CDC.MULTI_BIT.FOR_CROSS_PLEVEL_IN2SCNDRY_bus_d5[3].CROSS2_PLEVEL_IN2SCNDRY_s_level_out_bus_d5) is unused and will be removed from module axi_dma.
INFO: [Synth 8-3332] Sequential element (I_AXI_DMA_REG_MODULE/GEN_AXI_LITE_IF.AXI_LITE_IF_I/GEN_ASYNC_WRITE.REG_WADDR_TO_IPCLK/GENERATE_LEVEL_P_S_CDC.MULTI_BIT.FOR_CROSS_PLEVEL_IN2SCNDRY_bus_d5[4].CROSS2_PLEVEL_IN2SCNDRY_s_level_out_bus_d5) is unused and will be removed from module axi_dma.
INFO: [Synth 8-3332] Sequential element (I_AXI_DMA_REG_MODULE/GEN_AXI_LITE_IF.AXI_LITE_IF_I/GEN_ASYNC_WRITE.REG_WADDR_TO_IPCLK/GENERATE_LEVEL_P_S_CDC.MULTI_BIT.FOR_CROSS_PLEVEL_IN2SCNDRY_bus_d5[5].CROSS2_PLEVEL_IN2SCNDRY_s_level_out_bus_d5) is unused and will be removed from module axi_dma.
INFO: [Synth 8-3332] Sequential element (I_AXI_DMA_REG_MODULE/GEN_AXI_LITE_IF.AXI_LITE_IF_I/GEN_ASYNC_WRITE.REG_WADDR_TO_IPCLK/GENERATE_LEVEL_P_S_CDC.MULTI_BIT.FOR_CROSS_PLEVEL_IN2SCNDRY_bus_d5[6].CROSS2_PLEVEL_IN2SCNDRY_s_level_out_bus_d5) is unused and will be removed from module axi_dma.
INFO: [Synth 8-3332] Sequential element (I_AXI_DMA_REG_MODULE/GEN_AXI_LITE_IF.AXI_LITE_IF_I/GEN_ASYNC_WRITE.REG_WADDR_TO_IPCLK/GENERATE_LEVEL_P_S_CDC.MULTI_BIT.FOR_CROSS_PLEVEL_IN2SCNDRY_bus_d5[7].CROSS2_PLEVEL_IN2SCNDRY_s_level_out_bus_d5) is unused and will be removed from module axi_dma.
INFO: [Synth 8-3332] Sequential element (I_AXI_DMA_REG_MODULE/GEN_AXI_LITE_IF.AXI_LITE_IF_I/GEN_ASYNC_WRITE.REG_WADDR_TO_IPCLK/GENERATE_LEVEL_P_S_CDC.MULTI_BIT.FOR_CROSS_PLEVEL_IN2SCNDRY_bus_d5[8].CROSS2_PLEVEL_IN2SCNDRY_s_level_out_bus_d5) is unused and will be removed from module axi_dma.
INFO: [Synth 8-3332] Sequential element (I_AXI_DMA_REG_MODULE/GEN_AXI_LITE_IF.AXI_LITE_IF_I/GEN_ASYNC_WRITE.REG_WADDR_TO_IPCLK/GENERATE_LEVEL_P_S_CDC.MULTI_BIT.FOR_CROSS_PLEVEL_IN2SCNDRY_bus_d5[9].CROSS2_PLEVEL_IN2SCNDRY_s_level_out_bus_d5) is unused and will be removed from module axi_dma.
INFO: [Synth 8-3332] Sequential element (I_AXI_DMA_REG_MODULE/GEN_AXI_LITE_IF.AXI_LITE_IF_I/GEN_ASYNC_WRITE.REG_WADDR_TO_IPCLK/GENERATE_LEVEL_P_S_CDC.MULTI_BIT.FOR_CROSS_PLEVEL_IN2SCNDRY_bus_d6[0].CROSS2_PLEVEL_IN2SCNDRY_s_level_out_bus_d6) is unused and will be removed from module axi_dma.
INFO: [Synth 8-3332] Sequential element (I_AXI_DMA_REG_MODULE/GEN_AXI_LITE_IF.AXI_LITE_IF_I/GEN_ASYNC_WRITE.REG_WADDR_TO_IPCLK/GENERATE_LEVEL_P_S_CDC.MULTI_BIT.FOR_CROSS_PLEVEL_IN2SCNDRY_bus_d6[1].CROSS2_PLEVEL_IN2SCNDRY_s_level_out_bus_d6) is unused and will be removed from module axi_dma.
INFO: [Synth 8-3332] Sequential element (I_AXI_DMA_REG_MODULE/GEN_AXI_LITE_IF.AXI_LITE_IF_I/GEN_ASYNC_WRITE.REG_WADDR_TO_IPCLK/GENERATE_LEVEL_P_S_CDC.MULTI_BIT.FOR_CROSS_PLEVEL_IN2SCNDRY_bus_d6[2].CROSS2_PLEVEL_IN2SCNDRY_s_level_out_bus_d6) is unused and will be removed from module axi_dma.
INFO: [Synth 8-3332] Sequential element (I_AXI_DMA_REG_MODULE/GEN_AXI_LITE_IF.AXI_LITE_IF_I/GEN_ASYNC_WRITE.REG_WADDR_TO_IPCLK/GENERATE_LEVEL_P_S_CDC.MULTI_BIT.FOR_CROSS_PLEVEL_IN2SCNDRY_bus_d6[3].CROSS2_PLEVEL_IN2SCNDRY_s_level_out_bus_d6) is unused and will be removed from module axi_dma.
INFO: [Synth 8-3332] Sequential element (I_AXI_DMA_REG_MODULE/GEN_AXI_LITE_IF.AXI_LITE_IF_I/GEN_ASYNC_WRITE.REG_WADDR_TO_IPCLK/GENERATE_LEVEL_P_S_CDC.MULTI_BIT.FOR_CROSS_PLEVEL_IN2SCNDRY_bus_d6[4].CROSS2_PLEVEL_IN2SCNDRY_s_level_out_bus_d6) is unused and will be removed from module axi_dma.
INFO: [Synth 8-3332] Sequential element (I_AXI_DMA_REG_MODULE/GEN_AXI_LITE_IF.AXI_LITE_IF_I/GEN_ASYNC_WRITE.REG_WADDR_TO_IPCLK/GENERATE_LEVEL_P_S_CDC.MULTI_BIT.FOR_CROSS_PLEVEL_IN2SCNDRY_bus_d6[5].CROSS2_PLEVEL_IN2SCNDRY_s_level_out_bus_d6) is unused and will be removed from module axi_dma.
INFO: [Synth 8-3332] Sequential element (I_AXI_DMA_REG_MODULE/GEN_AXI_LITE_IF.AXI_LITE_IF_I/GEN_ASYNC_WRITE.REG_WADDR_TO_IPCLK/GENERATE_LEVEL_P_S_CDC.MULTI_BIT.FOR_CROSS_PLEVEL_IN2SCNDRY_bus_d6[6].CROSS2_PLEVEL_IN2SCNDRY_s_level_out_bus_d6) is unused and will be removed from module axi_dma.
INFO: [Synth 8-3332] Sequential element (I_AXI_DMA_REG_MODULE/GEN_AXI_LITE_IF.AXI_LITE_IF_I/GEN_ASYNC_WRITE.REG_WADDR_TO_IPCLK/GENERATE_LEVEL_P_S_CDC.MULTI_BIT.FOR_CROSS_PLEVEL_IN2SCNDRY_bus_d6[7].CROSS2_PLEVEL_IN2SCNDRY_s_level_out_bus_d6) is unused and will be removed from module axi_dma.
INFO: [Synth 8-3332] Sequential element (I_AXI_DMA_REG_MODULE/GEN_AXI_LITE_IF.AXI_LITE_IF_I/GEN_ASYNC_WRITE.REG_WADDR_TO_IPCLK/GENERATE_LEVEL_P_S_CDC.MULTI_BIT.FOR_CROSS_PLEVEL_IN2SCNDRY_bus_d6[8].CROSS2_PLEVEL_IN2SCNDRY_s_level_out_bus_d6) is unused and will be removed from module axi_dma.
INFO: [Synth 8-3332] Sequential element (I_AXI_DMA_REG_MODULE/GEN_AXI_LITE_IF.AXI_LITE_IF_I/GEN_ASYNC_WRITE.REG_WADDR_TO_IPCLK/GENERATE_LEVEL_P_S_CDC.MULTI_BIT.FOR_CROSS_PLEVEL_IN2SCNDRY_bus_d6[9].CROSS2_PLEVEL_IN2SCNDRY_s_level_out_bus_d6) is unused and will be removed from module axi_dma.
INFO: [Synth 8-3332] Sequential element (I_AXI_DMA_REG_MODULE/GEN_AXI_LITE_IF.AXI_LITE_IF_I/GEN_ASYNC_WRITE.REG_WADDR_TO_IPCLK1/GENERATE_LEVEL_P_S_CDC.MULTI_BIT.FOR_IN_cdc_to[1].CROSS2_PLEVEL_IN2SCNDRY_IN_cdc_to) is unused and will be removed from module axi_dma.
INFO: [Synth 8-3332] Sequential element (I_AXI_DMA_REG_MODULE/GEN_AXI_LITE_IF.AXI_LITE_IF_I/GEN_ASYNC_WRITE.REG_WADDR_TO_IPCLK1/GENERATE_LEVEL_P_S_CDC.MULTI_BIT.FOR_IN_cdc_to[5].CROSS2_PLEVEL_IN2SCNDRY_IN_cdc_to) is unused and will be removed from module axi_dma.
INFO: [Synth 8-3332] Sequential element (I_AXI_DMA_REG_MODULE/GEN_AXI_LITE_IF.AXI_LITE_IF_I/GEN_ASYNC_WRITE.REG_WADDR_TO_IPCLK1/GENERATE_LEVEL_P_S_CDC.MULTI_BIT.FOR_CROSS_PLEVEL_IN2SCNDRY_bus_d2[0].CROSS2_PLEVEL_IN2SCNDRY_s_level_out_bus_d2) is unused and will be removed from module axi_dma.
INFO: [Synth 8-3332] Sequential element (I_AXI_DMA_REG_MODULE/GEN_AXI_LITE_IF.AXI_LITE_IF_I/GEN_ASYNC_WRITE.REG_WADDR_TO_IPCLK1/GENERATE_LEVEL_P_S_CDC.MULTI_BIT.FOR_CROSS_PLEVEL_IN2SCNDRY_bus_d2[1].CROSS2_PLEVEL_IN2SCNDRY_s_level_out_bus_d2) is unused and will be removed from module axi_dma.
INFO: [Synth 8-3332] Sequential element (I_AXI_DMA_REG_MODULE/GEN_AXI_LITE_IF.AXI_LITE_IF_I/GEN_ASYNC_WRITE.REG_WADDR_TO_IPCLK1/GENERATE_LEVEL_P_S_CDC.MULTI_BIT.FOR_CROSS_PLEVEL_IN2SCNDRY_bus_d2[2].CROSS2_PLEVEL_IN2SCNDRY_s_level_out_bus_d2) is unused and will be removed from module axi_dma.
INFO: [Synth 8-3332] Sequential element (I_AXI_DMA_REG_MODULE/GEN_AXI_LITE_IF.AXI_LITE_IF_I/GEN_ASYNC_WRITE.REG_WADDR_TO_IPCLK1/GENERATE_LEVEL_P_S_CDC.MULTI_BIT.FOR_CROSS_PLEVEL_IN2SCNDRY_bus_d2[3].CROSS2_PLEVEL_IN2SCNDRY_s_level_out_bus_d2) is unused and will be removed from module axi_dma.
INFO: [Synth 8-3332] Sequential element (I_AXI_DMA_REG_MODULE/GEN_AXI_LITE_IF.AXI_LITE_IF_I/GEN_ASYNC_WRITE.REG_WADDR_TO_IPCLK1/GENERATE_LEVEL_P_S_CDC.MULTI_BIT.FOR_CROSS_PLEVEL_IN2SCNDRY_bus_d2[4].CROSS2_PLEVEL_IN2SCNDRY_s_level_out_bus_d2) is unused and will be removed from module axi_dma.
INFO: [Synth 8-3332] Sequential element (I_AXI_DMA_REG_MODULE/GEN_AXI_LITE_IF.AXI_LITE_IF_I/GEN_ASYNC_WRITE.REG_WADDR_TO_IPCLK1/GENERATE_LEVEL_P_S_CDC.MULTI_BIT.FOR_CROSS_PLEVEL_IN2SCNDRY_bus_d2[5].CROSS2_PLEVEL_IN2SCNDRY_s_level_out_bus_d2) is unused and will be removed from module axi_dma.
INFO: [Synth 8-3332] Sequential element (I_AXI_DMA_REG_MODULE/GEN_AXI_LITE_IF.AXI_LITE_IF_I/GEN_ASYNC_WRITE.REG_WADDR_TO_IPCLK1/GENERATE_LEVEL_P_S_CDC.MULTI_BIT.FOR_CROSS_PLEVEL_IN2SCNDRY_bus_d2[6].CROSS2_PLEVEL_IN2SCNDRY_s_level_out_bus_d2) is unused and will be removed from module axi_dma.
INFO: [Synth 8-3332] Sequential element (I_AXI_DMA_REG_MODULE/GEN_AXI_LITE_IF.AXI_LITE_IF_I/GEN_ASYNC_WRITE.REG_WADDR_TO_IPCLK1/GENERATE_LEVEL_P_S_CDC.MULTI_BIT.FOR_CROSS_PLEVEL_IN2SCNDRY_bus_d2[7].CROSS2_PLEVEL_IN2SCNDRY_s_level_out_bus_d2) is unused and will be removed from module axi_dma.
INFO: [Synth 8-3332] Sequential element (I_AXI_DMA_REG_MODULE/GEN_AXI_LITE_IF.AXI_LITE_IF_I/GEN_ASYNC_WRITE.REG_WADDR_TO_IPCLK1/GENERATE_LEVEL_P_S_CDC.MULTI_BIT.FOR_CROSS_PLEVEL_IN2SCNDRY_bus_d2[8].CROSS2_PLEVEL_IN2SCNDRY_s_level_out_bus_d2) is unused and will be removed from module axi_dma.
INFO: [Synth 8-3332] Sequential element (I_AXI_DMA_REG_MODULE/GEN_AXI_LITE_IF.AXI_LITE_IF_I/GEN_ASYNC_WRITE.REG_WADDR_TO_IPCLK1/GENERATE_LEVEL_P_S_CDC.MULTI_BIT.FOR_CROSS_PLEVEL_IN2SCNDRY_bus_d2[9].CROSS2_PLEVEL_IN2SCNDRY_s_level_out_bus_d2) is unused and will be removed from module axi_dma.
INFO: [Synth 8-3332] Sequential element (I_AXI_DMA_REG_MODULE/GEN_AXI_LITE_IF.AXI_LITE_IF_I/GEN_ASYNC_WRITE.REG_WADDR_TO_IPCLK1/GENERATE_LEVEL_P_S_CDC.MULTI_BIT.FOR_CROSS_PLEVEL_IN2SCNDRY_bus_d2[10].CROSS2_PLEVEL_IN2SCNDRY_s_level_out_bus_d2) is unused and will be removed from module axi_dma.
INFO: [Synth 8-3332] Sequential element (I_AXI_DMA_REG_MODULE/GEN_AXI_LITE_IF.AXI_LITE_IF_I/GEN_ASYNC_WRITE.REG_WADDR_TO_IPCLK1/GENERATE_LEVEL_P_S_CDC.MULTI_BIT.FOR_CROSS_PLEVEL_IN2SCNDRY_bus_d2[11].CROSS2_PLEVEL_IN2SCNDRY_s_level_out_bus_d2) is unused and will be removed from module axi_dma.
INFO: [Synth 8-3332] Sequential element (I_AXI_DMA_REG_MODULE/GEN_AXI_LITE_IF.AXI_LITE_IF_I/GEN_ASYNC_WRITE.REG_WADDR_TO_IPCLK1/GENERATE_LEVEL_P_S_CDC.MULTI_BIT.FOR_CROSS_PLEVEL_IN2SCNDRY_bus_d2[12].CROSS2_PLEVEL_IN2SCNDRY_s_level_out_bus_d2) is unused and will be removed from module axi_dma.
INFO: [Synth 8-3332] Sequential element (I_AXI_DMA_REG_MODULE/GEN_AXI_LITE_IF.AXI_LITE_IF_I/GEN_ASYNC_WRITE.REG_WADDR_TO_IPCLK1/GENERATE_LEVEL_P_S_CDC.MULTI_BIT.FOR_CROSS_PLEVEL_IN2SCNDRY_bus_d2[13].CROSS2_PLEVEL_IN2SCNDRY_s_level_out_bus_d2) is unused and will be removed from module axi_dma.
INFO: [Synth 8-3332] Sequential element (I_AXI_DMA_REG_MODULE/GEN_AXI_LITE_IF.AXI_LITE_IF_I/GEN_ASYNC_WRITE.REG_WADDR_TO_IPCLK1/GENERATE_LEVEL_P_S_CDC.MULTI_BIT.FOR_CROSS_PLEVEL_IN2SCNDRY_bus_d2[14].CROSS2_PLEVEL_IN2SCNDRY_s_level_out_bus_d2) is unused and will be removed from module axi_dma.
INFO: [Synth 8-3332] Sequential element (I_AXI_DMA_REG_MODULE/GEN_AXI_LITE_IF.AXI_LITE_IF_I/GEN_ASYNC_WRITE.REG_WADDR_TO_IPCLK1/GENERATE_LEVEL_P_S_CDC.MULTI_BIT.FOR_CROSS_PLEVEL_IN2SCNDRY_bus_d2[15].CROSS2_PLEVEL_IN2SCNDRY_s_level_out_bus_d2) is unused and will be removed from module axi_dma.
INFO: [Synth 8-3332] Sequential element (I_AXI_DMA_REG_MODULE/GEN_AXI_LITE_IF.AXI_LITE_IF_I/GEN_ASYNC_WRITE.REG_WADDR_TO_IPCLK1/GENERATE_LEVEL_P_S_CDC.MULTI_BIT.FOR_CROSS_PLEVEL_IN2SCNDRY_bus_d2[16].CROSS2_PLEVEL_IN2SCNDRY_s_level_out_bus_d2) is unused and will be removed from module axi_dma.
INFO: [Synth 8-3332] Sequential element (I_AXI_DMA_REG_MODULE/GEN_AXI_LITE_IF.AXI_LITE_IF_I/GEN_ASYNC_WRITE.REG_WADDR_TO_IPCLK1/GENERATE_LEVEL_P_S_CDC.MULTI_BIT.FOR_CROSS_PLEVEL_IN2SCNDRY_bus_d2[17].CROSS2_PLEVEL_IN2SCNDRY_s_level_out_bus_d2) is unused and will be removed from module axi_dma.
INFO: [Synth 8-3332] Sequential element (I_AXI_DMA_REG_MODULE/GEN_AXI_LITE_IF.AXI_LITE_IF_I/GEN_ASYNC_WRITE.REG_WADDR_TO_IPCLK1/GENERATE_LEVEL_P_S_CDC.MULTI_BIT.FOR_CROSS_PLEVEL_IN2SCNDRY_bus_d2[18].CROSS2_PLEVEL_IN2SCNDRY_s_level_out_bus_d2) is unused and will be removed from module axi_dma.
INFO: [Synth 8-3332] Sequential element (I_AXI_DMA_REG_MODULE/GEN_AXI_LITE_IF.AXI_LITE_IF_I/GEN_ASYNC_WRITE.REG_WADDR_TO_IPCLK1/GENERATE_LEVEL_P_S_CDC.MULTI_BIT.FOR_CROSS_PLEVEL_IN2SCNDRY_bus_d2[19].CROSS2_PLEVEL_IN2SCNDRY_s_level_out_bus_d2) is unused and will be removed from module axi_dma.
INFO: [Synth 8-3332] Sequential element (I_AXI_DMA_REG_MODULE/GEN_AXI_LITE_IF.AXI_LITE_IF_I/GEN_ASYNC_WRITE.REG_WADDR_TO_IPCLK1/GENERATE_LEVEL_P_S_CDC.MULTI_BIT.FOR_CROSS_PLEVEL_IN2SCNDRY_bus_d2[20].CROSS2_PLEVEL_IN2SCNDRY_s_level_out_bus_d2) is unused and will be removed from module axi_dma.
INFO: [Synth 8-3332] Sequential element (I_AXI_DMA_REG_MODULE/GEN_AXI_LITE_IF.AXI_LITE_IF_I/GEN_ASYNC_WRITE.REG_WADDR_TO_IPCLK1/GENERATE_LEVEL_P_S_CDC.MULTI_BIT.FOR_CROSS_PLEVEL_IN2SCNDRY_bus_d2[21].CROSS2_PLEVEL_IN2SCNDRY_s_level_out_bus_d2) is unused and will be removed from module axi_dma.
INFO: [Synth 8-3332] Sequential element (I_AXI_DMA_REG_MODULE/GEN_AXI_LITE_IF.AXI_LITE_IF_I/GEN_ASYNC_WRITE.REG_WADDR_TO_IPCLK1/GENERATE_LEVEL_P_S_CDC.MULTI_BIT.FOR_CROSS_PLEVEL_IN2SCNDRY_bus_d2[22].CROSS2_PLEVEL_IN2SCNDRY_s_level_out_bus_d2) is unused and will be removed from module axi_dma.
INFO: [Common 17-14] Message 'Synth 8-3332' appears 100 times and further instances of the messages will be disabled. Use the Tcl command set_msg_config to change the current settings.
INFO: [Common 17-14] Message 'Synth 8-3332' appears 100 times and further instances of the messages will be disabled. Use the Tcl command set_msg_config to change the current settings.
INFO: [Synth 8-3936] Found unconnected internal register 'inst/gen_axilite.gen_b2s_conv.axilite_b2s/SI_REG/aw.aw_pipe/m_payload_i_reg' and it is trimmed from '66' to '62' bits. [c:/Users/chris/FPGA_Projects/A-high-speed-data-acquisition-framework-main/AXI_DMA.srcs/sources_1/bd/System/ipshared/af2c/hdl/axi_register_slice_v2_1_vl_rfs.v:1731]
INFO: [Synth 8-3936] Found unconnected internal register 'inst/gen_axilite.gen_b2s_conv.axilite_b2s/SI_REG/ar.ar_pipe/m_payload_i_reg' and it is trimmed from '66' to '62' bits. [c:/Users/chris/FPGA_Projects/A-high-speed-data-acquisition-framework-main/AXI_DMA.srcs/sources_1/bd/System/ipshared/af2c/hdl/axi_register_slice_v2_1_vl_rfs.v:1731]
INFO: [Synth 8-3936] Found unconnected internal register 'inst/gen_sasd.crossbar_sasd_0/reg_slice_r/m_payload_i_reg' and it is trimmed from '36' to '35' bits. [c:/Users/chris/FPGA_Projects/A-high-speed-data-acquisition-framework-main/AXI_DMA.srcs/sources_1/bd/System/ipshared/af2c/hdl/axi_register_slice_v2_1_vl_rfs.v:1731]
INFO: [Synth 8-4471] merging register 'GEN_DESC_UPDATE.I_SG_UPDATE_MNGR/I_UPDT_CMDSTS_IF/m_axis_updt_sts_tready_reg' into 'I_SG_FETCH_MNGR/I_FTCH_CMDSTS_IF/m_axis_ftch_sts_tready_reg' [c:/Users/chris/FPGA_Projects/A-high-speed-data-acquisition-framework-main/AXI_DMA.srcs/sources_1/bd/System/ipshared/4919/hdl/axi_sg_v4_1_rfs.vhd:23954]
INFO: [Synth 8-4471] merging register 'I_SG_AXI_DATAMOVER/GEN_MM2S_BASIC.I_MM2S_BASIC_WRAPPER/I_CMD_STATUS/I_CACHE_FIFO/sig_init_reg_reg' into 'I_SG_AXI_DATAMOVER/GEN_MM2S_BASIC.I_MM2S_BASIC_WRAPPER/I_CMD_STATUS/I_CMD_FIFO/sig_init_reg_reg' [c:/Users/chris/FPGA_Projects/A-high-speed-data-acquisition-framework-main/AXI_DMA.srcs/sources_1/bd/System/ipshared/4919/hdl/axi_sg_v4_1_rfs.vhd:1967]
INFO: [Synth 8-4471] merging register 'I_SG_AXI_DATAMOVER/GEN_MM2S_BASIC.I_MM2S_BASIC_WRAPPER/I_CMD_STATUS/I_CACHE_FIFO/sig_init_reg2_reg' into 'I_SG_AXI_DATAMOVER/GEN_MM2S_BASIC.I_MM2S_BASIC_WRAPPER/I_CMD_STATUS/I_CMD_FIFO/sig_init_reg2_reg' [c:/Users/chris/FPGA_Projects/A-high-speed-data-acquisition-framework-main/AXI_DMA.srcs/sources_1/bd/System/ipshared/4919/hdl/axi_sg_v4_1_rfs.vhd:1968]
INFO: [Synth 8-4471] merging register 'I_SG_AXI_DATAMOVER/GEN_MM2S_BASIC.I_MM2S_BASIC_WRAPPER/I_CMD_STATUS/GEN_INCLUDE_STATUS_FIFO.I_STS_FIFO/sig_init_reg_reg' into 'I_SG_AXI_DATAMOVER/GEN_MM2S_BASIC.I_MM2S_BASIC_WRAPPER/I_CMD_STATUS/I_CMD_FIFO/sig_init_reg_reg' [c:/Users/chris/FPGA_Projects/A-high-speed-data-acquisition-framework-main/AXI_DMA.srcs/sources_1/bd/System/ipshared/4919/hdl/axi_sg_v4_1_rfs.vhd:1967]
INFO: [Synth 8-4471] merging register 'I_SG_AXI_DATAMOVER/GEN_MM2S_BASIC.I_MM2S_BASIC_WRAPPER/I_CMD_STATUS/GEN_INCLUDE_STATUS_FIFO.I_STS_FIFO/sig_init_reg2_reg' into 'I_SG_AXI_DATAMOVER/GEN_MM2S_BASIC.I_MM2S_BASIC_WRAPPER/I_CMD_STATUS/I_CMD_FIFO/sig_init_reg2_reg' [c:/Users/chris/FPGA_Projects/A-high-speed-data-acquisition-framework-main/AXI_DMA.srcs/sources_1/bd/System/ipshared/4919/hdl/axi_sg_v4_1_rfs.vhd:1968]
INFO: [Synth 8-4471] merging register 'I_SG_AXI_DATAMOVER/GEN_S2MM_BASIC.I_S2MM_BASIC_WRAPPER/I_RESET/sig_cmd_stat_rst_user_reg_n_cdc_from_reg' into 'I_SG_AXI_DATAMOVER/GEN_MM2S_BASIC.I_MM2S_BASIC_WRAPPER/I_RESET/sig_cmd_stat_rst_user_reg_n_cdc_from_reg' [c:/Users/chris/FPGA_Projects/A-high-speed-data-acquisition-framework-main/AXI_DMA.srcs/sources_1/bd/System/ipshared/4919/hdl/axi_sg_v4_1_rfs.vhd:337]
INFO: [Synth 8-4471] merging register 'I_SG_AXI_DATAMOVER/GEN_S2MM_BASIC.I_S2MM_BASIC_WRAPPER/I_RESET/sig_s_h_halt_reg_reg' into 'I_SG_AXI_DATAMOVER/GEN_MM2S_BASIC.I_MM2S_BASIC_WRAPPER/I_RESET/sig_s_h_halt_reg_reg' [c:/Users/chris/FPGA_Projects/A-high-speed-data-acquisition-framework-main/AXI_DMA.srcs/sources_1/bd/System/ipshared/4919/hdl/axi_sg_v4_1_rfs.vhd:741]
INFO: [Synth 8-4471] merging register 'I_SG_AXI_DATAMOVER/GEN_S2MM_BASIC.I_S2MM_BASIC_WRAPPER/I_CMD_STATUS/I_CMD_FIFO/sig_init_reg_reg' into 'I_SG_AXI_DATAMOVER/GEN_MM2S_BASIC.I_MM2S_BASIC_WRAPPER/I_CMD_STATUS/I_CMD_FIFO/sig_init_reg_reg' [c:/Users/chris/FPGA_Projects/A-high-speed-data-acquisition-framework-main/AXI_DMA.srcs/sources_1/bd/System/ipshared/4919/hdl/axi_sg_v4_1_rfs.vhd:1967]
INFO: [Synth 8-4471] merging register 'I_SG_AXI_DATAMOVER/GEN_S2MM_BASIC.I_S2MM_BASIC_WRAPPER/I_CMD_STATUS/I_CMD_FIFO/sig_init_reg2_reg' into 'I_SG_AXI_DATAMOVER/GEN_MM2S_BASIC.I_MM2S_BASIC_WRAPPER/I_CMD_STATUS/I_CMD_FIFO/sig_init_reg2_reg' [c:/Users/chris/FPGA_Projects/A-high-speed-data-acquisition-framework-main/AXI_DMA.srcs/sources_1/bd/System/ipshared/4919/hdl/axi_sg_v4_1_rfs.vhd:1968]
INFO: [Synth 8-4471] merging register 'I_SG_AXI_DATAMOVER/GEN_S2MM_BASIC.I_S2MM_BASIC_WRAPPER/I_CMD_STATUS/I_CACHE_FIFO/sig_init_reg_reg' into 'I_SG_AXI_DATAMOVER/GEN_MM2S_BASIC.I_MM2S_BASIC_WRAPPER/I_CMD_STATUS/I_CMD_FIFO/sig_init_reg_reg' [c:/Users/chris/FPGA_Projects/A-high-speed-data-acquisition-framework-main/AXI_DMA.srcs/sources_1/bd/System/ipshared/4919/hdl/axi_sg_v4_1_rfs.vhd:1967]
INFO: [Synth 8-4471] merging register 'I_SG_AXI_DATAMOVER/GEN_S2MM_BASIC.I_S2MM_BASIC_WRAPPER/I_CMD_STATUS/I_CACHE_FIFO/sig_init_reg2_reg' into 'I_SG_AXI_DATAMOVER/GEN_MM2S_BASIC.I_MM2S_BASIC_WRAPPER/I_CMD_STATUS/I_CMD_FIFO/sig_init_reg2_reg' [c:/Users/chris/FPGA_Projects/A-high-speed-data-acquisition-framework-main/AXI_DMA.srcs/sources_1/bd/System/ipshared/4919/hdl/axi_sg_v4_1_rfs.vhd:1968]
INFO: [Synth 8-4471] merging register 'I_SG_AXI_DATAMOVER/GEN_S2MM_BASIC.I_S2MM_BASIC_WRAPPER/I_CMD_STATUS/GEN_INCLUDE_STATUS_FIFO.I_STS_FIFO/sig_init_reg_reg' into 'I_SG_AXI_DATAMOVER/GEN_MM2S_BASIC.I_MM2S_BASIC_WRAPPER/I_CMD_STATUS/I_CMD_FIFO/sig_init_reg_reg' [c:/Users/chris/FPGA_Projects/A-high-speed-data-acquisition-framework-main/AXI_DMA.srcs/sources_1/bd/System/ipshared/4919/hdl/axi_sg_v4_1_rfs.vhd:1967]
INFO: [Synth 8-4471] merging register 'I_SG_AXI_DATAMOVER/GEN_S2MM_BASIC.I_S2MM_BASIC_WRAPPER/I_CMD_STATUS/GEN_INCLUDE_STATUS_FIFO.I_STS_FIFO/sig_init_reg2_reg' into 'I_SG_AXI_DATAMOVER/GEN_MM2S_BASIC.I_MM2S_BASIC_WRAPPER/I_CMD_STATUS/I_CMD_FIFO/sig_init_reg2_reg' [c:/Users/chris/FPGA_Projects/A-high-speed-data-acquisition-framework-main/AXI_DMA.srcs/sources_1/bd/System/ipshared/4919/hdl/axi_sg_v4_1_rfs.vhd:1968]
INFO: [Synth 8-4471] merging register 'I_SG_AXI_DATAMOVER/GEN_S2MM_BASIC.I_S2MM_BASIC_WRAPPER/I_WR_STATUS_CNTLR/I_WRESP_STATUS_FIFO/sig_init_reg_reg' into 'I_SG_AXI_DATAMOVER/GEN_MM2S_BASIC.I_MM2S_BASIC_WRAPPER/I_CMD_STATUS/I_CMD_FIFO/sig_init_reg_reg' [c:/Users/chris/FPGA_Projects/A-high-speed-data-acquisition-framework-main/AXI_DMA.srcs/sources_1/bd/System/ipshared/4919/hdl/axi_sg_v4_1_rfs.vhd:1967]
INFO: [Synth 8-4471] merging register 'I_SG_AXI_DATAMOVER/GEN_S2MM_BASIC.I_S2MM_BASIC_WRAPPER/I_WR_STATUS_CNTLR/I_WRESP_STATUS_FIFO/sig_init_reg2_reg' into 'I_SG_AXI_DATAMOVER/GEN_MM2S_BASIC.I_MM2S_BASIC_WRAPPER/I_CMD_STATUS/I_CMD_FIFO/sig_init_reg2_reg' [c:/Users/chris/FPGA_Projects/A-high-speed-data-acquisition-framework-main/AXI_DMA.srcs/sources_1/bd/System/ipshared/4919/hdl/axi_sg_v4_1_rfs.vhd:1968]
INFO: [Synth 8-4471] merging register 'I_SG_AXI_DATAMOVER/GEN_S2MM_BASIC.I_S2MM_BASIC_WRAPPER/I_WR_STATUS_CNTLR/GEN_OMIT_INDET_BTT.I_DATA_CNTL_STATUS_FIFO/sig_init_reg_reg' into 'I_SG_AXI_DATAMOVER/GEN_MM2S_BASIC.I_MM2S_BASIC_WRAPPER/I_CMD_STATUS/I_CMD_FIFO/sig_init_reg_reg' [c:/Users/chris/FPGA_Projects/A-high-speed-data-acquisition-framework-main/AXI_DMA.srcs/sources_1/bd/System/ipshared/4919/hdl/axi_sg_v4_1_rfs.vhd:1967]
INFO: [Synth 8-4471] merging register 'I_SG_AXI_DATAMOVER/GEN_S2MM_BASIC.I_S2MM_BASIC_WRAPPER/I_WR_STATUS_CNTLR/GEN_OMIT_INDET_BTT.I_DATA_CNTL_STATUS_FIFO/sig_init_reg2_reg' into 'I_SG_AXI_DATAMOVER/GEN_MM2S_BASIC.I_MM2S_BASIC_WRAPPER/I_CMD_STATUS/I_CMD_FIFO/sig_init_reg2_reg' [c:/Users/chris/FPGA_Projects/A-high-speed-data-acquisition-framework-main/AXI_DMA.srcs/sources_1/bd/System/ipshared/4919/hdl/axi_sg_v4_1_rfs.vhd:1968]
INFO: [Synth 8-4471] merging register 'I_SG_AXI_DATAMOVER/GEN_S2MM_BASIC.I_S2MM_BASIC_WRAPPER/I_WR_STATUS_CNTLR/sig_halt_reg_reg' into 'I_SG_AXI_DATAMOVER/GEN_MM2S_BASIC.I_MM2S_BASIC_WRAPPER/I_RD_DATA_CNTL/sig_halt_reg_reg' [c:/Users/chris/FPGA_Projects/A-high-speed-data-acquisition-framework-main/AXI_DMA.srcs/sources_1/bd/System/ipshared/4919/hdl/axi_sg_v4_1_rfs.vhd:13731]
INFO: [Synth 8-4471] merging register 'I_SG_AXI_DATAMOVER/GEN_S2MM_BASIC.I_S2MM_BASIC_WRAPPER/I_WR_DATA_CNTL/sig_halt_reg_reg' into 'I_SG_AXI_DATAMOVER/GEN_MM2S_BASIC.I_MM2S_BASIC_WRAPPER/I_RD_DATA_CNTL/sig_halt_reg_reg' [c:/Users/chris/FPGA_Projects/A-high-speed-data-acquisition-framework-main/AXI_DMA.srcs/sources_1/bd/System/ipshared/4919/hdl/axi_sg_v4_1_rfs.vhd:11859]
INFO: [Synth 8-4471] merging register 'I_SG_AXI_DATAMOVER/GEN_S2MM_BASIC.I_S2MM_BASIC_WRAPPER/I_WR_DATA_CNTL/sig_halt_reg_dly1_reg' into 'I_SG_AXI_DATAMOVER/GEN_S2MM_BASIC.I_S2MM_BASIC_WRAPPER/I_WR_STATUS_CNTLR/sig_halt_reg_dly1_reg' [c:/Users/chris/FPGA_Projects/A-high-speed-data-acquisition-framework-main/AXI_DMA.srcs/sources_1/bd/System/ipshared/4919/hdl/axi_sg_v4_1_rfs.vhd:13295]
INFO: [Synth 8-4471] merging register 'I_SG_AXI_DATAMOVER/GEN_S2MM_BASIC.I_S2MM_BASIC_WRAPPER/I_WR_DATA_CNTL/sig_halt_reg_dly2_reg' into 'I_SG_AXI_DATAMOVER/GEN_S2MM_BASIC.I_S2MM_BASIC_WRAPPER/I_WR_STATUS_CNTLR/sig_halt_reg_dly2_reg' [c:/Users/chris/FPGA_Projects/A-high-speed-data-acquisition-framework-main/AXI_DMA.srcs/sources_1/bd/System/ipshared/4919/hdl/axi_sg_v4_1_rfs.vhd:13239]
INFO: [Synth 8-4471] merging register 'I_SG_AXI_DATAMOVER/GEN_S2MM_BASIC.I_S2MM_BASIC_WRAPPER/I_WR_DATA_CNTL/sig_halt_reg_dly3_reg' into 'I_SG_AXI_DATAMOVER/GEN_S2MM_BASIC.I_S2MM_BASIC_WRAPPER/I_WR_STATUS_CNTLR/sig_halt_reg_dly3_reg' [c:/Users/chris/FPGA_Projects/A-high-speed-data-acquisition-framework-main/AXI_DMA.srcs/sources_1/bd/System/ipshared/4919/hdl/axi_sg_v4_1_rfs.vhd:13213]
INFO: [Synth 8-4471] merging register 'I_SG_AXI_DATAMOVER/GEN_S2MM_BASIC.I_S2MM_BASIC_WRAPPER/I_WR_DATA_CNTL/sig_next_cmd_cmplt_reg_reg' into 'I_SG_AXI_DATAMOVER/GEN_S2MM_BASIC.I_S2MM_BASIC_WRAPPER/I_WR_DATA_CNTL/sig_next_eof_reg_reg' [c:/Users/chris/FPGA_Projects/A-high-speed-data-acquisition-framework-main/AXI_DMA.srcs/sources_1/bd/System/ipshared/4919/hdl/axi_sg_v4_1_rfs.vhd:12840]
INFO: [Synth 8-4471] merging register 'GEN_S2MM_FULL.I_S2MM_FULL_WRAPPER/I_CMD_STATUS/GEN_INCLUDE_STATUS_FIFO.I_STS_FIFO/sig_init_reg_reg' into 'GEN_S2MM_FULL.I_S2MM_FULL_WRAPPER/I_CMD_STATUS/I_CMD_FIFO/sig_init_reg_reg' [c:/Users/chris/FPGA_Projects/A-high-speed-data-acquisition-framework-main/AXI_DMA.srcs/sources_1/bd/System/ipshared/4ab6/hdl/axi_datamover_v5_1_vh_rfs.vhd:1961]
INFO: [Synth 8-4471] merging register 'GEN_S2MM_FULL.I_S2MM_FULL_WRAPPER/I_CMD_STATUS/GEN_INCLUDE_STATUS_FIFO.I_STS_FIFO/sig_init_reg2_reg' into 'GEN_S2MM_FULL.I_S2MM_FULL_WRAPPER/I_CMD_STATUS/I_CMD_FIFO/sig_init_reg2_reg' [c:/Users/chris/FPGA_Projects/A-high-speed-data-acquisition-framework-main/AXI_DMA.srcs/sources_1/bd/System/ipshared/4ab6/hdl/axi_datamover_v5_1_vh_rfs.vhd:1962]
INFO: [Synth 8-4471] merging register 'GEN_S2MM_FULL.I_S2MM_FULL_WRAPPER/I_WR_STATUS_CNTLR/I_WRESP_STATUS_FIFO/sig_init_reg_reg' into 'GEN_S2MM_FULL.I_S2MM_FULL_WRAPPER/I_CMD_STATUS/I_CMD_FIFO/sig_init_reg_reg' [c:/Users/chris/FPGA_Projects/A-high-speed-data-acquisition-framework-main/AXI_DMA.srcs/sources_1/bd/System/ipshared/4ab6/hdl/axi_datamover_v5_1_vh_rfs.vhd:1961]
INFO: [Synth 8-4471] merging register 'GEN_S2MM_FULL.I_S2MM_FULL_WRAPPER/I_WR_STATUS_CNTLR/I_WRESP_STATUS_FIFO/sig_init_reg2_reg' into 'GEN_S2MM_FULL.I_S2MM_FULL_WRAPPER/I_CMD_STATUS/I_CMD_FIFO/sig_init_reg2_reg' [c:/Users/chris/FPGA_Projects/A-high-speed-data-acquisition-framework-main/AXI_DMA.srcs/sources_1/bd/System/ipshared/4ab6/hdl/axi_datamover_v5_1_vh_rfs.vhd:1962]
INFO: [Synth 8-4471] merging register 'GEN_S2MM_FULL.I_S2MM_FULL_WRAPPER/I_WR_STATUS_CNTLR/GEN_ENABLE_INDET_BTT.I_SF_DATA_CNTL_STATUS_FIFO/sig_init_reg_reg' into 'GEN_S2MM_FULL.I_S2MM_FULL_WRAPPER/I_CMD_STATUS/I_CMD_FIFO/sig_init_reg_reg' [c:/Users/chris/FPGA_Projects/A-high-speed-data-acquisition-framework-main/AXI_DMA.srcs/sources_1/bd/System/ipshared/4ab6/hdl/axi_datamover_v5_1_vh_rfs.vhd:1961]
INFO: [Synth 8-4471] merging register 'GEN_S2MM_FULL.I_S2MM_FULL_WRAPPER/I_WR_STATUS_CNTLR/GEN_ENABLE_INDET_BTT.I_SF_DATA_CNTL_STATUS_FIFO/sig_init_reg2_reg' into 'GEN_S2MM_FULL.I_S2MM_FULL_WRAPPER/I_CMD_STATUS/I_CMD_FIFO/sig_init_reg2_reg' [c:/Users/chris/FPGA_Projects/A-high-speed-data-acquisition-framework-main/AXI_DMA.srcs/sources_1/bd/System/ipshared/4ab6/hdl/axi_datamover_v5_1_vh_rfs.vhd:1962]
INFO: [Synth 8-4471] merging register 'GEN_S2MM_FULL.I_S2MM_FULL_WRAPPER/GEN_INCLUDE_IBTTCC.I_S2MM_MSTR_IBTTCC/sig_mmap_reset_reg_reg' into 'GEN_S2MM_FULL.I_S2MM_FULL_WRAPPER/I_CMD_STATUS/I_CMD_FIFO/sig_init_reg_reg' [c:/Users/chris/FPGA_Projects/A-high-speed-data-acquisition-framework-main/AXI_DMA.srcs/sources_1/bd/System/ipshared/4ab6/hdl/axi_datamover_v5_1_vh_rfs.vhd:26299]
INFO: [Synth 8-4471] merging register 'GEN_S2MM_FULL.I_S2MM_FULL_WRAPPER/GEN_INCLUDE_IBTTCC.I_S2MM_MSTR_IBTTCC/sig_input_user_type_reg_reg[3:0]' into 'GEN_S2MM_FULL.I_S2MM_FULL_WRAPPER/GEN_INCLUDE_IBTTCC.I_S2MM_MSTR_IBTTCC/sig_input_cache_type_reg_reg[3:0]' [c:/Users/chris/FPGA_Projects/A-high-speed-data-acquisition-framework-main/AXI_DMA.srcs/sources_1/bd/System/ipshared/4ab6/hdl/axi_datamover_v5_1_vh_rfs.vhd:26365]
INFO: [Synth 8-4471] merging register 'GEN_S2MM_FULL.I_S2MM_FULL_WRAPPER/GEN_INCLUDE_IBTTCC.I_S2MM_MSTR_IBTTCC/sig_child_user_type_reg_reg[3:0]' into 'GEN_S2MM_FULL.I_S2MM_FULL_WRAPPER/GEN_INCLUDE_IBTTCC.I_S2MM_MSTR_IBTTCC/sig_child_cache_type_reg_reg[3:0]' [c:/Users/chris/FPGA_Projects/A-high-speed-data-acquisition-framework-main/AXI_DMA.srcs/sources_1/bd/System/ipshared/4ab6/hdl/axi_datamover_v5_1_vh_rfs.vhd:27030]
INFO: [Synth 8-4471] merging register 'GEN_S2MM_FULL.I_S2MM_FULL_WRAPPER/GEN_INCLUDE_IBTTCC.I_S2MM_MSTR_IBTTCC/sig_child_qual_user_type_reg[3:0]' into 'GEN_S2MM_FULL.I_S2MM_FULL_WRAPPER/GEN_INCLUDE_IBTTCC.I_S2MM_MSTR_IBTTCC/sig_child_qual_cache_type_reg[3:0]' [c:/Users/chris/FPGA_Projects/A-high-speed-data-acquisition-framework-main/AXI_DMA.srcs/sources_1/bd/System/ipshared/4ab6/hdl/axi_datamover_v5_1_vh_rfs.vhd:27083]
INFO: [Synth 8-4471] merging register 'GEN_S2MM_FULL.I_S2MM_FULL_WRAPPER/GEN_INCLUDE_IBTTCC.I_S2MM_MSTR_IBTTCC/sig_xfer_user_reg_reg[3:0]' into 'GEN_S2MM_FULL.I_S2MM_FULL_WRAPPER/GEN_INCLUDE_IBTTCC.I_S2MM_MSTR_IBTTCC/sig_xfer_cache_reg_reg[3:0]' [c:/Users/chris/FPGA_Projects/A-high-speed-data-acquisition-framework-main/AXI_DMA.srcs/sources_1/bd/System/ipshared/4ab6/hdl/axi_datamover_v5_1_vh_rfs.vhd:26214]
INFO: [Synth 8-4471] merging register 'GEN_S2MM_FULL.I_S2MM_FULL_WRAPPER/ENABLE_AXIS_SKID.I_S2MM_STRM_SKID_BUF/sig_reset_reg_reg' into 'GEN_S2MM_FULL.I_S2MM_FULL_WRAPPER/I_CMD_STATUS/I_CMD_FIFO/sig_init_reg_reg' [c:/Users/chris/FPGA_Projects/A-high-speed-data-acquisition-framework-main/AXI_DMA.srcs/sources_1/bd/System/ipshared/4ab6/hdl/axi_datamover_v5_1_vh_rfs.vhd:19583]
INFO: [Synth 8-4471] merging register 'GEN_S2MM_FULL.I_S2MM_FULL_WRAPPER/ENABLE_AXIS_SKID.I_S2MM_STRM_SKID_BUF/sig_stop_request_reg' into 'GEN_S2MM_FULL.I_S2MM_FULL_WRAPPER/ENABLE_AXIS_SKID.I_S2MM_STRM_SKID_BUF/sig_sready_stop_reg_reg' [c:/Users/chris/FPGA_Projects/A-high-speed-data-acquisition-framework-main/AXI_DMA.srcs/sources_1/bd/System/ipshared/4ab6/hdl/axi_datamover_v5_1_vh_rfs.vhd:19578]
INFO: [Synth 8-4471] merging register 'GEN_S2MM_FULL.I_S2MM_FULL_WRAPPER/GEN_INCLUDE_REALIGNER.I_S2MM_REALIGNER/I_DRE_CNTL_FIFO/sig_init_reg_reg' into 'GEN_S2MM_FULL.I_S2MM_FULL_WRAPPER/I_CMD_STATUS/I_CMD_FIFO/sig_init_reg_reg' [c:/Users/chris/FPGA_Projects/A-high-speed-data-acquisition-framework-main/AXI_DMA.srcs/sources_1/bd/System/ipshared/4ab6/hdl/axi_datamover_v5_1_vh_rfs.vhd:1961]
INFO: [Synth 8-4471] merging register 'GEN_S2MM_FULL.I_S2MM_FULL_WRAPPER/GEN_INCLUDE_REALIGNER.I_S2MM_REALIGNER/I_DRE_CNTL_FIFO/sig_init_reg2_reg' into 'GEN_S2MM_FULL.I_S2MM_FULL_WRAPPER/I_CMD_STATUS/I_CMD_FIFO/sig_init_reg2_reg' [c:/Users/chris/FPGA_Projects/A-high-speed-data-acquisition-framework-main/AXI_DMA.srcs/sources_1/bd/System/ipshared/4ab6/hdl/axi_datamover_v5_1_vh_rfs.vhd:1962]
INFO: [Synth 8-4471] merging register 'GEN_S2MM_FULL.I_S2MM_FULL_WRAPPER/GEN_INCLUDE_REALIGNER.I_S2MM_REALIGNER/GEN_INCLUDE_SCATTER.I_S2MM_SCATTER/I_MSSAI_SKID_BUF/sig_reset_reg_reg' into 'GEN_S2MM_FULL.I_S2MM_FULL_WRAPPER/I_CMD_STATUS/I_CMD_FIFO/sig_init_reg_reg' [c:/Users/chris/FPGA_Projects/A-high-speed-data-acquisition-framework-main/AXI_DMA.srcs/sources_1/bd/System/ipshared/4ab6/hdl/axi_datamover_v5_1_vh_rfs.vhd:44276]
INFO: [Synth 8-4471] merging register 'GEN_S2MM_FULL.I_S2MM_FULL_WRAPPER/GEN_INCLUDE_REALIGNER.I_S2MM_REALIGNER/GEN_INCLUDE_SCATTER.I_S2MM_SCATTER/I_MSSAI_SKID_BUF/sig_stop_request_reg' into 'GEN_S2MM_FULL.I_S2MM_FULL_WRAPPER/GEN_INCLUDE_REALIGNER.I_S2MM_REALIGNER/GEN_INCLUDE_SCATTER.I_S2MM_SCATTER/I_MSSAI_SKID_BUF/sig_sready_stop_reg_reg' [c:/Users/chris/FPGA_Projects/A-high-speed-data-acquisition-framework-main/AXI_DMA.srcs/sources_1/bd/System/ipshared/4ab6/hdl/axi_datamover_v5_1_vh_rfs.vhd:44271]
INFO: [Synth 8-4471] merging register 'GEN_S2MM_FULL.I_S2MM_FULL_WRAPPER/GEN_ENABLE_INDET_BTT_SF.I_INDET_BTT/ENABLE_AXIS_SKID.I_INDET_BTT_SKID_BUF/sig_sready_stop_reg_reg' into 'GEN_S2MM_FULL.I_S2MM_FULL_WRAPPER/GEN_INCLUDE_REALIGNER.I_S2MM_REALIGNER/GEN_INCLUDE_SCATTER.I_S2MM_SCATTER/I_MSSAI_SKID_BUF/sig_sready_stop_reg_reg' [c:/Users/chris/FPGA_Projects/A-high-speed-data-acquisition-framework-main/AXI_DMA.srcs/sources_1/bd/System/ipshared/4ab6/hdl/axi_datamover_v5_1_vh_rfs.vhd:19804]
INFO: [Synth 8-4471] merging register 'GEN_S2MM_FULL.I_S2MM_FULL_WRAPPER/GEN_ENABLE_INDET_BTT_SF.I_INDET_BTT/ENABLE_AXIS_SKID.I_INDET_BTT_SKID_BUF/sig_reset_reg_reg' into 'GEN_S2MM_FULL.I_S2MM_FULL_WRAPPER/I_CMD_STATUS/I_CMD_FIFO/sig_init_reg_reg' [c:/Users/chris/FPGA_Projects/A-high-speed-data-acquisition-framework-main/AXI_DMA.srcs/sources_1/bd/System/ipshared/4ab6/hdl/axi_datamover_v5_1_vh_rfs.vhd:19583]
INFO: [Synth 8-4471] merging register 'GEN_S2MM_FULL.I_S2MM_FULL_WRAPPER/GEN_ENABLE_INDET_BTT_SF.I_INDET_BTT/ENABLE_AXIS_SKID.I_INDET_BTT_SKID_BUF/sig_stop_request_reg' into 'GEN_S2MM_FULL.I_S2MM_FULL_WRAPPER/GEN_INCLUDE_REALIGNER.I_S2MM_REALIGNER/GEN_INCLUDE_SCATTER.I_S2MM_SCATTER/I_MSSAI_SKID_BUF/sig_sready_stop_reg_reg' [c:/Users/chris/FPGA_Projects/A-high-speed-data-acquisition-framework-main/AXI_DMA.srcs/sources_1/bd/System/ipshared/4ab6/hdl/axi_datamover_v5_1_vh_rfs.vhd:19578]
INFO: [Synth 8-4471] merging register 'GEN_S2MM_FULL.I_S2MM_FULL_WRAPPER/I_ADDR_CNTL/GEN_ADDR_FIFO.I_ADDR_QUAL_FIFO/sig_init_reg_reg' into 'GEN_S2MM_FULL.I_S2MM_FULL_WRAPPER/I_CMD_STATUS/I_CMD_FIFO/sig_init_reg_reg' [c:/Users/chris/FPGA_Projects/A-high-speed-data-acquisition-framework-main/AXI_DMA.srcs/sources_1/bd/System/ipshared/4ab6/hdl/axi_datamover_v5_1_vh_rfs.vhd:1961]
INFO: [Synth 8-4471] merging register 'GEN_S2MM_FULL.I_S2MM_FULL_WRAPPER/I_ADDR_CNTL/GEN_ADDR_FIFO.I_ADDR_QUAL_FIFO/sig_init_reg2_reg' into 'GEN_S2MM_FULL.I_S2MM_FULL_WRAPPER/I_CMD_STATUS/I_CMD_FIFO/sig_init_reg2_reg' [c:/Users/chris/FPGA_Projects/A-high-speed-data-acquisition-framework-main/AXI_DMA.srcs/sources_1/bd/System/ipshared/4ab6/hdl/axi_datamover_v5_1_vh_rfs.vhd:1962]
INFO: [Synth 8-4471] merging register 'GEN_S2MM_FULL.I_S2MM_FULL_WRAPPER/I_WR_DATA_CNTL/GEN_DATA_CNTL_FIFO.I_DATA_CNTL_FIFO/sig_init_reg_reg' into 'GEN_S2MM_FULL.I_S2MM_FULL_WRAPPER/I_CMD_STATUS/I_CMD_FIFO/sig_init_reg_reg' [c:/Users/chris/FPGA_Projects/A-high-speed-data-acquisition-framework-main/AXI_DMA.srcs/sources_1/bd/System/ipshared/4ab6/hdl/axi_datamover_v5_1_vh_rfs.vhd:1961]
INFO: [Synth 8-4471] merging register 'GEN_S2MM_FULL.I_S2MM_FULL_WRAPPER/I_WR_DATA_CNTL/GEN_DATA_CNTL_FIFO.I_DATA_CNTL_FIFO/sig_init_reg2_reg' into 'GEN_S2MM_FULL.I_S2MM_FULL_WRAPPER/I_CMD_STATUS/I_CMD_FIFO/sig_init_reg2_reg' [c:/Users/chris/FPGA_Projects/A-high-speed-data-acquisition-framework-main/AXI_DMA.srcs/sources_1/bd/System/ipshared/4ab6/hdl/axi_datamover_v5_1_vh_rfs.vhd:1962]
INFO: [Synth 8-4471] merging register 'GEN_S2MM_FULL.I_S2MM_FULL_WRAPPER/I_WR_DATA_CNTL/sig_halt_reg_reg' into 'GEN_S2MM_FULL.I_S2MM_FULL_WRAPPER/I_WR_STATUS_CNTLR/sig_halt_reg_reg' [c:/Users/chris/FPGA_Projects/A-high-speed-data-acquisition-framework-main/AXI_DMA.srcs/sources_1/bd/System/ipshared/4ab6/hdl/axi_datamover_v5_1_vh_rfs.vhd:16442]
INFO: [Synth 8-4471] merging register 'GEN_S2MM_FULL.I_S2MM_FULL_WRAPPER/I_WR_DATA_CNTL/sig_halt_reg_dly1_reg' into 'GEN_S2MM_FULL.I_S2MM_FULL_WRAPPER/I_WR_STATUS_CNTLR/sig_halt_reg_dly1_reg' [c:/Users/chris/FPGA_Projects/A-high-speed-data-acquisition-framework-main/AXI_DMA.srcs/sources_1/bd/System/ipshared/4ab6/hdl/axi_datamover_v5_1_vh_rfs.vhd:17422]
INFO: [Synth 8-4471] merging register 'GEN_S2MM_FULL.I_S2MM_FULL_WRAPPER/I_WR_DATA_CNTL/sig_halt_reg_dly2_reg' into 'GEN_S2MM_FULL.I_S2MM_FULL_WRAPPER/I_WR_STATUS_CNTLR/sig_halt_reg_dly2_reg' [c:/Users/chris/FPGA_Projects/A-high-speed-data-acquisition-framework-main/AXI_DMA.srcs/sources_1/bd/System/ipshared/4ab6/hdl/axi_datamover_v5_1_vh_rfs.vhd:17366]
INFO: [Synth 8-4471] merging register 'GEN_S2MM_FULL.I_S2MM_FULL_WRAPPER/I_WR_DATA_CNTL/sig_halt_reg_dly3_reg' into 'GEN_S2MM_FULL.I_S2MM_FULL_WRAPPER/I_WR_STATUS_CNTLR/sig_halt_reg_dly3_reg' [c:/Users/chris/FPGA_Projects/A-high-speed-data-acquisition-framework-main/AXI_DMA.srcs/sources_1/bd/System/ipshared/4ab6/hdl/axi_datamover_v5_1_vh_rfs.vhd:17340]
INFO: [Synth 8-4471] merging register 'GEN_S2MM_FULL.I_S2MM_FULL_WRAPPER/I_S2MM_MMAP_SKID_BUF/sig_reset_reg_reg' into 'GEN_S2MM_FULL.I_S2MM_FULL_WRAPPER/I_CMD_STATUS/I_CMD_FIFO/sig_init_reg_reg' [c:/Users/chris/FPGA_Projects/A-high-speed-data-acquisition-framework-main/AXI_DMA.srcs/sources_1/bd/System/ipshared/4ab6/hdl/axi_datamover_v5_1_vh_rfs.vhd:19064]
INFO: [Common 17-14] Message 'Synth 8-7129' appears 100 times and further instances of the messages will be disabled. Use the Tcl command set_msg_config to change the current settings.
INFO: [Synth 8-5775] Found 'rw_addr_collision' attribute set to 'no' on SDP RAM gen_wr_a.gen_word_narrow.mem_reg. Setting write mode to NO_CHANGE 
INFO: [Synth 8-5775] Found 'rw_addr_collision' attribute set to 'no' on SDP RAM gen_wr_a.gen_word_narrow.mem_reg. Setting write mode to NO_CHANGE 
INFO: [Synth 8-5775] Found 'rw_addr_collision' attribute set to 'no' on SDP RAM gen_wr_a.gen_word_narrow.mem_reg. Setting write mode to NO_CHANGE 
INFO: [Synth 8-5775] Found 'rw_addr_collision' attribute set to 'no' on SDP RAM gen_wr_a.gen_word_narrow.mem_reg. Setting write mode to NO_CHANGE 
INFO: [Synth 8-5775] Found 'rw_addr_collision' attribute set to 'no' on SDP RAM gen_wr_a.gen_word_narrow.mem_reg. Setting write mode to NO_CHANGE 
INFO: [Synth 8-5775] Found 'rw_addr_collision' attribute set to 'no' on SDP RAM gen_wr_a.gen_word_narrow.mem_reg. Setting write mode to NO_CHANGE 
INFO: [Synth 8-3333] propagating constant 0 across sequential element (daq_control_0/\inst/control_reg_reg[0] )
INFO: [Synth 8-3333] propagating constant 0 across sequential element (scope_dma_1/U0/\I_PRMRY_DATAMOVER/GEN_S2MM_FULL.I_S2MM_FULL_WRAPPER/I_CMD_STATUS/I_CMD_FIFO/USE_SINGLE_REG.sig_regfifo_dout_reg_reg[33] )
INFO: [Synth 8-3333] propagating constant 0 across sequential element (scope_dma_1/U0/\I_AXI_DMA_REG_MODULE/GEN_S2MM_REGISTERS.I_S2MM_DMA_REGISTER/dmacr_i_reg[11] )
INFO: [Synth 8-3333] propagating constant 0 across sequential element (scope_dma_1/U0/\I_AXI_DMA_REG_MODULE/GEN_S2MM_REGISTERS.I_S2MM_DMA_REGISTER/dmacr_i_reg[15] )
INFO: [Synth 8-3333] propagating constant 0 across sequential element (scope_dma_1/U0/\I_PRMRY_DATAMOVER/GEN_S2MM_FULL.I_S2MM_FULL_WRAPPER/GEN_ENABLE_INDET_BTT_SF.I_INDET_BTT/ENABLE_AXIS_SKID.I_INDET_BTT_SKID_BUF/sig_data_skid_reg_reg[39] )
INFO: [Synth 8-3333] propagating constant 0 across sequential element (scope_dma_1/U0/\GEN_SG_ENGINE.I_SG_ENGINE/I_SG_FETCH_QUEUE/nxtdesc_int_reg[5] )
INFO: [Synth 8-3333] propagating constant 0 across sequential element (\Controller/rst_ps7_0_100M /U0/\EXT_LPF/ACTIVE_LOW_AUX.ACT_LO_AUX/GENERATE_LEVEL_P_S_CDC.SINGLE_BIT.CROSS_PLEVEL_IN2SCNDRY_IN_cdc_to )
INFO: [Synth 8-3333] propagating constant 0 across sequential element (scope_dma_1/U0/\I_PRMRY_DATAMOVER/GEN_S2MM_FULL.I_S2MM_FULL_WRAPPER/GEN_INCLUDE_REALIGNER.I_S2MM_REALIGNER/GEN_INCLUDE_SCATTER.I_S2MM_SCATTER/sig_max_first_increment_reg[15] )
INFO: [Synth 8-3333] propagating constant 0 across sequential element (scope_dma_1/U0/\INCLUDE_S2MM_SOF_EOF_GENERATOR.I_S2MM_DMA_MNGR/GEN_S2MM_DMA_CONTROL.GEN_SCATTER_GATHER_MODE.I_S2MM_SG_IF/updt_desc_reg0_reg[5] )
INFO: [Synth 8-3333] propagating constant 0 across sequential element (scope_dma_1/U0/\GEN_SG_ENGINE.I_SG_ENGINE/I_SG_AXI_DATAMOVER/GEN_MM2S_BASIC.I_MM2S_BASIC_WRAPPER/I_RD_DATA_CNTL/sig_coelsc_interr_reg_reg )
INFO: [Synth 8-3333] propagating constant 0 across sequential element (daq_control_0/\inst/dco_frequency_hz_reg[0] )
INFO: [Synth 8-3333] propagating constant 0 across sequential element (daq_control_0/\inst/scope_config_reg_reg[15] )
INFO: [Common 17-14] Message 'Synth 8-3886' appears 100 times and further instances of the messages will be disabled. Use the Tcl command set_msg_config to change the current settings.
INFO: [Synth 8-3333] propagating constant 0 across sequential element (scope_dma_1/U0/\I_PRMRY_DATAMOVER/GEN_S2MM_FULL.I_S2MM_FULL_WRAPPER/GEN_ENABLE_INDET_BTT_SF.I_INDET_BTT/ENABLE_AXIS_SKID.I_INDET_BTT_SKID_BUF/sig_sstrb_stop_mask_reg[3] )
INFO: [Synth 8-3333] propagating constant 0 across sequential element (scope_dma_1/U0/\I_PRMRY_DATAMOVER/GEN_S2MM_FULL.I_S2MM_FULL_WRAPPER/GEN_INCLUDE_IBTTCC.I_S2MM_MSTR_IBTTCC/sig_xfer_len_reg_reg[7] )
INFO: [Synth 8-3333] propagating constant 0 across sequential element (scope_dma_1/U0/\GEN_SG_ENGINE.I_SG_ENGINE/I_SG_AXI_DATAMOVER/GEN_MM2S_BASIC.I_MM2S_BASIC_WRAPPER/I_CMD_STATUS/I_CMD_FIFO/USE_SINGLE_REG.sig_regfifo_dout_reg_reg[37] )
INFO: [Synth 8-3333] propagating constant 0 across sequential element (scope_dma_1/U0/\INCLUDE_S2MM_SOF_EOF_GENERATOR.I_S2MM_DMA_MNGR/GEN_S2MM_DMA_CONTROL.GEN_SCATTER_GATHER_MODE.I_S2MM_SG_IF/GEN_DESC_UPDT_QUEUE.GEN_DESC_UPDT_NO_STSAPP.updt_desc_sts_reg[25] )
INFO: [Synth 8-3333] propagating constant 0 across sequential element (scope_dma_1/U0/\GEN_SG_ENGINE.I_SG_ENGINE/I_SG_AXI_DATAMOVER/GEN_S2MM_BASIC.I_S2MM_BASIC_WRAPPER/I_CMD_STATUS/I_CMD_FIFO/USE_SINGLE_REG.sig_regfifo_dout_reg_reg[33] )
INFO: [Synth 8-3333] propagating constant 0 across sequential element (scope_dma_1/U0/\GEN_SG_ENGINE.I_SG_ENGINE/I_SG_AXI_DATAMOVER/GEN_MM2S_BASIC.I_MM2S_BASIC_WRAPPER/I_RESET/sig_s_h_halt_reg_reg )
INFO: [Synth 8-3333] propagating constant 0 across sequential element (scope_dma_1/U0/\GEN_SG_ENGINE.I_SG_ENGINE/I_SG_AXI_DATAMOVER/GEN_S2MM_BASIC.I_S2MM_BASIC_WRAPPER/I_WR_DATA_CNTL/sig_next_sequential_reg_reg )
INFO: [Synth 8-3333] propagating constant 0 across sequential element (daq_control_0/\inst/adc_config_reg_reg[1] )
INFO: [Synth 8-3333] propagating constant 0 across sequential element (scope_dma_1/U0/\GEN_SG_ENGINE.I_SG_ENGINE/I_SG_AXI_DATAMOVER/GEN_MM2S_BASIC.I_MM2S_BASIC_WRAPPER/I_ADDR_CNTL/sig_next_len_reg_reg[7] )
INFO: [Synth 8-3333] propagating constant 0 across sequential element (scope_dma_1/U0/\GEN_SG_ENGINE.I_SG_ENGINE/I_SG_AXI_DATAMOVER/GEN_S2MM_BASIC.I_S2MM_BASIC_WRAPPER/I_ADDR_CNTL/sig_next_len_reg_reg[7] )
INFO: [Synth 8-3333] propagating constant 0 across sequential element (scope_dma_1/U0/\I_PRMRY_DATAMOVER/GEN_S2MM_FULL.I_S2MM_FULL_WRAPPER/GEN_INCLUDE_IBTTCC.I_S2MM_MSTR_IBTTCC/sig_input_eof_reg_reg )
INFO: [Synth 8-3333] propagating constant 0 across sequential element (scope_dma_1/U0/\I_PRMRY_DATAMOVER/GEN_S2MM_FULL.I_S2MM_FULL_WRAPPER/GEN_ENABLE_INDET_BTT_SF.I_INDET_BTT/ENABLE_AXIS_SKID.I_INDET_BTT_SKID_BUF/sig_data_reg_out_reg[39] )
INFO: [Synth 8-3333] propagating constant 0 across sequential element (scope_dma_1/U0/\GEN_SG_ENGINE.I_SG_ENGINE/I_SG_FETCH_MNGR/I_FTCH_PNTR_MNGR/GEN_PNTR_FOR_CH2.ch2_fetch_address_i_reg[5] )
INFO: [Synth 8-3333] propagating constant 0 across sequential element (\Controller/rst_ps7_0_100M /U0/\EXT_LPF/ACTIVE_LOW_AUX.ACT_LO_AUX/GENERATE_LEVEL_P_S_CDC.SINGLE_BIT.CROSS_PLEVEL_IN2SCNDRY_s_level_out_d2 )
INFO: [Synth 8-3333] propagating constant 0 across sequential element (scope_dma_1/U0/\GEN_SG_ENGINE.I_SG_ENGINE/GEN_DESC_UPDATE.I_SG_UPDATE_QUEUE/GEN_QUEUE.I_UPDT_DESC_QUEUE/GEN_Q_FOR_SYNC.S2MM_CHANNEL.ptr2_queue_dout_reg[5] )
INFO: [Synth 8-3333] propagating constant 0 across sequential element (scope_dma_1/U0/\GEN_SG_ENGINE.I_SG_ENGINE/I_SG_AXI_DATAMOVER/GEN_MM2S_BASIC.I_MM2S_BASIC_WRAPPER/I_RD_STATUS_CNTLR/sig_rd_sts_interr_reg_reg )
INFO: [Synth 8-3333] propagating constant 0 across sequential element (scope_dma_1/U0/\GEN_SG_ENGINE.I_SG_ENGINE/GEN_DESC_UPDATE.I_SG_UPDATE_MNGR/I_UPDT_SG/update_address_reg[5] )
INFO: [Synth 8-3333] propagating constant 0 across sequential element (scope_dma_1/U0/\I_PRMRY_DATAMOVER/GEN_S2MM_FULL.I_S2MM_FULL_WRAPPER/GEN_ENABLE_INDET_BTT_SF.I_INDET_BTT/ENABLE_AXIS_SKID.I_INDET_BTT_SKID_BUF/sig_mvalid_stop_reg_reg )
INFO: [Synth 8-3333] propagating constant 0 across sequential element (scope_dma_1/U0/\GEN_SG_ENGINE.I_SG_ENGINE/I_SG_AXI_DATAMOVER/GEN_MM2S_BASIC.I_MM2S_BASIC_WRAPPER/I_MSTR_SCC/sig_cmd_addr_reg_reg[5] )
INFO: [Synth 8-3333] propagating constant 0 across sequential element (scope_dma_1/U0/\GEN_SG_ENGINE.I_SG_ENGINE/GEN_DESC_UPDATE.I_SG_UPDATE_QUEUE/GEN_QUEUE.I_UPDT_DESC_QUEUE/GEN_Q_FOR_SYNC.S2MM_CHANNEL.NO_APP_UPDATE.sts2_queue_dout_reg[25] )
INFO: [Synth 8-3333] propagating constant 0 across sequential element (scope_dma_1/U0/\GEN_SG_ENGINE.I_SG_ENGINE/I_SG_AXI_DATAMOVER/GEN_S2MM_BASIC.I_S2MM_BASIC_WRAPPER/I_MSTR_SCC/sig_cmd_addr_reg_reg[1] )
INFO: [Synth 8-3333] propagating constant 0 across sequential element (scope_dma_1/U0/\I_PRMRY_DATAMOVER/GEN_S2MM_FULL.I_S2MM_FULL_WRAPPER/I_ADDR_CNTL/sig_next_size_reg_reg[2] )
INFO: [Synth 8-3333] propagating constant 0 across sequential element (scope_dma_1/U0/\GEN_SG_ENGINE.I_SG_ENGINE/I_SG_AXI_DATAMOVER/GEN_MM2S_BASIC.I_MM2S_BASIC_WRAPPER/I_RESET/sig_s_h_halt_reg_reg )
INFO: [Synth 8-3333] propagating constant 0 across sequential element (scope_dma_1/U0/\I_PRMRY_DATAMOVER/GEN_S2MM_FULL.I_S2MM_FULL_WRAPPER/GEN_INCLUDE_IBTTCC.I_S2MM_MSTR_IBTTCC/sig_realign_eof_reg_reg )
INFO: [Synth 8-3333] propagating constant 0 across sequential element (\Controller/rst_ps7_0_100M /U0/\EXT_LPF/ACTIVE_LOW_AUX.ACT_LO_AUX/GENERATE_LEVEL_P_S_CDC.SINGLE_BIT.CROSS_PLEVEL_IN2SCNDRY_s_level_out_d3 )
INFO: [Synth 8-3333] propagating constant 0 across sequential element (scope_dma_1/U0/\GEN_SG_ENGINE.I_SG_ENGINE/GEN_DESC_UPDATE.I_SG_UPDATE_QUEUE/GEN_QUEUE.I_UPDT_DESC_QUEUE/updt_curdesc_reg[5] )
INFO: [Synth 8-3333] propagating constant 0 across sequential element (scope_dma_1/U0/\GEN_SG_ENGINE.I_SG_ENGINE/I_SG_AXI_DATAMOVER/GEN_MM2S_BASIC.I_MM2S_BASIC_WRAPPER/I_CMD_STATUS/GEN_INCLUDE_STATUS_FIFO.I_STS_FIFO/USE_SINGLE_REG.sig_regfifo_dout_reg_reg[4] )
INFO: [Common 17-14] Message 'Synth 8-3333' appears 100 times and further instances of the messages will be disabled. Use the Tcl command set_msg_config to change the current settings.
INFO: [Common 17-14] Message 'Synth 8-3332' appears 100 times and further instances of the messages will be disabled. Use the Tcl command set_msg_config to change the current settings.
INFO: [Synth 8-5775] Found 'rw_addr_collision' attribute set to 'no' on SDP RAM gen_wr_a.gen_word_narrow.mem_reg. Setting write mode to NO_CHANGE 
INFO: [Synth 8-5775] Found 'rw_addr_collision' attribute set to 'no' on SDP RAM gen_wr_a.gen_word_narrow.mem_reg. Setting write mode to NO_CHANGE 
INFO: [Synth 8-5775] Found 'rw_addr_collision' attribute set to 'no' on SDP RAM gen_wr_a.gen_word_narrow.mem_reg. Setting write mode to NO_CHANGE 
INFO: [Synth 8-5775] Found 'rw_addr_collision' attribute set to 'no' on SDP RAM gen_wr_a.gen_word_narrow.mem_reg. Setting write mode to NO_CHANGE 
INFO: [Synth 8-5775] Found 'rw_addr_collision' attribute set to 'no' on SDP RAM gen_wr_a.gen_word_narrow.mem_reg. Setting write mode to NO_CHANGE 
INFO: [Synth 8-4652] Swapped enable and write-enable on 17 RAM instances of RAM gen_wr_a.gen_word_narrow.mem_reg to conserve power
INFO: [Synth 8-4652] Swapped enable and write-enable on 8 RAM instances of RAM bank0_reg to conserve power
INFO: [Synth 8-4652] Swapped enable and write-enable on 8 RAM instances of RAM bank1_reg to conserve power
INFO: [Synth 8-5775] Found 'rw_addr_collision' attribute set to 'no' on SDP RAM gen_wr_a.gen_word_narrow.mem_reg. Setting write mode to NO_CHANGE 
INFO: [Synth 8-5775] Found 'rw_addr_collision' attribute set to 'no' on SDP RAM gen_wr_a.gen_word_narrow.mem_reg. Setting write mode to NO_CHANGE 
INFO: [Synth 8-5775] Found 'rw_addr_collision' attribute set to 'no' on SDP RAM gen_wr_a.gen_word_narrow.mem_reg. Setting write mode to NO_CHANGE 
INFO: [Synth 8-5775] Found 'rw_addr_collision' attribute set to 'no' on SDP RAM gen_wr_a.gen_word_narrow.mem_reg. Setting write mode to NO_CHANGE 
INFO: [Synth 8-5775] Found 'rw_addr_collision' attribute set to 'no' on SDP RAM gen_wr_a.gen_word_narrow.mem_reg. Setting write mode to NO_CHANGE 
INFO: [Synth 8-4652] Swapped enable and write-enable on 16 RAM instances of RAM gen_wr_a.gen_word_narrow.mem_reg to conserve power
INFO: [Synth 8-5775] Found 'rw_addr_collision' attribute set to 'no' on SDP RAM gen_wr_a.gen_word_narrow.mem_reg. Setting write mode to NO_CHANGE 
INFO: [Synth 8-5775] Found 'rw_addr_collision' attribute set to 'no' on SDP RAM gen_wr_a.gen_word_narrow.mem_reg. Setting write mode to NO_CHANGE 
INFO: [Common 17-14] Message 'Synth 8-3333' appears 100 times and further instances of the messages will be disabled. Use the Tcl command set_msg_config to change the current settings.
---------------------------------------------------------------------------------
Finished Cross Boundary and Area Optimization : Time (s): cpu = 00:03:17 ; elapsed = 00:03:25 . Memory (MB): peak = 3298.746 ; gain = 2177.281
---------------------------------------------------------------------------------
INFO: [Synth 8-5775] Found 'rw_addr_collision' attribute set to 'no' on SDP RAM gen_wr_a.gen_word_narrow.mem_reg. Setting write mode to NO_CHANGE 
INFO: [Synth 8-5775] Found 'rw_addr_collision' attribute set to 'no' on SDP RAM gen_wr_a.gen_word_narrow.mem_reg. Setting write mode to NO_CHANGE 
INFO: [Synth 8-5775] Found 'rw_addr_collision' attribute set to 'no' on SDP RAM gen_wr_a.gen_word_narrow.mem_reg. Setting write mode to NO_CHANGE 
INFO: [Synth 8-5775] Found 'rw_addr_collision' attribute set to 'no' on SDP RAM gen_wr_a.gen_word_narrow.mem_reg. Setting write mode to NO_CHANGE 
---------------------------------------------------------------------------------
Start ROM, RAM, DSP, Shift Register and Retiming Reporting
---------------------------------------------------------------------------------

Block RAM: Preliminary Mapping	Report (see note below)
+-------------------------------------------------------------------------------------------------------------------------------------------------------------------------------------------------------------------------------------------+----------------------------------+------------------------+---+---+------------------------+---+---+------------------+--------+--------+
|Module Name                                                                                                                                                                                                                                | RTL Object                       | PORT A (Depth x Width) | W | R | PORT B (Depth x Width) | W | R | Ports driving FF | RAMB18 | RAMB36 | 
+-------------------------------------------------------------------------------------------------------------------------------------------------------------------------------------------------------------------------------------------+----------------------------------+------------------------+---+---+------------------------+---+---+------------------+--------+--------+
|axi_dma_0/U0/\I_PRMRY_DATAMOVER/GEN_S2MM_FULL.I_S2MM_FULL_WRAPPER/GEN_ENABLE_INDET_BTT_SF.I_INDET_BTT/I_DATA_FIFO/BLK_MEM.I_SYNC_FIFOGEN_FIFO/xpm_fifo_instance.xpm_fifo_sync_inst /xpm_fifo_base_inst/\gen_sdpram.xpm_memory_base_inst    | gen_wr_a.gen_word_narrow.mem_reg | 512 x 38(NO_CHANGE)    | W |   | 512 x 38(NO_CHANGE)    |   | R | Port A and B     | 0      | 1      | 
|scope_dma_1/U0/\I_PRMRY_DATAMOVER/GEN_S2MM_FULL.I_S2MM_FULL_WRAPPER/GEN_ENABLE_INDET_BTT_SF.I_INDET_BTT/I_DATA_FIFO/BLK_MEM.I_SYNC_FIFOGEN_FIFO/xpm_fifo_instance.xpm_fifo_sync_inst /xpm_fifo_base_inst/\gen_sdpram.xpm_memory_base_inst  | gen_wr_a.gen_word_narrow.mem_reg | 128 x 38(NO_CHANGE)    | W |   | 128 x 38(NO_CHANGE)    |   | R | Port A and B     | 0      | 1      | 
|ingress_inst/sample_fifo/\gnuram_async_fifo.xpm_fifo_base_inst /\gen_sdpram.xpm_memory_base_inst                                                                                                                                           | gen_wr_a.gen_word_narrow.mem_reg | 16 K x 34(NO_CHANGE)   | W |   | 16 K x 34(NO_CHANGE)   |   | R | Port A and B     | 0      | 17     | 
|scope_capture_inst                                                                                                                                                                                                                         | bank0_reg                        | 8 K x 32(READ_FIRST)   | W |   | 8 K x 32(WRITE_FIRST)  |   | R | Port A and B     | 0      | 8      | 
|scope_capture_inst                                                                                                                                                                                                                         | bank1_reg                        | 8 K x 32(READ_FIRST)   | W |   | 8 K x 32(WRITE_FIRST)  |   | R | Port A and B     | 0      | 8      | 
|raw_streamer_inst/monitor_fifo/\gnuram_async_fifo.xpm_fifo_base_inst /\gen_sdpram.xpm_memory_base_inst                                                                                                                                     | gen_wr_a.gen_word_narrow.mem_reg | 16 K x 32(NO_CHANGE)   | W |   | 16 K x 32(NO_CHANGE)   |   | R | Port A and B     | 0      | 16     | 
+-------------------------------------------------------------------------------------------------------------------------------------------------------------------------------------------------------------------------------------------+----------------------------------+------------------------+---+---+------------------------+---+---+------------------+--------+--------+

Note: The table above is a preliminary report that shows the Block RAMs at the current stage of the synthesis flow. Some Block RAMs may be reimplemented as non Block RAM primitives later in the synthesis flow. Multiple instantiated Block RAMs are reported only once. 

Distributed RAM: Preliminary Mapping	Report (see note below)
+---------------------------------------------------------------------------------------------------------------------------------------------------------------------------------------------------------------------------------------------+----------------------------------+----------------+----------------------+-----------------------------+
|Module Name                                                                                                                                                                                                                                  | RTL Object                       | Inference      | Size (Depth x Width) | Primitives                  | 
+---------------------------------------------------------------------------------------------------------------------------------------------------------------------------------------------------------------------------------------------+----------------------------------+----------------+----------------------+-----------------------------+
|peak_feature_engine__GB6                                                                                                                                                                                                                     | pre_mem_reg                      | Implied        | 1 K x 32             | RAM64X1D x 32	RAM64M x 160	 | 
|\m00_nodes/m00_ar_node/inst /\inst_mi_handler/gen_normal_area.inst_fifo_node_payld/gen_xpm_memory_fifo.inst_fifo/gen_mem_rep[0].inst_xpm_memory /xpm_memory_base_inst                                                                        | gen_wr_a.gen_word_narrow.mem_reg | User Attribute | 32 x 161             | RAM32M x 27	                | 
|\m00_nodes/m00_aw_node/inst /\inst_mi_handler/gen_normal_area.inst_fifo_node_payld/gen_xpm_memory_fifo.inst_fifo/gen_mem_rep[0].inst_xpm_memory /xpm_memory_base_inst                                                                        | gen_wr_a.gen_word_narrow.mem_reg | User Attribute | 32 x 161             | RAM32M x 27	                | 
|\m00_nodes/m00_b_node/inst /\inst_mi_handler/gen_normal_area.gen_fifo_req.inst_fifo_req/gen_xpm_memory_fifo.inst_fifo/gen_mem_rep[0].inst_xpm_memory /xpm_memory_base_inst                                                                   | gen_wr_a.gen_word_narrow.mem_reg | User Attribute | 32 x 20              | RAM32M x 4	                 | 
|\m00_nodes/m00_b_node/inst /\inst_mi_handler/gen_normal_area.inst_fifo_node_payld/gen_xpm_memory_fifo.inst_fifo/gen_mem_rep[0].inst_xpm_memory /xpm_memory_base_inst                                                                         | gen_wr_a.gen_word_narrow.mem_reg | User Attribute | 32 x 9               | RAM32M x 2	                 | 
|\m00_nodes/m00_r_node/inst /\inst_mi_handler/gen_normal_area.gen_fifo_req.inst_fifo_req/gen_xpm_memory_fifo.inst_fifo/gen_mem_rep[0].inst_xpm_memory /xpm_memory_base_inst                                                                   | gen_wr_a.gen_word_narrow.mem_reg | User Attribute | 32 x 20              | RAM32M x 4	                 | 
|\m00_nodes/m00_r_node/inst /\inst_mi_handler/gen_normal_area.inst_fifo_node_payld/gen_xpm_memory_fifo.inst_fifo/gen_mem_rep[0].inst_xpm_memory /xpm_memory_base_inst                                                                         | gen_wr_a.gen_word_narrow.mem_reg | User Attribute | 32 x 87              | RAM32M x 15	                | 
|\m00_nodes/m00_w_node/inst /\inst_si_handler/gen_si_handler.gen_request_fifos.gen_req_fifo[0].inst_req_fifo/gen_xpm_memory_fifo.inst_fifo/gen_mem_rep[0].inst_xpm_memory /xpm_memory_base_inst                                               | gen_wr_a.gen_word_narrow.mem_reg | User Attribute | 4 x 1                | RAM16X1D x 1	               | 
|\m00_nodes/m00_w_node/inst /\inst_si_handler/gen_si_handler.gen_request_fifos.gen_req_fifo[1].inst_req_fifo/gen_xpm_memory_fifo.inst_fifo/gen_mem_rep[0].inst_xpm_memory /xpm_memory_base_inst                                               | gen_wr_a.gen_word_narrow.mem_reg | User Attribute | 4 x 1                | RAM16X1D x 1	               | 
|\m00_nodes/m00_w_node/inst /\inst_mi_handler/gen_normal_area.inst_fifo_node_payld/gen_xpm_memory_fifo.inst_fifo/gen_mem_rep[0].inst_xpm_memory /xpm_memory_base_inst                                                                         | gen_wr_a.gen_word_narrow.mem_reg | User Attribute | 32 x 107             | RAM32M x 18	                | 
|\s00_nodes/s00_ar_node/inst /\inst_mi_handler/gen_normal_area.inst_fifo_node_payld/gen_xpm_memory_fifo.inst_fifo/gen_mem_rep[0].inst_xpm_memory /xpm_memory_base_inst                                                                        | gen_wr_a.gen_word_narrow.mem_reg | User Attribute | 32 x 142             | RAM32M x 24	                | 
|\s00_nodes/s00_aw_node/inst /\inst_mi_handler/gen_normal_area.inst_fifo_node_payld/gen_xpm_memory_fifo.inst_fifo/gen_mem_rep[0].inst_xpm_memory /xpm_memory_base_inst                                                                        | gen_wr_a.gen_word_narrow.mem_reg | User Attribute | 32 x 142             | RAM32M x 24	                | 
|\s00_nodes/s00_b_node/inst /\inst_mi_handler/gen_normal_area.inst_fifo_node_payld/gen_xpm_memory_fifo.inst_fifo/gen_mem_rep[0].inst_xpm_memory /xpm_memory_base_inst                                                                         | gen_wr_a.gen_word_narrow.mem_reg | User Attribute | 32 x 27              | RAM32M x 5	                 | 
|\s00_nodes/s00_r_node/inst /\inst_mi_handler/gen_normal_area.inst_fifo_node_payld/gen_xpm_memory_fifo.inst_fifo/gen_mem_rep[0].inst_xpm_memory /xpm_memory_base_inst                                                                         | gen_wr_a.gen_word_narrow.mem_reg | User Attribute | 32 x 105             | RAM32M x 18	                | 
|\s00_nodes/s00_w_node/inst /\inst_mi_handler/gen_normal_area.gen_fifo_req.inst_fifo_req/gen_xpm_memory_fifo.inst_fifo/gen_mem_rep[0].inst_xpm_memory /xpm_memory_base_inst                                                                   | gen_wr_a.gen_word_narrow.mem_reg | User Attribute | 32 x 18              | RAM32M x 3	                 | 
|\s00_nodes/s00_w_node/inst /\inst_mi_handler/gen_normal_area.inst_fifo_node_payld/gen_xpm_memory_fifo.inst_fifo/gen_mem_rep[0].inst_xpm_memory /xpm_memory_base_inst                                                                         | gen_wr_a.gen_word_narrow.mem_reg | User Attribute | 32 x 88              | RAM32M x 15	                | 
|\s01_nodes/s01_aw_node/inst /\inst_mi_handler/gen_normal_area.inst_fifo_node_payld/gen_xpm_memory_fifo.inst_fifo/gen_mem_rep[0].inst_xpm_memory /xpm_memory_base_inst                                                                        | gen_wr_a.gen_word_narrow.mem_reg | User Attribute | 32 x 142             | RAM32M x 24	                | 
|\s01_nodes/s01_b_node/inst /\inst_mi_handler/gen_normal_area.inst_fifo_node_payld/gen_xpm_memory_fifo.inst_fifo/gen_mem_rep[0].inst_xpm_memory /xpm_memory_base_inst                                                                         | gen_wr_a.gen_word_narrow.mem_reg | User Attribute | 32 x 27              | RAM32M x 5	                 | 
|\s01_nodes/s01_w_node/inst /\inst_mi_handler/gen_normal_area.gen_fifo_req.inst_fifo_req/gen_xpm_memory_fifo.inst_fifo/gen_mem_rep[0].inst_xpm_memory /xpm_memory_base_inst                                                                   | gen_wr_a.gen_word_narrow.mem_reg | User Attribute | 32 x 18              | RAM32M x 3	                 | 
|\s01_nodes/s01_w_node/inst /\inst_mi_handler/gen_normal_area.inst_fifo_node_payld/gen_xpm_memory_fifo.inst_fifo/gen_mem_rep[0].inst_xpm_memory /xpm_memory_base_inst                                                                         | gen_wr_a.gen_word_narrow.mem_reg | User Attribute | 32 x 88              | RAM32M x 15	                | 
|axi_dma_0/U0/\I_PRMRY_DATAMOVER/GEN_S2MM_FULL.I_S2MM_FULL_WRAPPER/GEN_ENABLE_INDET_BTT_SF.I_INDET_BTT/I_XD_FIFO/NON_BLK_MEM.I_SYNC_FIFOGEN_FIFO/xpm_fifo_instance.xpm_fifo_sync_inst /xpm_fifo_base_inst/\gen_sdpram.xpm_memory_base_inst    | gen_wr_a.gen_word_narrow.mem_reg | Implied        | 16 x 11              | RAM32M x 2	                 | 
|\m00_nodes/m00_ar_node/inst /\inst_mi_handler/gen_normal_area.inst_fifo_node_payld/gen_xpm_memory_fifo.inst_fifo/gen_mem_rep[0].inst_xpm_memory /xpm_memory_base_inst                                                                        | gen_wr_a.gen_word_narrow.mem_reg | User Attribute | 32 x 160             | RAM32M x 27	                | 
|\m00_nodes/m00_aw_node/inst /\inst_mi_handler/gen_normal_area.inst_fifo_node_payld/gen_xpm_memory_fifo.inst_fifo/gen_mem_rep[0].inst_xpm_memory /xpm_memory_base_inst                                                                        | gen_wr_a.gen_word_narrow.mem_reg | User Attribute | 32 x 160             | RAM32M x 27	                | 
|\m00_nodes/m00_b_node/inst /\inst_mi_handler/gen_normal_area.gen_fifo_req.inst_fifo_req/gen_xpm_memory_fifo.inst_fifo/gen_mem_rep[0].inst_xpm_memory /xpm_memory_base_inst                                                                   | gen_wr_a.gen_word_narrow.mem_reg | User Attribute | 32 x 19              | RAM32M x 4	                 | 
|\m00_nodes/m00_b_node/inst /\inst_mi_handler/gen_normal_area.inst_fifo_node_payld/gen_xpm_memory_fifo.inst_fifo/gen_mem_rep[0].inst_xpm_memory /xpm_memory_base_inst                                                                         | gen_wr_a.gen_word_narrow.mem_reg | User Attribute | 32 x 8               | RAM32M x 2	                 | 
|\m00_nodes/m00_r_node/inst /\inst_mi_handler/gen_normal_area.gen_fifo_req.inst_fifo_req/gen_xpm_memory_fifo.inst_fifo/gen_mem_rep[0].inst_xpm_memory /xpm_memory_base_inst                                                                   | gen_wr_a.gen_word_narrow.mem_reg | User Attribute | 32 x 19              | RAM32M x 4	                 | 
|\m00_nodes/m00_r_node/inst /\inst_mi_handler/gen_normal_area.inst_fifo_node_payld/gen_xpm_memory_fifo.inst_fifo/gen_mem_rep[0].inst_xpm_memory /xpm_memory_base_inst                                                                         | gen_wr_a.gen_word_narrow.mem_reg | User Attribute | 32 x 86              | RAM32M x 15	                | 
|\m00_nodes/m00_w_node/inst /\inst_si_handler/gen_si_handler.gen_request_fifos.gen_req_fifo[0].inst_req_fifo/gen_xpm_memory_fifo.inst_fifo/gen_mem_rep[0].inst_xpm_memory /xpm_memory_base_inst                                               | gen_wr_a.gen_word_narrow.mem_reg | User Attribute | 4 x 1                | RAM16X1D x 1	               | 
|\m00_nodes/m00_w_node/inst /\inst_si_handler/gen_si_handler.gen_request_fifos.gen_req_fifo[1].inst_req_fifo/gen_xpm_memory_fifo.inst_fifo/gen_mem_rep[0].inst_xpm_memory /xpm_memory_base_inst                                               | gen_wr_a.gen_word_narrow.mem_reg | User Attribute | 4 x 1                | RAM16X1D x 1	               | 
|\m00_nodes/m00_w_node/inst /\inst_mi_handler/gen_normal_area.inst_fifo_node_payld/gen_xpm_memory_fifo.inst_fifo/gen_mem_rep[0].inst_xpm_memory /xpm_memory_base_inst                                                                         | gen_wr_a.gen_word_narrow.mem_reg | User Attribute | 32 x 106             | RAM32M x 18	                | 
|\s00_nodes/s00_aw_node/inst /\inst_mi_handler/gen_normal_area.inst_fifo_node_payld/gen_xpm_memory_fifo.inst_fifo/gen_mem_rep[0].inst_xpm_memory /xpm_memory_base_inst                                                                        | gen_wr_a.gen_word_narrow.mem_reg | User Attribute | 32 x 142             | RAM32M x 24	                | 
|\s00_nodes/s00_b_node/inst /\inst_mi_handler/gen_normal_area.inst_fifo_node_payld/gen_xpm_memory_fifo.inst_fifo/gen_mem_rep[0].inst_xpm_memory /xpm_memory_base_inst                                                                         | gen_wr_a.gen_word_narrow.mem_reg | User Attribute | 32 x 26              | RAM32M x 5	                 | 
|\s00_nodes/s00_w_node/inst /\inst_mi_handler/gen_normal_area.gen_fifo_req.inst_fifo_req/gen_xpm_memory_fifo.inst_fifo/gen_mem_rep[0].inst_xpm_memory /xpm_memory_base_inst                                                                   | gen_wr_a.gen_word_narrow.mem_reg | User Attribute | 32 x 18              | RAM32M x 3	                 | 
|\s00_nodes/s00_w_node/inst /\inst_mi_handler/gen_normal_area.inst_fifo_node_payld/gen_xpm_memory_fifo.inst_fifo/gen_mem_rep[0].inst_xpm_memory /xpm_memory_base_inst                                                                         | gen_wr_a.gen_word_narrow.mem_reg | User Attribute | 32 x 88              | RAM32M x 15	                | 
|\s01_nodes/s01_ar_node/inst /\inst_mi_handler/gen_normal_area.inst_fifo_node_payld/gen_xpm_memory_fifo.inst_fifo/gen_mem_rep[0].inst_xpm_memory /xpm_memory_base_inst                                                                        | gen_wr_a.gen_word_narrow.mem_reg | User Attribute | 32 x 142             | RAM32M x 24	                | 
|\s01_nodes/s01_aw_node/inst /\inst_mi_handler/gen_normal_area.inst_fifo_node_payld/gen_xpm_memory_fifo.inst_fifo/gen_mem_rep[0].inst_xpm_memory /xpm_memory_base_inst                                                                        | gen_wr_a.gen_word_narrow.mem_reg | User Attribute | 32 x 142             | RAM32M x 24	                | 
|\s01_nodes/s01_b_node/inst /\inst_mi_handler/gen_normal_area.inst_fifo_node_payld/gen_xpm_memory_fifo.inst_fifo/gen_mem_rep[0].inst_xpm_memory /xpm_memory_base_inst                                                                         | gen_wr_a.gen_word_narrow.mem_reg | User Attribute | 32 x 26              | RAM32M x 5	                 | 
|\s01_nodes/s01_r_node/inst /\inst_mi_handler/gen_normal_area.inst_fifo_node_payld/gen_xpm_memory_fifo.inst_fifo/gen_mem_rep[0].inst_xpm_memory /xpm_memory_base_inst                                                                         | gen_wr_a.gen_word_narrow.mem_reg | User Attribute | 32 x 104             | RAM32M x 18	                | 
|\s01_nodes/s01_w_node/inst /\inst_mi_handler/gen_normal_area.gen_fifo_req.inst_fifo_req/gen_xpm_memory_fifo.inst_fifo/gen_mem_rep[0].inst_xpm_memory /xpm_memory_base_inst                                                                   | gen_wr_a.gen_word_narrow.mem_reg | User Attribute | 32 x 18              | RAM32M x 3	                 | 
|\s01_nodes/s01_w_node/inst /\inst_mi_handler/gen_normal_area.inst_fifo_node_payld/gen_xpm_memory_fifo.inst_fifo/gen_mem_rep[0].inst_xpm_memory /xpm_memory_base_inst                                                                         | gen_wr_a.gen_word_narrow.mem_reg | User Attribute | 32 x 88              | RAM32M x 15	                | 
|scope_axis_cdc/\inst/gen_async_conv.axisc_async_clock_converter_0/xpm_fifo_async_inst /\gnuram_async_fifo.xpm_fifo_base_inst /\gen_sdpram.xpm_memory_base_inst                                                                               | gen_wr_a.gen_word_narrow.mem_reg | User Attribute | 32 x 37              | RAM32M x 7	                 | 
|scope_dma_1/U0/\I_PRMRY_DATAMOVER/GEN_S2MM_FULL.I_S2MM_FULL_WRAPPER/GEN_ENABLE_INDET_BTT_SF.I_INDET_BTT/I_XD_FIFO/NON_BLK_MEM.I_SYNC_FIFOGEN_FIFO/xpm_fifo_instance.xpm_fifo_sync_inst /xpm_fifo_base_inst/\gen_sdpram.xpm_memory_base_inst  | gen_wr_a.gen_word_narrow.mem_reg | Implied        | 16 x 9               | RAM32M x 2	                 | 
+---------------------------------------------------------------------------------------------------------------------------------------------------------------------------------------------------------------------------------------------+----------------------------------+----------------+----------------------+-----------------------------+

Note: The table above is a preliminary report that shows the Distributed RAMs at the current stage of the synthesis flow. Some Distributed RAMs may be reimplemented as non Distributed RAM primitives later in the synthesis flow. Multiple instantiated RAMs are reported only once.

DSP: Preliminary Mapping	Report (see note below)
+-------------------------+-----------------------+--------+--------+--------+--------+--------+------+------+------+------+-------+------+------+
|Module Name              | DSP Mapping           | A Size | B Size | C Size | D Size | P Size | AREG | BREG | CREG | DREG | ADREG | MREG | PREG | 
+-------------------------+-----------------------+--------+--------+--------+--------+--------+------+------+------+------+-------+------+------+
|peak_feature_engine__GB6 | A2*B2                 | 18     | 15     | -      | -      | 48     | 1    | 1    | -    | -    | -     | 0    | 0    | 
|peak_feature_engine__GB6 | (PCIN>>17)+A2*B2      | 15     | 15     | -      | -      | 48     | 1    | 1    | -    | -    | -     | 0    | 1    | 
|peak_feature_engine__GB6 | A2*B2                 | 18     | 18     | -      | -      | 48     | 1    | 1    | -    | -    | -     | 0    | 0    | 
|peak_feature_engine__GB6 | (PCIN>>17)+A2*B2      | 18     | 15     | -      | -      | 48     | 1    | 1    | -    | -    | -     | 0    | 1    | 
|peak_feature_engine__GB6 | A2*B                  | 18     | 9      | -      | -      | 48     | 1    | 0    | -    | -    | -     | 0    | 0    | 
|peak_feature_engine      | (PCIN>>17)+(A:0x0)'*B | 15     | 9      | -      | -      | 15     | 1    | 0    | -    | -    | -     | 0    | 0    | 
|peak_feature_engine      | (A*B)'                | 16     | 16     | -      | -      | 32     | 0    | 0    | -    | -    | -     | 1    | 1    | 
+-------------------------+-----------------------+--------+--------+--------+--------+--------+------+------+------+------+-------+------+------+

Note: The table above is a preliminary report that shows the DSPs inferred at the current stage of the synthesis flow. Some DSP may be reimplemented as non DSP primitives later in the synthesis flow. Multiple instantiated DSPs are reported only once.
---------------------------------------------------------------------------------
Finished ROM, RAM, DSP, Shift Register and Retiming Reporting
---------------------------------------------------------------------------------
---------------------------------------------------------------------------------
Start Applying XDC Timing Constraints
---------------------------------------------------------------------------------
---------------------------------------------------------------------------------
Finished Applying XDC Timing Constraints : Time (s): cpu = 00:03:27 ; elapsed = 00:03:38 . Memory (MB): peak = 3298.746 ; gain = 2177.281
---------------------------------------------------------------------------------
---------------------------------------------------------------------------------
Start Timing Optimization
---------------------------------------------------------------------------------
INFO: [Synth 8-5775] Found 'rw_addr_collision' attribute set to 'no' on SDP RAM gen_wr_a.gen_word_narrow.mem_reg. Setting write mode to NO_CHANGE 
INFO: [Synth 8-5775] Found 'rw_addr_collision' attribute set to 'no' on SDP RAM gen_wr_a.gen_word_narrow.mem_reg. Setting write mode to NO_CHANGE 
INFO: [Synth 8-5775] Found 'rw_addr_collision' attribute set to 'no' on SDP RAM gen_wr_a.gen_word_narrow.mem_reg. Setting write mode to NO_CHANGE 
INFO: [Synth 8-5775] Found 'rw_addr_collision' attribute set to 'no' on SDP RAM gen_wr_a.gen_word_narrow.mem_reg. Setting write mode to NO_CHANGE 
INFO: [Synth 8-5775] Found 'rw_addr_collision' attribute set to 'no' on SDP RAM gen_wr_a.gen_word_narrow.mem_reg. Setting write mode to NO_CHANGE 
---------------------------------------------------------------------------------
Finished Timing Optimization : Time (s): cpu = 00:03:41 ; elapsed = 00:03:53 . Memory (MB): peak = 3298.746 ; gain = 2177.281
---------------------------------------------------------------------------------
---------------------------------------------------------------------------------
Start ROM, RAM, DSP, Shift Register and Retiming Reporting
---------------------------------------------------------------------------------

Block RAM: Final Mapping	Report
+-------------------------------------------------------------------------------------------------------------------------------------------------------------------------------------------------------------------------------------------+----------------------------------+------------------------+---+---+------------------------+---+---+------------------+--------+--------+
|Module Name                                                                                                                                                                                                                                | RTL Object                       | PORT A (Depth x Width) | W | R | PORT B (Depth x Width) | W | R | Ports driving FF | RAMB18 | RAMB36 | 
+-------------------------------------------------------------------------------------------------------------------------------------------------------------------------------------------------------------------------------------------+----------------------------------+------------------------+---+---+------------------------+---+---+------------------+--------+--------+
|axi_dma_0/U0/\I_PRMRY_DATAMOVER/GEN_S2MM_FULL.I_S2MM_FULL_WRAPPER/GEN_ENABLE_INDET_BTT_SF.I_INDET_BTT/I_DATA_FIFO/BLK_MEM.I_SYNC_FIFOGEN_FIFO/xpm_fifo_instance.xpm_fifo_sync_inst /xpm_fifo_base_inst/\gen_sdpram.xpm_memory_base_inst    | gen_wr_a.gen_word_narrow.mem_reg | 512 x 38(NO_CHANGE)    | W |   | 512 x 38(NO_CHANGE)    |   | R | Port A and B     | 0      | 1      | 
|scope_dma_1/U0/\I_PRMRY_DATAMOVER/GEN_S2MM_FULL.I_S2MM_FULL_WRAPPER/GEN_ENABLE_INDET_BTT_SF.I_INDET_BTT/I_DATA_FIFO/BLK_MEM.I_SYNC_FIFOGEN_FIFO/xpm_fifo_instance.xpm_fifo_sync_inst /xpm_fifo_base_inst/\gen_sdpram.xpm_memory_base_inst  | gen_wr_a.gen_word_narrow.mem_reg | 128 x 38(NO_CHANGE)    | W |   | 128 x 38(NO_CHANGE)    |   | R | Port A and B     | 0      | 1      | 
|ingress_inst/sample_fifo/\gnuram_async_fifo.xpm_fifo_base_inst /\gen_sdpram.xpm_memory_base_inst                                                                                                                                           | gen_wr_a.gen_word_narrow.mem_reg | 16 K x 34(NO_CHANGE)   | W |   | 16 K x 34(NO_CHANGE)   |   | R | Port A and B     | 0      | 17     | 
|scope_capture_inst                                                                                                                                                                                                                         | bank0_reg                        | 8 K x 32(READ_FIRST)   | W |   | 8 K x 32(WRITE_FIRST)  |   | R | Port A and B     | 0      | 8      | 
|scope_capture_inst                                                                                                                                                                                                                         | bank1_reg                        | 8 K x 32(READ_FIRST)   | W |   | 8 K x 32(WRITE_FIRST)  |   | R | Port A and B     | 0      | 8      | 
|raw_streamer_inst/monitor_fifo/\gnuram_async_fifo.xpm_fifo_base_inst /\gen_sdpram.xpm_memory_base_inst                                                                                                                                     | gen_wr_a.gen_word_narrow.mem_reg | 16 K x 32(NO_CHANGE)   | W |   | 16 K x 32(NO_CHANGE)   |   | R | Port A and B     | 0      | 16     | 
+-------------------------------------------------------------------------------------------------------------------------------------------------------------------------------------------------------------------------------------------+----------------------------------+------------------------+---+---+------------------------+---+---+------------------+--------+--------+


Distributed RAM: Final Mapping	Report
+---------------------------------------------------------------------------------------------------------------------------------------------------------------------------------------------------------------------------------------------+----------------------------------+----------------+----------------------+-----------------------------+
|Module Name                                                                                                                                                                                                                                  | RTL Object                       | Inference      | Size (Depth x Width) | Primitives                  | 
+---------------------------------------------------------------------------------------------------------------------------------------------------------------------------------------------------------------------------------------------+----------------------------------+----------------+----------------------+-----------------------------+
|peak_feature_engine__GB6                                                                                                                                                                                                                     | pre_mem_reg                      | Implied        | 1 K x 32             | RAM64X1D x 32	RAM64M x 160	 | 
|\m00_nodes/m00_ar_node/inst /\inst_mi_handler/gen_normal_area.inst_fifo_node_payld/gen_xpm_memory_fifo.inst_fifo/gen_mem_rep[0].inst_xpm_memory /xpm_memory_base_inst                                                                        | gen_wr_a.gen_word_narrow.mem_reg | User Attribute | 32 x 161             | RAM32M x 27	                | 
|\m00_nodes/m00_aw_node/inst /\inst_mi_handler/gen_normal_area.inst_fifo_node_payld/gen_xpm_memory_fifo.inst_fifo/gen_mem_rep[0].inst_xpm_memory /xpm_memory_base_inst                                                                        | gen_wr_a.gen_word_narrow.mem_reg | User Attribute | 32 x 161             | RAM32M x 27	                | 
|\m00_nodes/m00_b_node/inst /\inst_mi_handler/gen_normal_area.gen_fifo_req.inst_fifo_req/gen_xpm_memory_fifo.inst_fifo/gen_mem_rep[0].inst_xpm_memory /xpm_memory_base_inst                                                                   | gen_wr_a.gen_word_narrow.mem_reg | User Attribute | 32 x 20              | RAM32M x 4	                 | 
|\m00_nodes/m00_b_node/inst /\inst_mi_handler/gen_normal_area.inst_fifo_node_payld/gen_xpm_memory_fifo.inst_fifo/gen_mem_rep[0].inst_xpm_memory /xpm_memory_base_inst                                                                         | gen_wr_a.gen_word_narrow.mem_reg | User Attribute | 32 x 9               | RAM32M x 2	                 | 
|\m00_nodes/m00_r_node/inst /\inst_mi_handler/gen_normal_area.gen_fifo_req.inst_fifo_req/gen_xpm_memory_fifo.inst_fifo/gen_mem_rep[0].inst_xpm_memory /xpm_memory_base_inst                                                                   | gen_wr_a.gen_word_narrow.mem_reg | User Attribute | 32 x 20              | RAM32M x 4	                 | 
|\m00_nodes/m00_r_node/inst /\inst_mi_handler/gen_normal_area.inst_fifo_node_payld/gen_xpm_memory_fifo.inst_fifo/gen_mem_rep[0].inst_xpm_memory /xpm_memory_base_inst                                                                         | gen_wr_a.gen_word_narrow.mem_reg | User Attribute | 32 x 87              | RAM32M x 15	                | 
|\m00_nodes/m00_w_node/inst /\inst_si_handler/gen_si_handler.gen_request_fifos.gen_req_fifo[0].inst_req_fifo/gen_xpm_memory_fifo.inst_fifo/gen_mem_rep[0].inst_xpm_memory /xpm_memory_base_inst                                               | gen_wr_a.gen_word_narrow.mem_reg | User Attribute | 4 x 1                | RAM16X1D x 1	               | 
|\m00_nodes/m00_w_node/inst /\inst_si_handler/gen_si_handler.gen_request_fifos.gen_req_fifo[1].inst_req_fifo/gen_xpm_memory_fifo.inst_fifo/gen_mem_rep[0].inst_xpm_memory /xpm_memory_base_inst                                               | gen_wr_a.gen_word_narrow.mem_reg | User Attribute | 4 x 1                | RAM16X1D x 1	               | 
|\m00_nodes/m00_w_node/inst /\inst_mi_handler/gen_normal_area.inst_fifo_node_payld/gen_xpm_memory_fifo.inst_fifo/gen_mem_rep[0].inst_xpm_memory /xpm_memory_base_inst                                                                         | gen_wr_a.gen_word_narrow.mem_reg | User Attribute | 32 x 107             | RAM32M x 18	                | 
|\s00_nodes/s00_ar_node/inst /\inst_mi_handler/gen_normal_area.inst_fifo_node_payld/gen_xpm_memory_fifo.inst_fifo/gen_mem_rep[0].inst_xpm_memory /xpm_memory_base_inst                                                                        | gen_wr_a.gen_word_narrow.mem_reg | User Attribute | 32 x 142             | RAM32M x 24	                | 
|\s00_nodes/s00_aw_node/inst /\inst_mi_handler/gen_normal_area.inst_fifo_node_payld/gen_xpm_memory_fifo.inst_fifo/gen_mem_rep[0].inst_xpm_memory /xpm_memory_base_inst                                                                        | gen_wr_a.gen_word_narrow.mem_reg | User Attribute | 32 x 142             | RAM32M x 24	                | 
|\s00_nodes/s00_b_node/inst /\inst_mi_handler/gen_normal_area.inst_fifo_node_payld/gen_xpm_memory_fifo.inst_fifo/gen_mem_rep[0].inst_xpm_memory /xpm_memory_base_inst                                                                         | gen_wr_a.gen_word_narrow.mem_reg | User Attribute | 32 x 27              | RAM32M x 5	                 | 
|\s00_nodes/s00_r_node/inst /\inst_mi_handler/gen_normal_area.inst_fifo_node_payld/gen_xpm_memory_fifo.inst_fifo/gen_mem_rep[0].inst_xpm_memory /xpm_memory_base_inst                                                                         | gen_wr_a.gen_word_narrow.mem_reg | User Attribute | 32 x 105             | RAM32M x 18	                | 
|\s00_nodes/s00_w_node/inst /\inst_mi_handler/gen_normal_area.gen_fifo_req.inst_fifo_req/gen_xpm_memory_fifo.inst_fifo/gen_mem_rep[0].inst_xpm_memory /xpm_memory_base_inst                                                                   | gen_wr_a.gen_word_narrow.mem_reg | User Attribute | 32 x 18              | RAM32M x 3	                 | 
|\s00_nodes/s00_w_node/inst /\inst_mi_handler/gen_normal_area.inst_fifo_node_payld/gen_xpm_memory_fifo.inst_fifo/gen_mem_rep[0].inst_xpm_memory /xpm_memory_base_inst                                                                         | gen_wr_a.gen_word_narrow.mem_reg | User Attribute | 32 x 88              | RAM32M x 15	                | 
|\s01_nodes/s01_aw_node/inst /\inst_mi_handler/gen_normal_area.inst_fifo_node_payld/gen_xpm_memory_fifo.inst_fifo/gen_mem_rep[0].inst_xpm_memory /xpm_memory_base_inst                                                                        | gen_wr_a.gen_word_narrow.mem_reg | User Attribute | 32 x 142             | RAM32M x 24	                | 
|\s01_nodes/s01_b_node/inst /\inst_mi_handler/gen_normal_area.inst_fifo_node_payld/gen_xpm_memory_fifo.inst_fifo/gen_mem_rep[0].inst_xpm_memory /xpm_memory_base_inst                                                                         | gen_wr_a.gen_word_narrow.mem_reg | User Attribute | 32 x 27              | RAM32M x 5	                 | 
|\s01_nodes/s01_w_node/inst /\inst_mi_handler/gen_normal_area.gen_fifo_req.inst_fifo_req/gen_xpm_memory_fifo.inst_fifo/gen_mem_rep[0].inst_xpm_memory /xpm_memory_base_inst                                                                   | gen_wr_a.gen_word_narrow.mem_reg | User Attribute | 32 x 18              | RAM32M x 3	                 | 
|\s01_nodes/s01_w_node/inst /\inst_mi_handler/gen_normal_area.inst_fifo_node_payld/gen_xpm_memory_fifo.inst_fifo/gen_mem_rep[0].inst_xpm_memory /xpm_memory_base_inst                                                                         | gen_wr_a.gen_word_narrow.mem_reg | User Attribute | 32 x 88              | RAM32M x 15	                | 
|axi_dma_0/U0/\I_PRMRY_DATAMOVER/GEN_S2MM_FULL.I_S2MM_FULL_WRAPPER/GEN_ENABLE_INDET_BTT_SF.I_INDET_BTT/I_XD_FIFO/NON_BLK_MEM.I_SYNC_FIFOGEN_FIFO/xpm_fifo_instance.xpm_fifo_sync_inst /xpm_fifo_base_inst/\gen_sdpram.xpm_memory_base_inst    | gen_wr_a.gen_word_narrow.mem_reg | Implied        | 16 x 11              | RAM32M x 2	                 | 
|\m00_nodes/m00_ar_node/inst /\inst_mi_handler/gen_normal_area.inst_fifo_node_payld/gen_xpm_memory_fifo.inst_fifo/gen_mem_rep[0].inst_xpm_memory /xpm_memory_base_inst                                                                        | gen_wr_a.gen_word_narrow.mem_reg | User Attribute | 32 x 160             | RAM32M x 27	                | 
|\m00_nodes/m00_aw_node/inst /\inst_mi_handler/gen_normal_area.inst_fifo_node_payld/gen_xpm_memory_fifo.inst_fifo/gen_mem_rep[0].inst_xpm_memory /xpm_memory_base_inst                                                                        | gen_wr_a.gen_word_narrow.mem_reg | User Attribute | 32 x 160             | RAM32M x 27	                | 
|\m00_nodes/m00_b_node/inst /\inst_mi_handler/gen_normal_area.gen_fifo_req.inst_fifo_req/gen_xpm_memory_fifo.inst_fifo/gen_mem_rep[0].inst_xpm_memory /xpm_memory_base_inst                                                                   | gen_wr_a.gen_word_narrow.mem_reg | User Attribute | 32 x 19              | RAM32M x 4	                 | 
|\m00_nodes/m00_b_node/inst /\inst_mi_handler/gen_normal_area.inst_fifo_node_payld/gen_xpm_memory_fifo.inst_fifo/gen_mem_rep[0].inst_xpm_memory /xpm_memory_base_inst                                                                         | gen_wr_a.gen_word_narrow.mem_reg | User Attribute | 32 x 8               | RAM32M x 2	                 | 
|\m00_nodes/m00_r_node/inst /\inst_mi_handler/gen_normal_area.gen_fifo_req.inst_fifo_req/gen_xpm_memory_fifo.inst_fifo/gen_mem_rep[0].inst_xpm_memory /xpm_memory_base_inst                                                                   | gen_wr_a.gen_word_narrow.mem_reg | User Attribute | 32 x 19              | RAM32M x 4	                 | 
|\m00_nodes/m00_r_node/inst /\inst_mi_handler/gen_normal_area.inst_fifo_node_payld/gen_xpm_memory_fifo.inst_fifo/gen_mem_rep[0].inst_xpm_memory /xpm_memory_base_inst                                                                         | gen_wr_a.gen_word_narrow.mem_reg | User Attribute | 32 x 86              | RAM32M x 15	                | 
|\m00_nodes/m00_w_node/inst /\inst_si_handler/gen_si_handler.gen_request_fifos.gen_req_fifo[0].inst_req_fifo/gen_xpm_memory_fifo.inst_fifo/gen_mem_rep[0].inst_xpm_memory /xpm_memory_base_inst                                               | gen_wr_a.gen_word_narrow.mem_reg | User Attribute | 4 x 1                | RAM16X1D x 1	               | 
|\m00_nodes/m00_w_node/inst /\inst_si_handler/gen_si_handler.gen_request_fifos.gen_req_fifo[1].inst_req_fifo/gen_xpm_memory_fifo.inst_fifo/gen_mem_rep[0].inst_xpm_memory /xpm_memory_base_inst                                               | gen_wr_a.gen_word_narrow.mem_reg | User Attribute | 4 x 1                | RAM16X1D x 1	               | 
|\m00_nodes/m00_w_node/inst /\inst_mi_handler/gen_normal_area.inst_fifo_node_payld/gen_xpm_memory_fifo.inst_fifo/gen_mem_rep[0].inst_xpm_memory /xpm_memory_base_inst                                                                         | gen_wr_a.gen_word_narrow.mem_reg | User Attribute | 32 x 106             | RAM32M x 18	                | 
|\s00_nodes/s00_aw_node/inst /\inst_mi_handler/gen_normal_area.inst_fifo_node_payld/gen_xpm_memory_fifo.inst_fifo/gen_mem_rep[0].inst_xpm_memory /xpm_memory_base_inst                                                                        | gen_wr_a.gen_word_narrow.mem_reg | User Attribute | 32 x 142             | RAM32M x 24	                | 
|\s00_nodes/s00_b_node/inst /\inst_mi_handler/gen_normal_area.inst_fifo_node_payld/gen_xpm_memory_fifo.inst_fifo/gen_mem_rep[0].inst_xpm_memory /xpm_memory_base_inst                                                                         | gen_wr_a.gen_word_narrow.mem_reg | User Attribute | 32 x 26              | RAM32M x 5	                 | 
|\s00_nodes/s00_w_node/inst /\inst_mi_handler/gen_normal_area.gen_fifo_req.inst_fifo_req/gen_xpm_memory_fifo.inst_fifo/gen_mem_rep[0].inst_xpm_memory /xpm_memory_base_inst                                                                   | gen_wr_a.gen_word_narrow.mem_reg | User Attribute | 32 x 18              | RAM32M x 3	                 | 
|\s00_nodes/s00_w_node/inst /\inst_mi_handler/gen_normal_area.inst_fifo_node_payld/gen_xpm_memory_fifo.inst_fifo/gen_mem_rep[0].inst_xpm_memory /xpm_memory_base_inst                                                                         | gen_wr_a.gen_word_narrow.mem_reg | User Attribute | 32 x 88              | RAM32M x 15	                | 
|\s01_nodes/s01_ar_node/inst /\inst_mi_handler/gen_normal_area.inst_fifo_node_payld/gen_xpm_memory_fifo.inst_fifo/gen_mem_rep[0].inst_xpm_memory /xpm_memory_base_inst                                                                        | gen_wr_a.gen_word_narrow.mem_reg | User Attribute | 32 x 142             | RAM32M x 24	                | 
|\s01_nodes/s01_aw_node/inst /\inst_mi_handler/gen_normal_area.inst_fifo_node_payld/gen_xpm_memory_fifo.inst_fifo/gen_mem_rep[0].inst_xpm_memory /xpm_memory_base_inst                                                                        | gen_wr_a.gen_word_narrow.mem_reg | User Attribute | 32 x 142             | RAM32M x 24	                | 
|\s01_nodes/s01_b_node/inst /\inst_mi_handler/gen_normal_area.inst_fifo_node_payld/gen_xpm_memory_fifo.inst_fifo/gen_mem_rep[0].inst_xpm_memory /xpm_memory_base_inst                                                                         | gen_wr_a.gen_word_narrow.mem_reg | User Attribute | 32 x 26              | RAM32M x 5	                 | 
|\s01_nodes/s01_r_node/inst /\inst_mi_handler/gen_normal_area.inst_fifo_node_payld/gen_xpm_memory_fifo.inst_fifo/gen_mem_rep[0].inst_xpm_memory /xpm_memory_base_inst                                                                         | gen_wr_a.gen_word_narrow.mem_reg | User Attribute | 32 x 104             | RAM32M x 18	                | 
|\s01_nodes/s01_w_node/inst /\inst_mi_handler/gen_normal_area.gen_fifo_req.inst_fifo_req/gen_xpm_memory_fifo.inst_fifo/gen_mem_rep[0].inst_xpm_memory /xpm_memory_base_inst                                                                   | gen_wr_a.gen_word_narrow.mem_reg | User Attribute | 32 x 18              | RAM32M x 3	                 | 
|\s01_nodes/s01_w_node/inst /\inst_mi_handler/gen_normal_area.inst_fifo_node_payld/gen_xpm_memory_fifo.inst_fifo/gen_mem_rep[0].inst_xpm_memory /xpm_memory_base_inst                                                                         | gen_wr_a.gen_word_narrow.mem_reg | User Attribute | 32 x 88              | RAM32M x 15	                | 
|scope_axis_cdc/\inst/gen_async_conv.axisc_async_clock_converter_0/xpm_fifo_async_inst /\gnuram_async_fifo.xpm_fifo_base_inst /\gen_sdpram.xpm_memory_base_inst                                                                               | gen_wr_a.gen_word_narrow.mem_reg | User Attribute | 32 x 37              | RAM32M x 7	                 | 
|scope_dma_1/U0/\I_PRMRY_DATAMOVER/GEN_S2MM_FULL.I_S2MM_FULL_WRAPPER/GEN_ENABLE_INDET_BTT_SF.I_INDET_BTT/I_XD_FIFO/NON_BLK_MEM.I_SYNC_FIFOGEN_FIFO/xpm_fifo_instance.xpm_fifo_sync_inst /xpm_fifo_base_inst/\gen_sdpram.xpm_memory_base_inst  | gen_wr_a.gen_word_narrow.mem_reg | Implied        | 16 x 9               | RAM32M x 2	                 | 
+---------------------------------------------------------------------------------------------------------------------------------------------------------------------------------------------------------------------------------------------+----------------------------------+----------------+----------------------+-----------------------------+

---------------------------------------------------------------------------------
Finished ROM, RAM, DSP, Shift Register and Retiming Reporting
---------------------------------------------------------------------------------
---------------------------------------------------------------------------------
Start Technology Mapping
---------------------------------------------------------------------------------
INFO: [Synth 8-7052] The timing for the instance i_0/scope_capture_inst/bank0_reg_0 (implemented as a Block RAM) might be sub-optimal as no optional output register could be merged into the ram block. Providing additional output register may help in improving timing.
INFO: [Synth 8-7052] The timing for the instance i_0/scope_capture_inst/bank0_reg_1 (implemented as a Block RAM) might be sub-optimal as no optional output register could be merged into the ram block. Providing additional output register may help in improving timing.
INFO: [Synth 8-7052] The timing for the instance i_0/scope_capture_inst/bank0_reg_2 (implemented as a Block RAM) might be sub-optimal as no optional output register could be merged into the ram block. Providing additional output register may help in improving timing.
INFO: [Synth 8-7052] The timing for the instance i_0/scope_capture_inst/bank0_reg_3 (implemented as a Block RAM) might be sub-optimal as no optional output register could be merged into the ram block. Providing additional output register may help in improving timing.
INFO: [Synth 8-7052] The timing for the instance i_0/scope_capture_inst/bank0_reg_4 (implemented as a Block RAM) might be sub-optimal as no optional output register could be merged into the ram block. Providing additional output register may help in improving timing.
INFO: [Synth 8-7052] The timing for the instance i_0/scope_capture_inst/bank0_reg_5 (implemented as a Block RAM) might be sub-optimal as no optional output register could be merged into the ram block. Providing additional output register may help in improving timing.
INFO: [Synth 8-7052] The timing for the instance i_0/scope_capture_inst/bank0_reg_6 (implemented as a Block RAM) might be sub-optimal as no optional output register could be merged into the ram block. Providing additional output register may help in improving timing.
INFO: [Synth 8-7052] The timing for the instance i_0/scope_capture_inst/bank0_reg_7 (implemented as a Block RAM) might be sub-optimal as no optional output register could be merged into the ram block. Providing additional output register may help in improving timing.
INFO: [Synth 8-7052] The timing for the instance i_0/scope_capture_inst/bank1_reg_0 (implemented as a Block RAM) might be sub-optimal as no optional output register could be merged into the ram block. Providing additional output register may help in improving timing.
INFO: [Synth 8-7052] The timing for the instance i_0/scope_capture_inst/bank1_reg_1 (implemented as a Block RAM) might be sub-optimal as no optional output register could be merged into the ram block. Providing additional output register may help in improving timing.
INFO: [Synth 8-7052] The timing for the instance i_0/scope_capture_inst/bank1_reg_2 (implemented as a Block RAM) might be sub-optimal as no optional output register could be merged into the ram block. Providing additional output register may help in improving timing.
INFO: [Synth 8-7052] The timing for the instance i_0/scope_capture_inst/bank1_reg_3 (implemented as a Block RAM) might be sub-optimal as no optional output register could be merged into the ram block. Providing additional output register may help in improving timing.
INFO: [Synth 8-7052] The timing for the instance i_0/scope_capture_inst/bank1_reg_4 (implemented as a Block RAM) might be sub-optimal as no optional output register could be merged into the ram block. Providing additional output register may help in improving timing.
INFO: [Synth 8-7052] The timing for the instance i_0/scope_capture_inst/bank1_reg_5 (implemented as a Block RAM) might be sub-optimal as no optional output register could be merged into the ram block. Providing additional output register may help in improving timing.
INFO: [Synth 8-7052] The timing for the instance i_0/scope_capture_inst/bank1_reg_6 (implemented as a Block RAM) might be sub-optimal as no optional output register could be merged into the ram block. Providing additional output register may help in improving timing.
INFO: [Synth 8-7052] The timing for the instance i_0/scope_capture_inst/bank1_reg_7 (implemented as a Block RAM) might be sub-optimal as no optional output register could be merged into the ram block. Providing additional output register may help in improving timing.
---------------------------------------------------------------------------------
Finished Technology Mapping : Time (s): cpu = 00:04:07 ; elapsed = 00:04:22 . Memory (MB): peak = 3298.746 ; gain = 2177.281
---------------------------------------------------------------------------------
---------------------------------------------------------------------------------
Start IO Insertion
---------------------------------------------------------------------------------
---------------------------------------------------------------------------------
Start Flattening Before IO Insertion
---------------------------------------------------------------------------------
---------------------------------------------------------------------------------
Finished Flattening Before IO Insertion
---------------------------------------------------------------------------------
---------------------------------------------------------------------------------
Start Final Netlist Cleanup
---------------------------------------------------------------------------------
INFO: [Synth 8-7052] The timing for the instance scope_capture_inst/bank0_reg_0 (implemented as a Block RAM) might be sub-optimal as no optional output register could be merged into the ram block. Providing additional output register may help in improving timing.
INFO: [Synth 8-7052] The timing for the instance scope_capture_inst/bank0_reg_1 (implemented as a Block RAM) might be sub-optimal as no optional output register could be merged into the ram block. Providing additional output register may help in improving timing.
INFO: [Synth 8-7052] The timing for the instance scope_capture_inst/bank0_reg_2 (implemented as a Block RAM) might be sub-optimal as no optional output register could be merged into the ram block. Providing additional output register may help in improving timing.
INFO: [Synth 8-7052] The timing for the instance scope_capture_inst/bank0_reg_3 (implemented as a Block RAM) might be sub-optimal as no optional output register could be merged into the ram block. Providing additional output register may help in improving timing.
INFO: [Synth 8-7052] The timing for the instance scope_capture_inst/bank0_reg_4 (implemented as a Block RAM) might be sub-optimal as no optional output register could be merged into the ram block. Providing additional output register may help in improving timing.
INFO: [Synth 8-7052] The timing for the instance scope_capture_inst/bank0_reg_5 (implemented as a Block RAM) might be sub-optimal as no optional output register could be merged into the ram block. Providing additional output register may help in improving timing.
INFO: [Synth 8-7052] The timing for the instance scope_capture_inst/bank0_reg_6 (implemented as a Block RAM) might be sub-optimal as no optional output register could be merged into the ram block. Providing additional output register may help in improving timing.
INFO: [Synth 8-7052] The timing for the instance scope_capture_inst/bank0_reg_7 (implemented as a Block RAM) might be sub-optimal as no optional output register could be merged into the ram block. Providing additional output register may help in improving timing.
INFO: [Synth 8-7052] The timing for the instance scope_capture_inst/bank1_reg_0 (implemented as a Block RAM) might be sub-optimal as no optional output register could be merged into the ram block. Providing additional output register may help in improving timing.
INFO: [Synth 8-7052] The timing for the instance scope_capture_inst/bank1_reg_1 (implemented as a Block RAM) might be sub-optimal as no optional output register could be merged into the ram block. Providing additional output register may help in improving timing.
INFO: [Synth 8-7052] The timing for the instance scope_capture_inst/bank1_reg_2 (implemented as a Block RAM) might be sub-optimal as no optional output register could be merged into the ram block. Providing additional output register may help in improving timing.
INFO: [Synth 8-7052] The timing for the instance scope_capture_inst/bank1_reg_3 (implemented as a Block RAM) might be sub-optimal as no optional output register could be merged into the ram block. Providing additional output register may help in improving timing.
INFO: [Synth 8-7052] The timing for the instance scope_capture_inst/bank1_reg_4 (implemented as a Block RAM) might be sub-optimal as no optional output register could be merged into the ram block. Providing additional output register may help in improving timing.
INFO: [Synth 8-7052] The timing for the instance scope_capture_inst/bank1_reg_5 (implemented as a Block RAM) might be sub-optimal as no optional output register could be merged into the ram block. Providing additional output register may help in improving timing.
INFO: [Synth 8-7052] The timing for the instance scope_capture_inst/bank1_reg_6 (implemented as a Block RAM) might be sub-optimal as no optional output register could be merged into the ram block. Providing additional output register may help in improving timing.
INFO: [Synth 8-7052] The timing for the instance scope_capture_inst/bank1_reg_7 (implemented as a Block RAM) might be sub-optimal as no optional output register could be merged into the ram block. Providing additional output register may help in improving timing.
---------------------------------------------------------------------------------
Finished Final Netlist Cleanup
---------------------------------------------------------------------------------
WARNING: [Synth 8-3295] tying undriven pin I_AXI_DMA_REG_MODULE/strm_valid_int2_inferred:in0 to constant 0
WARNING: [Synth 8-3295] tying undriven pin I_AXI_DMA_REG_MODULE/strm_valid_int_cdc_to_inferred:in0 to constant 0
WARNING: [Synth 8-3295] tying undriven pin I_AXI_DMA_REG_MODULE/strm_valid_int2_inferred:in0 to constant 0
WARNING: [Synth 8-3295] tying undriven pin I_AXI_DMA_REG_MODULE/strm_valid_int_cdc_to_inferred:in0 to constant 0
---------------------------------------------------------------------------------
Finished IO Insertion : Time (s): cpu = 00:04:26 ; elapsed = 00:04:45 . Memory (MB): peak = 3298.746 ; gain = 2177.281
---------------------------------------------------------------------------------
---------------------------------------------------------------------------------
Start Renaming Generated Instances
---------------------------------------------------------------------------------
---------------------------------------------------------------------------------
Finished Renaming Generated Instances : Time (s): cpu = 00:04:27 ; elapsed = 00:04:46 . Memory (MB): peak = 3298.746 ; gain = 2177.281
---------------------------------------------------------------------------------
---------------------------------------------------------------------------------
Start Rebuilding User Hierarchy
---------------------------------------------------------------------------------
---------------------------------------------------------------------------------
Finished Rebuilding User Hierarchy : Time (s): cpu = 00:04:37 ; elapsed = 00:04:56 . Memory (MB): peak = 3298.746 ; gain = 2177.281
---------------------------------------------------------------------------------
---------------------------------------------------------------------------------
Start Renaming Generated Ports
---------------------------------------------------------------------------------
---------------------------------------------------------------------------------
Finished Renaming Generated Ports : Time (s): cpu = 00:04:37 ; elapsed = 00:04:56 . Memory (MB): peak = 3298.746 ; gain = 2177.281
---------------------------------------------------------------------------------
---------------------------------------------------------------------------------
Start Handling Custom Attributes
---------------------------------------------------------------------------------
---------------------------------------------------------------------------------
Finished Handling Custom Attributes : Time (s): cpu = 00:04:39 ; elapsed = 00:04:58 . Memory (MB): peak = 3298.746 ; gain = 2177.281
---------------------------------------------------------------------------------
---------------------------------------------------------------------------------
Start Renaming Generated Nets
---------------------------------------------------------------------------------
---------------------------------------------------------------------------------
Finished Renaming Generated Nets : Time (s): cpu = 00:04:39 ; elapsed = 00:04:58 . Memory (MB): peak = 3298.746 ; gain = 2177.281
---------------------------------------------------------------------------------
---------------------------------------------------------------------------------
Start ROM, RAM, DSP, Shift Register and Retiming Reporting
---------------------------------------------------------------------------------

Static Shift Register Report:
+-----------------------+---------------------------------------------------------------------------------------------------------------------------------------------------------------------------------------------------------+--------+-------+--------------+--------------------+-------------------+--------+---------+
|Module Name            | RTL Name                                                                                                                                                                                                | Length | Width | Reset Signal | Pull out first Reg | Pull out last Reg | SRL16E | SRLC32E | 
+-----------------------+---------------------------------------------------------------------------------------------------------------------------------------------------------------------------------------------------------+--------+-------+--------------+--------------------+-------------------+--------+---------+
|fifo_generator_v13_2_5 | inst_fifo_gen/gconvfifo.rf/grf.rf/gntv_or_sync_fifo.mem/gbm.gbmg.gbmga.ngecc.bmg/inst_blk_mem_gen/gnbram.gnativebmg.native_blk_mem_gen/valid.cstr/ramloop[11].ram.r/SAFETY_CKT_GEN.RSTB_SHFT_REG_reg[4] | 4      | 2     | NO           | NO                 | YES               | 2      | 0       | 
+-----------------------+---------------------------------------------------------------------------------------------------------------------------------------------------------------------------------------------------------+--------+-------+--------------+--------------------+-------------------+--------+---------+


Dynamic Shift Register Report:
+------------+---------------------------+--------+------------+--------+---------+--------+--------+--------+
|Module Name | RTL Name                  | Length | Data Width | SRL16E | SRLC32E | Mux F7 | Mux F8 | Mux F9 | 
+------------+---------------------------+--------+------------+--------+---------+--------+--------+--------+
|dsrl        | memory_reg[3]             | 20     | 20         | 20     | 0       | 0      | 0      | 0      | 
|dsrl__1     | memory_reg[3]             | 2      | 2          | 2      | 0       | 0      | 0      | 0      | 
|dsrl__2     | memory_reg[31]            | 34     | 34         | 0      | 34      | 0      | 0      | 0      | 
|dsrl__3     | memory_reg[31]            | 13     | 13         | 0      | 13      | 0      | 0      | 0      | 
|dsrl__4     | INFERRED_GEN.data_reg[2]  | 2      | 2          | 2      | 0       | 0      | 0      | 0      | 
|dsrl__5     | INFERRED_GEN.data_reg[2]  | 7      | 7          | 7      | 0       | 0      | 0      | 0      | 
|dsrl__6     | INFERRED_GEN.data_reg[5]  | 2      | 2          | 2      | 0       | 0      | 0      | 0      | 
|dsrl__7     | INFERRED_GEN.data_reg[5]  | 33     | 33         | 33     | 0       | 0      | 0      | 0      | 
|dsrl__8     | INFERRED_GEN.data_reg[3]  | 39     | 39         | 39     | 0       | 0      | 0      | 0      | 
|dsrl__9     | INFERRED_GEN.data_reg[15] | 9      | 9          | 9      | 0       | 0      | 0      | 0      | 
|dsrl__10    | INFERRED_GEN.data_reg[3]  | 59     | 59         | 59     | 0       | 0      | 0      | 0      | 
|dsrl__11    | INFERRED_GEN.data_reg[3]  | 27     | 27         | 27     | 0       | 0      | 0      | 0      | 
|dsrl__12    | shift_reg_reg             | 16     | 1          | 1      | 0       | 0      | 0      | 0      | 
|dsrl__13    | INFERRED_GEN.data_reg[5]  | 23     | 23         | 23     | 0       | 0      | 0      | 0      | 
+------------+---------------------------+--------+------------+--------+---------+--------+--------+--------+

---------------------------------------------------------------------------------
Finished ROM, RAM, DSP, Shift Register and Retiming Reporting
---------------------------------------------------------------------------------
---------------------------------------------------------------------------------
Start Writing Synthesis Report
---------------------------------------------------------------------------------

Report BlackBoxes: 
+-+--------------+----------+
| |BlackBox name |Instances |
+-+--------------+----------+
+-+--------------+----------+

Report Cell Usage: 
+------+------------+------+
|      |Cell        |Count |
+------+------------+------+
|1     |BIBUF       |   130|
|2     |BUFG        |     8|
|3     |BUFIO       |     1|
|4     |BUFR        |     1|
|5     |CARRY4      |  1070|
|6     |DSP48E1     |     7|
|10    |IDDR        |    17|
|11    |IDDR2       |     5|
|12    |LUT1        |   898|
|13    |LUT2        |  2873|
|14    |LUT3        |  4087|
|15    |LUT4        |  2758|
|16    |LUT5        |  2694|
|17    |LUT6        | 13776|
|18    |MMCME2_BASE |     3|
|19    |MUXCY       |    28|
|20    |MUXF7       |  4566|
|21    |MUXF8       |  2208|
|22    |ODDR        |     1|
|23    |ODDR2       |     5|
|24    |PS7         |     1|
|25    |RAM16X1D    |     4|
|26    |RAM32M      |   291|
|27    |RAM64M      |   160|
|28    |RAM64X1D    |    32|
|29    |RAMB18E1    |     1|
|30    |RAMB36E1    |    65|
|35    |SRL16       |     3|
|36    |SRL16E      |   327|
|37    |SRLC32E     |    47|
|38    |FDCE        |   588|
|39    |FDPE        |    39|
|40    |FDR         |   502|
|41    |FDRE        | 53659|
|42    |FDSE        |   541|
|43    |IBUF        |    26|
|44    |IOBUF       |     1|
|45    |OBUF        |    12|
+------+------------+------+
---------------------------------------------------------------------------------
Finished Writing Synthesis Report : Time (s): cpu = 00:04:39 ; elapsed = 00:04:58 . Memory (MB): peak = 3298.746 ; gain = 2177.281
---------------------------------------------------------------------------------
Synthesis finished with 0 errors, 0 critical warnings and 218 warnings.
Synthesis Optimization Runtime : Time (s): cpu = 00:02:51 ; elapsed = 00:03:57 . Memory (MB): peak = 3298.746 ; gain = 1001.527
Synthesis Optimization Complete : Time (s): cpu = 00:04:39 ; elapsed = 00:05:00 . Memory (MB): peak = 3298.746 ; gain = 2177.281
INFO: [Project 1-571] Translating synthesized netlist
Netlist sorting complete. Time (s): cpu = 00:00:02 ; elapsed = 00:00:01 . Memory (MB): peak = 3298.746 ; gain = 0.000
INFO: [Netlist 29-17] Analyzing 8970 Unisim elements for replacement
WARNING: [Netlist 29-151] Pin 'C1' on instance 'eth_bridge_inst/u_rgmii_rx/rxdata_bus[0].u_iddr_rxd' of cell type 'IDDR2' does not have an equivalent function on the new cell type 'IDDR'. Net 'C10' that is connected to this pin will not be connected to the replacement instance.
WARNING: [Netlist 29-151] Pin 'C1' on instance 'eth_bridge_inst/u_rgmii_rx/rxdata_bus[1].u_iddr_rxd' of cell type 'IDDR2' does not have an equivalent function on the new cell type 'IDDR'. Net 'C10' that is connected to this pin will not be connected to the replacement instance.
WARNING: [Netlist 29-151] Pin 'C1' on instance 'eth_bridge_inst/u_rgmii_rx/rxdata_bus[2].u_iddr_rxd' of cell type 'IDDR2' does not have an equivalent function on the new cell type 'IDDR'. Net 'C10' that is connected to this pin will not be connected to the replacement instance.
WARNING: [Netlist 29-151] Pin 'C1' on instance 'eth_bridge_inst/u_rgmii_rx/rxdata_bus[3].u_iddr_rxd' of cell type 'IDDR2' does not have an equivalent function on the new cell type 'IDDR'. Net 'C10' that is connected to this pin will not be connected to the replacement instance.
WARNING: [Netlist 29-151] Pin 'C1' on instance 'eth_bridge_inst/u_rgmii_rx/u_iddr_rx_ctl' of cell type 'IDDR2' does not have an equivalent function on the new cell type 'IDDR'. Net 'C10' that is connected to this pin will not be connected to the replacement instance.
WARNING: [Netlist 29-151] Pin 'C1' on instance 'eth_bridge_inst/u_rgmii_tx/ODDR_inst' of cell type 'ODDR2' does not have an equivalent function on the new cell type 'ODDR'. Net 'C10' that is connected to this pin will not be connected to the replacement instance.
WARNING: [Netlist 29-151] Pin 'C1' on instance 'eth_bridge_inst/u_rgmii_tx/txdata_bus[0].ODDR_inst' of cell type 'ODDR2' does not have an equivalent function on the new cell type 'ODDR'. Net 'C10' that is connected to this pin will not be connected to the replacement instance.
WARNING: [Netlist 29-151] Pin 'C1' on instance 'eth_bridge_inst/u_rgmii_tx/txdata_bus[1].ODDR_inst' of cell type 'ODDR2' does not have an equivalent function on the new cell type 'ODDR'. Net 'C10' that is connected to this pin will not be connected to the replacement instance.
WARNING: [Netlist 29-151] Pin 'C1' on instance 'eth_bridge_inst/u_rgmii_tx/txdata_bus[2].ODDR_inst' of cell type 'ODDR2' does not have an equivalent function on the new cell type 'ODDR'. Net 'C10' that is connected to this pin will not be connected to the replacement instance.
WARNING: [Netlist 29-151] Pin 'C1' on instance 'eth_bridge_inst/u_rgmii_tx/txdata_bus[3].ODDR_inst' of cell type 'ODDR2' does not have an equivalent function on the new cell type 'ODDR'. Net 'C10' that is connected to this pin will not be connected to the replacement instance.
INFO: [Netlist 29-28] Unisim Transformation completed in 0 CPU seconds
INFO: [Project 1-570] Preparing netlist for logic optimization
INFO: [Opt 31-138] Pushed 0 inverter(s) to 0 load pin(s).
Netlist sorting complete. Time (s): cpu = 00:00:00 ; elapsed = 00:00:00.032 . Memory (MB): peak = 3298.746 ; gain = 0.000
INFO: [Project 1-111] Unisim Transformation Summary:
  A total of 1014 instances were transformed.
  (MUXCY,XORCY) => CARRY4: 8 instances
  FDR => FDRE: 502 instances
  IDDR2 => IDDR: 5 instances
  IOBUF => IOBUF (IBUF, OBUFT): 1 instance 
  MMCME2_BASE => MMCME2_ADV: 3 instances
  ODDR2 => ODDR: 5 instances
  RAM16X1D => RAM32X1D (RAMD32(x2)): 4 instances
  RAM32M => RAM32M (RAMD32(x6), RAMS32(x2)): 291 instances
  RAM64M => RAM64M (RAMD64E(x4)): 160 instances
  RAM64X1D => RAM64X1D (RAMD64E(x2)): 32 instances
  SRL16 => SRL16E: 3 instances

INFO: [Common 17-83] Releasing license: Synthesis
1262 Infos, 313 Warnings, 0 Critical Warnings and 0 Errors encountered.
synth_design completed successfully
synth_design: Time (s): cpu = 00:05:03 ; elapsed = 00:05:26 . Memory (MB): peak = 3298.746 ; gain = 2177.281
INFO: [Common 17-1381] The checkpoint 'C:/Users/chris/FPGA_Projects/A-high-speed-data-acquisition-framework-main/AXI_DMA.runs/synth_1/top.dcp' has been generated.
write_checkpoint: Time (s): cpu = 00:00:14 ; elapsed = 00:00:10 . Memory (MB): peak = 3298.746 ; gain = 0.000
INFO: [runtcl-4] Executing : report_utilization -file top_utilization_synth.rpt -pb top_utilization_synth.pb
INFO: [Common 17-206] Exiting Vivado at Mon Jul 27 17:47:00 2026...
[Mon Jul 27 17:47:03 2026] synth_1 finished
wait_on_run: Time (s): cpu = 00:00:00 ; elapsed = 00:05:57 . Memory (MB): peak = 1121.906 ; gain = 0.000
# set synth_status [get_property STATUS [get_runs synth_1]]
# if {[string first "Complete" $synth_status] < 0} {
#   error "synth_1 failed: $synth_status"
# }
# reset_run impl_1
# launch_runs impl_1 -to_step write_bitstream -jobs 6
WARNING: [HDL 9-3756] overwriting previous definition of module 'System_daq_control_0_15' [c:/Users/chris/FPGA_Projects/A-high-speed-data-acquisition-framework-main/AXI_DMA.srcs/sources_1/bd/System/ip/System_daq_control_0_15/System_daq_control_0_15_sim_netlist.v:18]
WARNING: [HDL 9-3756] overwriting previous definition of module 'System_daq_control_0_15' [c:/Users/chris/FPGA_Projects/A-high-speed-data-acquisition-framework-main/AXI_DMA.srcs/sources_1/bd/System/ip/System_daq_control_0_15/System_daq_control_0_15_sim_netlist.v:18]
[Mon Jul 27 17:47:09 2026] Launched impl_1...
Run output will be captured here: C:/Users/chris/FPGA_Projects/A-high-speed-data-acquisition-framework-main/AXI_DMA.runs/impl_1/runme.log
launch_runs: Time (s): cpu = 00:00:01 ; elapsed = 00:00:06 . Memory (MB): peak = 1121.906 ; gain = 0.000
# wait_on_run impl_1
[Mon Jul 27 17:47:09 2026] Waiting for impl_1 to finish...

*** Running vivado
    with args -log top.vdi -applog -m64 -product Vivado -messageDb vivado.pb -mode batch -source top.tcl -notrace



****** Vivado v2020.2 (64-bit)
  **** SW Build 3064766 on Wed Nov 18 09:12:45 MST 2020
  **** IP Build 3064653 on Wed Nov 18 14:17:31 MST 2020
    ** Copyright 1986-2020 Xilinx, Inc. All Rights Reserved.

source top.tcl -notrace
INFO: [IP_Flow 19-234] Refreshing IP repositories
INFO: [IP_Flow 19-1700] Loaded user IP repository 'c:/Users/chris/FPGA_Projects/ip_repo/myip_1.0'.
INFO: [IP_Flow 19-2313] Loaded Vivado IP repository 'C:/baidunetdiskdownload/Vivado2020_2/Vivado/2020.2/data/ip'.
WARNING: [IP_Flow 19-4995] The host OS only allows 260 characters in a normal path. The IP cache path is more than 80 characters. If you experience issues with IP caching, please consider changing the IP cache to a location with a shorter path. Alternately consider using the OS subst command to map part of the path to a drive letter. 
Current IP cache path is C:/Users/chris/FPGA_Projects/A-high-speed-data-acquisition-framework-main/AXI_DMA.cache/ip 
add_files: Time (s): cpu = 00:00:03 ; elapsed = 00:00:07 . Memory (MB): peak = 1121.914 ; gain = 0.000
Command: link_design -top top -part xc7z020clg400-2
Design is defaulting to srcset: sources_1
Design is defaulting to constrset: constrs_1
INFO: [Device 21-403] Loading part xc7z020clg400-2
Netlist sorting complete. Time (s): cpu = 00:00:00 ; elapsed = 00:00:00.852 . Memory (MB): peak = 1132.250 ; gain = 0.000
INFO: [Netlist 29-17] Analyzing 8445 Unisim elements for replacement
INFO: [Netlist 29-28] Unisim Transformation completed in 1 CPU seconds
INFO: [Project 1-479] Netlist was created with Vivado 2020.2
INFO: [Project 1-570] Preparing netlist for logic optimization
Parsing XDC File [c:/Users/chris/FPGA_Projects/A-high-speed-data-acquisition-framework-main/AXI_DMA.srcs/sources_1/bd/System/ip/System_processing_system7_0_0/System_processing_system7_0_0.xdc] for cell 'zynq_u/System_i/Controller/processing_system7_0/inst'
Finished Parsing XDC File [c:/Users/chris/FPGA_Projects/A-high-speed-data-acquisition-framework-main/AXI_DMA.srcs/sources_1/bd/System/ip/System_processing_system7_0_0/System_processing_system7_0_0.xdc] for cell 'zynq_u/System_i/Controller/processing_system7_0/inst'
Parsing XDC File [c:/Users/chris/FPGA_Projects/A-high-speed-data-acquisition-framework-main/AXI_DMA.srcs/sources_1/bd/System/ip/System_axi_dma_0_0/System_axi_dma_0_0.xdc] for cell 'zynq_u/System_i/DMA/axi_dma_0/U0'
WARNING: [Vivado_Tcl 4-919] Waiver ID 'CDC-1' -from list should not be empty. [c:/Users/chris/FPGA_Projects/A-high-speed-data-acquisition-framework-main/AXI_DMA.srcs/sources_1/bd/System/ip/System_axi_dma_0_0/System_axi_dma_0_0.xdc:61]
Finished Parsing XDC File [c:/Users/chris/FPGA_Projects/A-high-speed-data-acquisition-framework-main/AXI_DMA.srcs/sources_1/bd/System/ip/System_axi_dma_0_0/System_axi_dma_0_0.xdc] for cell 'zynq_u/System_i/DMA/axi_dma_0/U0'
Parsing XDC File [c:/Users/chris/FPGA_Projects/A-high-speed-data-acquisition-framework-main/AXI_DMA.srcs/sources_1/bd/System/ip/System_axi_smc_1/bd_0/ip/ip_1/bd_5c3b_psr_aclk_0_board.xdc] for cell 'zynq_u/System_i/DMA/axi_smc/inst/clk_map/psr_aclk/U0'
Finished Parsing XDC File [c:/Users/chris/FPGA_Projects/A-high-speed-data-acquisition-framework-main/AXI_DMA.srcs/sources_1/bd/System/ip/System_axi_smc_1/bd_0/ip/ip_1/bd_5c3b_psr_aclk_0_board.xdc] for cell 'zynq_u/System_i/DMA/axi_smc/inst/clk_map/psr_aclk/U0'
Parsing XDC File [c:/Users/chris/FPGA_Projects/A-high-speed-data-acquisition-framework-main/AXI_DMA.srcs/sources_1/bd/System/ip/System_axi_smc_1/bd_0/ip/ip_1/bd_5c3b_psr_aclk_0.xdc] for cell 'zynq_u/System_i/DMA/axi_smc/inst/clk_map/psr_aclk/U0'
Finished Parsing XDC File [c:/Users/chris/FPGA_Projects/A-high-speed-data-acquisition-framework-main/AXI_DMA.srcs/sources_1/bd/System/ip/System_axi_smc_1/bd_0/ip/ip_1/bd_5c3b_psr_aclk_0.xdc] for cell 'zynq_u/System_i/DMA/axi_smc/inst/clk_map/psr_aclk/U0'
Parsing XDC File [c:/Users/chris/FPGA_Projects/A-high-speed-data-acquisition-framework-main/AXI_DMA.srcs/sources_1/bd/System/ip/System_rst_ps7_0_100M_1/System_rst_ps7_0_100M_1_board.xdc] for cell 'zynq_u/System_i/Controller/rst_ps7_0_100M/U0'
Finished Parsing XDC File [c:/Users/chris/FPGA_Projects/A-high-speed-data-acquisition-framework-main/AXI_DMA.srcs/sources_1/bd/System/ip/System_rst_ps7_0_100M_1/System_rst_ps7_0_100M_1_board.xdc] for cell 'zynq_u/System_i/Controller/rst_ps7_0_100M/U0'
Parsing XDC File [c:/Users/chris/FPGA_Projects/A-high-speed-data-acquisition-framework-main/AXI_DMA.srcs/sources_1/bd/System/ip/System_rst_ps7_0_100M_1/System_rst_ps7_0_100M_1.xdc] for cell 'zynq_u/System_i/Controller/rst_ps7_0_100M/U0'
Finished Parsing XDC File [c:/Users/chris/FPGA_Projects/A-high-speed-data-acquisition-framework-main/AXI_DMA.srcs/sources_1/bd/System/ip/System_rst_ps7_0_100M_1/System_rst_ps7_0_100M_1.xdc] for cell 'zynq_u/System_i/Controller/rst_ps7_0_100M/U0'
Parsing XDC File [c:/Users/chris/FPGA_Projects/A-high-speed-data-acquisition-framework-main/AXI_DMA.srcs/sources_1/bd/System/ip/System_adc_fifo_0_12/System_adc_fifo_0_12.xdc] for cell 'zynq_u/System_i/adc_fifo_0/U0'
Finished Parsing XDC File [c:/Users/chris/FPGA_Projects/A-high-speed-data-acquisition-framework-main/AXI_DMA.srcs/sources_1/bd/System/ip/System_adc_fifo_0_12/System_adc_fifo_0_12.xdc] for cell 'zynq_u/System_i/adc_fifo_0/U0'
Parsing XDC File [c:/Users/chris/FPGA_Projects/A-high-speed-data-acquisition-framework-main/AXI_DMA.srcs/sources_1/bd/System/ip/System_scope_dma_1_0/System_scope_dma_1_0.xdc] for cell 'zynq_u/System_i/scope_dma_1/U0'
WARNING: [Vivado_Tcl 4-919] Waiver ID 'CDC-1' -from list should not be empty. [c:/Users/chris/FPGA_Projects/A-high-speed-data-acquisition-framework-main/AXI_DMA.srcs/sources_1/bd/System/ip/System_scope_dma_1_0/System_scope_dma_1_0.xdc:61]
Finished Parsing XDC File [c:/Users/chris/FPGA_Projects/A-high-speed-data-acquisition-framework-main/AXI_DMA.srcs/sources_1/bd/System/ip/System_scope_dma_1_0/System_scope_dma_1_0.xdc] for cell 'zynq_u/System_i/scope_dma_1/U0'
Parsing XDC File [c:/Users/chris/FPGA_Projects/A-high-speed-data-acquisition-framework-main/AXI_DMA.srcs/sources_1/bd/System/ip/System_scope_smc_0/bd_0/ip/ip_1/bd_6471_psr_aclk_0_board.xdc] for cell 'zynq_u/System_i/scope_smc/inst/clk_map/psr_aclk/U0'
Finished Parsing XDC File [c:/Users/chris/FPGA_Projects/A-high-speed-data-acquisition-framework-main/AXI_DMA.srcs/sources_1/bd/System/ip/System_scope_smc_0/bd_0/ip/ip_1/bd_6471_psr_aclk_0_board.xdc] for cell 'zynq_u/System_i/scope_smc/inst/clk_map/psr_aclk/U0'
Parsing XDC File [c:/Users/chris/FPGA_Projects/A-high-speed-data-acquisition-framework-main/AXI_DMA.srcs/sources_1/bd/System/ip/System_scope_smc_0/bd_0/ip/ip_1/bd_6471_psr_aclk_0.xdc] for cell 'zynq_u/System_i/scope_smc/inst/clk_map/psr_aclk/U0'
Finished Parsing XDC File [c:/Users/chris/FPGA_Projects/A-high-speed-data-acquisition-framework-main/AXI_DMA.srcs/sources_1/bd/System/ip/System_scope_smc_0/bd_0/ip/ip_1/bd_6471_psr_aclk_0.xdc] for cell 'zynq_u/System_i/scope_smc/inst/clk_map/psr_aclk/U0'
Parsing XDC File [C:/Users/chris/FPGA_Projects/A-high-speed-data-acquisition-framework-main/AXI_DMA.srcs/constrs_1/new/dual_adc_pl_io.xdc]
INFO: [Timing 38-35] Done setting XDC timing constraints. [C:/Users/chris/FPGA_Projects/A-high-speed-data-acquisition-framework-main/AXI_DMA.srcs/constrs_1/new/dual_adc_pl_io.xdc:25]
INFO: [Timing 38-2] Deriving generated clocks [C:/Users/chris/FPGA_Projects/A-high-speed-data-acquisition-framework-main/AXI_DMA.srcs/constrs_1/new/dual_adc_pl_io.xdc:25]
get_clocks: Time (s): cpu = 00:00:08 ; elapsed = 00:00:07 . Memory (MB): peak = 2000.715 ; gain = 635.852
Finished Parsing XDC File [C:/Users/chris/FPGA_Projects/A-high-speed-data-acquisition-framework-main/AXI_DMA.srcs/constrs_1/new/dual_adc_pl_io.xdc]
Parsing XDC File [C:/Users/chris/FPGA_Projects/A-high-speed-data-acquisition-framework-main/AXI_DMA.srcs/constrs_1/new/ad9269_clock_domains.xdc]
Finished Parsing XDC File [C:/Users/chris/FPGA_Projects/A-high-speed-data-acquisition-framework-main/AXI_DMA.srcs/constrs_1/new/ad9269_clock_domains.xdc]
Parsing XDC File [c:/Users/chris/FPGA_Projects/A-high-speed-data-acquisition-framework-main/AXI_DMA.srcs/sources_1/bd/System/ip/System_axi_dma_0_0/System_axi_dma_0_0_clocks.xdc] for cell 'zynq_u/System_i/DMA/axi_dma_0/U0'
Finished Parsing XDC File [c:/Users/chris/FPGA_Projects/A-high-speed-data-acquisition-framework-main/AXI_DMA.srcs/sources_1/bd/System/ip/System_axi_dma_0_0/System_axi_dma_0_0_clocks.xdc] for cell 'zynq_u/System_i/DMA/axi_dma_0/U0'
Parsing XDC File [c:/Users/chris/FPGA_Projects/A-high-speed-data-acquisition-framework-main/AXI_DMA.srcs/sources_1/bd/System/ip/System_adc_fifo_0_12/System_adc_fifo_0_12_clocks.xdc] for cell 'zynq_u/System_i/adc_fifo_0/U0'
Finished Parsing XDC File [c:/Users/chris/FPGA_Projects/A-high-speed-data-acquisition-framework-main/AXI_DMA.srcs/sources_1/bd/System/ip/System_adc_fifo_0_12/System_adc_fifo_0_12_clocks.xdc] for cell 'zynq_u/System_i/adc_fifo_0/U0'
Parsing XDC File [c:/Users/chris/FPGA_Projects/A-high-speed-data-acquisition-framework-main/AXI_DMA.srcs/sources_1/bd/System/ip/System_scope_dma_1_0/System_scope_dma_1_0_clocks.xdc] for cell 'zynq_u/System_i/scope_dma_1/U0'
Finished Parsing XDC File [c:/Users/chris/FPGA_Projects/A-high-speed-data-acquisition-framework-main/AXI_DMA.srcs/sources_1/bd/System/ip/System_scope_dma_1_0/System_scope_dma_1_0_clocks.xdc] for cell 'zynq_u/System_i/scope_dma_1/U0'
Parsing XDC File [C:/Users/chris/FPGA_Projects/A-high-speed-data-acquisition-framework-main/AXI_DMA.srcs/constrs_1/new/pin_constraint.xdc]
Finished Parsing XDC File [C:/Users/chris/FPGA_Projects/A-high-speed-data-acquisition-framework-main/AXI_DMA.srcs/constrs_1/new/pin_constraint.xdc]
INFO: [Project 1-1715] 7 XPM XDC files have been applied to the design.
INFO: [Opt 31-138] Pushed 0 inverter(s) to 0 load pin(s).
WARNING: [HDL 9-3756] overwriting previous definition of module 'System_daq_control_0_15' [c:/Users/chris/FPGA_Projects/A-high-speed-data-acquisition-framework-main/AXI_DMA.srcs/sources_1/bd/System/ip/System_daq_control_0_15/System_daq_control_0_15_sim_netlist.v:18]
Netlist sorting complete. Time (s): cpu = 00:00:00 ; elapsed = 00:00:00.025 . Memory (MB): peak = 2000.715 ; gain = 0.000
INFO: [Project 1-111] Unisim Transformation Summary:
  A total of 488 instances were transformed.
  IOBUF => IOBUF (IBUF, OBUFT): 1 instance 
  RAM16X1D => RAM32X1D (RAMD32(x2)): 4 instances
  RAM32M => RAM32M (RAMD32(x6), RAMS32(x2)): 291 instances
  RAM64M => RAM64M (RAMD64E(x4)): 160 instances
  RAM64X1D => RAM64X1D (RAMD64E(x2)): 32 instances

13 Infos, 4 Warnings, 0 Critical Warnings and 0 Errors encountered.
link_design completed successfully
link_design: Time (s): cpu = 00:00:29 ; elapsed = 00:00:34 . Memory (MB): peak = 2000.715 ; gain = 878.801
Command: opt_design -directive Explore
INFO: [Vivado_Tcl 4-136] Directive used for opt_design is: Explore
Attempting to get a license for feature 'Implementation' and/or device 'xc7z020'
INFO: [Common 17-349] Got license for feature 'Implementation' and/or device 'xc7z020'
Running DRC as a precondition to command opt_design

Starting DRC Task
INFO: [DRC 23-27] Running DRC with 2 threads
INFO: [Project 1-461] DRC finished with 0 Errors
INFO: [Project 1-462] Please refer to the DRC report (report_drc) for more information.

Time (s): cpu = 00:00:02 ; elapsed = 00:00:01 . Memory (MB): peak = 2000.715 ; gain = 0.000

Starting Cache Timing Information Task
INFO: [Timing 38-35] Done setting XDC timing constraints.
Ending Cache Timing Information Task | Checksum: 1ed4807e5

Time (s): cpu = 00:00:04 ; elapsed = 00:00:02 . Memory (MB): peak = 2000.715 ; gain = 0.000

Starting Logic Optimization Task

Phase 1 Retarget
INFO: [Opt 31-138] Pushed 42 inverter(s) to 219 load pin(s).
INFO: [Opt 31-49] Retargeted 0 cell(s).
Phase 1 Retarget | Checksum: 1a2b54afa

Time (s): cpu = 00:00:04 ; elapsed = 00:00:03 . Memory (MB): peak = 2190.910 ; gain = 4.043
INFO: [Opt 31-389] Phase Retarget created 1 cells and removed 154 cells
INFO: [Opt 31-1021] In phase Retarget, 86 netlist objects are constrained preventing optimization. Please run opt_design with -debug_log to get more detail. 

Phase 2 Constant propagation
INFO: [Opt 31-138] Pushed 0 inverter(s) to 0 load pin(s).
Phase 2 Constant propagation | Checksum: 19e7723ed

Time (s): cpu = 00:00:05 ; elapsed = 00:00:04 . Memory (MB): peak = 2190.910 ; gain = 4.043
INFO: [Opt 31-389] Phase Constant propagation created 0 cells and removed 12 cells
INFO: [Opt 31-1021] In phase Constant propagation, 110 netlist objects are constrained preventing optimization. Please run opt_design with -debug_log to get more detail. 

Phase 3 Sweep
Phase 3 Sweep | Checksum: 1b249d004

Time (s): cpu = 00:00:06 ; elapsed = 00:00:05 . Memory (MB): peak = 2190.910 ; gain = 4.043
INFO: [Opt 31-389] Phase Sweep created 0 cells and removed 724 cells
INFO: [Opt 31-1021] In phase Sweep, 160 netlist objects are constrained preventing optimization. Please run opt_design with -debug_log to get more detail. 

Phase 4 BUFG optimization
Phase 4 BUFG optimization | Checksum: 1b249d004

Time (s): cpu = 00:00:08 ; elapsed = 00:00:07 . Memory (MB): peak = 2190.910 ; gain = 4.043
INFO: [Opt 31-662] Phase BUFG optimization created 0 cells of which 0 are BUFGs and removed 0 cells.

Phase 5 Shift Register Optimization
INFO: [Opt 31-1064] SRL Remap converted 0 SRLs to 0 registers and converted 0 registers of register chains to 0 SRLs
Phase 5 Shift Register Optimization | Checksum: 1b249d004

Time (s): cpu = 00:00:08 ; elapsed = 00:00:07 . Memory (MB): peak = 2190.910 ; gain = 4.043
INFO: [Opt 31-389] Phase Shift Register Optimization created 0 cells and removed 0 cells

Phase 6 Post Processing Netlist
Phase 6 Post Processing Netlist | Checksum: 1b249d004

Time (s): cpu = 00:00:08 ; elapsed = 00:00:07 . Memory (MB): peak = 2190.910 ; gain = 4.043
INFO: [Opt 31-389] Phase Post Processing Netlist created 0 cells and removed 0 cells
INFO: [Opt 31-1021] In phase Post Processing Netlist, 87 netlist objects are constrained preventing optimization. Please run opt_design with -debug_log to get more detail. 
Opt_design Change Summary
=========================


-------------------------------------------------------------------------------------------------------------------------
|  Phase                        |  #Cells created  |  #Cells Removed  |  #Constrained objects preventing optimizations  |
-------------------------------------------------------------------------------------------------------------------------
|  Retarget                     |               1  |             154  |                                             86  |
|  Constant propagation         |               0  |              12  |                                            110  |
|  Sweep                        |               0  |             724  |                                            160  |
|  BUFG optimization            |               0  |               0  |                                              0  |
|  Shift Register Optimization  |               0  |               0  |                                              0  |
|  Post Processing Netlist      |               0  |               0  |                                             87  |
-------------------------------------------------------------------------------------------------------------------------



Starting Connectivity Check Task

Time (s): cpu = 00:00:00 ; elapsed = 00:00:00.132 . Memory (MB): peak = 2190.910 ; gain = 0.000
Ending Logic Optimization Task | Checksum: 21003e6fa

Time (s): cpu = 00:00:09 ; elapsed = 00:00:08 . Memory (MB): peak = 2190.910 ; gain = 4.043

Starting Power Optimization Task
INFO: [Pwropt 34-132] Skipping clock gating for clocks with a period < 2.00 ns.
INFO: [Pwropt 34-9] Applying IDT optimizations ...
INFO: [Pwropt 34-10] Applying ODC optimizations ...
INFO: [Timing 38-35] Done setting XDC timing constraints.
Running Vector-less Activity Propagation...

Finished Running Vector-less Activity Propagation


Starting PowerOpt Patch Enables Task
INFO: [Pwropt 34-162] WRITE_MODE attribute of 15 BRAM(s) out of a total of 66 has been updated to save power. Run report_power_opt to get a complete listing of the BRAMs updated.
INFO: [Timing 38-35] Done setting XDC timing constraints.
INFO: [Pwropt 34-201] Structural ODC has moved 3 WE to EN ports
Number of BRAM Ports augmented: 15 newly gated: 3 Total Ports: 132
Ending PowerOpt Patch Enables Task | Checksum: 180556a78

Time (s): cpu = 00:00:03 ; elapsed = 00:00:03 . Memory (MB): peak = 2737.238 ; gain = 0.000
Ending Power Optimization Task | Checksum: 180556a78

Time (s): cpu = 00:00:21 ; elapsed = 00:00:12 . Memory (MB): peak = 2737.238 ; gain = 546.328

Starting Final Cleanup Task
Ending Final Cleanup Task | Checksum: 180556a78

Time (s): cpu = 00:00:00 ; elapsed = 00:00:00 . Memory (MB): peak = 2737.238 ; gain = 0.000

Starting Netlist Obfuscation Task
Netlist sorting complete. Time (s): cpu = 00:00:00 ; elapsed = 00:00:00.030 . Memory (MB): peak = 2737.238 ; gain = 0.000
Ending Netlist Obfuscation Task | Checksum: 2172231c8

Time (s): cpu = 00:00:00 ; elapsed = 00:00:00.031 . Memory (MB): peak = 2737.238 ; gain = 0.000
INFO: [Common 17-83] Releasing license: Implementation
41 Infos, 4 Warnings, 0 Critical Warnings and 0 Errors encountered.
opt_design completed successfully
opt_design: Time (s): cpu = 00:00:37 ; elapsed = 00:00:26 . Memory (MB): peak = 2737.238 ; gain = 736.523
INFO: [Timing 38-35] Done setting XDC timing constraints.
INFO: [Timing 38-480] Writing timing data to binary archive.
Writing placer database...
Writing XDEF routing.
Writing XDEF routing logical nets.
Writing XDEF routing special nets.
Write XDEF Complete: Time (s): cpu = 00:00:00 ; elapsed = 00:00:00.046 . Memory (MB): peak = 2737.238 ; gain = 0.000
INFO: [Common 17-1381] The checkpoint 'C:/Users/chris/FPGA_Projects/A-high-speed-data-acquisition-framework-main/AXI_DMA.runs/impl_1/top_opt.dcp' has been generated.
write_checkpoint: Time (s): cpu = 00:00:16 ; elapsed = 00:00:11 . Memory (MB): peak = 2737.238 ; gain = 0.000
INFO: [runtcl-4] Executing : report_drc -file top_drc_opted.rpt -pb top_drc_opted.pb -rpx top_drc_opted.rpx
Command: report_drc -file top_drc_opted.rpt -pb top_drc_opted.pb -rpx top_drc_opted.rpx
INFO: [IP_Flow 19-1839] IP Catalog is up to date.
INFO: [DRC 23-27] Running DRC with 2 threads
INFO: [Coretcl 2-168] The results of DRC are in file C:/Users/chris/FPGA_Projects/A-high-speed-data-acquisition-framework-main/AXI_DMA.runs/impl_1/top_drc_opted.rpt.
report_drc completed successfully
report_drc: Time (s): cpu = 00:00:13 ; elapsed = 00:00:07 . Memory (MB): peak = 2737.238 ; gain = 0.000
Command: place_design -directive Explore
Attempting to get a license for feature 'Implementation' and/or device 'xc7z020'
INFO: [Common 17-349] Got license for feature 'Implementation' and/or device 'xc7z020'
INFO: [DRC 23-27] Running DRC with 2 threads
INFO: [Vivado_Tcl 4-198] DRC finished with 0 Errors
INFO: [Vivado_Tcl 4-199] Please refer to the DRC report (report_drc) for more information.
Running DRC as a precondition to command place_design
INFO: [DRC 23-27] Running DRC with 2 threads
INFO: [Vivado_Tcl 4-198] DRC finished with 0 Errors
INFO: [Vivado_Tcl 4-199] Please refer to the DRC report (report_drc) for more information.

Starting Placer Task
INFO: [Place 46-5] The placer was invoked with the 'Explore' directive.
INFO: [Place 30-611] Multithreading enabled for place_design using a maximum of 2 CPUs

Phase 1 Placer Initialization

Phase 1.1 Placer Initialization Netlist Sorting
Netlist sorting complete. Time (s): cpu = 00:00:01 ; elapsed = 00:00:00.028 . Memory (MB): peak = 2737.238 ; gain = 0.000
Phase 1.1 Placer Initialization Netlist Sorting | Checksum: 12c634e02

Time (s): cpu = 00:00:01 ; elapsed = 00:00:00.050 . Memory (MB): peak = 2737.238 ; gain = 0.000
Netlist sorting complete. Time (s): cpu = 00:00:00 ; elapsed = 00:00:00.024 . Memory (MB): peak = 2737.238 ; gain = 0.000

Phase 1.2 IO Placement/ Clock Placement/ Build Placer Device
Phase 1.2 IO Placement/ Clock Placement/ Build Placer Device | Checksum: 1a65f4630

Time (s): cpu = 00:00:06 ; elapsed = 00:00:05 . Memory (MB): peak = 2737.238 ; gain = 0.000

Phase 1.3 Build Placer Netlist Model
Phase 1.3 Build Placer Netlist Model | Checksum: 21ceec1ad

Time (s): cpu = 00:00:26 ; elapsed = 00:00:19 . Memory (MB): peak = 2737.238 ; gain = 0.000

Phase 1.4 Constrain Clocks/Macros
Phase 1.4 Constrain Clocks/Macros | Checksum: 21ceec1ad

Time (s): cpu = 00:00:26 ; elapsed = 00:00:20 . Memory (MB): peak = 2737.238 ; gain = 0.000
Phase 1 Placer Initialization | Checksum: 21ceec1ad

Time (s): cpu = 00:00:27 ; elapsed = 00:00:20 . Memory (MB): peak = 2737.238 ; gain = 0.000

Phase 2 Global Placement

Phase 2.1 Floorplanning
Phase 2.1 Floorplanning | Checksum: 20632883f

Time (s): cpu = 00:00:33 ; elapsed = 00:00:24 . Memory (MB): peak = 2737.238 ; gain = 0.000

Phase 2.2 Update Timing before SLR Path Opt
Phase 2.2 Update Timing before SLR Path Opt | Checksum: 1e5cf7927

Time (s): cpu = 00:00:38 ; elapsed = 00:00:28 . Memory (MB): peak = 2737.238 ; gain = 0.000

Phase 2.3 Global Placement Core

Phase 2.3.1 Physical Synthesis In Placer
INFO: [Physopt 32-1035] Found 0 LUTNM shape to break, 1302 LUT instances to create LUTNM shape
INFO: [Physopt 32-1044] Break lutnm for timing: one critical 0, two critical 0, total 0, new lutff created 0
INFO: [Physopt 32-775] End 1 Pass. Optimized 533 nets or cells. Created 0 new cell, deleted 533 existing cells and moved 0 existing cell
INFO: [Physopt 32-76] Pass 1. Identified 1 candidate net for fanout optimization.
INFO: [Physopt 32-81] Processed net feature_engine_inst/output_word_reg_n_0_[0]. Replicated 48 times.
INFO: [Physopt 32-232] Optimized 1 net. Created 48 new instances.
INFO: [Physopt 32-775] End 1 Pass. Optimized 1 net or cell. Created 48 new cells, deleted 0 existing cell and moved 0 existing cell
Netlist sorting complete. Time (s): cpu = 00:00:00 ; elapsed = 00:00:00.363 . Memory (MB): peak = 2737.238 ; gain = 0.000
INFO: [Physopt 32-670] No setup violation found.  DSP Register Optimization was not performed.
INFO: [Physopt 32-670] No setup violation found.  Shift Register to Pipeline Optimization was not performed.
INFO: [Physopt 32-670] No setup violation found.  Shift Register Optimization was not performed.
INFO: [Physopt 32-670] No setup violation found.  BRAM Register Optimization was not performed.
INFO: [Physopt 32-670] No setup violation found.  URAM Register Optimization was not performed.
INFO: [Physopt 32-949] No candidate nets found for dynamic/static region interface net replication
INFO: [Physopt 32-775] End 1 Pass. Optimized 0 net or cell. Created 0 new cell, deleted 0 existing cell and moved 0 existing cell
Netlist sorting complete. Time (s): cpu = 00:00:00 ; elapsed = 00:00:00.027 . Memory (MB): peak = 2737.238 ; gain = 0.000

Summary of Physical Synthesis Optimizations
============================================


-----------------------------------------------------------------------------------------------------------------------------------------------------------
|  Optimization                                     |  Added Cells  |  Removed Cells  |  Optimized Cells/Nets  |  Dont Touch  |  Iterations  |  Elapsed   |
-----------------------------------------------------------------------------------------------------------------------------------------------------------
|  LUT Combining                                    |            0  |            533  |                   533  |           0  |           1  |  00:00:02  |
|  Very High Fanout                                 |           48  |              0  |                     1  |           0  |           1  |  00:00:03  |
|  DSP Register                                     |            0  |              0  |                     0  |           0  |           0  |  00:00:00  |
|  Shift Register to Pipeline                       |            0  |              0  |                     0  |           0  |           0  |  00:00:00  |
|  Shift Register                                   |            0  |              0  |                     0  |           0  |           0  |  00:00:00  |
|  BRAM Register                                    |            0  |              0  |                     0  |           0  |           0  |  00:00:00  |
|  URAM Register                                    |            0  |              0  |                     0  |           0  |           0  |  00:00:00  |
|  Dynamic/Static Region Interface Net Replication  |            0  |              0  |                     0  |           0  |           1  |  00:00:00  |
|  Total                                            |           48  |            533  |                   534  |           0  |           3  |  00:00:05  |
-----------------------------------------------------------------------------------------------------------------------------------------------------------


Phase 2.3.1 Physical Synthesis In Placer | Checksum: 1b30406d7

Time (s): cpu = 00:01:41 ; elapsed = 00:01:11 . Memory (MB): peak = 2737.238 ; gain = 0.000
Phase 2.3 Global Placement Core | Checksum: fe395928

Time (s): cpu = 00:01:48 ; elapsed = 00:01:16 . Memory (MB): peak = 2737.238 ; gain = 0.000
Phase 2 Global Placement | Checksum: fe395928

Time (s): cpu = 00:01:48 ; elapsed = 00:01:16 . Memory (MB): peak = 2737.238 ; gain = 0.000

Phase 3 Detail Placement

Phase 3.1 Commit Multi Column Macros
Phase 3.1 Commit Multi Column Macros | Checksum: 17222b044

Time (s): cpu = 00:01:55 ; elapsed = 00:01:20 . Memory (MB): peak = 2737.238 ; gain = 0.000

Phase 3.2 Commit Most Macros & LUTRAMs
Phase 3.2 Commit Most Macros & LUTRAMs | Checksum: 17610fdb1

Time (s): cpu = 00:02:04 ; elapsed = 00:01:27 . Memory (MB): peak = 2737.238 ; gain = 0.000

Phase 3.3 Area Swap Optimization
Phase 3.3 Area Swap Optimization | Checksum: 195f1fd39

Time (s): cpu = 00:02:05 ; elapsed = 00:01:28 . Memory (MB): peak = 2737.238 ; gain = 0.000

Phase 3.4 Pipeline Register Optimization
Phase 3.4 Pipeline Register Optimization | Checksum: 1b2130aa6

Time (s): cpu = 00:02:05 ; elapsed = 00:01:28 . Memory (MB): peak = 2737.238 ; gain = 0.000

Phase 3.5 Fast Optimization
Phase 3.5 Fast Optimization | Checksum: 1df45b397

Time (s): cpu = 00:02:15 ; elapsed = 00:01:34 . Memory (MB): peak = 2737.238 ; gain = 0.000

Phase 3.6 Small Shape Detail Placement
Phase 3.6 Small Shape Detail Placement | Checksum: 147fa5be5

Time (s): cpu = 00:02:52 ; elapsed = 00:02:13 . Memory (MB): peak = 2737.238 ; gain = 0.000

Phase 3.7 Re-assign LUT pins
Phase 3.7 Re-assign LUT pins | Checksum: 189a3a2af

Time (s): cpu = 00:02:54 ; elapsed = 00:02:16 . Memory (MB): peak = 2737.238 ; gain = 0.000

Phase 3.8 Pipeline Register Optimization
Phase 3.8 Pipeline Register Optimization | Checksum: 17409937c

Time (s): cpu = 00:02:55 ; elapsed = 00:02:17 . Memory (MB): peak = 2737.238 ; gain = 0.000
Phase 3 Detail Placement | Checksum: 17409937c

Time (s): cpu = 00:02:55 ; elapsed = 00:02:17 . Memory (MB): peak = 2737.238 ; gain = 0.000

Phase 4 Post Placement Optimization and Clean-Up

Phase 4.1 Post Commit Optimization
INFO: [Timing 38-35] Done setting XDC timing constraints.

Phase 4.1.1 Post Placement Optimization
Post Placement Optimization Initialization | Checksum: 12fa69a27

Phase 4.1.1.1 BUFG Insertion

Starting Physical Synthesis Task

Phase 1 Physical Synthesis Initialization
INFO: [Physopt 32-721] Multithreading enabled for phys_opt_design using a maximum of 2 CPUs
INFO: [Physopt 32-619] Estimated Timing Summary | WNS=0.111 | TNS=0.000 |
Phase 1 Physical Synthesis Initialization | Checksum: 1af0c7f4f

Time (s): cpu = 00:00:05 ; elapsed = 00:00:03 . Memory (MB): peak = 2737.238 ; gain = 0.000
INFO: [Place 46-33] Processed net zynq_u/System_i/daq_control_0/inst/clear, BUFG insertion was skipped due to placement/routing conflicts.
INFO: [Place 46-33] Processed net feature_engine_inst/sqrt_inst/core_reset_sync_reg[2]_2[0], BUFG insertion was skipped due to placement/routing conflicts.
INFO: [Place 46-56] BUFG insertion identified 2 candidate nets. Inserted BUFG: 0, Replicated BUFG Driver: 0, Skipped due to Placement/Routing Conflicts: 2, Skipped due to Timing Degradation: 0, Skipped due to Illegal Netlist: 0.
Ending Physical Synthesis Task | Checksum: 1d9a13474

Time (s): cpu = 00:00:06 ; elapsed = 00:00:04 . Memory (MB): peak = 2737.238 ; gain = 0.000
Phase 4.1.1.1 BUFG Insertion | Checksum: 12fa69a27

Time (s): cpu = 00:03:22 ; elapsed = 00:02:35 . Memory (MB): peak = 2737.238 ; gain = 0.000
INFO: [Place 30-746] Post Placement Timing Summary WNS=0.168. For the most accurate timing information please run report_timing.

Time (s): cpu = 00:03:47 ; elapsed = 00:02:52 . Memory (MB): peak = 2737.238 ; gain = 0.000
Phase 4.1 Post Commit Optimization | Checksum: 1828ae401

Time (s): cpu = 00:03:47 ; elapsed = 00:02:53 . Memory (MB): peak = 2737.238 ; gain = 0.000

Phase 4.2 Post Placement Cleanup
Phase 4.2 Post Placement Cleanup | Checksum: 1828ae401

Time (s): cpu = 00:03:48 ; elapsed = 00:02:53 . Memory (MB): peak = 2737.238 ; gain = 0.000

Phase 4.3 Placer Reporting

Phase 4.3.1 Print Estimated Congestion
INFO: [Place 30-612] Post-Placement Estimated Congestion 
 ____________________________________________________
|           | Global Congestion | Short Congestion  |
| Direction | Region Size       | Region Size       |
|___________|___________________|___________________|
|      North|                1x1|                4x4|
|___________|___________________|___________________|
|      South|                2x2|                4x4|
|___________|___________________|___________________|
|       East|                1x1|                4x4|
|___________|___________________|___________________|
|       West|                2x2|                4x4|
|___________|___________________|___________________|

Phase 4.3.1 Print Estimated Congestion | Checksum: 1828ae401

Time (s): cpu = 00:03:48 ; elapsed = 00:02:54 . Memory (MB): peak = 2737.238 ; gain = 0.000
Phase 4.3 Placer Reporting | Checksum: 1828ae401

Time (s): cpu = 00:03:49 ; elapsed = 00:02:54 . Memory (MB): peak = 2737.238 ; gain = 0.000

Phase 4.4 Final Placement Cleanup
Netlist sorting complete. Time (s): cpu = 00:00:00 ; elapsed = 00:00:00.032 . Memory (MB): peak = 2737.238 ; gain = 0.000

Time (s): cpu = 00:03:49 ; elapsed = 00:02:54 . Memory (MB): peak = 2737.238 ; gain = 0.000
Phase 4 Post Placement Optimization and Clean-Up | Checksum: 1d98d1959

Time (s): cpu = 00:03:49 ; elapsed = 00:02:55 . Memory (MB): peak = 2737.238 ; gain = 0.000
Ending Placer Task | Checksum: 1b2a5ed2b

Time (s): cpu = 00:03:49 ; elapsed = 00:02:55 . Memory (MB): peak = 2737.238 ; gain = 0.000
INFO: [Common 17-83] Releasing license: Implementation
80 Infos, 4 Warnings, 0 Critical Warnings and 0 Errors encountered.
place_design completed successfully
place_design: Time (s): cpu = 00:03:53 ; elapsed = 00:02:57 . Memory (MB): peak = 2737.238 ; gain = 0.000
INFO: [Timing 38-480] Writing timing data to binary archive.
Writing placer database...
Writing XDEF routing.
Writing XDEF routing logical nets.
Writing XDEF routing special nets.
Write XDEF Complete: Time (s): cpu = 00:00:16 ; elapsed = 00:00:05 . Memory (MB): peak = 2737.238 ; gain = 0.000
INFO: [Common 17-1381] The checkpoint 'C:/Users/chris/FPGA_Projects/A-high-speed-data-acquisition-framework-main/AXI_DMA.runs/impl_1/top_placed.dcp' has been generated.
write_checkpoint: Time (s): cpu = 00:00:20 ; elapsed = 00:00:11 . Memory (MB): peak = 2737.238 ; gain = 0.000
INFO: [runtcl-4] Executing : report_io -file top_io_placed.rpt
report_io: Time (s): cpu = 00:00:00 ; elapsed = 00:00:00.042 . Memory (MB): peak = 2737.238 ; gain = 0.000
INFO: [runtcl-4] Executing : report_utilization -file top_utilization_placed.rpt -pb top_utilization_placed.pb
INFO: [runtcl-4] Executing : report_control_sets -verbose -file top_control_sets_placed.rpt
report_control_sets: Time (s): cpu = 00:00:00 ; elapsed = 00:00:00.232 . Memory (MB): peak = 2737.238 ; gain = 0.000
Command: phys_opt_design -directive Explore
Attempting to get a license for feature 'Implementation' and/or device 'xc7z020'
INFO: [Common 17-349] Got license for feature 'Implementation' and/or device 'xc7z020'
INFO: [Vivado_Tcl 4-137] Directive used for phys_opt_design is: Explore
INFO: [Vivado_Tcl 4-383] Design worst setup slack (WNS) is greater than or equal to 0.000 ns. Skipping all physical synthesis optimizations.
INFO: [Vivado_Tcl 4-232] No setup violation found. The netlist was not modified.
INFO: [Common 17-83] Releasing license: Implementation
90 Infos, 4 Warnings, 0 Critical Warnings and 0 Errors encountered.
phys_opt_design completed successfully
phys_opt_design: Time (s): cpu = 00:00:19 ; elapsed = 00:00:11 . Memory (MB): peak = 2737.238 ; gain = 0.000
INFO: [Timing 38-480] Writing timing data to binary archive.
Writing placer database...
Writing XDEF routing.
Writing XDEF routing logical nets.
Writing XDEF routing special nets.
Write XDEF Complete: Time (s): cpu = 00:00:15 ; elapsed = 00:00:05 . Memory (MB): peak = 2737.238 ; gain = 0.000
INFO: [Common 17-1381] The checkpoint 'C:/Users/chris/FPGA_Projects/A-high-speed-data-acquisition-framework-main/AXI_DMA.runs/impl_1/top_physopt.dcp' has been generated.
write_checkpoint: Time (s): cpu = 00:00:21 ; elapsed = 00:00:11 . Memory (MB): peak = 2737.238 ; gain = 0.000
Command: route_design -directive Explore
Attempting to get a license for feature 'Implementation' and/or device 'xc7z020'
INFO: [Common 17-349] Got license for feature 'Implementation' and/or device 'xc7z020'
Running DRC as a precondition to command route_design
INFO: [DRC 23-27] Running DRC with 2 threads
INFO: [Vivado_Tcl 4-198] DRC finished with 0 Errors
INFO: [Vivado_Tcl 4-199] Please refer to the DRC report (report_drc) for more information.


Starting Routing Task
INFO: [Route 35-270] Using Router directive 'Explore'.
INFO: [Route 35-254] Multithreading enabled for route_design using a maximum of 2 CPUs
Checksum: PlaceDB: b8eb4a2d ConstDB: 0 ShapeSum: f9baa2fe RouteDB: 0

Phase 1 Build RT Design
Phase 1 Build RT Design | Checksum: 14b95b6e7

Time (s): cpu = 00:00:25 ; elapsed = 00:00:15 . Memory (MB): peak = 2778.219 ; gain = 35.637
Post Restoration Checksum: NetGraph: 9f9672f3 NumContArr: abff43f4 Constraints: 0 Timing: 0

Phase 2 Router Initialization

Phase 2.1 Create Timer
Phase 2.1 Create Timer | Checksum: 14b95b6e7

Time (s): cpu = 00:00:25 ; elapsed = 00:00:16 . Memory (MB): peak = 2778.219 ; gain = 35.637

Phase 2.2 Fix Topology Constraints
Phase 2.2 Fix Topology Constraints | Checksum: 14b95b6e7

Time (s): cpu = 00:00:26 ; elapsed = 00:00:17 . Memory (MB): peak = 2785.438 ; gain = 42.855

Phase 2.3 Pre Route Cleanup
Phase 2.3 Pre Route Cleanup | Checksum: 14b95b6e7

Time (s): cpu = 00:00:26 ; elapsed = 00:00:17 . Memory (MB): peak = 2785.438 ; gain = 42.855
 Number of Nodes with overlaps = 0

Phase 2.4 Update Timing
Phase 2.4 Update Timing | Checksum: e9868867

Time (s): cpu = 00:00:54 ; elapsed = 00:00:36 . Memory (MB): peak = 2836.996 ; gain = 94.414
INFO: [Route 35-416] Intermediate Timing Summary | WNS=0.359  | TNS=0.000  | WHS=-0.371 | THS=-1385.315|


Phase 2.5 Update Timing for Bus Skew

Phase 2.5.1 Update Timing
Phase 2.5.1 Update Timing | Checksum: 8a944664

Time (s): cpu = 00:01:20 ; elapsed = 00:00:52 . Memory (MB): peak = 2934.277 ; gain = 191.695
INFO: [Route 35-416] Intermediate Timing Summary | WNS=0.359  | TNS=0.000  | WHS=N/A    | THS=N/A    |

Phase 2.5 Update Timing for Bus Skew | Checksum: cece21b6

Time (s): cpu = 00:01:20 ; elapsed = 00:00:52 . Memory (MB): peak = 2934.277 ; gain = 191.695
Phase 2 Router Initialization | Checksum: d5204e8b

Time (s): cpu = 00:01:20 ; elapsed = 00:00:52 . Memory (MB): peak = 2934.277 ; gain = 191.695

Router Utilization Summary
  Global Vertical Routing Utilization    = 0 %
  Global Horizontal Routing Utilization  = 0 %
  Routable Net Status*
  *Does not include unroutable nets such as driverless and loadless.
  Run report_route_status for detailed report.
  Number of Failed Nets               = 68824
    (Failed Nets is the sum of unrouted and partially routed nets)
  Number of Unrouted Nets             = 68824
  Number of Partially Routed Nets     = 0
  Number of Node Overlaps             = 0


Phase 3 Initial Routing

Phase 3.1 Global Routing
Phase 3.1 Global Routing | Checksum: d5204e8b

Time (s): cpu = 00:01:21 ; elapsed = 00:00:53 . Memory (MB): peak = 2934.277 ; gain = 191.695
Phase 3 Initial Routing | Checksum: 23f8e0447

Time (s): cpu = 00:02:02 ; elapsed = 00:01:16 . Memory (MB): peak = 3026.535 ; gain = 283.953
INFO: [Route 35-580] Design has 1 pins with tight setup and hold constraints.

The top 5 pins with tight setup and hold constraints:

+--------------------------+--------------------------+----------------------------------------------------------------------------------------------------------+
|       Launch Clock       |      Capture Clock       |                                                 Pin                                                      |
+--------------------------+--------------------------+----------------------------------------------------------------------------------------------------------+
|               clk100_raw |                clk80_raw |                                                              adc_clock_generator_inst/divider_level_reg/D|
+--------------------------+--------------------------+----------------------------------------------------------------------------------------------------------+

File with complete list of pins: tight_setup_hold_pins.txt


Phase 4 Rip-up And Reroute

Phase 4.1 Global Iteration 0
 Number of Nodes with overlaps = 11062
 Number of Nodes with overlaps = 1391
 Number of Nodes with overlaps = 288
 Number of Nodes with overlaps = 72
 Number of Nodes with overlaps = 24
 Number of Nodes with overlaps = 5
 Number of Nodes with overlaps = 0
INFO: [Route 35-416] Intermediate Timing Summary | WNS=-0.020 | TNS=-0.176 | WHS=N/A    | THS=N/A    |

Phase 4.1 Global Iteration 0 | Checksum: 1dd97b1a1

Time (s): cpu = 00:03:54 ; elapsed = 00:02:44 . Memory (MB): peak = 3026.535 ; gain = 283.953

Phase 4.2 Global Iteration 1
 Number of Nodes with overlaps = 289
 Number of Nodes with overlaps = 58
 Number of Nodes with overlaps = 17
 Number of Nodes with overlaps = 6
 Number of Nodes with overlaps = 3
 Number of Nodes with overlaps = 1
 Number of Nodes with overlaps = 0
INFO: [Route 35-416] Intermediate Timing Summary | WNS=-0.176 | TNS=-0.176 | WHS=N/A    | THS=N/A    |

Phase 4.2 Global Iteration 1 | Checksum: 85e968c9

Time (s): cpu = 00:04:16 ; elapsed = 00:03:03 . Memory (MB): peak = 3026.535 ; gain = 283.953
Phase 4 Rip-up And Reroute | Checksum: 85e968c9

Time (s): cpu = 00:04:16 ; elapsed = 00:03:03 . Memory (MB): peak = 3026.535 ; gain = 283.953

Phase 5 Delay and Skew Optimization

Phase 5.1 Delay CleanUp

Phase 5.1.1 Update Timing
Phase 5.1.1 Update Timing | Checksum: 976dee1a

Time (s): cpu = 00:04:23 ; elapsed = 00:03:08 . Memory (MB): peak = 3026.535 ; gain = 283.953
INFO: [Route 35-416] Intermediate Timing Summary | WNS=-0.016 | TNS=-0.113 | WHS=N/A    | THS=N/A    |

Phase 5.1 Delay CleanUp | Checksum: b70c1068

Time (s): cpu = 00:04:24 ; elapsed = 00:03:09 . Memory (MB): peak = 3026.535 ; gain = 283.953

Phase 5.2 Clock Skew Optimization
Phase 5.2 Clock Skew Optimization | Checksum: b70c1068

Time (s): cpu = 00:04:24 ; elapsed = 00:03:09 . Memory (MB): peak = 3026.535 ; gain = 283.953
Phase 5 Delay and Skew Optimization | Checksum: b70c1068

Time (s): cpu = 00:04:25 ; elapsed = 00:03:09 . Memory (MB): peak = 3026.535 ; gain = 283.953

Phase 6 Post Hold Fix

Phase 6.1 Hold Fix Iter

Phase 6.1.1 Update Timing
Phase 6.1.1 Update Timing | Checksum: f8aa1d5b

Time (s): cpu = 00:04:32 ; elapsed = 00:03:15 . Memory (MB): peak = 3026.535 ; gain = 283.953
INFO: [Route 35-416] Intermediate Timing Summary | WNS=-0.016 | TNS=-0.113 | WHS=0.030  | THS=0.000  |

Phase 6.1 Hold Fix Iter | Checksum: 85ab7358

Time (s): cpu = 00:04:33 ; elapsed = 00:03:15 . Memory (MB): peak = 3026.535 ; gain = 283.953
Phase 6 Post Hold Fix | Checksum: 85ab7358

Time (s): cpu = 00:04:33 ; elapsed = 00:03:15 . Memory (MB): peak = 3026.535 ; gain = 283.953

Phase 7 Timing Verification

Phase 7.1 Update Timing
Phase 7.1 Update Timing | Checksum: 9caaec32

Time (s): cpu = 00:04:45 ; elapsed = 00:03:23 . Memory (MB): peak = 3026.535 ; gain = 283.953
INFO: [Route 35-416] Intermediate Timing Summary | WNS=-0.016 | TNS=-0.113 | WHS=N/A    | THS=N/A    |

Phase 7 Timing Verification | Checksum: 9caaec32

Time (s): cpu = 00:04:45 ; elapsed = 00:03:23 . Memory (MB): peak = 3026.535 ; gain = 283.953

Phase 8 Route finalize

Router Utilization Summary
  Global Vertical Routing Utilization    = 29.0678 %
  Global Horizontal Routing Utilization  = 31.6624 %
  Routable Net Status*
  *Does not include unroutable nets such as driverless and loadless.
  Run report_route_status for detailed report.
  Number of Failed Nets               = 0
    (Failed Nets is the sum of unrouted and partially routed nets)
  Number of Unrouted Nets             = 0
  Number of Partially Routed Nets     = 0
  Number of Node Overlaps             = 0

Congestion Report
North Dir 1x1 Area, Max Cong = 100%, Congestion bounded by tiles (Lower Left Tile -> Upper Right Tile):
   INT_L_X36Y121 -> INT_L_X36Y121
   INT_R_X51Y72 -> INT_R_X51Y72
   INT_R_X39Y70 -> INT_R_X39Y70
   INT_L_X52Y67 -> INT_L_X52Y67
   INT_R_X37Y62 -> INT_R_X37Y62
South Dir 1x1 Area, Max Cong = 90.0901%, Congestion bounded by tiles (Lower Left Tile -> Upper Right Tile):
   INT_R_X57Y120 -> INT_R_X57Y120
   INT_L_X54Y96 -> INT_L_X54Y96
   INT_R_X41Y92 -> INT_R_X41Y92
   INT_L_X60Y92 -> INT_L_X60Y92
   INT_R_X57Y91 -> INT_R_X57Y91
East Dir 1x1 Area, Max Cong = 91.1765%, Congestion bounded by tiles (Lower Left Tile -> Upper Right Tile):
   INT_L_X34Y120 -> INT_L_X34Y120
   INT_L_X36Y112 -> INT_L_X36Y112
   INT_R_X57Y72 -> INT_R_X57Y72
   INT_R_X15Y48 -> INT_R_X15Y48
   INT_L_X18Y48 -> INT_L_X18Y48
West Dir 2x2 Area, Max Cong = 85.2941%, Congestion bounded by tiles (Lower Left Tile -> Upper Right Tile):
   INT_L_X24Y16 -> INT_R_X25Y17

------------------------------
Reporting congestion hotspots
------------------------------
Direction: North
----------------
Congested clusters found at Level 0
Effective congestion level: 1 Aspect Ratio: 0.5 Sparse Ratio: 0.5
Direction: South
----------------
Congested clusters found at Level 0
Effective congestion level: 0 Aspect Ratio: 1 Sparse Ratio: 1
Direction: East
----------------
Congested clusters found at Level 0
Effective congestion level: 1 Aspect Ratio: 0.5 Sparse Ratio: 0.5
Direction: West
----------------
Congested clusters found at Level 0
Effective congestion level: 2 Aspect Ratio: 0.444444 Sparse Ratio: 0.875

Phase 8 Route finalize | Checksum: 9caaec32

Time (s): cpu = 00:04:45 ; elapsed = 00:03:23 . Memory (MB): peak = 3026.535 ; gain = 283.953

Phase 9 Verifying routed nets

 Verification completed successfully
Phase 9 Verifying routed nets | Checksum: 9caaec32

Time (s): cpu = 00:04:46 ; elapsed = 00:03:24 . Memory (MB): peak = 3026.535 ; gain = 283.953

Phase 10 Depositing Routes
Phase 10 Depositing Routes | Checksum: 11ab0067b

Time (s): cpu = 00:04:51 ; elapsed = 00:03:29 . Memory (MB): peak = 3026.535 ; gain = 283.953

Phase 11 Incr Placement Change
Netlist sorting complete. Time (s): cpu = 00:00:00 ; elapsed = 00:00:00.033 . Memory (MB): peak = 3026.535 ; gain = 0.000
INFO: [Place 30-746] Post Placement Timing Summary WNS=0.001. For the most accurate timing information please run report_timing.
Ending IncrPlace Task | Checksum: 15259efff

Time (s): cpu = 00:00:58 ; elapsed = 00:00:41 . Memory (MB): peak = 3029.441 ; gain = 2.906
Google Cpuprofiler is only supported on Linux.
Phase 11 Incr Placement Change | Checksum: 11ab0067b

Time (s): cpu = 00:05:50 ; elapsed = 00:04:12 . Memory (MB): peak = 3029.441 ; gain = 286.859

Phase 12 Build RT Design
Phase 12 Build RT Design | Checksum: d6f4bacc

Time (s): cpu = 00:05:57 ; elapsed = 00:04:17 . Memory (MB): peak = 3029.441 ; gain = 286.859
Post Restoration Checksum: NetGraph: 822793f0 NumContArr: 1e1a48e7 Constraints: 0 Timing: 0

Phase 13 Router Initialization

Phase 13.1 Create Timer
Phase 13.1 Create Timer | Checksum: a041dcd7

Time (s): cpu = 00:06:00 ; elapsed = 00:04:20 . Memory (MB): peak = 3029.441 ; gain = 286.859

Phase 13.2 Fix Topology Constraints
Phase 13.2 Fix Topology Constraints | Checksum: a041dcd7

Time (s): cpu = 00:06:00 ; elapsed = 00:04:21 . Memory (MB): peak = 3029.441 ; gain = 286.859

Phase 13.3 Pre Route Cleanup
Phase 13.3 Pre Route Cleanup | Checksum: 5d0023f8

Time (s): cpu = 00:06:01 ; elapsed = 00:04:21 . Memory (MB): peak = 3029.441 ; gain = 286.859
 Number of Nodes with overlaps = 0

Phase 13.4 Update Timing
Phase 13.4 Update Timing | Checksum: f0d858e4

Time (s): cpu = 00:06:35 ; elapsed = 00:04:44 . Memory (MB): peak = 3123.699 ; gain = 381.117
INFO: [Route 35-416] Intermediate Timing Summary | WNS=-0.002 | TNS=-0.002 | WHS=-0.371 | THS=-1381.690|


Phase 13.5 Update Timing for Bus Skew

Phase 13.5.1 Update Timing
Phase 13.5.1 Update Timing | Checksum: a65092e5

Time (s): cpu = 00:07:00 ; elapsed = 00:04:59 . Memory (MB): peak = 3246.203 ; gain = 503.621
INFO: [Route 35-416] Intermediate Timing Summary | WNS=-0.002 | TNS=0.000  | WHS=N/A    | THS=N/A    |

Phase 13.5 Update Timing for Bus Skew | Checksum: 18e487958

Time (s): cpu = 00:07:00 ; elapsed = 00:04:59 . Memory (MB): peak = 3246.203 ; gain = 503.621
Phase 13 Router Initialization | Checksum: 12b5cb020

Time (s): cpu = 00:07:01 ; elapsed = 00:05:00 . Memory (MB): peak = 3246.203 ; gain = 503.621

Router Utilization Summary
  Global Vertical Routing Utilization    = 29.0508 %
  Global Horizontal Routing Utilization  = 31.6408 %
  Routable Net Status*
  *Does not include unroutable nets such as driverless and loadless.
  Run report_route_status for detailed report.
  Number of Failed Nets               = 140
    (Failed Nets is the sum of unrouted and partially routed nets)
  Number of Unrouted Nets             = 82
  Number of Partially Routed Nets     = 58
  Number of Node Overlaps             = 0


Phase 14 Initial Routing

Phase 14.1 Global Routing
Phase 14.1 Global Routing | Checksum: 12b5cb020

Time (s): cpu = 00:07:01 ; elapsed = 00:05:00 . Memory (MB): peak = 3246.203 ; gain = 503.621
Phase 14 Initial Routing | Checksum: c72e7e1c

Time (s): cpu = 00:07:03 ; elapsed = 00:05:01 . Memory (MB): peak = 3246.203 ; gain = 503.621
INFO: [Route 35-580] Design has 7 pins with tight setup and hold constraints.

The top 5 pins with tight setup and hold constraints:

+--------------------------+--------------------------+----------------------------------------------------------------------------------------------------------+
|       Launch Clock       |      Capture Clock       |                                                 Pin                                                      |
+--------------------------+--------------------------+----------------------------------------------------------------------------------------------------------+
|               clk100_raw |                clk80_raw |                                                          adc_clock_generator_inst/rate_sel_sync1_reg[0]/D|
|               clk100_raw |                clk80_raw |                                                          adc_clock_generator_inst/rate_sel_sync1_reg[2]/D|
|               clk100_raw |                clk80_raw |                                                         adc_clock_generator_inst/divider_counter_reg[3]/D|
|               clk100_raw |                clk80_raw |                                                              adc_clock_generator_inst/divider_level_reg/D|
|               clk100_raw |                clk80_raw |                                                         adc_clock_generator_inst/divider_counter_reg[2]/D|
+--------------------------+--------------------------+----------------------------------------------------------------------------------------------------------+

File with complete list of pins: tight_setup_hold_pins.txt


Phase 15 Rip-up And Reroute

Phase 15.1 Global Iteration 0
 Number of Nodes with overlaps = 329
 Number of Nodes with overlaps = 180
 Number of Nodes with overlaps = 73
 Number of Nodes with overlaps = 23
 Number of Nodes with overlaps = 5
 Number of Nodes with overlaps = 0
INFO: [Route 35-416] Intermediate Timing Summary | WNS=-0.001 | TNS=-0.001 | WHS=N/A    | THS=N/A    |

Phase 15.1 Global Iteration 0 | Checksum: 16494c485

Time (s): cpu = 00:07:41 ; elapsed = 00:05:33 . Memory (MB): peak = 3254.961 ; gain = 512.379

Phase 15.2 Global Iteration 1
 Number of Nodes with overlaps = 286
 Number of Nodes with overlaps = 68
 Number of Nodes with overlaps = 19
 Number of Nodes with overlaps = 11
 Number of Nodes with overlaps = 5
 Number of Nodes with overlaps = 2
 Number of Nodes with overlaps = 2
 Number of Nodes with overlaps = 1
 Number of Nodes with overlaps = 0
INFO: [Route 35-416] Intermediate Timing Summary | WNS=0.136  | TNS=0.000  | WHS=N/A    | THS=N/A    |

Phase 15.2 Global Iteration 1 | Checksum: 1fdcfd81d

Time (s): cpu = 00:08:06 ; elapsed = 00:05:55 . Memory (MB): peak = 3260.590 ; gain = 518.008
Phase 15 Rip-up And Reroute | Checksum: 1fdcfd81d

Time (s): cpu = 00:08:06 ; elapsed = 00:05:56 . Memory (MB): peak = 3260.590 ; gain = 518.008

Phase 16 Delay and Skew Optimization

Phase 16.1 Delay CleanUp
Phase 16.1 Delay CleanUp | Checksum: 1fdcfd81d

Time (s): cpu = 00:08:06 ; elapsed = 00:05:56 . Memory (MB): peak = 3260.590 ; gain = 518.008

Phase 16.2 Clock Skew Optimization
Phase 16.2 Clock Skew Optimization | Checksum: 1fdcfd81d

Time (s): cpu = 00:08:06 ; elapsed = 00:05:56 . Memory (MB): peak = 3260.590 ; gain = 518.008
Phase 16 Delay and Skew Optimization | Checksum: 1fdcfd81d

Time (s): cpu = 00:08:07 ; elapsed = 00:05:56 . Memory (MB): peak = 3260.590 ; gain = 518.008

Phase 17 Post Hold Fix

Phase 17.1 Hold Fix Iter

Phase 17.1.1 Update Timing
Phase 17.1.1 Update Timing | Checksum: 2a935f095

Time (s): cpu = 00:08:14 ; elapsed = 00:06:02 . Memory (MB): peak = 3260.590 ; gain = 518.008
INFO: [Route 35-416] Intermediate Timing Summary | WNS=0.140  | TNS=0.000  | WHS=0.030  | THS=0.000  |

Phase 17.1 Hold Fix Iter | Checksum: 1ec1d53cb

Time (s): cpu = 00:08:15 ; elapsed = 00:06:02 . Memory (MB): peak = 3260.590 ; gain = 518.008
Phase 17 Post Hold Fix | Checksum: 1ec1d53cb

Time (s): cpu = 00:08:15 ; elapsed = 00:06:02 . Memory (MB): peak = 3260.590 ; gain = 518.008

Phase 18 Timing Verification

Phase 18.1 Update Timing
Phase 18.1 Update Timing | Checksum: 28195a8a0

Time (s): cpu = 00:08:27 ; elapsed = 00:06:10 . Memory (MB): peak = 3260.590 ; gain = 518.008
INFO: [Route 35-416] Intermediate Timing Summary | WNS=0.140  | TNS=0.000  | WHS=N/A    | THS=N/A    |

Phase 18 Timing Verification | Checksum: 28195a8a0

Time (s): cpu = 00:08:27 ; elapsed = 00:06:10 . Memory (MB): peak = 3260.590 ; gain = 518.008

Phase 19 Route finalize

Router Utilization Summary
  Global Vertical Routing Utilization    = 29.0316 %
  Global Horizontal Routing Utilization  = 31.6691 %
  Routable Net Status*
  *Does not include unroutable nets such as driverless and loadless.
  Run report_route_status for detailed report.
  Number of Failed Nets               = 0
    (Failed Nets is the sum of unrouted and partially routed nets)
  Number of Unrouted Nets             = 0
  Number of Partially Routed Nets     = 0
  Number of Node Overlaps             = 0

Phase 19 Route finalize | Checksum: 28195a8a0

Time (s): cpu = 00:08:27 ; elapsed = 00:06:11 . Memory (MB): peak = 3260.590 ; gain = 518.008

Phase 20 Verifying routed nets

 Verification completed successfully
Phase 20 Verifying routed nets | Checksum: 28195a8a0

Time (s): cpu = 00:08:28 ; elapsed = 00:06:11 . Memory (MB): peak = 3260.590 ; gain = 518.008

Phase 21 Depositing Routes
Phase 21 Depositing Routes | Checksum: 228c4f538

Time (s): cpu = 00:08:33 ; elapsed = 00:06:16 . Memory (MB): peak = 3260.590 ; gain = 518.008

Phase 22 Post Router Timing
INFO: [Route 35-20] Post Routing Timing Summary | WNS=0.140  | TNS=0.000  | WHS=0.029  | THS=0.000  |

Phase 22 Post Router Timing | Checksum: 1aa4ec186

Time (s): cpu = 00:08:58 ; elapsed = 00:06:31 . Memory (MB): peak = 3260.590 ; gain = 518.008
INFO: [Route 35-61] The design met the timing requirement.
INFO: [Route 72-16] Aggressive Explore Summary
+------+--------+--------+-------+-----+--------+--------------+-------------------+
| Pass |  WNS   |  TNS   |  WHS  | THS | Status | Elapsed Time | Solution Selected |
+------+--------+--------+-------+-----+--------+--------------+-------------------+
|  1   | -0.016 | -0.113 | 0.030 |  -  |  Pass  |   00:03:13   |                   |
+------+--------+--------+-------+-----+--------+--------------+-------------------+
|  2   | 0.140  | 0.000  | 0.030 |  -  |  Pass  |   00:01:56   |         x         |
+------+--------+--------+-------+-----+--------+--------------+-------------------+

INFO: [Route 35-16] Router Completed Successfully

Time (s): cpu = 00:08:58 ; elapsed = 00:06:31 . Memory (MB): peak = 3260.590 ; gain = 518.008

Routing Is Done.
INFO: [Common 17-83] Releasing license: Implementation
119 Infos, 4 Warnings, 0 Critical Warnings and 0 Errors encountered.
route_design completed successfully
route_design: Time (s): cpu = 00:09:10 ; elapsed = 00:06:38 . Memory (MB): peak = 3260.590 ; gain = 523.352
INFO: [Timing 38-480] Writing timing data to binary archive.
Writing placer database...
Writing XDEF routing.
Writing XDEF routing logical nets.
Writing XDEF routing special nets.
Write XDEF Complete: Time (s): cpu = 00:00:18 ; elapsed = 00:00:06 . Memory (MB): peak = 3260.590 ; gain = 0.000
INFO: [Common 17-1381] The checkpoint 'C:/Users/chris/FPGA_Projects/A-high-speed-data-acquisition-framework-main/AXI_DMA.runs/impl_1/top_routed.dcp' has been generated.
write_checkpoint: Time (s): cpu = 00:00:22 ; elapsed = 00:00:11 . Memory (MB): peak = 3260.590 ; gain = 0.000
INFO: [runtcl-4] Executing : report_drc -file top_drc_routed.rpt -pb top_drc_routed.pb -rpx top_drc_routed.rpx
Command: report_drc -file top_drc_routed.rpt -pb top_drc_routed.pb -rpx top_drc_routed.rpx
INFO: [IP_Flow 19-1839] IP Catalog is up to date.
INFO: [DRC 23-27] Running DRC with 2 threads
INFO: [Coretcl 2-168] The results of DRC are in file C:/Users/chris/FPGA_Projects/A-high-speed-data-acquisition-framework-main/AXI_DMA.runs/impl_1/top_drc_routed.rpt.
report_drc completed successfully
report_drc: Time (s): cpu = 00:00:36 ; elapsed = 00:00:19 . Memory (MB): peak = 3260.590 ; gain = 0.000
INFO: [runtcl-4] Executing : report_methodology -file top_methodology_drc_routed.rpt -pb top_methodology_drc_routed.pb -rpx top_methodology_drc_routed.rpx
Command: report_methodology -file top_methodology_drc_routed.rpt -pb top_methodology_drc_routed.pb -rpx top_methodology_drc_routed.rpx
INFO: [Timing 38-35] Done setting XDC timing constraints.
INFO: [DRC 23-133] Running Methodology with 2 threads
INFO: [Coretcl 2-1520] The results of Report Methodology are in file C:/Users/chris/FPGA_Projects/A-high-speed-data-acquisition-framework-main/AXI_DMA.runs/impl_1/top_methodology_drc_routed.rpt.
report_methodology completed successfully
report_methodology: Time (s): cpu = 00:00:32 ; elapsed = 00:00:19 . Memory (MB): peak = 3260.590 ; gain = 0.000
INFO: [runtcl-4] Executing : report_power -file top_power_routed.rpt -pb top_power_summary_routed.pb -rpx top_power_routed.rpx
Command: report_power -file top_power_routed.rpt -pb top_power_summary_routed.pb -rpx top_power_routed.rpx
INFO: [Timing 38-35] Done setting XDC timing constraints.
Running Vector-less Activity Propagation...

Finished Running Vector-less Activity Propagation
WARNING: [Power 33-332] Found switching activity that implies high-fanout reset nets being asserted for excessive periods of time which may result in inaccurate power analysis.
Resolution: To review and fix problems, please run Power Constraints Advisor in the GUI from Tools > Power Constraints Advisor or run report_power with the -advisory option to generate a text report.
131 Infos, 5 Warnings, 0 Critical Warnings and 0 Errors encountered.
report_power completed successfully
report_power: Time (s): cpu = 00:00:34 ; elapsed = 00:00:20 . Memory (MB): peak = 3260.590 ; gain = 0.000
INFO: [runtcl-4] Executing : report_route_status -file top_route_status.rpt -pb top_route_status.pb
INFO: [runtcl-4] Executing : report_timing_summary -max_paths 10 -file top_timing_summary_routed.rpt -pb top_timing_summary_routed.pb -rpx top_timing_summary_routed.rpx -warn_on_violation 
INFO: [Timing 38-91] UpdateTimingParams: Speed grade: -2, Delay Type: min_max.
INFO: [Timing 38-191] Multithreading enabled for timing update using a maximum of 2 CPUs
WARNING: [Timing 38-436] There are set_bus_skew constraint(s) in this design. Please run report_bus_skew to ensure that bus skew requirements are met.
INFO: [runtcl-4] Executing : report_incremental_reuse -file top_incremental_reuse_routed.rpt
INFO: [Vivado_Tcl 4-1062] Incremental flow is disabled. No incremental reuse Info to report.
INFO: [runtcl-4] Executing : report_clock_utilization -file top_clock_utilization_routed.rpt
INFO: [runtcl-4] Executing : report_bus_skew -warn_on_violation -file top_bus_skew_routed.rpt -pb top_bus_skew_routed.pb -rpx top_bus_skew_routed.rpx
INFO: [Timing 38-91] UpdateTimingParams: Speed grade: -2, Delay Type: min_max.
INFO: [Timing 38-191] Multithreading enabled for timing update using a maximum of 2 CPUs
INFO: [Memdata 28-167] Found XPM memory block zynq_u/System_i/scope_smc/inst/s01_nodes/s01_w_node/inst/inst_mi_handler/gen_normal_area.inst_fifo_node_payld/gen_xpm_memory_fifo.inst_fifo/gen_mem_rep[0].inst_xpm_memory/xpm_memory_base_inst with a P_MEMORY_PRIMITIVE property set to distributed. A value of block is required. You will not be able to use the updatemem program to update the bitstream with new data for the zynq_u/System_i/scope_smc/inst/s01_nodes/s01_w_node/inst/inst_mi_handler/gen_normal_area.inst_fifo_node_payld/gen_xpm_memory_fifo.inst_fifo/gen_mem_rep[0].inst_xpm_memory/xpm_memory_base_inst block.
INFO: [Memdata 28-167] Found XPM memory block zynq_u/System_i/scope_smc/inst/s01_nodes/s01_w_node/inst/inst_mi_handler/gen_normal_area.gen_fifo_req.inst_fifo_req/gen_xpm_memory_fifo.inst_fifo/gen_mem_rep[0].inst_xpm_memory/xpm_memory_base_inst with a P_MEMORY_PRIMITIVE property set to distributed. A value of block is required. You will not be able to use the updatemem program to update the bitstream with new data for the zynq_u/System_i/scope_smc/inst/s01_nodes/s01_w_node/inst/inst_mi_handler/gen_normal_area.gen_fifo_req.inst_fifo_req/gen_xpm_memory_fifo.inst_fifo/gen_mem_rep[0].inst_xpm_memory/xpm_memory_base_inst block.
INFO: [Memdata 28-167] Found XPM memory block zynq_u/System_i/scope_smc/inst/s01_nodes/s01_r_node/inst/inst_mi_handler/gen_normal_area.inst_fifo_node_payld/gen_xpm_memory_fifo.inst_fifo/gen_mem_rep[0].inst_xpm_memory/xpm_memory_base_inst with a P_MEMORY_PRIMITIVE property set to distributed. A value of block is required. You will not be able to use the updatemem program to update the bitstream with new data for the zynq_u/System_i/scope_smc/inst/s01_nodes/s01_r_node/inst/inst_mi_handler/gen_normal_area.inst_fifo_node_payld/gen_xpm_memory_fifo.inst_fifo/gen_mem_rep[0].inst_xpm_memory/xpm_memory_base_inst block.
INFO: [Memdata 28-167] Found XPM memory block zynq_u/System_i/scope_smc/inst/s01_nodes/s01_b_node/inst/inst_mi_handler/gen_normal_area.inst_fifo_node_payld/gen_xpm_memory_fifo.inst_fifo/gen_mem_rep[0].inst_xpm_memory/xpm_memory_base_inst with a P_MEMORY_PRIMITIVE property set to distributed. A value of block is required. You will not be able to use the updatemem program to update the bitstream with new data for the zynq_u/System_i/scope_smc/inst/s01_nodes/s01_b_node/inst/inst_mi_handler/gen_normal_area.inst_fifo_node_payld/gen_xpm_memory_fifo.inst_fifo/gen_mem_rep[0].inst_xpm_memory/xpm_memory_base_inst block.
INFO: [Memdata 28-167] Found XPM memory block zynq_u/System_i/scope_smc/inst/s01_nodes/s01_aw_node/inst/inst_mi_handler/gen_normal_area.inst_fifo_node_payld/gen_xpm_memory_fifo.inst_fifo/gen_mem_rep[0].inst_xpm_memory/xpm_memory_base_inst with a P_MEMORY_PRIMITIVE property set to distributed. A value of block is required. You will not be able to use the updatemem program to update the bitstream with new data for the zynq_u/System_i/scope_smc/inst/s01_nodes/s01_aw_node/inst/inst_mi_handler/gen_normal_area.inst_fifo_node_payld/gen_xpm_memory_fifo.inst_fifo/gen_mem_rep[0].inst_xpm_memory/xpm_memory_base_inst block.
INFO: [Memdata 28-167] Found XPM memory block zynq_u/System_i/scope_smc/inst/s01_nodes/s01_ar_node/inst/inst_mi_handler/gen_normal_area.inst_fifo_node_payld/gen_xpm_memory_fifo.inst_fifo/gen_mem_rep[0].inst_xpm_memory/xpm_memory_base_inst with a P_MEMORY_PRIMITIVE property set to distributed. A value of block is required. You will not be able to use the updatemem program to update the bitstream with new data for the zynq_u/System_i/scope_smc/inst/s01_nodes/s01_ar_node/inst/inst_mi_handler/gen_normal_area.inst_fifo_node_payld/gen_xpm_memory_fifo.inst_fifo/gen_mem_rep[0].inst_xpm_memory/xpm_memory_base_inst block.
INFO: [Memdata 28-167] Found XPM memory block zynq_u/System_i/scope_smc/inst/s00_nodes/s00_w_node/inst/inst_mi_handler/gen_normal_area.inst_fifo_node_payld/gen_xpm_memory_fifo.inst_fifo/gen_mem_rep[0].inst_xpm_memory/xpm_memory_base_inst with a P_MEMORY_PRIMITIVE property set to distributed. A value of block is required. You will not be able to use the updatemem program to update the bitstream with new data for the zynq_u/System_i/scope_smc/inst/s00_nodes/s00_w_node/inst/inst_mi_handler/gen_normal_area.inst_fifo_node_payld/gen_xpm_memory_fifo.inst_fifo/gen_mem_rep[0].inst_xpm_memory/xpm_memory_base_inst block.
INFO: [Memdata 28-167] Found XPM memory block zynq_u/System_i/scope_smc/inst/s00_nodes/s00_w_node/inst/inst_mi_handler/gen_normal_area.gen_fifo_req.inst_fifo_req/gen_xpm_memory_fifo.inst_fifo/gen_mem_rep[0].inst_xpm_memory/xpm_memory_base_inst with a P_MEMORY_PRIMITIVE property set to distributed. A value of block is required. You will not be able to use the updatemem program to update the bitstream with new data for the zynq_u/System_i/scope_smc/inst/s00_nodes/s00_w_node/inst/inst_mi_handler/gen_normal_area.gen_fifo_req.inst_fifo_req/gen_xpm_memory_fifo.inst_fifo/gen_mem_rep[0].inst_xpm_memory/xpm_memory_base_inst block.
INFO: [Memdata 28-167] Found XPM memory block zynq_u/System_i/scope_smc/inst/s00_nodes/s00_b_node/inst/inst_mi_handler/gen_normal_area.inst_fifo_node_payld/gen_xpm_memory_fifo.inst_fifo/gen_mem_rep[0].inst_xpm_memory/xpm_memory_base_inst with a P_MEMORY_PRIMITIVE property set to distributed. A value of block is required. You will not be able to use the updatemem program to update the bitstream with new data for the zynq_u/System_i/scope_smc/inst/s00_nodes/s00_b_node/inst/inst_mi_handler/gen_normal_area.inst_fifo_node_payld/gen_xpm_memory_fifo.inst_fifo/gen_mem_rep[0].inst_xpm_memory/xpm_memory_base_inst block.
INFO: [Memdata 28-167] Found XPM memory block zynq_u/System_i/scope_smc/inst/s00_nodes/s00_aw_node/inst/inst_mi_handler/gen_normal_area.inst_fifo_node_payld/gen_xpm_memory_fifo.inst_fifo/gen_mem_rep[0].inst_xpm_memory/xpm_memory_base_inst with a P_MEMORY_PRIMITIVE property set to distributed. A value of block is required. You will not be able to use the updatemem program to update the bitstream with new data for the zynq_u/System_i/scope_smc/inst/s00_nodes/s00_aw_node/inst/inst_mi_handler/gen_normal_area.inst_fifo_node_payld/gen_xpm_memory_fifo.inst_fifo/gen_mem_rep[0].inst_xpm_memory/xpm_memory_base_inst block.
INFO: [Memdata 28-167] Found XPM memory block zynq_u/System_i/scope_smc/inst/m00_nodes/m00_w_node/inst/inst_si_handler/gen_si_handler.gen_request_fifos.gen_req_fifo[1].inst_req_fifo/gen_xpm_memory_fifo.inst_fifo/gen_mem_rep[0].inst_xpm_memory/xpm_memory_base_inst with a P_MEMORY_PRIMITIVE property set to distributed. A value of block is required. You will not be able to use the updatemem program to update the bitstream with new data for the zynq_u/System_i/scope_smc/inst/m00_nodes/m00_w_node/inst/inst_si_handler/gen_si_handler.gen_request_fifos.gen_req_fifo[1].inst_req_fifo/gen_xpm_memory_fifo.inst_fifo/gen_mem_rep[0].inst_xpm_memory/xpm_memory_base_inst block.
INFO: [Memdata 28-167] Found XPM memory block zynq_u/System_i/scope_smc/inst/m00_nodes/m00_w_node/inst/inst_si_handler/gen_si_handler.gen_request_fifos.gen_req_fifo[0].inst_req_fifo/gen_xpm_memory_fifo.inst_fifo/gen_mem_rep[0].inst_xpm_memory/xpm_memory_base_inst with a P_MEMORY_PRIMITIVE property set to distributed. A value of block is required. You will not be able to use the updatemem program to update the bitstream with new data for the zynq_u/System_i/scope_smc/inst/m00_nodes/m00_w_node/inst/inst_si_handler/gen_si_handler.gen_request_fifos.gen_req_fifo[0].inst_req_fifo/gen_xpm_memory_fifo.inst_fifo/gen_mem_rep[0].inst_xpm_memory/xpm_memory_base_inst block.
INFO: [Memdata 28-167] Found XPM memory block zynq_u/System_i/scope_smc/inst/m00_nodes/m00_w_node/inst/inst_mi_handler/gen_normal_area.inst_fifo_node_payld/gen_xpm_memory_fifo.inst_fifo/gen_mem_rep[0].inst_xpm_memory/xpm_memory_base_inst with a P_MEMORY_PRIMITIVE property set to distributed. A value of block is required. You will not be able to use the updatemem program to update the bitstream with new data for the zynq_u/System_i/scope_smc/inst/m00_nodes/m00_w_node/inst/inst_mi_handler/gen_normal_area.inst_fifo_node_payld/gen_xpm_memory_fifo.inst_fifo/gen_mem_rep[0].inst_xpm_memory/xpm_memory_base_inst block.
INFO: [Memdata 28-167] Found XPM memory block zynq_u/System_i/scope_smc/inst/m00_nodes/m00_r_node/inst/inst_mi_handler/gen_normal_area.inst_fifo_node_payld/gen_xpm_memory_fifo.inst_fifo/gen_mem_rep[0].inst_xpm_memory/xpm_memory_base_inst with a P_MEMORY_PRIMITIVE property set to distributed. A value of block is required. You will not be able to use the updatemem program to update the bitstream with new data for the zynq_u/System_i/scope_smc/inst/m00_nodes/m00_r_node/inst/inst_mi_handler/gen_normal_area.inst_fifo_node_payld/gen_xpm_memory_fifo.inst_fifo/gen_mem_rep[0].inst_xpm_memory/xpm_memory_base_inst block.
INFO: [Memdata 28-167] Found XPM memory block zynq_u/System_i/scope_smc/inst/m00_nodes/m00_r_node/inst/inst_mi_handler/gen_normal_area.gen_fifo_req.inst_fifo_req/gen_xpm_memory_fifo.inst_fifo/gen_mem_rep[0].inst_xpm_memory/xpm_memory_base_inst with a P_MEMORY_PRIMITIVE property set to distributed. A value of block is required. You will not be able to use the updatemem program to update the bitstream with new data for the zynq_u/System_i/scope_smc/inst/m00_nodes/m00_r_node/inst/inst_mi_handler/gen_normal_area.gen_fifo_req.inst_fifo_req/gen_xpm_memory_fifo.inst_fifo/gen_mem_rep[0].inst_xpm_memory/xpm_memory_base_inst block.
INFO: [Memdata 28-167] Found XPM memory block zynq_u/System_i/scope_smc/inst/m00_nodes/m00_b_node/inst/inst_mi_handler/gen_normal_area.inst_fifo_node_payld/gen_xpm_memory_fifo.inst_fifo/gen_mem_rep[0].inst_xpm_memory/xpm_memory_base_inst with a P_MEMORY_PRIMITIVE property set to distributed. A value of block is required. You will not be able to use the updatemem program to update the bitstream with new data for the zynq_u/System_i/scope_smc/inst/m00_nodes/m00_b_node/inst/inst_mi_handler/gen_normal_area.inst_fifo_node_payld/gen_xpm_memory_fifo.inst_fifo/gen_mem_rep[0].inst_xpm_memory/xpm_memory_base_inst block.
INFO: [Memdata 28-167] Found XPM memory block zynq_u/System_i/scope_smc/inst/m00_nodes/m00_b_node/inst/inst_mi_handler/gen_normal_area.gen_fifo_req.inst_fifo_req/gen_xpm_memory_fifo.inst_fifo/gen_mem_rep[0].inst_xpm_memory/xpm_memory_base_inst with a P_MEMORY_PRIMITIVE property set to distributed. A value of block is required. You will not be able to use the updatemem program to update the bitstream with new data for the zynq_u/System_i/scope_smc/inst/m00_nodes/m00_b_node/inst/inst_mi_handler/gen_normal_area.gen_fifo_req.inst_fifo_req/gen_xpm_memory_fifo.inst_fifo/gen_mem_rep[0].inst_xpm_memory/xpm_memory_base_inst block.
INFO: [Memdata 28-167] Found XPM memory block zynq_u/System_i/scope_smc/inst/m00_nodes/m00_aw_node/inst/inst_mi_handler/gen_normal_area.inst_fifo_node_payld/gen_xpm_memory_fifo.inst_fifo/gen_mem_rep[0].inst_xpm_memory/xpm_memory_base_inst with a P_MEMORY_PRIMITIVE property set to distributed. A value of block is required. You will not be able to use the updatemem program to update the bitstream with new data for the zynq_u/System_i/scope_smc/inst/m00_nodes/m00_aw_node/inst/inst_mi_handler/gen_normal_area.inst_fifo_node_payld/gen_xpm_memory_fifo.inst_fifo/gen_mem_rep[0].inst_xpm_memory/xpm_memory_base_inst block.
INFO: [Memdata 28-167] Found XPM memory block zynq_u/System_i/scope_smc/inst/m00_nodes/m00_ar_node/inst/inst_mi_handler/gen_normal_area.inst_fifo_node_payld/gen_xpm_memory_fifo.inst_fifo/gen_mem_rep[0].inst_xpm_memory/xpm_memory_base_inst with a P_MEMORY_PRIMITIVE property set to distributed. A value of block is required. You will not be able to use the updatemem program to update the bitstream with new data for the zynq_u/System_i/scope_smc/inst/m00_nodes/m00_ar_node/inst/inst_mi_handler/gen_normal_area.inst_fifo_node_payld/gen_xpm_memory_fifo.inst_fifo/gen_mem_rep[0].inst_xpm_memory/xpm_memory_base_inst block.
INFO: [Memdata 28-167] Found XPM memory block zynq_u/System_i/scope_dma_1/U0/I_PRMRY_DATAMOVER/GEN_S2MM_FULL.I_S2MM_FULL_WRAPPER/GEN_ENABLE_INDET_BTT_SF.I_INDET_BTT/I_XD_FIFO/NON_BLK_MEM.I_SYNC_FIFOGEN_FIFO/xpm_fifo_instance.xpm_fifo_sync_inst/xpm_fifo_base_inst/gen_sdpram.xpm_memory_base_inst with a P_MEMORY_PRIMITIVE property set to auto. A value of block is required. You will not be able to use the updatemem program to update the bitstream with new data for the zynq_u/System_i/scope_dma_1/U0/I_PRMRY_DATAMOVER/GEN_S2MM_FULL.I_S2MM_FULL_WRAPPER/GEN_ENABLE_INDET_BTT_SF.I_INDET_BTT/I_XD_FIFO/NON_BLK_MEM.I_SYNC_FIFOGEN_FIFO/xpm_fifo_instance.xpm_fifo_sync_inst/xpm_fifo_base_inst/gen_sdpram.xpm_memory_base_inst block.
INFO: [Memdata 28-208] The XPM instance: <zynq_u/System_i/scope_dma_1/U0/I_PRMRY_DATAMOVER/GEN_S2MM_FULL.I_S2MM_FULL_WRAPPER/GEN_ENABLE_INDET_BTT_SF.I_INDET_BTT/I_DATA_FIFO/BLK_MEM.I_SYNC_FIFOGEN_FIFO/xpm_fifo_instance.xpm_fifo_sync_inst/xpm_fifo_base_inst/gen_sdpram.xpm_memory_base_inst> is part of IP: <zynq_u/System_i/scope_dma_1>. This XPM instance will be excluded from the .mmi because updatemem is prohibited from making changes to an XPM that is part of an IP.
INFO: [Memdata 28-167] Found XPM memory block zynq_u/System_i/scope_axis_cdc/inst/gen_async_conv.axisc_async_clock_converter_0/xpm_fifo_async_inst/gnuram_async_fifo.xpm_fifo_base_inst/gen_sdpram.xpm_memory_base_inst with a P_MEMORY_PRIMITIVE property set to distributed. A value of block is required. You will not be able to use the updatemem program to update the bitstream with new data for the zynq_u/System_i/scope_axis_cdc/inst/gen_async_conv.axisc_async_clock_converter_0/xpm_fifo_async_inst/gnuram_async_fifo.xpm_fifo_base_inst/gen_sdpram.xpm_memory_base_inst block.
INFO: [Memdata 28-167] Found XPM memory block zynq_u/System_i/DMA/axi_smc/inst/s01_nodes/s01_w_node/inst/inst_mi_handler/gen_normal_area.inst_fifo_node_payld/gen_xpm_memory_fifo.inst_fifo/gen_mem_rep[0].inst_xpm_memory/xpm_memory_base_inst with a P_MEMORY_PRIMITIVE property set to distributed. A value of block is required. You will not be able to use the updatemem program to update the bitstream with new data for the zynq_u/System_i/DMA/axi_smc/inst/s01_nodes/s01_w_node/inst/inst_mi_handler/gen_normal_area.inst_fifo_node_payld/gen_xpm_memory_fifo.inst_fifo/gen_mem_rep[0].inst_xpm_memory/xpm_memory_base_inst block.
INFO: [Memdata 28-167] Found XPM memory block zynq_u/System_i/DMA/axi_smc/inst/s01_nodes/s01_w_node/inst/inst_mi_handler/gen_normal_area.gen_fifo_req.inst_fifo_req/gen_xpm_memory_fifo.inst_fifo/gen_mem_rep[0].inst_xpm_memory/xpm_memory_base_inst with a P_MEMORY_PRIMITIVE property set to distributed. A value of block is required. You will not be able to use the updatemem program to update the bitstream with new data for the zynq_u/System_i/DMA/axi_smc/inst/s01_nodes/s01_w_node/inst/inst_mi_handler/gen_normal_area.gen_fifo_req.inst_fifo_req/gen_xpm_memory_fifo.inst_fifo/gen_mem_rep[0].inst_xpm_memory/xpm_memory_base_inst block.
INFO: [Memdata 28-167] Found XPM memory block zynq_u/System_i/DMA/axi_smc/inst/s01_nodes/s01_b_node/inst/inst_mi_handler/gen_normal_area.inst_fifo_node_payld/gen_xpm_memory_fifo.inst_fifo/gen_mem_rep[0].inst_xpm_memory/xpm_memory_base_inst with a P_MEMORY_PRIMITIVE property set to distributed. A value of block is required. You will not be able to use the updatemem program to update the bitstream with new data for the zynq_u/System_i/DMA/axi_smc/inst/s01_nodes/s01_b_node/inst/inst_mi_handler/gen_normal_area.inst_fifo_node_payld/gen_xpm_memory_fifo.inst_fifo/gen_mem_rep[0].inst_xpm_memory/xpm_memory_base_inst block.
INFO: [Memdata 28-167] Found XPM memory block zynq_u/System_i/DMA/axi_smc/inst/s01_nodes/s01_aw_node/inst/inst_mi_handler/gen_normal_area.inst_fifo_node_payld/gen_xpm_memory_fifo.inst_fifo/gen_mem_rep[0].inst_xpm_memory/xpm_memory_base_inst with a P_MEMORY_PRIMITIVE property set to distributed. A value of block is required. You will not be able to use the updatemem program to update the bitstream with new data for the zynq_u/System_i/DMA/axi_smc/inst/s01_nodes/s01_aw_node/inst/inst_mi_handler/gen_normal_area.inst_fifo_node_payld/gen_xpm_memory_fifo.inst_fifo/gen_mem_rep[0].inst_xpm_memory/xpm_memory_base_inst block.
INFO: [Memdata 28-167] Found XPM memory block zynq_u/System_i/DMA/axi_smc/inst/s00_nodes/s00_w_node/inst/inst_mi_handler/gen_normal_area.inst_fifo_node_payld/gen_xpm_memory_fifo.inst_fifo/gen_mem_rep[0].inst_xpm_memory/xpm_memory_base_inst with a P_MEMORY_PRIMITIVE property set to distributed. A value of block is required. You will not be able to use the updatemem program to update the bitstream with new data for the zynq_u/System_i/DMA/axi_smc/inst/s00_nodes/s00_w_node/inst/inst_mi_handler/gen_normal_area.inst_fifo_node_payld/gen_xpm_memory_fifo.inst_fifo/gen_mem_rep[0].inst_xpm_memory/xpm_memory_base_inst block.
INFO: [Memdata 28-167] Found XPM memory block zynq_u/System_i/DMA/axi_smc/inst/s00_nodes/s00_w_node/inst/inst_mi_handler/gen_normal_area.gen_fifo_req.inst_fifo_req/gen_xpm_memory_fifo.inst_fifo/gen_mem_rep[0].inst_xpm_memory/xpm_memory_base_inst with a P_MEMORY_PRIMITIVE property set to distributed. A value of block is required. You will not be able to use the updatemem program to update the bitstream with new data for the zynq_u/System_i/DMA/axi_smc/inst/s00_nodes/s00_w_node/inst/inst_mi_handler/gen_normal_area.gen_fifo_req.inst_fifo_req/gen_xpm_memory_fifo.inst_fifo/gen_mem_rep[0].inst_xpm_memory/xpm_memory_base_inst block.
INFO: [Memdata 28-167] Found XPM memory block zynq_u/System_i/DMA/axi_smc/inst/s00_nodes/s00_r_node/inst/inst_mi_handler/gen_normal_area.inst_fifo_node_payld/gen_xpm_memory_fifo.inst_fifo/gen_mem_rep[0].inst_xpm_memory/xpm_memory_base_inst with a P_MEMORY_PRIMITIVE property set to distributed. A value of block is required. You will not be able to use the updatemem program to update the bitstream with new data for the zynq_u/System_i/DMA/axi_smc/inst/s00_nodes/s00_r_node/inst/inst_mi_handler/gen_normal_area.inst_fifo_node_payld/gen_xpm_memory_fifo.inst_fifo/gen_mem_rep[0].inst_xpm_memory/xpm_memory_base_inst block.
INFO: [Memdata 28-167] Found XPM memory block zynq_u/System_i/DMA/axi_smc/inst/s00_nodes/s00_b_node/inst/inst_mi_handler/gen_normal_area.inst_fifo_node_payld/gen_xpm_memory_fifo.inst_fifo/gen_mem_rep[0].inst_xpm_memory/xpm_memory_base_inst with a P_MEMORY_PRIMITIVE property set to distributed. A value of block is required. You will not be able to use the updatemem program to update the bitstream with new data for the zynq_u/System_i/DMA/axi_smc/inst/s00_nodes/s00_b_node/inst/inst_mi_handler/gen_normal_area.inst_fifo_node_payld/gen_xpm_memory_fifo.inst_fifo/gen_mem_rep[0].inst_xpm_memory/xpm_memory_base_inst block.
INFO: [Memdata 28-167] Found XPM memory block zynq_u/System_i/DMA/axi_smc/inst/s00_nodes/s00_aw_node/inst/inst_mi_handler/gen_normal_area.inst_fifo_node_payld/gen_xpm_memory_fifo.inst_fifo/gen_mem_rep[0].inst_xpm_memory/xpm_memory_base_inst with a P_MEMORY_PRIMITIVE property set to distributed. A value of block is required. You will not be able to use the updatemem program to update the bitstream with new data for the zynq_u/System_i/DMA/axi_smc/inst/s00_nodes/s00_aw_node/inst/inst_mi_handler/gen_normal_area.inst_fifo_node_payld/gen_xpm_memory_fifo.inst_fifo/gen_mem_rep[0].inst_xpm_memory/xpm_memory_base_inst block.
INFO: [Memdata 28-167] Found XPM memory block zynq_u/System_i/DMA/axi_smc/inst/s00_nodes/s00_ar_node/inst/inst_mi_handler/gen_normal_area.inst_fifo_node_payld/gen_xpm_memory_fifo.inst_fifo/gen_mem_rep[0].inst_xpm_memory/xpm_memory_base_inst with a P_MEMORY_PRIMITIVE property set to distributed. A value of block is required. You will not be able to use the updatemem program to update the bitstream with new data for the zynq_u/System_i/DMA/axi_smc/inst/s00_nodes/s00_ar_node/inst/inst_mi_handler/gen_normal_area.inst_fifo_node_payld/gen_xpm_memory_fifo.inst_fifo/gen_mem_rep[0].inst_xpm_memory/xpm_memory_base_inst block.
INFO: [Memdata 28-167] Found XPM memory block zynq_u/System_i/DMA/axi_smc/inst/m00_nodes/m00_w_node/inst/inst_si_handler/gen_si_handler.gen_request_fifos.gen_req_fifo[1].inst_req_fifo/gen_xpm_memory_fifo.inst_fifo/gen_mem_rep[0].inst_xpm_memory/xpm_memory_base_inst with a P_MEMORY_PRIMITIVE property set to distributed. A value of block is required. You will not be able to use the updatemem program to update the bitstream with new data for the zynq_u/System_i/DMA/axi_smc/inst/m00_nodes/m00_w_node/inst/inst_si_handler/gen_si_handler.gen_request_fifos.gen_req_fifo[1].inst_req_fifo/gen_xpm_memory_fifo.inst_fifo/gen_mem_rep[0].inst_xpm_memory/xpm_memory_base_inst block.
INFO: [Memdata 28-167] Found XPM memory block zynq_u/System_i/DMA/axi_smc/inst/m00_nodes/m00_w_node/inst/inst_si_handler/gen_si_handler.gen_request_fifos.gen_req_fifo[0].inst_req_fifo/gen_xpm_memory_fifo.inst_fifo/gen_mem_rep[0].inst_xpm_memory/xpm_memory_base_inst with a P_MEMORY_PRIMITIVE property set to distributed. A value of block is required. You will not be able to use the updatemem program to update the bitstream with new data for the zynq_u/System_i/DMA/axi_smc/inst/m00_nodes/m00_w_node/inst/inst_si_handler/gen_si_handler.gen_request_fifos.gen_req_fifo[0].inst_req_fifo/gen_xpm_memory_fifo.inst_fifo/gen_mem_rep[0].inst_xpm_memory/xpm_memory_base_inst block.
INFO: [Memdata 28-167] Found XPM memory block zynq_u/System_i/DMA/axi_smc/inst/m00_nodes/m00_w_node/inst/inst_mi_handler/gen_normal_area.inst_fifo_node_payld/gen_xpm_memory_fifo.inst_fifo/gen_mem_rep[0].inst_xpm_memory/xpm_memory_base_inst with a P_MEMORY_PRIMITIVE property set to distributed. A value of block is required. You will not be able to use the updatemem program to update the bitstream with new data for the zynq_u/System_i/DMA/axi_smc/inst/m00_nodes/m00_w_node/inst/inst_mi_handler/gen_normal_area.inst_fifo_node_payld/gen_xpm_memory_fifo.inst_fifo/gen_mem_rep[0].inst_xpm_memory/xpm_memory_base_inst block.
INFO: [Memdata 28-167] Found XPM memory block zynq_u/System_i/DMA/axi_smc/inst/m00_nodes/m00_r_node/inst/inst_mi_handler/gen_normal_area.inst_fifo_node_payld/gen_xpm_memory_fifo.inst_fifo/gen_mem_rep[0].inst_xpm_memory/xpm_memory_base_inst with a P_MEMORY_PRIMITIVE property set to distributed. A value of block is required. You will not be able to use the updatemem program to update the bitstream with new data for the zynq_u/System_i/DMA/axi_smc/inst/m00_nodes/m00_r_node/inst/inst_mi_handler/gen_normal_area.inst_fifo_node_payld/gen_xpm_memory_fifo.inst_fifo/gen_mem_rep[0].inst_xpm_memory/xpm_memory_base_inst block.
INFO: [Memdata 28-167] Found XPM memory block zynq_u/System_i/DMA/axi_smc/inst/m00_nodes/m00_r_node/inst/inst_mi_handler/gen_normal_area.gen_fifo_req.inst_fifo_req/gen_xpm_memory_fifo.inst_fifo/gen_mem_rep[0].inst_xpm_memory/xpm_memory_base_inst with a P_MEMORY_PRIMITIVE property set to distributed. A value of block is required. You will not be able to use the updatemem program to update the bitstream with new data for the zynq_u/System_i/DMA/axi_smc/inst/m00_nodes/m00_r_node/inst/inst_mi_handler/gen_normal_area.gen_fifo_req.inst_fifo_req/gen_xpm_memory_fifo.inst_fifo/gen_mem_rep[0].inst_xpm_memory/xpm_memory_base_inst block.
INFO: [Memdata 28-167] Found XPM memory block zynq_u/System_i/DMA/axi_smc/inst/m00_nodes/m00_b_node/inst/inst_mi_handler/gen_normal_area.inst_fifo_node_payld/gen_xpm_memory_fifo.inst_fifo/gen_mem_rep[0].inst_xpm_memory/xpm_memory_base_inst with a P_MEMORY_PRIMITIVE property set to distributed. A value of block is required. You will not be able to use the updatemem program to update the bitstream with new data for the zynq_u/System_i/DMA/axi_smc/inst/m00_nodes/m00_b_node/inst/inst_mi_handler/gen_normal_area.inst_fifo_node_payld/gen_xpm_memory_fifo.inst_fifo/gen_mem_rep[0].inst_xpm_memory/xpm_memory_base_inst block.
INFO: [Memdata 28-167] Found XPM memory block zynq_u/System_i/DMA/axi_smc/inst/m00_nodes/m00_b_node/inst/inst_mi_handler/gen_normal_area.gen_fifo_req.inst_fifo_req/gen_xpm_memory_fifo.inst_fifo/gen_mem_rep[0].inst_xpm_memory/xpm_memory_base_inst with a P_MEMORY_PRIMITIVE property set to distributed. A value of block is required. You will not be able to use the updatemem program to update the bitstream with new data for the zynq_u/System_i/DMA/axi_smc/inst/m00_nodes/m00_b_node/inst/inst_mi_handler/gen_normal_area.gen_fifo_req.inst_fifo_req/gen_xpm_memory_fifo.inst_fifo/gen_mem_rep[0].inst_xpm_memory/xpm_memory_base_inst block.
INFO: [Memdata 28-167] Found XPM memory block zynq_u/System_i/DMA/axi_smc/inst/m00_nodes/m00_aw_node/inst/inst_mi_handler/gen_normal_area.inst_fifo_node_payld/gen_xpm_memory_fifo.inst_fifo/gen_mem_rep[0].inst_xpm_memory/xpm_memory_base_inst with a P_MEMORY_PRIMITIVE property set to distributed. A value of block is required. You will not be able to use the updatemem program to update the bitstream with new data for the zynq_u/System_i/DMA/axi_smc/inst/m00_nodes/m00_aw_node/inst/inst_mi_handler/gen_normal_area.inst_fifo_node_payld/gen_xpm_memory_fifo.inst_fifo/gen_mem_rep[0].inst_xpm_memory/xpm_memory_base_inst block.
INFO: [Memdata 28-167] Found XPM memory block zynq_u/System_i/DMA/axi_smc/inst/m00_nodes/m00_ar_node/inst/inst_mi_handler/gen_normal_area.inst_fifo_node_payld/gen_xpm_memory_fifo.inst_fifo/gen_mem_rep[0].inst_xpm_memory/xpm_memory_base_inst with a P_MEMORY_PRIMITIVE property set to distributed. A value of block is required. You will not be able to use the updatemem program to update the bitstream with new data for the zynq_u/System_i/DMA/axi_smc/inst/m00_nodes/m00_ar_node/inst/inst_mi_handler/gen_normal_area.inst_fifo_node_payld/gen_xpm_memory_fifo.inst_fifo/gen_mem_rep[0].inst_xpm_memory/xpm_memory_base_inst block.
INFO: [Memdata 28-167] Found XPM memory block zynq_u/System_i/DMA/axi_dma_0/U0/I_PRMRY_DATAMOVER/GEN_S2MM_FULL.I_S2MM_FULL_WRAPPER/GEN_ENABLE_INDET_BTT_SF.I_INDET_BTT/I_XD_FIFO/NON_BLK_MEM.I_SYNC_FIFOGEN_FIFO/xpm_fifo_instance.xpm_fifo_sync_inst/xpm_fifo_base_inst/gen_sdpram.xpm_memory_base_inst with a P_MEMORY_PRIMITIVE property set to auto. A value of block is required. You will not be able to use the updatemem program to update the bitstream with new data for the zynq_u/System_i/DMA/axi_dma_0/U0/I_PRMRY_DATAMOVER/GEN_S2MM_FULL.I_S2MM_FULL_WRAPPER/GEN_ENABLE_INDET_BTT_SF.I_INDET_BTT/I_XD_FIFO/NON_BLK_MEM.I_SYNC_FIFOGEN_FIFO/xpm_fifo_instance.xpm_fifo_sync_inst/xpm_fifo_base_inst/gen_sdpram.xpm_memory_base_inst block.
INFO: [Memdata 28-208] The XPM instance: <zynq_u/System_i/DMA/axi_dma_0/U0/I_PRMRY_DATAMOVER/GEN_S2MM_FULL.I_S2MM_FULL_WRAPPER/GEN_ENABLE_INDET_BTT_SF.I_INDET_BTT/I_DATA_FIFO/BLK_MEM.I_SYNC_FIFOGEN_FIFO/xpm_fifo_instance.xpm_fifo_sync_inst/xpm_fifo_base_inst/gen_sdpram.xpm_memory_base_inst> is part of IP: <zynq_u/System_i/DMA/axi_dma_0>. This XPM instance will be excluded from the .mmi because updatemem is prohibited from making changes to an XPM that is part of an IP.
Command: write_bitstream -force top.bit
Attempting to get a license for feature 'Implementation' and/or device 'xc7z020'
INFO: [Common 17-349] Got license for feature 'Implementation' and/or device 'xc7z020'
Running DRC as a precondition to command write_bitstream
INFO: [IP_Flow 19-1839] IP Catalog is up to date.
INFO: [DRC 23-27] Running DRC with 2 threads
WARNING: [DRC DPIP-1] Input pipelining: DSP feature_engine_inst/error_square_stage1_reg input feature_engine_inst/error_square_stage1_reg/A[29:0] is not pipelined. Pipelining DSP48 input will improve performance.
WARNING: [DRC DPIP-1] Input pipelining: DSP feature_engine_inst/error_square_stage1_reg input feature_engine_inst/error_square_stage1_reg/B[17:0] is not pipelined. Pipelining DSP48 input will improve performance.
WARNING: [DRC DPOP-1] PREG Output pipelining: DSP feature_engine_inst/interval_error_square0 output feature_engine_inst/interval_error_square0/P[47:0] is not pipelined (PREG=0). Pipelining the DSP48 output will improve performance and often saves power so it is suggested whenever possible to fully pipeline this function.  If this DSP48 function was inferred, it is suggested to describe an additional register stage after this function.  If the DSP48 was instantiated in the design, it is suggested to set the PREG attribute to 1.
WARNING: [DRC DPOP-1] PREG Output pipelining: DSP feature_engine_inst/interval_error_square0__0 output feature_engine_inst/interval_error_square0__0/P[47:0] is not pipelined (PREG=0). Pipelining the DSP48 output will improve performance and often saves power so it is suggested whenever possible to fully pipeline this function.  If this DSP48 function was inferred, it is suggested to describe an additional register stage after this function.  If the DSP48 was instantiated in the design, it is suggested to set the PREG attribute to 1.
WARNING: [DRC DPOP-1] PREG Output pipelining: DSP feature_engine_inst/scaled_noise output feature_engine_inst/scaled_noise/P[47:0] is not pipelined (PREG=0). Pipelining the DSP48 output will improve performance and often saves power so it is suggested whenever possible to fully pipeline this function.  If this DSP48 function was inferred, it is suggested to describe an additional register stage after this function.  If the DSP48 was instantiated in the design, it is suggested to set the PREG attribute to 1.
WARNING: [DRC DPOP-1] PREG Output pipelining: DSP feature_engine_inst/scaled_noise__0 output feature_engine_inst/scaled_noise__0/P[47:0] is not pipelined (PREG=0). Pipelining the DSP48 output will improve performance and often saves power so it is suggested whenever possible to fully pipeline this function.  If this DSP48 function was inferred, it is suggested to describe an additional register stage after this function.  If the DSP48 was instantiated in the design, it is suggested to set the PREG attribute to 1.
WARNING: [DRC DPOP-2] MREG Output pipelining: DSP feature_engine_inst/interval_error_square0 multiplier stage feature_engine_inst/interval_error_square0/P[47:0] is not pipelined (MREG=0). Pipelining the multiplier function will improve performance and will save significant power so it is suggested whenever possible to fully pipeline this function.  If this multiplier was inferred, it is suggested to describe an additional register stage after this function.  If there is no registered adder/accumulator following the multiply function, two pipeline stages are suggested to allow both the MREG and PREG registers to be used.  If the DSP48 was instantiated in the design, it is suggested to set both the MREG and PREG attributes to 1 when performing multiply functions.
WARNING: [DRC DPOP-2] MREG Output pipelining: DSP feature_engine_inst/interval_error_square0__0 multiplier stage feature_engine_inst/interval_error_square0__0/P[47:0] is not pipelined (MREG=0). Pipelining the multiplier function will improve performance and will save significant power so it is suggested whenever possible to fully pipeline this function.  If this multiplier was inferred, it is suggested to describe an additional register stage after this function.  If there is no registered adder/accumulator following the multiply function, two pipeline stages are suggested to allow both the MREG and PREG registers to be used.  If the DSP48 was instantiated in the design, it is suggested to set both the MREG and PREG attributes to 1 when performing multiply functions.
WARNING: [DRC DPOP-2] MREG Output pipelining: DSP feature_engine_inst/interval_error_square_reg multiplier stage feature_engine_inst/interval_error_square_reg/P[47:0] is not pipelined (MREG=0). Pipelining the multiplier function will improve performance and will save significant power so it is suggested whenever possible to fully pipeline this function.  If this multiplier was inferred, it is suggested to describe an additional register stage after this function.  If there is no registered adder/accumulator following the multiply function, two pipeline stages are suggested to allow both the MREG and PREG registers to be used.  If the DSP48 was instantiated in the design, it is suggested to set both the MREG and PREG attributes to 1 when performing multiply functions.
WARNING: [DRC DPOP-2] MREG Output pipelining: DSP feature_engine_inst/interval_error_square_reg__0 multiplier stage feature_engine_inst/interval_error_square_reg__0/P[47:0] is not pipelined (MREG=0). Pipelining the multiplier function will improve performance and will save significant power so it is suggested whenever possible to fully pipeline this function.  If this multiplier was inferred, it is suggested to describe an additional register stage after this function.  If there is no registered adder/accumulator following the multiply function, two pipeline stages are suggested to allow both the MREG and PREG registers to be used.  If the DSP48 was instantiated in the design, it is suggested to set both the MREG and PREG attributes to 1 when performing multiply functions.
WARNING: [DRC DPOP-2] MREG Output pipelining: DSP feature_engine_inst/scaled_noise multiplier stage feature_engine_inst/scaled_noise/P[47:0] is not pipelined (MREG=0). Pipelining the multiplier function will improve performance and will save significant power so it is suggested whenever possible to fully pipeline this function.  If this multiplier was inferred, it is suggested to describe an additional register stage after this function.  If there is no registered adder/accumulator following the multiply function, two pipeline stages are suggested to allow both the MREG and PREG registers to be used.  If the DSP48 was instantiated in the design, it is suggested to set both the MREG and PREG attributes to 1 when performing multiply functions.
WARNING: [DRC DPOP-2] MREG Output pipelining: DSP feature_engine_inst/scaled_noise__0 multiplier stage feature_engine_inst/scaled_noise__0/P[47:0] is not pipelined (MREG=0). Pipelining the multiplier function will improve performance and will save significant power so it is suggested whenever possible to fully pipeline this function.  If this multiplier was inferred, it is suggested to describe an additional register stage after this function.  If there is no registered adder/accumulator following the multiply function, two pipeline stages are suggested to allow both the MREG and PREG registers to be used.  If the DSP48 was instantiated in the design, it is suggested to set both the MREG and PREG attributes to 1 when performing multiply functions.
WARNING: [DRC RTSTAT-10] No routable loads: 9 net(s) have no routable loads. The problem bus(es) and/or net(s) are zynq_u/System_i/adc_fifo_0/U0/inst_fifo_gen/gconvfifo.rf/grf.rf/gntv_or_sync_fifo.gl0.rd/gr1.gr1_int.rfwft/aempty_fwft_i, zynq_u/System_i/adc_fifo_0/U0/inst_fifo_gen/gconvfifo.rf/grf.rf/gntv_or_sync_fifo.gl0.rd/gras.rsts/ram_empty_i, zynq_u/System_i/adc_fifo_0/U0/inst_fifo_gen/gconvfifo.rf/grf.rf/rstblk/rd_rst_reg[2:0], zynq_u/System_i/adc_fifo_0/U0/inst_fifo_gen/gconvfifo.rf/grf.rf/gntv_or_sync_fifo.gl0.rd/gr1.gr1_int.rfwft/user_valid, and zynq_u/System_i/adc_fifo_0/U0/inst_fifo_gen/gconvfifo.rf/grf.rf/rstblk/wr_rst_reg[2:0].
INFO: [DRC REQP-181] writefirst: Synchronous clocking is detected for BRAM (zynq_u/System_i/DMA/axi_dma_0/U0/I_PRMRY_DATAMOVER/GEN_S2MM_FULL.I_S2MM_FULL_WRAPPER/GEN_ENABLE_INDET_BTT_SF.I_INDET_BTT/I_DATA_FIFO/BLK_MEM.I_SYNC_FIFOGEN_FIFO/xpm_fifo_instance.xpm_fifo_sync_inst/xpm_fifo_base_inst/gen_sdpram.xpm_memory_base_inst/gen_wr_a.gen_word_narrow.mem_reg) in SDP mode with WRITE_FIRST write-mode. This is the preferred mode for best power characteristics, however it may exhibit address collisions if the same address appears on both read and write ports resulting in unknown or corrupted read data. It is suggested to confirm via simulation that an address collision never occurs and if so it is suggested to try and avoid this situation. If address collisions cannot be avoided, the write-mode may be set to READ_FIRST which guarantees that the read data is the prior contents of the memory at the cost of additional power in the design. See the FPGA Memory Resources User Guide for additional information.
INFO: [DRC REQP-181] writefirst: Synchronous clocking is detected for BRAM (zynq_u/System_i/scope_dma_1/U0/I_PRMRY_DATAMOVER/GEN_S2MM_FULL.I_S2MM_FULL_WRAPPER/GEN_ENABLE_INDET_BTT_SF.I_INDET_BTT/I_DATA_FIFO/BLK_MEM.I_SYNC_FIFOGEN_FIFO/xpm_fifo_instance.xpm_fifo_sync_inst/xpm_fifo_base_inst/gen_sdpram.xpm_memory_base_inst/gen_wr_a.gen_word_narrow.mem_reg) in SDP mode with WRITE_FIRST write-mode. This is the preferred mode for best power characteristics, however it may exhibit address collisions if the same address appears on both read and write ports resulting in unknown or corrupted read data. It is suggested to confirm via simulation that an address collision never occurs and if so it is suggested to try and avoid this situation. If address collisions cannot be avoided, the write-mode may be set to READ_FIRST which guarantees that the read data is the prior contents of the memory at the cost of additional power in the design. See the FPGA Memory Resources User Guide for additional information.
INFO: [Vivado 12-3199] DRC finished with 0 Errors, 13 Warnings, 2 Advisories
INFO: [Vivado 12-3200] Please refer to the DRC report (report_drc) for more information.
INFO: [Designutils 20-2272] Running write_bitstream with 2 threads.
Loading data files...
Loading site data...
Loading route data...
Processing options...
Creating bitmap...
Creating bitstream...
Writing bitstream ./top.bit...
INFO: [Vivado 12-1842] Bitgen Completed Successfully.
INFO: [Project 1-120] WebTalk data collection is mandatory when using a WebPACK part without a full Vivado license. To see the specific WebTalk data collected for your design, open the usage_statistics_webtalk.html or usage_statistics_webtalk.xml file in the implementation directory.
INFO: [Common 17-83] Releasing license: Implementation
57 Infos, 13 Warnings, 0 Critical Warnings and 0 Errors encountered.
write_bitstream completed successfully
write_bitstream: Time (s): cpu = 00:00:48 ; elapsed = 00:00:42 . Memory (MB): peak = 3471.621 ; gain = 211.031
INFO: [Common 17-206] Exiting Vivado at Mon Jul 27 18:00:56 2026...
[Mon Jul 27 18:01:00 2026] impl_1 finished
wait_on_run: Time (s): cpu = 00:00:01 ; elapsed = 00:13:51 . Memory (MB): peak = 1121.906 ; gain = 0.000
# set impl_status [get_property STATUS [get_runs impl_1]]
# if {[string first "Complete" $impl_status] < 0} {
#   error "impl_1 failed: $impl_status"
# }
# open_run impl_1
INFO: [Device 21-403] Loading part xc7z020clg400-2
Netlist sorting complete. Time (s): cpu = 00:00:01 ; elapsed = 00:00:01 . Memory (MB): peak = 1144.895 ; gain = 0.000
INFO: [Netlist 29-17] Analyzing 8411 Unisim elements for replacement
INFO: [Netlist 29-28] Unisim Transformation completed in 0 CPU seconds
INFO: [Project 1-479] Netlist was created with Vivado 2020.2
INFO: [Project 1-570] Preparing netlist for logic optimization
INFO: [Timing 38-478] Restoring timing data from binary archive.
INFO: [Timing 38-479] Binary timing data restore complete.
INFO: [Project 1-856] Restoring constraints from binary archive.
INFO: [Project 1-853] Binary constraint restore complete.
Reading XDEF placement.
Reading placer database...
Reading XDEF routing.
Read XDEF File: Time (s): cpu = 00:00:05 ; elapsed = 00:00:05 . Memory (MB): peak = 2129.688 ; gain = 51.984
Restored from archive | CPU: 5.000000 secs | Memory: 0.000000 MB |
Finished XDEF File Restore: Time (s): cpu = 00:00:05 ; elapsed = 00:00:05 . Memory (MB): peak = 2129.688 ; gain = 51.984
Netlist sorting complete. Time (s): cpu = 00:00:00 ; elapsed = 00:00:00.035 . Memory (MB): peak = 2129.688 ; gain = 0.000
INFO: [Project 1-111] Unisim Transformation Summary:
  A total of 488 instances were transformed.
  IOBUF => IOBUF (IBUF, OBUFT): 1 instance 
  RAM16X1D => RAM32X1D (RAMD32(x2)): 4 instances
  RAM32M => RAM32M (RAMD32(x6), RAMS32(x2)): 291 instances
  RAM64M => RAM64M (RAMD64E(x4)): 160 instances
  RAM64X1D => RAM64X1D (RAMD64E(x2)): 32 instances

open_run: Time (s): cpu = 00:00:32 ; elapsed = 00:00:36 . Memory (MB): peak = 2129.688 ; gain = 1007.781
# report_timing_summary -delay_type min_max -report_unconstrained \
#     -check_timing_verbose \
#     -file [file join $out_dir post_route_timing_summary.rpt]
INFO: [Timing 38-91] UpdateTimingParams: Speed grade: -2, Delay Type: min_max.
INFO: [Timing 38-191] Multithreading enabled for timing update using a maximum of 2 CPUs
WARNING: [Timing 38-436] There are set_bus_skew constraint(s) in this design. Please run report_bus_skew to ensure that bus skew requirements are met.
report_timing_summary: Time (s): cpu = 00:00:26 ; elapsed = 00:00:15 . Memory (MB): peak = 2371.156 ; gain = 241.469
# report_drc -file [file join $out_dir post_route_drc.rpt]
Command: report_drc -file C:/Users/chris/FPGA_Projects/A-high-speed-data-acquisition-framework-main/reports/pl_udp_pc_v2/rollback_verify/post_route_drc.rpt
INFO: [IP_Flow 19-1839] IP Catalog is up to date.
INFO: [DRC 23-27] Running DRC with 2 threads
INFO: [Coretcl 2-168] The results of DRC are in file C:/Users/chris/FPGA_Projects/A-high-speed-data-acquisition-framework-main/reports/pl_udp_pc_v2/rollback_verify/post_route_drc.rpt.
report_drc completed successfully
report_drc: Time (s): cpu = 00:00:17 ; elapsed = 00:00:09 . Memory (MB): peak = 2563.344 ; gain = 192.188
# report_methodology -file [file join $out_dir post_route_methodology.rpt]
Command: report_methodology -file C:/Users/chris/FPGA_Projects/A-high-speed-data-acquisition-framework-main/reports/pl_udp_pc_v2/rollback_verify/post_route_methodology.rpt
INFO: [Timing 38-35] Done setting XDC timing constraints.
INFO: [DRC 23-133] Running Methodology with 2 threads
INFO: [Coretcl 2-1520] The results of Report Methodology are in file C:/Users/chris/FPGA_Projects/A-high-speed-data-acquisition-framework-main/reports/pl_udp_pc_v2/rollback_verify/post_route_methodology.rpt.
report_methodology completed successfully
report_methodology: Time (s): cpu = 00:00:32 ; elapsed = 00:00:19 . Memory (MB): peak = 2563.344 ; gain = 0.000
# report_utilization -hierarchical \
#     -file [file join $out_dir post_route_utilization.rpt]
# report_power -file [file join $out_dir post_route_power.rpt]
Command: report_power -file C:/Users/chris/FPGA_Projects/A-high-speed-data-acquisition-framework-main/reports/pl_udp_pc_v2/rollback_verify/post_route_power.rpt
INFO: [Timing 38-35] Done setting XDC timing constraints.
Running Vector-less Activity Propagation...

Finished Running Vector-less Activity Propagation
WARNING: [Power 33-332] Found switching activity that implies high-fanout reset nets being asserted for excessive periods of time which may result in inaccurate power analysis.
Resolution: To review and fix problems, please run Power Constraints Advisor in the GUI from Tools > Power Constraints Advisor or run report_power with the -advisory option to generate a text report.
1 Infos, 1 Warnings, 0 Critical Warnings and 0 Errors encountered.
report_power completed successfully
report_power: Time (s): cpu = 00:00:32 ; elapsed = 00:00:19 . Memory (MB): peak = 2565.691 ; gain = 2.348
# set summary [open [file join $out_dir run_summary.txt] w]
# puts $summary "synth_status=$synth_status"
# puts $summary "impl_status=$impl_status"
# puts $summary "wns=[get_property STATS.WNS [get_runs impl_1]]"
# puts $summary "tns=[get_property STATS.TNS [get_runs impl_1]]"
# puts $summary "whs=[get_property STATS.WHS [get_runs impl_1]]"
# puts $summary "ths=[get_property STATS.THS [get_runs impl_1]]"
# close $summary
# set impl_dir [get_property DIRECTORY [get_runs impl_1]]
# set bit_path [file join $impl_dir top.bit]
# if {![file exists $bit_path]} {
#   error "Expected rollback verification bitstream not found: $bit_path"
# }
# file copy -force $bit_path \
#     [file join $out_dir top_pl_udp_v2_rollback_verify.bit]
# set ltx_candidates [glob -nocomplain -directory $impl_dir *.ltx]
# if {[llength $ltx_candidates]} {
#   file copy -force [lindex $ltx_candidates 0] \
#       [file join $out_dir top_pl_udp_v2_rollback_verify.ltx]
# }
# close_project
# puts "PL_UDP_ROLLBACK_VERIFY_COMPLETE=$out_dir"
PL_UDP_ROLLBACK_VERIFY_COMPLETE=C:/Users/chris/FPGA_Projects/A-high-speed-data-acquisition-framework-main/reports/pl_udp_pc_v2/rollback_verify
# exit
INFO: [Common 17-206] Exiting Vivado at Mon Jul 27 18:02:43 2026...
