time,transmission,error
1.6e-06,0.0071,0.32000000000000006
3.2e-06,-0.0095,0.4
4.8e-06,0.0029000000000000007,0.32000000000000006
6.4e-06,-0.0060999999999999995,0.32000000000000006
8e-06,0.00030000000000000035,0.32000000000000006
9.6e-06,-0.0006999999999999997,0.32000000000000006
1.12e-05,-0.0023,0.32000000000000006
1.28e-05,-0.0002999999999999995,0.32000000000000006
1.44e-05,-0.0040999999999999995,0.32000000000000006
1.6e-05,0.0035000000000000005,0.32000000000000006
1.76e-05,-0.0063,0.32000000000000006
1.92e-05,0.006500000000000001,0.32000000000000006
2.0799999999999997e-05,-0.0057,0.32000000000000006
2.2399999999999996e-05,0.004900000000000001,0.32000000000000006
2.4e-05,-0.0049,0.32000000000000006
2.56e-05,0.0045000000000000005,0.32000000000000006
2.7199999999999997e-05,-0.0060999999999999995,0.32000000000000006
2.8799999999999995e-05,0.005500000000000001,0.32000000000000006
3.04e-05,-0.0063,0.32000000000000006
3.2e-05,0.0031000000000000003,0.32000000000000006
3.36e-05,-0.006699999999999999,0.32000000000000006
3.5199999999999995e-05,0.0057,0.32000000000000006
3.68e-05,-0.0081,0.32000000000000006
3.84e-05,0.006500000000000001,0.32000000000000006
3.9999999999999996e-05,-0.0089,0.32000000000000006
4.1599999999999995e-05,0.006700000000000001,0.32000000000000006
4.319999999999999e-05,-0.0071,0.32000000000000006
4.48e-05,0.0025000000000000005,0.32000000000000006
4.6399999999999996e-05,-0.006500000000000001,0.32000000000000006
4.7999999999999994e-05,0.0019000000000000006,0.32000000000000006
4.96e-05,-0.0040999999999999995,0.32000000000000006
5.12e-05,-0.0018999999999999998,0.32000000000000006
5.2799999999999996e-05,0.002300000000000001,0.32000000000000006
5.4399999999999994e-05,-0.0049,0.32000000000000006
5.599999999999999e-05,0.0031000000000000003,0.32000000000000006
5.76e-05,-0.0053,0.32000000000000006
5.9199999999999996e-05,0.0045000000000000005,0.32000000000000006
6.0799999999999994e-05,-0.0075,0.32000000000000006
6.24e-05,0.003300000000000001,0.32000000000000006
6.4e-05,-0.0040999999999999995,0.32000000000000006
6.56e-05,0.0041,0.32000000000000006
6.72e-05,-0.0055,0.32000000000000006
6.879999999999999e-05,0.004900000000000001,0.32000000000000006
7.039999999999999e-05,-0.006500000000000001,0.32000000000000006
7.2e-05,0.0047,0.32000000000000006
7.36e-05,-0.006500000000000001,0.32000000000000006
7.52e-05,0.006100000000000001,0.32000000000000006
7.68e-05,-0.0097,0.32000000000000006
7.84e-05,0.006700000000000001,0.32000000000000006
7.999999999999999e-05,-0.010100000000000001,0.32000000000000006
8.159999999999999e-05,0.005500000000000001,0.32000000000000006
8.319999999999999e-05,-0.0060999999999999995,0.32000000000000006
8.479999999999999e-05,0.0069,0.32000000000000006
8.64e-05,-0.0031,0.32000000000000006
8.8e-05,0.0015000000000000005,0.32000000000000006
8.96e-05,-0.0014999999999999998,0.32000000000000006
9.12e-05,-0.0040999999999999995,0.32000000000000006
9.279999999999999e-05,0.0009000000000000002,0.32000000000000006
9.439999999999999e-05,-0.0051,0.32000000000000006
9.599999999999999e-05,0.0031000000000000003,0.32000000000000006
9.76e-05,-0.0057,0.32000000000000006
9.92e-05,0.006500000000000001,0.32000000000000006
0.0001008,-0.006699999999999999,0.32000000000000006
0.0001024,0.0057,0.32000000000000006
0.000104,-0.0069,0.32000000000000006
0.00010559999999999999,0.006500000000000001,0.32000000000000006
0.00010719999999999999,-0.0045,0.32000000000000006
0.00010879999999999999,0.004900000000000001,0.32000000000000006
0.00011039999999999999,-0.0059,0.32000000000000006
0.000112,0.006500000000000001,0.32000000000000006
0.0001136,-0.0069,0.32000000000000006
0.0001152,0.0045000000000000005,0.32000000000000006
0.00011679999999999999,-0.0093,0.32000000000000006
0.00011839999999999999,0.0069,0.32000000000000006
0.00011999999999999999,-0.0097,0.32000000000000006
0.00012159999999999999,0.004900000000000001,0.32000000000000006
0.0001232,-0.0071,0.32000000000000006
0.0001248,0.0037,0.32000000000000006
0.0001264,-0.006500000000000001,0.32000000000000006
0.000128,0.0005000000000000004,0.32000000000000006
0.0001296,-0.0047,0.32000000000000006
0.00013120000000000002,-0.0004999999999999996,0.4
0.0001328,0.0019000000000000006,0.32000000000000006
0.00013440000000000001,-0.006500000000000001,0.24
0.000136,0.0031000000000000003,0.32000000000000006
0.0001376,-0.006500000000000001,0.32000000000000006
0.0001392,0.004900000000000001,0.32000000000000006
0.0001408,-0.006699999999999999,0.32000000000000006
0.00014240000000000002,0.0035000000000000005,0.32000000000000006
0.000144,-0.0051,0.32000000000000006
0.00014560000000000002,0.0051,0.32000000000000006
0.0001472,-0.0055,0.32000000000000006
0.0001488,0.0035000000000000005,0.32000000000000006
0.0001504,-0.0057,0.32000000000000006
0.000152,0.0035000000000000005,0.32000000000000006
0.0001536,-0.0071,0.32000000000000006
0.0001552,0.005300000000000001,0.32000000000000006
0.00015680000000000002,-0.0071,0.32000000000000006
0.0001584,0.0083,0.32000000000000006
0.00016,-0.0097,0.32000000000000006
0.0001616,0.005900000000000001,0.32000000000000006
0.0001632,-0.0087,0.32000000000000006
0.0001648,0.004300000000000001,0.32000000000000006
0.0001664,-0.0051,0.24
0.000168,0.00010000000000000026,0.32000000000000006
0.0001696,-0.0049,0.32000000000000006
0.00017120000000000001,-0.0006999999999999997,0.32000000000000006
0.0001728,0.0025000000000000005,0.32000000000000006
0.0001744,-0.0049,0.32000000000000006
0.000176,0.005500000000000001,0.32000000000000006
0.0001776,-0.0069,0.32000000000000006
0.0001792,0.0029000000000000007,0.32000000000000006
0.0001808,-0.0069,0.32000000000000006
0.00018240000000000002,0.005900000000000001,0.32000000000000006
0.000184,-0.006500000000000001,0.32000000000000006
0.0001856,0.004900000000000001,0.24
0.0001872,-0.0059,0.32000000000000006
0.0001888,0.005500000000000001,0.32000000000000006
0.0001904,-0.0049,0.32000000000000006
0.000192,0.0051,0.32000000000000006
0.00019360000000000002,-0.0081,0.32000000000000006
0.0001952,0.005900000000000001,0.32000000000000006
0.0001968,-0.0081,0.32000000000000006
0.0001984,0.006100000000000001,0.32000000000000006
0.0002,-0.0103,0.32000000000000006
0.0002016,0.0057,0.24
0.0002032,-0.0081,0.32000000000000006
0.0002048,0.004900000000000001,0.32000000000000006
0.0002064,-0.0043,0.32000000000000006
0.00020800000000000001,0.0025000000000000005,0.32000000000000006
0.0002096,-0.0024999999999999996,0.32000000000000006
0.0002112,-0.0034999999999999996,0.32000000000000006
0.0002128,0.0011000000000000003,0.32000000000000006
0.0002144,-0.0055,0.32000000000000006
0.000216,0.0029000000000000007,0.32000000000000006
0.0002176,-0.0073,0.32000000000000006
0.0002192,0.003300000000000001,0.32000000000000006
0.0002208,-0.0079,0.32000000000000006
0.0002224,0.004900000000000001,0.32000000000000006
0.000224,-0.0063,0.32000000000000006
0.0002256,0.0041,0.32000000000000006
0.0002272,-0.0051,0.32000000000000006
0.0002288,0.0035000000000000005,0.32000000000000006
0.0002304,-0.0057,0.32000000000000006
0.000232,0.0045000000000000005,0.32000000000000006
0.0002336,-0.0063,0.32000000000000006
0.0002352,0.005500000000000001,0.32000000000000006
0.0002368,-0.0095,0.32000000000000006
0.0002384,0.0051,0.24
0.00024,-0.0103,0.32000000000000006
0.0002416,0.006100000000000001,0.32000000000000006
0.0002432,-0.0071,0.32000000000000006
0.0002448,0.0045000000000000005,0.32000000000000006
0.00024639999999999997,-0.0040999999999999995,0.32000000000000006
0.00024799999999999996,0.0013000000000000008,0.32000000000000006
0.0002496,-0.0033,0.32000000000000006
0.0002512,-0.0026999999999999997,0.32000000000000006
0.00025279999999999996,0.0029000000000000007,0.32000000000000006
0.00025439999999999995,-0.0045,0.32000000000000006
0.000256,0.005900000000000001,0.32000000000000006
0.0002576,-0.0055,0.32000000000000006
0.00025919999999999996,0.0051,0.32000000000000006
0.0002608,-0.0069,0.32000000000000006
0.0002624,0.004300000000000001,0.32000000000000006
0.00026399999999999997,-0.0039,0.32000000000000006
0.00026559999999999995,0.0039000000000000007,0.32000000000000006
0.0002672,-0.0043,0.32000000000000006
0.0002688,0.0027,0.32000000000000006
0.00027039999999999996,-0.0049,0.32000000000000006
0.000272,0.0037,0.32000000000000006
0.0002736,-0.0071,0.32000000000000006
0.00027519999999999997,0.005900000000000001,0.32000000000000006
0.00027679999999999995,-0.0087,0.32000000000000006
0.0002784,0.005900000000000001,0.32000000000000006
0.00028,-0.0095,0.32000000000000006
0.00028159999999999996,0.007300000000000001,0.32000000000000006
0.0002832,-0.0071,0.32000000000000006
0.0002848,0.0035000000000000005,0.32000000000000006
0.00028639999999999997,-0.0073,0.32000000000000006
0.00028799999999999995,0.0015000000000000005,0.32000000000000006
0.0002896,-0.0023,0.32000000000000006
0.0002912,-0.0021,0.32000000000000006
0.00029279999999999996,0.0015000000000000005,0.32000000000000006
0.00029439999999999995,-0.0040999999999999995,0.32000000000000006
0.000296,0.005300000000000001,0.32000000000000006
0.00029759999999999997,-0.0049,0.32000000000000006
0.00029919999999999995,0.0047,0.32000000000000006
0.0003008,-0.0079,0.32000000000000006
0.0003024,0.0057,0.4
0.00030399999999999996,-0.0047,0.32000000000000006
0.00030559999999999995,0.0037,0.32000000000000006
0.0003072,-0.0051,0.32000000000000006
0.00030879999999999997,0.0039000000000000007,0.32000000000000006
0.00031039999999999996,-0.0059,0.32000000000000006
0.000312,0.004900000000000001,0.32000000000000006
0.0003136,-0.006699999999999999,0.32000000000000006
0.00031519999999999996,0.004900000000000001,0.32000000000000006
0.00031679999999999995,-0.0071,0.32000000000000006
0.0003184,0.006500000000000001,0.32000000000000006
0.00031999999999999997,-0.010499999999999999,0.32000000000000006
0.00032159999999999996,0.004900000000000001,0.32000000000000006
0.0003232,-0.0079,0.32000000000000006
0.0003248,0.0051,0.32000000000000006
0.00032639999999999996,-0.0047,0.32000000000000006
0.00032799999999999995,0.0025000000000000005,0.32000000000000006
0.0003296,-0.0029,0.32000000000000006
0.0003312,-0.0014999999999999998,0.32000000000000006
0.00033279999999999996,0.0013000000000000008,0.32000000000000006
0.00033439999999999994,-0.0057,0.32000000000000006
0.000336,0.0051,0.32000000000000006
0.00033759999999999997,-0.006699999999999999,0.32000000000000006
0.00033919999999999995,0.004900000000000001,0.32000000000000006
0.0003408,-0.0063,0.32000000000000006
0.0003424,0.005900000000000001,0.32000000000000006
0.00034399999999999996,-0.0071,0.32000000000000006
0.00034559999999999994,0.0047,0.32000000000000006
0.0003472,-0.0060999999999999995,0.32000000000000006
0.00034879999999999997,0.0051,0.32000000000000006
0.00035039999999999995,-0.0063,0.32000000000000006
0.000352,0.0041,0.32000000000000006
0.0003536,-0.0069,0.32000000000000006
0.00035519999999999996,0.006700000000000001,0.4
0.00035679999999999994,-0.0097,0.32000000000000006
0.0003584,0.0063,0.32000000000000006
0.00035999999999999997,-0.010499999999999999,0.32000000000000006
0.00036159999999999995,0.0057,0.32000000000000006
0.0003632,-0.0081,0.32000000000000006
0.0003648,0.0025000000000000005,0.32000000000000006
0.00036639999999999996,-0.0040999999999999995,0.32000000000000006
0.00036799999999999995,0.0027,0.24
0.0003696,-0.0018999999999999998,0.32000000000000006
0.00037119999999999997,-0.0004999999999999996,0.32000000000000006
0.00037279999999999995,0.0009000000000000002,0.32000000000000006
0.0003744,-0.0049,0.32000000000000006
0.000376,0.0041,0.32000000000000006
0.00037759999999999996,-0.0043,0.32000000000000006
0.00037919999999999995,0.004300000000000001,0.32000000000000006
0.0003808,-0.0073,0.32000000000000006
0.00038239999999999997,0.0025000000000000005,0.32000000000000006
0.00038399999999999996,-0.0060999999999999995,0.32000000000000006
0.0003856,0.0037,0.32000000000000006
0.0003872,-0.0047,0.32000000000000006
0.00038879999999999996,0.004900000000000001,0.32000000000000006
0.00039039999999999995,-0.0057,0.32000000000000006
0.000392,0.0047,0.32000000000000006
0.00039359999999999997,-0.0060999999999999995,0.32000000000000006
0.00039519999999999996,0.006700000000000001,0.32000000000000006
0.00039679999999999994,-0.0093,0.32000000000000006
0.0003984,0.0057,0.32000000000000006
0.00039999999999999996,-0.0109,0.32000000000000006
0.00040159999999999995,0.0057,0.32000000000000006
0.0004032,-0.0085,0.32000000000000006
0.0004048,0.0057,0.32000000000000006
0.00040639999999999996,-0.0053,0.32000000000000006
0.00040799999999999994,0.002300000000000001,0.32000000000000006
0.0004096,-0.0029,0.32000000000000006
0.00041119999999999997,-0.0018999999999999998,0.32000000000000006
0.00041279999999999995,0.002300000000000001,0.32000000000000006
0.0004144,-0.0031,0.32000000000000006
0.000416,0.0031000000000000003,0.24
0.00041759999999999996,-0.006500000000000001,0.32000000000000006
0.00041919999999999994,0.0031000000000000003,0.32000000000000006
0.0004208,-0.0069,0.32000000000000006
0.00042239999999999997,0.005300000000000001,0.32000000000000006
0.00042399999999999995,-0.0055,0.32000000000000006
0.0004256,0.0035000000000000005,0.32000000000000006
0.0004272,-0.0047,0.32000000000000006
0.00042879999999999996,0.0041,0.32000000000000006
0.00043039999999999994,-0.0051,0.4
0.000432,0.0041,0.32000000000000006
0.00043359999999999997,-0.0071,0.4
0.00043519999999999995,0.0045000000000000005,0.32000000000000006
0.00043679999999999994,-0.0093,0.32000000000000006
0.0004384,0.005500000000000001,0.32000000000000006
0.00043999999999999996,-0.0093,0.32000000000000006
0.00044159999999999995,0.0079,0.32000000000000006
0.0004432,-0.0063,0.32000000000000006
0.00044479999999999997,0.0027,0.32000000000000006
0.00044639999999999995,-0.006500000000000001,0.32000000000000006
0.00044799999999999994,0.0009000000000000002,0.32000000000000006
0.0004496,-0.0024999999999999996,0.32000000000000006
0.00045119999999999996,-0.0012999999999999997,0.32000000000000006
0.00045279999999999995,0.0025000000000000005,0.32000000000000006
0.0004544,-0.0040999999999999995,0.32000000000000006
0.00045599999999999997,0.0051,0.32000000000000006
0.00045759999999999996,-0.0069,0.32000000000000006
0.00045919999999999994,0.004300000000000001,0.32000000000000006
0.0004608,-0.006699999999999999,0.32000000000000006
0.00046239999999999996,0.004300000000000001,0.32000000000000006
0.00046399999999999995,-0.006699999999999999,0.32000000000000006
0.0004656,0.0037,0.32000000000000006
0.00046719999999999997,-0.0051,0.32000000000000006
0.00046879999999999996,0.0039000000000000007,0.32000000000000006
0.00047039999999999994,-0.0055,0.32000000000000006
0.000472,0.005500000000000001,0.32000000000000006
0.00047359999999999997,-0.0079,0.32000000000000006
0.00047519999999999995,0.007300000000000001,0.32000000000000006
0.0004768,-0.0095,0.32000000000000006
0.0004784,0.006100000000000001,0.32000000000000006
0.00047999999999999996,-0.0093,0.32000000000000006
0.00048159999999999994,0.0071,0.32000000000000006
0.0004832,-0.0089,0.32000000000000006
0.00048479999999999997,0.004300000000000001,0.32000000000000006
0.00048639999999999995,-0.0049,0.32000000000000006
0.000488,0.0027,0.32000000000000006
0.0004896,-0.0024999999999999996,0.32000000000000006
0.0004912,-0.0036999999999999997,0.32000000000000006
0.0004928,0.0013000000000000008,0.32000000000000006
0.0004944,-0.0036999999999999997,0.32000000000000006
0.000496,0.0041,0.32000000000000006
0.0004976000000000001,-0.0059,0.32000000000000006
0.0004992,0.0039000000000000007,0.32000000000000006
0.0005008,-0.0077,0.32000000000000006
0.0005024000000000001,0.0071,0.32000000000000006
0.000504,-0.0057,0.32000000000000006
0.0005056,0.005500000000000001,0.32000000000000006
0.0005072,-0.0063,0.32000000000000006
0.0005088,0.003300000000000001,0.32000000000000006
0.0005104,-0.0073,0.32000000000000006
0.000512,0.005300000000000001,0.32000000000000006
0.0005136,-0.0081,0.32000000000000006
0.0005152000000000001,0.006100000000000001,0.32000000000000006
0.0005168,-0.0085,0.32000000000000006
0.0005184,0.007300000000000001,0.32000000000000006
0.0005200000000000001,-0.009899999999999999,0.32000000000000006
0.0005216,0.0047,0.32000000000000006
0.0005232,-0.0073,0.32000000000000006
0.0005248,0.0051,0.32000000000000006
0.0005264,-0.0047,0.32000000000000006
0.000528,0.00030000000000000035,0.32000000000000006
0.0005296,-0.0029,0.32000000000000006
0.0005312,-0.0026999999999999997,0.32000000000000006
0.0005328,0.00010000000000000026,0.32000000000000006
0.0005344,-0.0043,0.32000000000000006
0.000536,0.003300000000000001,0.24
0.0005376000000000001,-0.0079,0.32000000000000006
0.0005392,0.0039000000000000007,0.32000000000000006
0.0005408,-0.0069,0.32000000000000006
0.0005424000000000001,0.006500000000000001,0.32000000000000006
0.000544,-0.0055,0.32000000000000006
0.0005456,0.005900000000000001,0.32000000000000006
0.0005472,-0.0047,0.32000000000000006
0.0005488,0.0031000000000000003,0.32000000000000006
0.0005504,-0.0063,0.32000000000000006
0.000552,0.0041,0.32000000000000006
0.0005536,-0.0059,0.32000000000000006
0.0005552,0.005900000000000001,0.32000000000000006
0.0005568,-0.0077,0.32000000000000006
0.0005584,0.007300000000000001,0.32000000000000006
0.0005600000000000001,-0.010499999999999999,0.32000000000000006
0.0005616,0.0063,0.32000000000000006
0.0005632,-0.0069,0.32000000000000006
0.0005648000000000001,0.0045000000000000005,0.32000000000000006
0.0005664,-0.0060999999999999995,0.32000000000000006
0.000568,0.00030000000000000035,0.32000000000000006
0.0005696,-0.0024999999999999996,0.32000000000000006
0.0005712,-0.0010999999999999996,0.32000000000000006
0.0005728,-0.0014999999999999998,0.32000000000000006
0.0005744,-0.0055,0.32000000000000006
0.000576,0.002300000000000001,0.32000000000000006
0.0005776,-0.006699999999999999,0.32000000000000006
0.0005792,0.005300000000000001,0.32000000000000006
0.0005808,-0.0063,0.32000000000000006
0.0005824000000000001,0.0079,0.32000000000000006
0.000584,-0.0049,0.32000000000000006
0.0005856,0.0041,0.32000000000000006
0.0005872,-0.0059,0.32000000000000006
0.0005888,0.0027,0.32000000000000006
0.0005904,-0.0051,0.32000000000000006
0.000592,0.0039000000000000007,0.32000000000000006
0.0005936,-0.0055,0.32000000000000006
0.0005952,0.005300000000000001,0.32000000000000006
0.0005968,-0.0083,0.32000000000000006
0.0005984,0.0063,0.32000000000000006
0.0006000000000000001,-0.010700000000000001,0.32000000000000006
0.0006016,0.0069,0.32000000000000006
0.0006032,-0.0079,0.32000000000000006
0.0006048000000000001,0.0037,0.4
0.0006064,-0.0043,0.32000000000000006
0.000608,0.0009000000000000002,0.32000000000000006
0.0006096,-0.0016999999999999997,0.32000000000000006
0.0006112,-0.0008999999999999998,0.32000000000000006
0.0006128,0.003300000000000001,0.32000000000000006
0.0006144,-0.0026999999999999997,0.32000000000000006
0.000616,0.003300000000000001,0.32000000000000006
0.0006176,-0.0057,0.32000000000000006
0.0006192,0.006700000000000001,0.24
0.0006208,-0.006699999999999999,0.32000000000000006
0.0006224000000000001,0.006500000000000001,0.32000000000000006
0.000624,-0.0055,0.32000000000000006
0.0006256,0.005300000000000001,0.32000000000000006
0.0006272,-0.0040999999999999995,0.32000000000000006
0.0006288,0.0045000000000000005,0.32000000000000006
0.0006304,-0.0059,0.32000000000000006
0.000632,0.0029000000000000007,0.32000000000000006
0.0006336,-0.0077,0.32000000000000006
0.0006352,0.005500000000000001,0.32000000000000006
0.0006368,-0.0087,0.4
0.0006384,0.006700000000000001,0.32000000000000006
0.00064,-0.0095,0.32000000000000006
0.0006416,0.0071,0.32000000000000006
0.0006432,-0.0085,0.32000000000000006
0.0006448000000000001,0.0047,0.32000000000000006
0.0006464,-0.0040999999999999995,0.32000000000000006
0.000648,0.0021000000000000003,0.32000000000000006
0.0006496,-0.0024999999999999996,0.32000000000000006
0.0006512,-0.0045,0.32000000000000006
0.0006528,0.002300000000000001,0.32000000000000006
0.0006544,-0.0055,0.32000000000000006
0.000656,0.0021000000000000003,0.32000000000000006
0.0006576,-0.0063,0.32000000000000006
0.0006592,0.0057,0.32000000000000006
0.0006608,-0.0059,0.32000000000000006
0.0006624000000000001,0.004900000000000001,0.32000000000000006
0.000664,-0.0051,0.32000000000000006
0.0006656,0.0027,0.32000000000000006
0.0006672,-0.0051,0.32000000000000006
0.0006688,0.0037,0.32000000000000006
0.0006704,-0.0053,0.32000000000000006
0.000672,0.0045000000000000005,0.32000000000000006
0.0006736,-0.0055,0.32000000000000006
0.0006752,0.006100000000000001,0.32000000000000006
0.0006768,-0.0093,0.32000000000000006
0.0006784,0.005900000000000001,0.32000000000000006
0.00068,-0.0093,0.32000000000000006
0.0006816,0.0077,0.32000000000000006
0.0006832,-0.0075,0.32000000000000006
0.0006848000000000001,0.004900000000000001,0.32000000000000006
0.0006864,-0.0045,0.32000000000000006
0.000688,0.0019000000000000006,0.32000000000000006
0.0006896,-0.0008999999999999998,0.32000000000000006
0.0006912,-0.0031,0.32000000000000006
0.0006928,0.0027,0.32000000000000006
0.0006944,-0.0047,0.32000000000000006
0.000696,0.0015000000000000005,0.32000000000000006
0.0006976,-0.0075,0.32000000000000006
0.0006992,0.0057,0.32000000000000006
0.0007008,-0.0075,0.32000000000000006
0.0007024,0.004900000000000001,0.32000000000000006
0.000704,-0.0057,0.32000000000000006
0.0007056,0.004900000000000001,0.32000000000000006
0.0007072000000000001,-0.0055,0.32000000000000006
0.0007088,0.0057,0.32000000000000006
0.0007104,-0.0057,0.32000000000000006
0.000712,0.0051,0.32000000000000006
0.0007136,-0.0075,0.32000000000000006
0.0007152,0.0069,0.32000000000000006
0.0007168,-0.0087,0.32000000000000006
0.0007184,0.006100000000000001,0.32000000000000006
0.00072,-0.0115,0.32000000000000006
0.0007216,0.0047,0.32000000000000006
0.0007232,-0.0097,0.32000000000000006
0.0007248,0.0047,0.32000000000000006
0.0007264,-0.0060999999999999995,0.32000000000000006
0.000728,0.0019000000000000006,0.32000000000000006
0.0007296,-0.0016999999999999997,0.32000000000000006
0.0007312,-0.0006999999999999997,0.32000000000000006
0.0007328,0.0013000000000000008,0.32000000000000006
0.0007344,-0.0051,0.32000000000000006
0.000736,0.0021000000000000003,0.32000000000000006
0.0007376,-0.0055,0.32000000000000006
0.0007392,0.006100000000000001,0.32000000000000006
0.0007408,-0.0069,0.32000000000000006
0.0007424,0.004300000000000001,0.32000000000000006
0.000744,-0.0075,0.32000000000000006
0.0007456,0.004300000000000001,0.32000000000000006
0.0007472000000000001,-0.0053,0.32000000000000006
0.0007488,0.0045000000000000005,0.32000000000000006
0.0007504,-0.0047,0.32000000000000006
0.000752,0.003300000000000001,0.32000000000000006
0.0007536,-0.0059,0.32000000000000006
0.0007552,0.0069,0.32000000000000006
0.0007568,-0.0081,0.32000000000000006
0.0007584,0.006500000000000001,0.32000000000000006
0.00076,-0.0089,0.4
0.0007616,0.0057,0.32000000000000006
0.0007632,-0.0085,0.32000000000000006
0.0007648,0.0031000000000000003,0.32000000000000006
0.0007664,-0.0057,0.32000000000000006
0.000768,0.0005000000000000004,0.32000000000000006
0.0007696000000000001,-0.0016999999999999997,0.32000000000000006
0.0007712,-0.0024999999999999996,0.32000000000000006
0.0007728,0.0015000000000000005,0.32000000000000006
0.0007744,-0.0029,0.32000000000000006
0.000776,0.0037,0.32000000000000006
0.0007776,-0.0060999999999999995,0.32000000000000006
0.0007792,0.0051,0.32000000000000006
0.0007808,-0.006699999999999999,0.32000000000000006
0.0007824,0.005300000000000001,0.32000000000000006
0.000784,-0.0060999999999999995,0.32000000000000006
0.0007856,0.0037,0.32000000000000006
0.0007872,-0.0047,0.24
0.0007888,0.004300000000000001,0.32000000000000006
0.0007904,-0.0049,0.32000000000000006
0.000792,0.005900000000000001,0.32000000000000006
0.0007936,-0.0075,0.32000000000000006
0.0007952,0.004300000000000001,0.32000000000000006
0.0007968,-0.0087,0.32000000000000006
0.0007984,0.0071,0.32000000000000006
0.0008,-0.0097,0.32000000000000006
0.0008016,0.0045000000000000005,0.32000000000000006
0.0008032,-0.0083,0.32000000000000006
0.0008048,0.005300000000000001,0.32000000000000006
0.0008064,-0.0036999999999999997,0.32000000000000006
0.000808,0.0035000000000000005,0.32000000000000006
0.0008096000000000001,-0.0029,0.32000000000000006
0.0008112,-0.0024999999999999996,0.32000000000000006
0.0008128,0.0015000000000000005,0.32000000000000006
0.0008144,-0.0040999999999999995,0.32000000000000006
0.000816,0.0039000000000000007,0.32000000000000006
0.0008176,-0.0071,0.32000000000000006
0.0008192,0.0057,0.32000000000000006
0.0008208,-0.0063,0.32000000000000006
0.0008224,0.0057,0.32000000000000006
0.000824,-0.0057,0.32000000000000006
0.0008256,0.004300000000000001,0.32000000000000006
0.0008272,-0.0060999999999999995,0.32000000000000006
0.0008288,0.0035000000000000005,0.32000000000000006
0.0008304,-0.0051,0.32000000000000006
0.000832,0.0041,0.32000000000000006
0.0008336,-0.006699999999999999,0.32000000000000006
0.0008352,0.006500000000000001,0.32000000000000006
0.0008368,-0.0103,0.32000000000000006
0.0008384,0.007300000000000001,0.32000000000000006
0.00084,-0.0095,0.32000000000000006
0.0008416,0.0057,0.32000000000000006
0.0008432,-0.0081,0.32000000000000006
0.0008448,0.0045000000000000005,0.32000000000000006
0.0008464,-0.0053,0.32000000000000006
0.000848,0.0007000000000000005,0.32000000000000006
0.0008496,-0.0024999999999999996,0.32000000000000006
0.0008512,-0.0023,0.32000000000000006
0.0008528,0.0013000000000000008,0.4
0.0008544,-0.0018999999999999998,0.32000000000000006
0.000856,0.0037,0.32000000000000006
0.0008576,-0.0057,0.32000000000000006
0.0008592,0.0063,0.32000000000000006
0.0008608,-0.006699999999999999,0.32000000000000006
0.0008624,0.005500000000000001,0.32000000000000006
0.000864,-0.0045,0.32000000000000006
0.0008656,0.0037,0.32000000000000006
0.0008672,-0.0063,0.32000000000000006
0.0008688,0.0031000000000000003,0.32000000000000006
0.0008704,-0.0059,0.32000000000000006
0.0008719999999999999,0.0047,0.32000000000000006
0.0008736,-0.0077,0.32000000000000006
0.0008752,0.0077,0.32000000000000006
0.0008768,-0.0081,0.32000000000000006
0.0008784,0.006500000000000001,0.32000000000000006
0.00088,-0.0087,0.32000000000000006
0.0008816,0.0075000000000000015,0.32000000000000006
0.0008832,-0.0093,0.32000000000000006
0.0008848,0.005300000000000001,0.32000000000000006
0.0008864,-0.0059,0.32000000000000006
0.000888,0.00030000000000000035,0.32000000000000006
0.0008896,-0.0033,0.32000000000000006
0.0008912,-0.0014999999999999998,0.32000000000000006
0.0008928,-0.0002999999999999995,0.32000000000000006
0.0008944,-0.0049,0.32000000000000006
0.000896,0.004900000000000001,0.32000000000000006
0.0008976,-0.0059,0.32000000000000006
0.0008992,0.0035000000000000005,0.32000000000000006
0.0009008,-0.0049,0.32000000000000006
0.0009024,0.006700000000000001,0.32000000000000006
0.000904,-0.0057,0.32000000000000006
0.0009056,0.004300000000000001,0.32000000000000006
0.0009072,-0.0045,0.32000000000000006
0.0009088,0.002300000000000001,0.32000000000000006
0.0009104,-0.0055,0.32000000000000006
0.000912,0.0039000000000000007,0.32000000000000006
0.0009136,-0.0069,0.32000000000000006
0.0009152,0.0051,0.32000000000000006
0.0009168,-0.0083,0.32000000000000006
0.0009184,0.005500000000000001,0.32000000000000006
0.00092,-0.0091,0.4
0.0009216,0.0057,0.32000000000000006
0.0009232,-0.0073,0.32000000000000006
0.0009248,0.004300000000000001,0.32000000000000006
0.0009264,-0.0063,0.32000000000000006
0.000928,0.0019000000000000006,0.32000000000000006
0.0009296,-0.0002999999999999995,0.32000000000000006
0.0009312,-0.0024999999999999996,0.32000000000000006
0.0009328,0.0013000000000000008,0.32000000000000006
0.0009343999999999999,-0.0073,0.32000000000000006
0.000936,0.0035000000000000005,0.32000000000000006
0.0009376,-0.0063,0.32000000000000006
0.0009392,0.0057,0.32000000000000006
0.0009408,-0.0083,0.32000000000000006
0.0009424,0.006700000000000001,0.32000000000000006
0.000944,-0.0075,0.32000000000000006
0.0009456,0.005900000000000001,0.32000000000000006
0.0009472,-0.0059,0.32000000000000006
0.0009488,0.004300000000000001,0.32000000000000006
0.0009504,-0.0051,0.32000000000000006
0.000952,0.0039000000000000007,0.32000000000000006
0.0009536,-0.0089,0.32000000000000006
0.0009552,0.005300000000000001,0.32000000000000006
0.0009568,-0.0095,0.32000000000000006
0.0009584,0.005500000000000001,0.32000000000000006
0.00096,-0.0097,0.32000000000000006
0.0009616,0.006100000000000001,0.32000000000000006
0.0009632,-0.0075,0.32000000000000006
0.0009648,0.004300000000000001,0.32000000000000006
0.0009664,-0.0063,0.32000000000000006
0.000968,0.0017000000000000001,0.32000000000000006
0.0009696,-0.0029,0.32000000000000006
0.0009712,-0.0010999999999999996,0.32000000000000006
0.0009728,0.0005000000000000004,0.32000000000000006
0.0009744,-0.0045,0.32000000000000006
0.000976,0.0071,0.32000000000000006
0.0009776,-0.0069,0.32000000000000006
0.0009792,0.0077,0.32000000000000006
0.0009808,-0.0075,0.32000000000000006
0.0009824,0.004300000000000001,0.32000000000000006
0.000984,-0.006699999999999999,0.32000000000000006
0.0009855999999999999,0.0045000000000000005,0.32000000000000006
0.0009872,-0.0075,0.32000000000000006
0.0009888,0.0051,0.32000000000000006
0.0009904,-0.0059,0.32000000000000006
0.000992,0.0041,0.32000000000000006
0.0009936,-0.0071,0.32000000000000006
0.0009952,0.006100000000000001,0.32000000000000006
0.0009968,-0.0079,0.32000000000000006
0.0009984,0.005900000000000001,0.32000000000000006
0.001,-0.0095,0.32000000000000006
0.0010016,0.005500000000000001,0.32000000000000006
0.0010032,-0.0089,0.32000000000000006
0.0010048,0.0037,0.32000000000000006
0.0010064,-0.0043,0.32000000000000006
0.001008,0.003300000000000001,0.32000000000000006
0.0010096,-0.0031,0.32000000000000006
0.0010112,-0.0033,0.32000000000000006
0.0010128,0.0005000000000000004,0.32000000000000006
0.0010144,-0.0051,0.32000000000000006
0.001016,0.0047,0.32000000000000006
0.0010176,-0.0083,0.32000000000000006
0.0010192,0.006500000000000001,0.32000000000000006
0.0010208,-0.0057,0.32000000000000006
0.0010224,0.0045000000000000005,0.32000000000000006
0.001024,-0.0081,0.32000000000000006
0.0010256,0.0031000000000000003,0.32000000000000006
0.0010272,-0.0040999999999999995,0.32000000000000006
0.0010288,0.004300000000000001,0.32000000000000006
0.0010304,-0.0053,0.32000000000000006
0.001032,0.005500000000000001,0.32000000000000006
0.0010336,-0.0071,0.32000000000000006
0.0010352,0.0039000000000000007,0.32000000000000006
0.0010368,-0.0085,0.32000000000000006
0.0010384,0.0075000000000000015,0.32000000000000006
0.00104,-0.0081,0.32000000000000006
0.0010416,0.0063,0.32000000000000006
0.0010432,-0.0085,0.32000000000000006
0.0010448,0.004300000000000001,0.32000000000000006
0.0010464,-0.0051,0.32000000000000006
0.0010479999999999999,0.0007000000000000005,0.32000000000000006
0.0010496,-0.0029,0.32000000000000006
0.0010512,-0.0023,0.32000000000000006
0.0010528,0.0007000000000000005,0.32000000000000006
0.0010544,-0.0049,0.32000000000000006
0.001056,0.005300000000000001,0.32000000000000006
0.0010576,-0.006699999999999999,0.32000000000000006
0.0010592,0.0057,0.32000000000000006
0.0010608,-0.006699999999999999,0.32000000000000006
0.0010624,0.005500000000000001,0.32000000000000006
0.001064,-0.0057,0.32000000000000006
0.0010656,0.0041,0.32000000000000006
0.0010672,-0.006500000000000001,0.32000000000000006
0.0010688,0.0045000000000000005,0.32000000000000006
0.0010704,-0.0073,0.32000000000000006
0.001072,0.0051,0.32000000000000006
0.0010736,-0.006699999999999999,0.32000000000000006
0.0010752,0.0037,0.24
0.0010768,-0.0103,0.32000000000000006
0.0010784,0.0071,0.32000000000000006
0.00108,-0.0083,0.32000000000000006
0.0010816,0.0079,0.32000000000000006
0.0010832,-0.006500000000000001,0.32000000000000006
0.0010848,0.0037,0.32000000000000006
0.0010864,-0.0071,0.32000000000000006
0.001088,0.0015000000000000005,0.32000000000000006
0.0010896,-0.0012999999999999997,0.32000000000000006
0.0010912,0.00010000000000000026,0.32000000000000006
0.0010927999999999999,-0.0008999999999999998,0.32000000000000006
0.0010944,-0.0031,0.32000000000000006
0.001096,0.0031000000000000003,0.32000000000000006
0.0010976,-0.0053,0.32000000000000006
0.0010992,0.0047,0.32000000000000006
0.0011008,-0.006699999999999999,0.32000000000000006
0.0011024,0.0045000000000000005,0.32000000000000006
0.001104,-0.0071,0.32000000000000006
0.0011056,0.0047,0.32000000000000006
0.0011072,-0.0059,0.24
0.0011088,0.0031000000000000003,0.32000000000000006
0.0011103999999999999,-0.0051,0.32000000000000006
0.001112,0.004900000000000001,0.32000000000000006
0.0011136,-0.0063,0.32000000000000006
0.0011152,0.0047,0.4
0.0011168,-0.0095,0.32000000000000006
0.0011184,0.0057,0.32000000000000006
0.00112,-0.0081,0.32000000000000006
0.0011216,0.006700000000000001,0.32000000000000006
0.0011232,-0.006699999999999999,0.32000000000000006
0.0011248,0.004300000000000001,0.32000000000000006
0.0011264,-0.0059,0.32000000000000006
0.001128,0.0013000000000000008,0.32000000000000006
0.0011296,-0.0006999999999999997,0.32000000000000006
0.0011312,-0.0010999999999999996,0.32000000000000006
0.0011328,0.00010000000000000026,0.32000000000000006
0.0011344,-0.0043,0.32000000000000006
0.001136,0.002300000000000001,0.32000000000000006
0.0011376,-0.0075,0.32000000000000006
0.0011392,0.005500000000000001,0.32000000000000006
0.0011408,-0.006500000000000001,0.32000000000000006
0.0011424,0.0079,0.32000000000000006
0.001144,-0.0073,0.32000000000000006
0.0011456,0.0051,0.32000000000000006
0.0011472,-0.0069,0.32000000000000006
0.0011488,0.0041,0.32000000000000006
0.0011504,-0.0077,0.32000000000000006
0.001152,0.005500000000000001,0.32000000000000006
0.0011536,-0.0077,0.32000000000000006
0.0011551999999999999,0.0071,0.24
0.0011568,-0.010100000000000001,0.32000000000000006
0.0011584,0.008700000000000001,0.32000000000000006
0.00116,-0.009899999999999999,0.32000000000000006
0.0011616,0.0083,0.32000000000000006
0.0011632,-0.0063,0.4
0.0011648,0.0035000000000000005,0.32000000000000006
0.0011664,-0.0060999999999999995,0.32000000000000006
0.001168,0.0027,0.32000000000000006
0.0011696,-0.0049,0.32000000000000006
0.0011712,-0.0018999999999999998,0.32000000000000006
0.0011727999999999999,0.0013000000000000008,0.32000000000000006
0.0011744,-0.0075,0.32000000000000006
0.001176,0.004300000000000001,0.32000000000000006
0.0011776,-0.006699999999999999,0.32000000000000006
0.0011792,0.004900000000000001,0.32000000000000006
0.0011808,-0.0075,0.32000000000000006
0.0011824,0.005900000000000001,0.32000000000000006
0.001184,-0.0075,0.32000000000000006
0.0011856,0.005300000000000001,0.32000000000000006
0.0011872,-0.0069,0.32000000000000006
0.0011888,0.004900000000000001,0.32000000000000006
0.0011903999999999999,-0.0071,0.32000000000000006
0.001192,0.0045000000000000005,0.32000000000000006
0.0011936,-0.0069,0.32000000000000006
0.0011952,0.0075000000000000015,0.32000000000000006
0.0011968,-0.0097,0.32000000000000006
0.0011984,0.0057,0.32000000000000006
0.0012,-0.0097,0.32000000000000006
0.0012016,0.006100000000000001,0.32000000000000006
0.0012032,-0.0083,0.32000000000000006
0.0012048,0.004300000000000001,0.32000000000000006
0.0012064,-0.0033,0.32000000000000006
0.001208,0.0019000000000000006,0.32000000000000006
0.0012096,-0.0014999999999999998,0.32000000000000006
0.0012112,-0.0024999999999999996,0.32000000000000006
0.0012128,0.0005000000000000004,0.32000000000000006
0.0012144,-0.0040999999999999995,0.32000000000000006
0.001216,0.0039000000000000007,0.4
0.0012175999999999999,-0.0059,0.32000000000000006
0.0012192,0.004900000000000001,0.32000000000000006
0.0012208,-0.0083,0.32000000000000006
0.0012224,0.006100000000000001,0.32000000000000006
0.001224,-0.0045,0.32000000000000006
0.0012256,0.004300000000000001,0.32000000000000006
0.0012272,-0.006699999999999999,0.32000000000000006
0.0012288,0.0045000000000000005,0.32000000000000006
0.0012304,-0.0057,0.32000000000000006
0.001232,0.0041,0.32000000000000006
0.0012336,-0.006500000000000001,0.32000000000000006
0.0012351999999999999,0.005900000000000001,0.32000000000000006
0.0012368,-0.0073,0.32000000000000006
0.0012384,0.007300000000000001,0.32000000000000006
0.00124,-0.0083,0.4
0.0012416,0.0047,0.32000000000000006
0.0012432,-0.0075,0.32000000000000006
0.0012448,0.004900000000000001,0.32000000000000006
0.0012464,-0.0055,0.32000000000000006
0.001248,0.0019000000000000006,0.32000000000000006
0.0012496,-0.0024999999999999996,0.32000000000000006
0.0012512,-0.0012999999999999997,0.32000000000000006
0.0012527999999999999,0.00030000000000000035,0.32000000000000006
0.0012544,-0.0043,0.32000000000000006
0.001256,0.0035000000000000005,0.32000000000000006
0.0012576,-0.0079,0.32000000000000006
0.0012592,0.0057,0.32000000000000006
0.0012608,-0.0063,0.32000000000000006
0.0012624,0.0037,0.32000000000000006
0.001264,-0.006699999999999999,0.32000000000000006
0.0012656,0.005900000000000001,0.32000000000000006
0.0012672,-0.0059,0.32000000000000006
0.0012688,0.005500000000000001,0.32000000000000006
0.0012704,-0.0055,0.32000000000000006
0.001272,0.004300000000000001,0.32000000000000006
0.0012736,-0.0077,0.32000000000000006
0.0012752,0.006500000000000001,0.32000000000000006
0.0012768,-0.009899999999999999,0.32000000000000006
0.0012784,0.007300000000000001,0.32000000000000006
0.0012799999999999999,-0.0111,0.32000000000000006
0.0012816,0.005900000000000001,0.32000000000000006
0.0012832,-0.0093,0.32000000000000006
0.0012848,0.0057,0.32000000000000006
0.0012864,-0.0045,0.32000000000000006
0.001288,0.0013000000000000008,0.32000000000000006
0.0012896,-0.0021,0.32000000000000006
0.0012912,-0.0036999999999999997,0.32000000000000006
0.0012928,0.0027,0.32000000000000006
0.0012944,-0.0034999999999999996,0.24
0.001296,0.0029000000000000007,0.32000000000000006
0.0012975999999999999,-0.0073,0.32000000000000006
0.0012992,0.002300000000000001,0.32000000000000006
0.0013008,-0.0081,0.32000000000000006
0.0013024,0.0047,0.32000000000000006
0.001304,-0.0069,0.32000000000000006
0.0013056,0.004300000000000001,0.32000000000000006
0.0013072,-0.0051,0.32000000000000006
0.0013088,0.0047,0.32000000000000006
0.0013104,-0.0049,0.32000000000000006
0.001312,0.0045000000000000005,0.4
0.0013136,-0.0053,0.32000000000000006
0.0013151999999999999,0.0057,0.32000000000000006
0.0013168,-0.0091,0.32000000000000006
0.0013184,0.0057,0.32000000000000006
0.00132,-0.010100000000000001,0.32000000000000006
0.0013216,0.006700000000000001,0.32000000000000006
0.0013232,-0.0071,0.32000000000000006
0.0013248,0.005500000000000001,0.32000000000000006
0.0013264,-0.0051,0.32000000000000006
0.001328,0.0019000000000000006,0.32000000000000006
0.0013296,-0.0024999999999999996,0.32000000000000006
0.0013312,-0.0018999999999999998,0.32000000000000006
0.0013327999999999999,-0.0006999999999999997,0.32000000000000006
0.0013344,-0.0049,0.32000000000000006
0.001336,0.003300000000000001,0.32000000000000006
0.0013376,-0.0081,0.32000000000000006
0.0013392,0.006100000000000001,0.32000000000000006
0.0013408,-0.0081,0.32000000000000006
0.0013423999999999999,0.007300000000000001,0.32000000000000006
0.001344,-0.0079,0.32000000000000006
0.0013456,0.005500000000000001,0.32000000000000006
0.0013472,-0.0069,0.32000000000000006
0.0013488,0.0045000000000000005,0.32000000000000006
0.0013504,-0.0069,0.32000000000000006
0.001352,0.0045000000000000005,0.32000000000000006
0.0013536,-0.0083,0.32000000000000006
0.0013552,0.0051,0.32000000000000006
0.0013568,-0.010100000000000001,0.32000000000000006
0.0013584,0.0063,0.32000000000000006
0.0013599999999999999,-0.0095,0.32000000000000006
0.0013616,0.0069,0.32000000000000006
0.0013632,-0.0083,0.32000000000000006
0.0013648,0.0041,0.32000000000000006
0.0013664,-0.0063,0.32000000000000006
0.001368,0.0013000000000000008,0.24
0.0013696,-0.0016999999999999997,0.32000000000000006
0.0013712,-9.999999999999983e-05,0.32000000000000006
0.0013728,0.002300000000000001,0.32000000000000006
0.0013744,-0.0043,0.32000000000000006
0.001376,0.0021000000000000003,0.32000000000000006
0.0013775999999999999,-0.0075,0.32000000000000006
0.0013792,0.006500000000000001,0.32000000000000006
0.0013808,-0.006500000000000001,0.32000000000000006
0.0013824,0.005300000000000001,0.32000000000000006
0.001384,-0.0049,0.32000000000000006
0.0013856,0.0035000000000000005,0.32000000000000006
0.0013871999999999999,-0.0047,0.32000000000000006
0.0013888,0.0041,0.32000000000000006
0.0013904,-0.0053,0.32000000000000006
0.001392,0.0047,0.32000000000000006
0.0013936,-0.0053,0.32000000000000006
0.0013951999999999999,0.0071,0.32000000000000006
0.0013968,-0.0087,0.32000000000000006
0.0013984,0.008100000000000001,0.32000000000000006
0.0014,-0.0093,0.32000000000000006
0.0014016,0.0051,0.32000000000000006
0.0014032,-0.0081,0.32000000000000006
0.0014047999999999999,0.0045000000000000005,0.32000000000000006
0.0014064,-0.0049,0.32000000000000006
0.001408,0.0005000000000000004,0.32000000000000006
0.0014096,-0.0023,0.32000000000000006
0.0014112,-0.0016999999999999997,0.4
0.0014128,-9.999999999999983e-05,0.32000000000000006
0.0014144,-0.0043,0.4
0.001416,0.005900000000000001,0.32000000000000006
0.0014176,-0.0055,0.32000000000000006
0.0014192,0.0063,0.32000000000000006
0.0014208,-0.0040999999999999995,0.32000000000000006
0.0014223999999999999,0.004900000000000001,0.32000000000000006
0.001424,-0.0081,0.32000000000000006
0.0014256,0.0035000000000000005,0.32000000000000006
0.0014272,-0.0063,0.32000000000000006
0.0014288,0.0047,0.32000000000000006
0.0014304,-0.0063,0.32000000000000006
0.001432,0.0029000000000000007,0.32000000000000006
0.0014336,-0.0077,0.32000000000000006
0.0014352,0.0039000000000000007,0.32000000000000006
0.0014368,-0.0085,0.32000000000000006
0.0014384,0.0063,0.32000000000000006
0.0014399999999999999,-0.0087,0.32000000000000006
0.0014416,0.005300000000000001,0.4
0.0014432,-0.0073,0.32000000000000006
0.0014448,0.0039000000000000007,0.32000000000000006
0.0014464,-0.0047,0.32000000000000006
0.001448,0.002300000000000001,0.32000000000000006
0.0014495999999999999,-0.0004999999999999996,0.32000000000000006
0.0014512,-0.0014999999999999998,0.32000000000000006
0.0014528,0.0005000000000000004,0.32000000000000006
0.0014544,-0.0024999999999999996,0.32000000000000006
0.001456,0.0039000000000000007,0.32000000000000006
0.0014575999999999999,-0.0055,0.32000000000000006
0.0014592,0.006700000000000001,0.32000000000000006
0.0014608,-0.006500000000000001,0.32000000000000006
0.0014624,0.0047,0.32000000000000006
0.001464,-0.0071,0.32000000000000006
0.0014656,0.004900000000000001,0.32000000000000006
0.0014671999999999999,-0.006699999999999999,0.32000000000000006
0.0014688,0.0045000000000000005,0.32000000000000006
0.0014704,-0.0059,0.32000000000000006
0.001472,0.0063,0.32000000000000006
0.0014736,-0.0081,0.32000000000000006
0.0014752,0.006100000000000001,0.32000000000000006
0.0014768,-0.0081,0.32000000000000006
0.0014784,0.007300000000000001,0.32000000000000006
0.00148,-0.010499999999999999,0.32000000000000006
0.0014816,0.006500000000000001,0.32000000000000006
0.0014832,-0.0097,0.32000000000000006
0.0014847999999999999,0.004900000000000001,0.32000000000000006
0.0014864,-0.0081,0.32000000000000006
0.001488,0.002300000000000001,0.4
0.0014896,-0.0010999999999999996,0.32000000000000006
0.0014912,-0.0018999999999999998,0.32000000000000006
0.0014928,0.0011000000000000003,0.32000000000000006
0.0014944,-0.0040999999999999995,0.32000000000000006
0.001496,0.006100000000000001,0.32000000000000006
0.0014976,-0.0057,0.32000000000000006
0.0014992,0.0035000000000000005,0.32000000000000006
0.0015008,-0.0085,0.32000000000000006
0.0015023999999999999,0.005500000000000001,0.32000000000000006
0.001504,-0.0055,0.32000000000000006
0.0015056,0.0041,0.32000000000000006
0.0015072,-0.0047,0.32000000000000006
0.0015088,0.004900000000000001,0.32000000000000006
0.0015104,-0.0059,0.32000000000000006
0.0015119999999999999,0.0045000000000000005,0.32000000000000006
0.0015136,-0.0063,0.32000000000000006
0.0015152,0.0057,0.32000000000000006
0.0015168,-0.0085,0.32000000000000006
0.0015184,0.005500000000000001,0.32000000000000006
0.0015199999999999999,-0.011300000000000001,0.32000000000000006
0.0015216,0.004900000000000001,0.32000000000000006
0.0015232,-0.0081,0.32000000000000006
0.0015248,0.005900000000000001,0.32000000000000006
0.0015264,-0.0031,0.32000000000000006
0.001528,0.0037,0.32000000000000006
0.0015295999999999999,-0.0024999999999999996,0.32000000000000006
0.0015312,-0.0008999999999999998,0.32000000000000006
0.0015328,-0.0008999999999999998,0.32000000000000006
0.0015344,-0.0043,0.32000000000000006
0.001536,0.002300000000000001,0.32000000000000006
0.0015376,-0.0081,0.32000000000000006
0.0015392,0.004300000000000001,0.32000000000000006
0.0015408,-0.0069,0.32000000000000006
0.0015424,0.004900000000000001,0.32000000000000006
0.001544,-0.0053,0.32000000000000006
0.0015456,0.003300000000000001,0.32000000000000006
0.0015471999999999999,-0.0079,0.32000000000000006
0.0015488,0.0039000000000000007,0.32000000000000006
0.0015504,-0.0077,0.32000000000000006
0.001552,0.005300000000000001,0.32000000000000006
0.0015536,-0.006699999999999999,0.32000000000000006
0.0015552,0.0057,0.32000000000000006
0.0015568,-0.0085,0.32000000000000006
0.0015584,0.0051,0.32000000000000006
0.00156,-0.010700000000000001,0.32000000000000006
0.0015616,0.0047,0.32000000000000006
0.0015632,-0.0079,0.32000000000000006
0.0015647999999999999,0.0057,0.32000000000000006
0.0015664,-0.0057,0.32000000000000006
0.001568,0.0025000000000000005,0.32000000000000006
0.0015696,-0.0039,0.4
0.0015712,-0.0004999999999999996,0.32000000000000006
0.0015728,0.0025000000000000005,0.32000000000000006
0.0015743999999999999,-0.0047,0.32000000000000006
0.001576,0.0045000000000000005,0.32000000000000006
0.0015776,-0.006500000000000001,0.32000000000000006
0.0015792,0.0063,0.32000000000000006
0.0015808,-0.0060999999999999995,0.32000000000000006
0.0015823999999999999,0.005500000000000001,0.32000000000000006
0.001584,-0.0075,0.32000000000000006
0.0015856,0.005300000000000001,0.32000000000000006
0.0015872,-0.0055,0.32000000000000006
0.0015888,0.0027,0.32000000000000006
0.0015904,-0.0053,0.32000000000000006
0.0015919999999999999,0.0041,0.32000000000000006
0.0015936,-0.0077,0.32000000000000006
0.0015952,0.006500000000000001,0.32000000000000006
0.0015968,-0.0091,0.24
0.0015984,0.006500000000000001,0.32000000000000006
0.0015999999999999999,-0.0081,0.32000000000000006
0.0016016,0.007300000000000001,0.32000000000000006
0.0016032,-0.0091,0.32000000000000006
0.0016048,0.0079,0.32000000000000006
0.0016064,-0.0055,0.32000000000000006
0.001608,0.002300000000000001,0.32000000000000006
0.0016095999999999999,-0.0040999999999999995,0.32000000000000006
0.0016112,-0.0012999999999999997,0.32000000000000006
0.0016128,-0.0004999999999999996,0.32000000000000006
0.0016144,-0.0059,0.32000000000000006
0.001616,0.006500000000000001,0.32000000000000006
0.0016176,-0.006500000000000001,0.32000000000000006
0.0016192,0.0051,0.32000000000000006
0.0016208,-0.0075,0.32000000000000006
0.0016224,0.0057,0.32000000000000006
0.001624,-0.0093,0.32000000000000006
0.0016256,0.005300000000000001,0.32000000000000006
0.0016271999999999999,-0.0063,0.32000000000000006
0.0016288,0.0047,0.32000000000000006
0.0016304,-0.0057,0.32000000000000006
0.001632,0.005500000000000001,0.32000000000000006
0.0016336,-0.006699999999999999,0.32000000000000006
0.0016352,0.0051,0.32000000000000006
0.0016367999999999999,-0.0083,0.32000000000000006
0.0016384,0.0079,0.32000000000000006
0.00164,-0.0089,0.32000000000000006
0.0016416,0.0069,0.32000000000000006
0.0016432,-0.0095,0.32000000000000006
0.0016447999999999999,0.004300000000000001,0.32000000000000006
0.0016464,-0.0059,0.32000000000000006
0.001648,0.0007000000000000005,0.32000000000000006
0.0016496,-0.0018999999999999998,0.32000000000000006
0.0016512,-0.0010999999999999996,0.32000000000000006
0.0016528,0.0009000000000000002,0.32000000000000006
0.0016543999999999999,-0.0055,0.32000000000000006
0.001656,0.0025000000000000005,0.32000000000000006
0.0016576,-0.0047,0.32000000000000006
0.0016592,0.004900000000000001,0.32000000000000006
0.0016608,-0.0075,0.32000000000000006
0.0016623999999999999,0.004900000000000001,0.32000000000000006
0.001664,-0.0059,0.32000000000000006
0.0016656,0.0039000000000000007,0.32000000000000006
0.0016672,-0.0060999999999999995,0.32000000000000006
0.0016688,0.0039000000000000007,0.32000000000000006
0.0016704,-0.0045,0.32000000000000006
0.0016719999999999999,0.0051,0.32000000000000006
0.0016736,-0.006500000000000001,0.32000000000000006
0.0016752,0.007300000000000001,0.32000000000000006
0.0016768,-0.0077,0.32000000000000006
0.0016784,0.007300000000000001,0.32000000000000006
0.00168,-0.0083,0.32000000000000006
0.0016816,0.006500000000000001,0.32000000000000006
0.0016832,-0.0079,0.32000000000000006
0.0016848,0.005500000000000001,0.32000000000000006
0.0016864,-0.0060999999999999995,0.32000000000000006
0.001688,0.0039000000000000007,0.32000000000000006
0.0016895999999999999,-0.0021,0.32000000000000006
0.0016912,-0.0018999999999999998,0.32000000000000006
0.0016928,-0.0002999999999999995,0.32000000000000006
0.0016944,-0.0053,0.32000000000000006
0.001696,0.0021000000000000003,0.32000000000000006
0.0016976,-0.0069,0.32000000000000006
0.0016991999999999999,0.0039000000000000007,0.32000000000000006
0.0017008,-0.0079,0.32000000000000006
0.0017024,0.004300000000000001,0.32000000000000006
0.001704,-0.0059,0.32000000000000006
0.0017056,0.005500000000000001,0.32000000000000006
0.0017071999999999999,-0.0055,0.32000000000000006
0.0017088,0.0037,0.32000000000000006
0.0017104,-0.0071,0.32000000000000006
0.001712,0.004900000000000001,0.32000000000000006
0.0017136,-0.0060999999999999995,0.32000000000000006
0.0017152,0.0063,0.32000000000000006
0.0017167999999999999,-0.0091,0.32000000000000006
0.0017184,0.0077,0.32000000000000006
0.00172,-0.0093,0.32000000000000006
0.0017216,0.006100000000000001,0.32000000000000006
0.0017232,-0.0081,0.32000000000000006
0.0017247999999999999,0.0045000000000000005,0.32000000000000006
0.0017264,-0.0071,0.32000000000000006
0.001728,0.0031000000000000003,0.32000000000000006
0.0017296,-0.0010999999999999996,0.32000000000000006
0.0017312,-0.0016999999999999997,0.32000000000000006
0.0017328,-0.0006999999999999997,0.32000000000000006
0.0017343999999999999,-0.0063,0.32000000000000006
0.001736,0.0039000000000000007,0.32000000000000006
0.0017376,-0.0063,0.32000000000000006
0.0017392,0.0035000000000000005,0.32000000000000006
0.0017408,-0.0049,0.32000000000000006
0.0017423999999999999,0.0047,0.32000000000000006
0.0017439999999999999,-0.0069,0.32000000000000006
0.0017456,0.0037,0.32000000000000006
0.0017472,-0.0055,0.32000000000000006
0.0017488,0.0051,0.32000000000000006
0.0017504,-0.0059,0.32000000000000006
0.0017519999999999999,0.004900000000000001,0.32000000000000006
0.0017536,-0.0077,0.32000000000000006
0.0017552,0.005300000000000001,0.32000000000000006
0.0017568,-0.0091,0.32000000000000006
0.0017584,0.0057,0.32000000000000006
0.00176,-0.0091,0.32000000000000006
0.0017615999999999999,0.006500000000000001,0.32000000000000006
0.0017632,-0.0091,0.32000000000000006
0.0017648,0.0041,0.32000000000000006
0.0017664,-0.0040999999999999995,0.32000000000000006
0.001768,0.0021000000000000003,0.32000000000000006
0.0017695999999999999,-0.0006999999999999997,0.32000000000000006
0.0017712,-9.999999999999983e-05,0.32000000000000006
0.0017728,-0.0002999999999999995,0.32000000000000006
0.0017744,-0.0036999999999999997,0.32000000000000006
0.001776,0.0039000000000000007,0.32000000000000006
0.0017776,-0.0069,0.32000000000000006
0.0017791999999999999,0.0047,0.32000000000000006
0.0017808,-0.0060999999999999995,0.32000000000000006
0.0017824,0.0029000000000000007,0.32000000000000006
0.001784,-0.0075,0.32000000000000006
0.0017856,0.0035000000000000005,0.32000000000000006
0.0017871999999999999,-0.0040999999999999995,0.32000000000000006
0.0017888,0.0035000000000000005,0.32000000000000006
0.0017904,-0.0057,0.32000000000000006
0.001792,0.0041,0.32000000000000006
0.0017936,-0.0069,0.32000000000000006
0.0017952,0.0051,0.32000000000000006
0.0017967999999999999,-0.0081,0.32000000000000006
0.0017984,0.006700000000000001,0.32000000000000006
0.0018,-0.0091,0.32000000000000006
0.0018016,0.005300000000000001,0.32000000000000006
0.0018032,-0.0071,0.32000000000000006
0.0018047999999999999,0.006100000000000001,0.32000000000000006
0.0018063999999999999,-0.0060999999999999995,0.32000000000000006
0.001808,0.0029000000000000007,0.32000000000000006
0.0018096,-0.0039,0.32000000000000006
0.0018112,-0.0012999999999999997,0.32000000000000006
0.0018128,0.00030000000000000035,0.32000000000000006
0.0018143999999999999,-0.0040999999999999995,0.32000000000000006
0.001816,0.0035000000000000005,0.32000000000000006
0.0018176,-0.0040999999999999995,0.32000000000000006
0.0018192,0.0037,0.32000000000000006
0.0018208,-0.006500000000000001,0.32000000000000006
0.0018224,0.006500000000000001,0.32000000000000006
0.0018239999999999999,-0.0060999999999999995,0.32000000000000006
0.0018256,0.005300000000000001,0.32000000000000006
0.0018272,-0.0051,0.32000000000000006
0.0018288,0.005300000000000001,0.32000000000000006
0.0018304,-0.006699999999999999,0.32000000000000006
0.0018319999999999999,0.005500000000000001,0.32000000000000006
0.0018336,-0.0071,0.32000000000000006
0.0018352,0.0069,0.32000000000000006
0.0018368,-0.010499999999999999,0.32000000000000006
0.0018384,0.0063,0.32000000000000006
0.00184,-0.010100000000000001,0.32000000000000006
0.0018415999999999999,0.0077,0.32000000000000006
0.0018432,-0.006699999999999999,0.32000000000000006
0.0018448,0.005300000000000001,0.32000000000000006
0.0018464,-0.0051,0.32000000000000006
0.001848,0.0007000000000000005,0.32000000000000006
0.0018495999999999999,-0.0040999999999999995,0.32000000000000006
0.0018512,-0.0023,0.32000000000000006
0.0018528,0.0013000000000000008,0.32000000000000006
0.0018544,-0.0031,0.32000000000000006
0.001856,0.0031000000000000003,0.32000000000000006
0.0018576,-0.0091,0.32000000000000006
0.0018591999999999999,0.004300000000000001,0.32000000000000006
0.0018608,-0.0059,0.32000000000000006
0.0018624,0.0051,0.32000000000000006
0.001864,-0.0063,0.32000000000000006
0.0018656,0.004900000000000001,0.32000000000000006
0.0018671999999999998,-0.0077,0.32000000000000006
0.0018687999999999999,0.0037,0.32000000000000006
0.0018704,-0.006699999999999999,0.32000000000000006
0.001872,0.0063,0.32000000000000006
0.0018736,-0.0085,0.32000000000000006
0.0018752,0.007300000000000001,0.32000000000000006
0.0018767999999999999,-0.0089,0.32000000000000006
0.0018784,0.0083,0.32000000000000006
0.00188,-0.0089,0.32000000000000006
0.0018816,0.0075000000000000015,0.32000000000000006
0.0018832,-0.0089,0.32000000000000006
0.0018848,0.005900000000000001,0.32000000000000006
0.0018863999999999999,-0.0077,0.32000000000000006
0.001888,0.0027,0.32000000000000006
0.0018896,-0.0029,0.32000000000000006
0.0018912,-0.0021,0.32000000000000006
0.0018928,0.0009000000000000002,0.32000000000000006
0.0018943999999999999,-0.0040999999999999995,0.32000000000000006
0.001896,0.0017000000000000001,0.32000000000000006
0.0018976,-0.0063,0.32000000000000006
0.0018992,0.0037,0.32000000000000006
0.0019008,-0.0073,0.32000000000000006
0.0019024,0.0039000000000000007,0.32000000000000006
0.0019039999999999999,-0.0051,0.32000000000000006
0.0019056,0.004300000000000001,0.32000000000000006
0.0019072,-0.0063,0.32000000000000006
0.0019088,0.005500000000000001,0.32000000000000006
0.0019104,-0.0043,0.32000000000000006
0.0019119999999999999,0.0039000000000000007,0.32000000000000006
0.0019136,-0.0083,0.32000000000000006
0.0019152,0.005500000000000001,0.32000000000000006
0.0019168,-0.009899999999999999,0.32000000000000006
0.0019184,0.0069,0.32000000000000006
0.00192,-0.0091,0.32000000000000006
0.0019215999999999999,0.0075000000000000015,0.32000000000000006
0.0019232,-0.0075,0.32000000000000006
0.0019248,0.0057,0.32000000000000006
0.0019264,-0.0053,0.32000000000000006
0.001928,0.0019000000000000006,0.32000000000000006
0.0019295999999999998,-0.0029,0.32000000000000006
0.0019311999999999999,-0.0004999999999999996,0.32000000000000006
0.0019328,0.0005000000000000004,0.32000000000000006
0.0019344,-0.0034999999999999996,0.32000000000000006
0.001936,0.0011000000000000003,0.32000000000000006
0.0019376,-0.0045,0.24
0.0019391999999999999,0.003300000000000001,0.32000000000000006
0.0019408,-0.0073,0.32000000000000006
0.0019424,0.0037,0.32000000000000006
0.001944,-0.0051,0.32000000000000006
0.0019456,0.0039000000000000007,0.32000000000000006
0.0019472,-0.0051,0.32000000000000006
0.0019487999999999999,0.0037,0.32000000000000006
0.0019504,-0.0047,0.32000000000000006
0.001952,0.0037,0.32000000000000006
0.0019535999999999998,-0.0069,0.32000000000000006
0.0019552,0.0063,0.32000000000000006
0.0019568,-0.0091,0.32000000000000006
0.0019584,0.0083,0.32000000000000006
0.00196,-0.0097,0.32000000000000006
0.0019616,0.0075000000000000015,0.32000000000000006
0.0019632,-0.0085,0.32000000000000006
0.0019648,0.005900000000000001,0.32000000000000006
0.0019664,-0.0034999999999999996,0.32000000000000006
0.001968,0.00030000000000000035,0.32000000000000006
0.0019695999999999997,-0.0029,0.32000000000000006
0.0019711999999999998,-0.0045,0.32000000000000006
0.0019728,0.0007000000000000005,0.32000000000000006
0.0019744,-0.0039,0.32000000000000006
0.001976,0.0069,0.32000000000000006
0.0019776,-0.0069,0.32000000000000006
0.0019792,0.005500000000000001,0.32000000000000006
0.0019808,-0.0081,0.32000000000000006
0.0019824,0.0045000000000000005,0.32000000000000006
0.001984,-0.006699999999999999,0.32000000000000006
0.0019856,0.006500000000000001,0.4
0.0019872,-0.0069,0.32000000000000006
0.0019887999999999998,0.0029000000000000007,0.32000000000000006
0.0019904,-0.006500000000000001,0.32000000000000006
0.001992,0.0045000000000000005,0.32000000000000006
0.0019936,-0.0083,0.32000000000000006
0.0019952,0.0071,0.32000000000000006
0.0019968,-0.0111,0.32000000000000006
0.0019984,0.0063,0.32000000000000006
0.002,-0.009899999999999999,0.32000000000000006
0.0020016,0.0057,0.32000000000000006
0.0020032,-0.0073,0.32000000000000006
0.0020048,0.0071,0.32000000000000006
0.0020063999999999998,-0.0057,0.32000000000000006
0.002008,0.0005000000000000004,0.32000000000000006
0.0020096,-0.0004999999999999996,0.32000000000000006
0.0020112,-0.0018999999999999998,0.32000000000000006
0.0020128,0.0013000000000000008,0.32000000000000006
0.0020144,-0.0051,0.32000000000000006
0.002016,0.004300000000000001,0.32000000000000006
0.0020176,-0.0069,0.32000000000000006
0.0020192,0.0063,0.32000000000000006
0.0020208,-0.0083,0.32000000000000006
0.0020224,0.0047,0.32000000000000006
0.0020239999999999998,-0.0071,0.32000000000000006
0.0020256,0.005900000000000001,0.32000000000000006
0.0020272,-0.0063,0.32000000000000006
0.0020288,0.0037,0.32000000000000006
0.0020304,-0.0071,0.32000000000000006
0.002032,0.005300000000000001,0.32000000000000006
0.0020336,-0.0077,0.32000000000000006
0.0020352,0.005900000000000001,0.32000000000000006
0.0020368,-0.0079,0.32000000000000006
0.0020384,0.0069,0.32000000000000006
0.00204,-0.0087,0.32000000000000006
0.0020415999999999998,0.006700000000000001,0.32000000000000006
0.0020432,-0.0079,0.32000000000000006
0.0020448,0.004900000000000001,0.32000000000000006
0.0020464,-0.0051,0.32000000000000006
0.002048,0.0013000000000000008,0.32000000000000006
0.0020496,-0.0006999999999999997,0.32000000000000006
0.0020512,-0.0023,0.32000000000000006
0.0020528,0.0019000000000000006,0.32000000000000006
0.0020544,-0.0045,0.32000000000000006
0.002056,0.0045000000000000005,0.32000000000000006
0.0020576,-0.0059,0.32000000000000006
0.0020591999999999997,0.005300000000000001,0.32000000000000006
0.0020608,-0.0077,0.32000000000000006
0.0020624,0.0051,0.32000000000000006
0.002064,-0.0073,0.32000000000000006
0.0020656,0.005500000000000001,0.32000000000000006
0.0020672,-0.0077,0.32000000000000006
0.0020688,0.0051,0.32000000000000006
0.0020704,-0.0059,0.32000000000000006
0.002072,0.005300000000000001,0.32000000000000006
0.0020736,-0.0077,0.32000000000000006
0.0020752,0.004900000000000001,0.32000000000000006
0.0020767999999999997,-0.0075,0.32000000000000006
0.0020783999999999998,0.0079,0.32000000000000006
0.00208,-0.0093,0.32000000000000006
0.0020816,0.006100000000000001,0.32000000000000006
0.0020832,-0.0087,0.32000000000000006
0.0020848,0.004300000000000001,0.32000000000000006
0.0020864,-0.0055,0.32000000000000006
0.002088,0.0035000000000000005,0.32000000000000006
0.0020896,-0.0014999999999999998,0.32000000000000006
0.0020912,-0.0016999999999999997,0.32000000000000006
0.0020928,-0.0008999999999999998,0.32000000000000006
0.0020943999999999997,-0.0029,0.32000000000000006
0.0020959999999999998,0.0029000000000000007,0.32000000000000006
0.0020976,-0.0060999999999999995,0.32000000000000006
0.0020992,0.0029000000000000007,0.32000000000000006
0.0021008,-0.0057,0.32000000000000006
0.0021024,0.005500000000000001,0.32000000000000006
0.002104,-0.0071,0.32000000000000006
0.0021056,0.0069,0.32000000000000006
0.0021072,-0.0069,0.32000000000000006
0.0021088,0.0035000000000000005,0.32000000000000006
0.0021104,-0.0059,0.32000000000000006
0.0021119999999999997,0.004900000000000001,0.4
0.0021135999999999998,-0.0083,0.32000000000000006
0.0021152,0.005900000000000001,0.4
0.0021168,-0.0089,0.32000000000000006
0.0021184,0.0071,0.32000000000000006
0.00212,-0.0091,0.32000000000000006
0.0021216,0.0089,0.32000000000000006
0.0021232,-0.0087,0.32000000000000006
0.0021248,0.0037,0.32000000000000006
0.0021264,-0.0049,0.32000000000000006
0.002128,-0.0006999999999999997,0.32000000000000006
0.0021296,-0.0034999999999999996,0.32000000000000006
0.0021311999999999998,-0.0018999999999999998,0.32000000000000006
0.0021328,0.002300000000000001,0.32000000000000006
0.0021344,-0.0040999999999999995,0.32000000000000006
0.002136,0.004900000000000001,0.32000000000000006
0.0021376,-0.0059,0.32000000000000006
0.0021392,0.0057,0.32000000000000006
0.0021408,-0.0083,0.32000000000000006
0.0021424,0.003300000000000001,0.4
0.002144,-0.0081,0.32000000000000006
0.0021456,0.004300000000000001,0.32000000000000006
0.0021472,-0.0063,0.32000000000000006
0.0021487999999999998,0.0047,0.32000000000000006
0.0021504,-0.0063,0.32000000000000006
0.002152,0.0057,0.32000000000000006
0.0021536,-0.0083,0.32000000000000006
0.0021552,0.006100000000000001,0.32000000000000006
0.0021568,-0.0087,0.32000000000000006
0.0021584,0.0063,0.32000000000000006
0.00216,-0.0093,0.32000000000000006
0.0021616,0.0057,0.32000000000000006
0.0021632,-0.0085,0.32000000000000006
0.0021648,0.004300000000000001,0.32000000000000006
0.0021663999999999997,-0.0057,0.32000000000000006
0.002168,0.0031000000000000003,0.32000000000000006
0.0021696,-9.999999999999983e-05,0.32000000000000006
0.0021712,0.0015000000000000005,0.32000000000000006
0.0021728,0.0009000000000000002,0.32000000000000006
0.0021744,-0.0033,0.32000000000000006
0.002176,0.0037,0.32000000000000006
0.0021776,-0.0071,0.32000000000000006
0.0021792,0.004900000000000001,0.32000000000000006
0.0021808,-0.0081,0.32000000000000006
0.0021824,0.003300000000000001,0.32000000000000006
0.0021839999999999997,-0.0060999999999999995,0.32000000000000006
0.0021855999999999998,0.0037,0.32000000000000006
0.0021872,-0.0049,0.32000000000000006
0.0021888,0.0045000000000000005,0.32000000000000006
0.0021904,-0.0053,0.32000000000000006
0.002192,0.0047,0.32000000000000006
0.0021936,-0.006699999999999999,0.32000000000000006
0.0021952,0.006500000000000001,0.32000000000000006
0.0021968,-0.0085,0.32000000000000006
0.0021984,0.006100000000000001,0.32000000000000006
0.0022,-0.0093,0.32000000000000006
0.0022015999999999997,0.006100000000000001,0.32000000000000006
0.0022031999999999998,-0.0095,0.32000000000000006
0.0022048,0.005900000000000001,0.32000000000000006
0.0022064,-0.0051,0.32000000000000006
0.002208,0.002300000000000001,0.32000000000000006
0.0022096,-0.0023,0.32000000000000006
0.0022112,-0.0021,0.32000000000000006
0.0022128,0.00010000000000000026,0.32000000000000006
0.0022144,-0.0040999999999999995,0.32000000000000006
0.002216,0.0025000000000000005,0.32000000000000006
0.0022176,-0.0053,0.32000000000000006
0.0022191999999999997,0.006700000000000001,0.32000000000000006
0.0022207999999999998,-0.0091,0.32000000000000006
0.0022224,0.004900000000000001,0.32000000000000006
0.002224,-0.0069,0.32000000000000006
0.0022256,0.0051,0.32000000000000006
0.0022272,-0.0055,0.32000000000000006
0.0022288,0.0045000000000000005,0.32000000000000006
0.0022304,-0.0069,0.32000000000000006
0.002232,0.004900000000000001,0.32000000000000006
0.0022336,-0.0079,0.32000000000000006
0.0022352,0.0045000000000000005,0.32000000000000006
0.0022367999999999997,-0.0083,0.32000000000000006
0.0022383999999999998,0.0071,0.32000000000000006
0.00224,-0.0087,0.32000000000000006
0.0022416,0.004900000000000001,0.32000000000000006
0.0022432,-0.0085,0.32000000000000006
0.0022448,0.0025000000000000005,0.32000000000000006
0.0022464,-0.0031,0.32000000000000006
0.002248,0.0007000000000000005,0.32000000000000006
0.0022496,-0.0006999999999999997,0.32000000000000006
0.0022512,-0.0012999999999999997,0.32000000000000006
0.0022528,0.0013000000000000008,0.32000000000000006
0.0022544,-0.0045,0.32000000000000006
0.0022559999999999998,0.0063,0.32000000000000006
0.0022576,-0.0081,0.32000000000000006
0.0022592,0.0051,0.32000000000000006
0.0022608,-0.0093,0.32000000000000006
0.0022624,0.007300000000000001,0.32000000000000006
0.002264,-0.0069,0.32000000000000006
0.0022656,0.005500000000000001,0.32000000000000006
0.0022672,-0.0069,0.32000000000000006
0.0022688,0.0039000000000000007,0.32000000000000006
0.0022704,-0.0057,0.32000000000000006
0.002272,0.0041,0.32000000000000006
0.0022735999999999998,-0.0069,0.32000000000000006
0.0022752,0.0057,0.32000000000000006
0.0022768,-0.0087,0.32000000000000006
0.0022784,0.006700000000000001,0.32000000000000006
0.00228,-0.0109,0.32000000000000006
0.0022816,0.004900000000000001,0.32000000000000006
0.0022832,-0.0073,0.32000000000000006
0.0022848,0.006500000000000001,0.32000000000000006
0.0022864,-0.0034999999999999996,0.32000000000000006
0.002288,0.0013000000000000008,0.32000000000000006
0.0022896,-0.0018999999999999998,0.32000000000000006
0.0022911999999999997,0.0009000000000000002,0.32000000000000006
0.0022928,0.0009000000000000002,0.32000000000000006
0.0022944,-0.0059,0.32000000000000006
0.002296,0.002300000000000001,0.32000000000000006
0.0022976,-0.0040999999999999995,0.32000000000000006
0.0022992,0.006100000000000001,0.32000000000000006
0.0023008,-0.0085,0.32000000000000006
0.0023024,0.0057,0.32000000000000006
0.002304,-0.0051,0.32000000000000006
0.0023056,0.004900000000000001,0.32000000000000006
0.0023072,-0.0049,0.32000000000000006
0.0023087999999999997,0.0047,0.32000000000000006
0.0023103999999999998,-0.0057,0.32000000000000006
0.002312,0.0039000000000000007,0.32000000000000006
0.0023136,-0.0077,0.32000000000000006
0.0023152,0.0039000000000000007,0.32000000000000006
0.0023168,-0.0095,0.32000000000000006
0.0023184,0.0069,0.32000000000000006
0.00232,-0.0083,0.32000000000000006
0.0023216,0.0071,0.32000000000000006
0.0023232,-0.0073,0.32000000000000006
0.0023248,0.0037,0.32000000000000006
0.0023263999999999997,-0.0059,0.4
0.0023279999999999998,0.002300000000000001,0.24
0.0023296,-9.999999999999983e-05,0.32000000000000006
0.0023312,-0.0002999999999999995,0.32000000000000006
0.0023328,0.0019000000000000006,0.32000000000000006
0.0023344,-0.0063,0.32000000000000006
0.002336,0.0041,0.32000000000000006
0.0023376,-0.0077,0.32000000000000006
0.0023392,0.004300000000000001,0.32000000000000006
0.0023408,-0.0097,0.32000000000000006
0.0023424,0.005900000000000001,0.4
0.0023439999999999997,-0.0071,0.32000000000000006
0.0023455999999999998,0.0069,0.4
0.0023472,-0.0053,0.32000000000000006
0.0023488,0.004900000000000001,0.32000000000000006
0.0023504,-0.0075,0.32000000000000006
0.002352,0.005500000000000001,0.32000000000000006
0.0023536,-0.0069,0.32000000000000006
0.0023552,0.0075000000000000015,0.32000000000000006
0.0023568,-0.0075,0.32000000000000006
0.0023584,0.006500000000000001,0.32000000000000006
0.00236,-0.0103,0.32000000000000006
0.0023615999999999997,0.005900000000000001,0.32000000000000006
0.0023631999999999998,-0.0071,0.32000000000000006
0.0023648,0.0035000000000000005,0.32000000000000006
0.0023664,-0.0049,0.32000000000000006
0.002368,0.0025000000000000005,0.32000000000000006
0.0023696,-0.0010999999999999996,0.32000000000000006
0.0023712,-0.0039,0.32000000000000006
0.0023728,0.0011000000000000003,0.32000000000000006
0.0023744,-0.0039,0.32000000000000006
0.002376,0.0013000000000000008,0.32000000000000006
0.0023776,-0.006500000000000001,0.32000000000000006
0.0023791999999999997,0.0029000000000000007,0.32000000000000006
0.0023807999999999998,-0.0057,0.32000000000000006
0.0023824,0.0037,0.32000000000000006
0.002384,-0.0045,0.32000000000000006
0.0023856,0.003300000000000001,0.32000000000000006
0.0023872,-0.0034999999999999996,0.32000000000000006
0.0023888,0.003300000000000001,0.32000000000000006
0.0023904,-0.006500000000000001,0.32000000000000006
0.002392,0.0057,0.32000000000000006
0.0023936,-0.0073,0.32000000000000006
0.0023952,0.0063,0.32000000000000006
0.0023968,-0.009899999999999999,0.32000000000000006
0.0023983999999999998,0.0063,0.32000000000000006
0.0024,-0.010100000000000001,0.32000000000000006
0.0024016,0.005900000000000001,0.32000000000000006
0.0024032,-0.0087,0.32000000000000006
0.0024048,0.0041,0.32000000000000006
0.0024064,-0.0047,0.32000000000000006
0.002408,0.0031000000000000003,0.32000000000000006
0.0024096,-0.0024999999999999996,0.32000000000000006
0.0024112,-0.0021,0.32000000000000006
0.0024128,-0.0008999999999999998,0.4
0.0024144,-0.0039,0.32000000000000006
0.0024159999999999997,0.005500000000000001,0.32000000000000006
0.0024176,-0.0059,0.32000000000000006
0.0024192,0.005500000000000001,0.32000000000000006
0.0024208,-0.0057,0.32000000000000006
0.0024224,0.0045000000000000005,0.32000000000000006
0.002424,-0.0079,0.32000000000000006
0.0024256,0.004300000000000001,0.32000000000000006
0.0024272,-0.0057,0.32000000000000006
0.0024288,0.0047,0.32000000000000006
0.0024304,-0.0057,0.32000000000000006
0.002432,0.0057,0.32000000000000006
0.0024335999999999997,-0.0087,0.32000000000000006
0.0024351999999999998,0.0057,0.32000000000000006
0.0024368,-0.0109,0.32000000000000006
0.0024384,0.0079,0.32000000000000006
0.00244,-0.010499999999999999,0.32000000000000006
0.0024416,0.0079,0.32000000000000006
0.0024432,-0.0087,0.32000000000000006
0.0024448,0.0075000000000000015,0.32000000000000006
0.0024464,-0.0060999999999999995,0.32000000000000006
0.002448,0.0025000000000000005,0.32000000000000006
0.0024496,-0.0033,0.32000000000000006
0.0024511999999999997,-0.0018999999999999998,0.32000000000000006
0.0024527999999999998,0.0017000000000000001,0.32000000000000006
0.0024544,-0.0040999999999999995,0.32000000000000006
0.002456,0.0041,0.32000000000000006
0.0024576,-0.006699999999999999,0.32000000000000006
0.0024592,0.0047,0.32000000000000006
0.0024608,-0.0073,0.32000000000000006
0.0024624,0.0057,0.32000000000000006
0.002464,-0.0071,0.32000000000000006
0.0024656,0.0037,0.32000000000000006
0.0024672,-0.0075,0.32000000000000006
0.0024687999999999997,0.0025000000000000005,0.32000000000000006
0.0024703999999999998,-0.0049,0.32000000000000006
0.002472,0.0025000000000000005,0.32000000000000006
0.0024736,-0.0063,0.32000000000000006
0.0024752,0.0063,0.32000000000000006
0.0024768,-0.0083,0.32000000000000006
0.0024784,0.0069,0.32000000000000006
0.00248,-0.0087,0.32000000000000006
0.0024816,0.006100000000000001,0.32000000000000006
0.0024832,-0.0079,0.32000000000000006
0.0024848,0.005900000000000001,0.32000000000000006
0.0024863999999999997,-0.0051,0.32000000000000006
0.0024879999999999998,0.0017000000000000001,0.32000000000000006
0.0024896,-0.0021,0.32000000000000006
0.0024912,-0.0018999999999999998,0.32000000000000006
0.0024928,0.0031000000000000003,0.32000000000000006
0.0024944,-0.0040999999999999995,0.32000000000000006
0.002496,0.0035000000000000005,0.32000000000000006
0.0024976,-0.0081,0.32000000000000006
0.0024992,0.0045000000000000005,0.32000000000000006
0.0025008,-0.006699999999999999,0.32000000000000006
0.0025024,0.0035000000000000005,0.32000000000000006
0.0025039999999999997,-0.0053,0.32000000000000006
0.0025055999999999998,0.004900000000000001,0.32000000000000006
0.0025072,-0.0039,0.32000000000000006
0.0025088,0.0037,0.32000000000000006
0.0025104,-0.0051,0.32000000000000006
0.002512,0.0047,0.32000000000000006
0.0025136,-0.0075,0.32000000000000006
0.0025152,0.004900000000000001,0.32000000000000006
0.0025168,-0.0097,0.32000000000000006
0.0025184,0.006700000000000001,0.32000000000000006
0.00252,-0.0079,0.32000000000000006
0.0025215999999999997,0.0057,0.32000000000000006
0.0025231999999999997,-0.0087,0.32000000000000006
0.0025248,0.004300000000000001,0.32000000000000006
0.0025264,-0.0051,0.32000000000000006
0.002528,0.0009000000000000002,0.32000000000000006
0.0025296,-0.0021,0.32000000000000006
0.0025312,-0.0034999999999999996,0.32000000000000006
0.0025328,0.00010000000000000026,0.4
0.0025344,-0.0053,0.32000000000000006
0.002536,0.0047,0.32000000000000006
0.0025376,-0.0060999999999999995,0.32000000000000006
0.0025392,0.0057,0.32000000000000006
0.0025407999999999997,-0.006699999999999999,0.32000000000000006
0.0025423999999999998,0.005300000000000001,0.32000000000000006
0.002544,-0.0063,0.24
0.0025456,0.004900000000000001,0.32000000000000006
0.0025472,-0.0085,0.32000000000000006
0.0025488,0.0045000000000000005,0.32000000000000006
0.0025504,-0.0063,0.32000000000000006
0.002552,0.006500000000000001,0.32000000000000006
0.0025536,-0.006500000000000001,0.4
0.0025552,0.007300000000000001,0.32000000000000006
0.0025568,-0.010100000000000001,0.32000000000000006
0.0025583999999999997,0.0075000000000000015,0.32000000000000006
0.0025599999999999998,-0.0075,0.32000000000000006
0.0025616,0.0077,0.32000000000000006
0.0025632,-0.0071,0.32000000000000006
0.0025648,0.0037,0.32000000000000006
0.0025664,-0.0057,0.32000000000000006
0.002568,0.0007000000000000005,0.32000000000000006
0.0025696,-0.0008999999999999998,0.32000000000000006
0.0025712,-0.0014999999999999998,0.32000000000000006
0.0025728,-0.0004999999999999996,0.32000000000000006
0.0025744,-0.0036999999999999997,0.32000000000000006
0.0025759999999999997,0.003300000000000001,0.32000000000000006
0.0025775999999999998,-0.0097,0.32000000000000006
0.0025792,0.0051,0.32000000000000006
0.0025808,-0.0071,0.32000000000000006
0.0025824,0.005500000000000001,0.32000000000000006
0.002584,-0.0060999999999999995,0.32000000000000006
0.0025856,0.0047,0.32000000000000006
0.0025872,-0.0059,0.32000000000000006
0.0025888,0.0035000000000000005,0.32000000000000006
0.0025904,-0.0055,0.32000000000000006
0.002592,0.004900000000000001,0.32000000000000006
0.0025935999999999997,-0.0079,0.32000000000000006
0.0025951999999999998,0.0045000000000000005,0.32000000000000006
0.0025968,-0.0085,0.32000000000000006
0.0025984,0.008700000000000001,0.32000000000000006
0.0026,-0.010100000000000001,0.32000000000000006
0.0026016,0.006500000000000001,0.32000000000000006
0.0026032,-0.0083,0.32000000000000006
0.0026048,0.0027,0.32000000000000006
0.0026064,-0.0055,0.32000000000000006
0.002608,0.002300000000000001,0.32000000000000006
0.0026096,-0.0018999999999999998,0.32000000000000006
0.0026111999999999997,-9.999999999999983e-05,0.32000000000000006
0.0026127999999999998,0.0025000000000000005,0.32000000000000006
0.0026144,-0.0053,0.32000000000000006
0.002616,0.0035000000000000005,0.32000000000000006
0.0026176,-0.0063,0.32000000000000006
0.0026192,0.0047,0.32000000000000006
0.0026208,-0.006699999999999999,0.32000000000000006
0.0026224,0.0041,0.32000000000000006
0.002624,-0.0053,0.32000000000000006
0.0026256,0.0029000000000000007,0.32000000000000006
0.0026272,-0.0040999999999999995,0.32000000000000006
0.0026287999999999997,0.0045000000000000005,0.32000000000000006
0.0026303999999999998,-0.006500000000000001,0.32000000000000006
0.002632,0.0035000000000000005,0.32000000000000006
0.0026336,-0.0075,0.32000000000000006
0.0026352,0.0063,0.32000000000000006
0.0026368,-0.0091,0.32000000000000006
0.0026384,0.0075000000000000015,0.32000000000000006
0.00264,-0.010100000000000001,0.32000000000000006
0.0026416,0.005500000000000001,0.32000000000000006
0.0026432,-0.0069,0.32000000000000006
0.0026448,0.0063,0.32000000000000006
0.0026463999999999997,-0.0059,0.32000000000000006
0.0026479999999999997,0.0017000000000000001,0.32000000000000006
0.0026496,-0.0034999999999999996,0.32000000000000006
0.0026512,0.0009000000000000002,0.32000000000000006
0.0026528,0.0015000000000000005,0.32000000000000006
0.0026544,-0.0051,0.32000000000000006
0.002656,0.0029000000000000007,0.32000000000000006
0.0026576,-0.0060999999999999995,0.32000000000000006
0.0026592,0.0047,0.32000000000000006
0.0026608,-0.006500000000000001,0.32000000000000006
0.0026624,0.0027,0.32000000000000006
0.0026639999999999997,-0.0073,0.32000000000000006
0.0026655999999999997,0.0051,0.4
0.0026671999999999998,-0.006500000000000001,0.32000000000000006
0.0026688,0.0037,0.32000000000000006
0.0026704,-0.0069,0.32000000000000006
0.002672,0.0069,0.32000000000000006
0.0026736,-0.0073,0.32000000000000006
0.0026752,0.0057,0.32000000000000006
0.0026768,-0.0081,0.32000000000000006
0.0026784,0.006100000000000001,0.32000000000000006
0.00268,-0.0111,0.32000000000000006
0.0026816,0.0057,0.32000000000000006
0.0026831999999999997,-0.0083,0.32000000000000006
0.0026847999999999998,0.0047,0.32000000000000006
0.0026864,-0.0039,0.32000000000000006
0.002688,0.002300000000000001,0.32000000000000006
0.0026896,-0.0021,0.32000000000000006
0.0026912,-0.0033,0.32000000000000006
0.0026928,0.00030000000000000035,0.32000000000000006
0.0026944,-0.0029,0.4
0.002696,0.0039000000000000007,0.32000000000000006
0.0026976,-0.006699999999999999,0.32000000000000006
0.0026992,0.0057,0.32000000000000006
0.0027007999999999997,-0.0060999999999999995,0.32000000000000006
0.0027023999999999998,0.0057,0.32000000000000006
0.002704,-0.006699999999999999,0.32000000000000006
0.0027056,0.004300000000000001,0.24
0.0027072,-0.0060999999999999995,0.32000000000000006
0.0027088,0.0045000000000000005,0.32000000000000006
0.0027104,-0.0060999999999999995,0.32000000000000006
0.002712,0.0047,0.32000000000000006
0.0027136,-0.0069,0.32000000000000006
0.0027152,0.0057,0.32000000000000006
0.0027168,-0.0093,0.32000000000000006
0.0027183999999999997,0.0075000000000000015,0.32000000000000006
0.0027199999999999998,-0.0109,0.32000000000000006
0.0027216,0.006500000000000001,0.4
0.0027232,-0.0087,0.32000000000000006
0.0027248,0.005300000000000001,0.32000000000000006
0.0027264,-0.0051,0.32000000000000006
0.002728,0.0015000000000000005,0.32000000000000006
0.0027296,-0.0026999999999999997,0.32000000000000006
0.0027312,0.00030000000000000035,0.32000000000000006
0.0027328,0.003300000000000001,0.32000000000000006
0.0027344,-0.006699999999999999,0.32000000000000006
0.0027359999999999997,0.0041,0.32000000000000006
0.0027375999999999998,-0.0051,0.32000000000000006
0.0027392,0.006100000000000001,0.32000000000000006
0.0027408,-0.0079,0.32000000000000006
0.0027424,0.0075000000000000015,0.32000000000000006
0.002744,-0.0077,0.32000000000000006
0.0027456,0.0063,0.32000000000000006
0.0027472,-0.0059,0.32000000000000006
0.0027488,0.005300000000000001,0.32000000000000006
0.0027504,-0.0079,0.32000000000000006
0.002752,0.003300000000000001,0.32000000000000006
0.0027535999999999997,-0.0073,0.32000000000000006
0.0027551999999999997,0.006500000000000001,0.32000000000000006
0.0027568,-0.0083,0.32000000000000006
0.0027584,0.005500000000000001,0.32000000000000006
0.00276,-0.010700000000000001,0.32000000000000006
0.0027616,0.005500000000000001,0.32000000000000006
0.0027632,-0.010100000000000001,0.32000000000000006
0.0027648,0.0039000000000000007,0.32000000000000006
0.0027664,-0.0049,0.32000000000000006
0.002768,0.0013000000000000008,0.32000000000000006
0.0027696,-0.0018999999999999998,0.32000000000000006
0.0027711999999999997,-0.0010999999999999996,0.24
0.0027727999999999997,0.0015000000000000005,0.32000000000000006
0.0027743999999999998,-0.0033,0.32000000000000006
0.002776,0.0041,0.32000000000000006
0.0027776,-0.0077,0.32000000000000006
0.0027792,0.0025000000000000005,0.32000000000000006
0.0027808,-0.0073,0.32000000000000006
0.0027824,0.006700000000000001,0.32000000000000006
0.002784,-0.0069,0.32000000000000006
0.0027856,0.0063,0.32000000000000006
0.0027872,-0.0055,0.32000000000000006
0.0027887999999999997,0.0051,0.32000000000000006
0.0027903999999999997,-0.0059,0.32000000000000006
0.0027919999999999998,0.0045000000000000005,0.32000000000000006
0.0027936,-0.0047,0.32000000000000006
0.0027952,0.0069,0.32000000000000006
0.0027968,-0.0081,0.32000000000000006
0.0027984,0.0057,0.32000000000000006
0.0028,-0.0095,0.32000000000000006
0.0028016,0.0051,0.32000000000000006
0.0028032,-0.0073,0.24
0.0028048,0.0047,0.32000000000000006
0.0028064,-0.0039,0.32000000000000006
0.0028079999999999997,0.0011000000000000003,0.32000000000000006
0.0028095999999999998,-0.0026999999999999997,0.32000000000000006
0.0028112,-0.0034999999999999996,0.32000000000000006
0.0028128,0.0015000000000000005,0.32000000000000006
0.0028144,-0.0036999999999999997,0.32000000000000006
0.002816,0.0039000000000000007,0.32000000000000006
0.0028176,-0.0060999999999999995,0.32000000000000006
0.0028192,0.0051,0.32000000000000006
0.0028208,-0.0047,0.32000000000000006
0.0028224,0.005900000000000001,0.32000000000000006
0.002824,-0.0055,0.32000000000000006
0.0028255999999999997,0.0025000000000000005,0.32000000000000006
0.0028271999999999998,-0.0036999999999999997,0.32000000000000006
0.0028288,0.0047,0.32000000000000006
0.0028304,-0.0087,0.32000000000000006
0.002832,0.003300000000000001,0.32000000000000006
0.0028336,-0.0087,0.32000000000000006
0.0028352,0.0047,0.32000000000000006
0.0028368,-0.0087,0.32000000000000006
0.0028384,0.0069,0.32000000000000006
0.00284,-0.0103,0.32000000000000006
0.0028416,0.0077,0.32000000000000006
0.0028431999999999997,-0.0087,0.32000000000000006
0.0028447999999999998,0.0047,0.32000000000000006
0.0028464,-0.0033,0.32000000000000006
0.002848,0.0017000000000000001,0.32000000000000006
0.0028496,-0.0024999999999999996,0.32000000000000006
0.0028512,-0.0031,0.32000000000000006
0.0028528,0.0009000000000000002,0.32000000000000006
0.0028544,-0.0039,0.32000000000000006
0.002856,0.004900000000000001,0.32000000000000006
0.0028576,-0.0051,0.32000000000000006
0.0028592,0.005300000000000001,0.32000000000000006
0.0028607999999999997,-0.0077,0.32000000000000006
0.0028623999999999998,0.008100000000000001,0.32000000000000006
0.002864,-0.006699999999999999,0.32000000000000006
0.0028656,0.0037,0.32000000000000006
0.0028672,-0.0057,0.32000000000000006
0.0028688,0.0035000000000000005,0.4
0.0028704,-0.0071,0.32000000000000006
0.002872,0.0045000000000000005,0.32000000000000006
0.0028736,-0.0063,0.4
0.0028752,0.0071,0.32000000000000006
0.0028768,-0.0087,0.32000000000000006
0.0028783999999999997,0.007300000000000001,0.32000000000000006
0.0028799999999999997,-0.0095,0.32000000000000006
0.0028816,0.004900000000000001,0.32000000000000006
0.0028832,-0.0089,0.32000000000000006
0.0028848,0.0035000000000000005,0.32000000000000006
0.0028864,-0.0057,0.32000000000000006
0.002888,0.00030000000000000035,0.32000000000000006
0.0028896,-0.0010999999999999996,0.32000000000000006
0.0028912,-0.0016999999999999997,0.32000000000000006
0.0028928,0.00030000000000000035,0.32000000000000006
0.0028944,-0.0055,0.32000000000000006
0.0028959999999999997,0.006100000000000001,0.32000000000000006
0.0028975999999999997,-0.0069,0.32000000000000006
0.0028991999999999998,0.005900000000000001,0.32000000000000006
0.0029008,-0.006500000000000001,0.32000000000000006
0.0029024,0.006700000000000001,0.32000000000000006
0.002904,-0.0059,0.32000000000000006
0.0029056,0.006100000000000001,0.32000000000000006
0.0029072,-0.0045,0.32000000000000006
0.0029088,0.0057,0.32000000000000006
0.0029104,-0.0069,0.32000000000000006
0.002912,0.005500000000000001,0.32000000000000006
0.0029135999999999997,-0.0073,0.32000000000000006
0.0029151999999999997,0.0075000000000000015,0.32000000000000006
0.0029167999999999998,-0.0085,0.32000000000000006
0.0029184,0.0077,0.32000000000000006
0.00292,-0.0077,0.4
0.0029216,0.0079,0.32000000000000006
0.0029232,-0.0075,0.32000000000000006
0.0029248,0.0047,0.32000000000000006
0.0029264,-0.0057,0.32000000000000006
0.002928,0.0025000000000000005,0.32000000000000006
0.0029296,-0.0024999999999999996,0.32000000000000006
0.0029311999999999997,-0.0018999999999999998,0.32000000000000006
0.0029327999999999997,-0.0002999999999999995,0.32000000000000006
0.0029343999999999998,-0.006699999999999999,0.32000000000000006
0.002936,0.0027,0.32000000000000006
0.0029376,-0.0071,0.32000000000000006
0.0029392,0.005500000000000001,0.32000000000000006
0.0029408,-0.0077,0.32000000000000006
0.0029424,0.005300000000000001,0.32000000000000006
0.002944,-0.0079,0.32000000000000006
0.0029456,0.0039000000000000007,0.32000000000000006
0.0029472,-0.0057,0.32000000000000006
0.0029488,0.004900000000000001,0.32000000000000006
0.0029503999999999997,-0.0059,0.32000000000000006
0.0029519999999999998,0.005300000000000001,0.32000000000000006
0.0029536,-0.006500000000000001,0.32000000000000006
0.0029552,0.0047,0.32000000000000006
0.0029568,-0.0095,0.32000000000000006
0.0029584,0.0057,0.32000000000000006
0.00296,-0.0091,0.32000000000000006
0.0029616,0.0083,0.32000000000000006
0.0029632,-0.0093,0.32000000000000006
0.0029648,0.0039000000000000007,0.32000000000000006
0.0029664,-0.0055,0.4
0.0029679999999999997,0.0007000000000000005,0.32000000000000006
0.0029695999999999998,-0.0018999999999999998,0.32000000000000006
0.0029712,-0.0014999999999999998,0.32000000000000006
0.0029728,0.0013000000000000008,0.32000000000000006
0.0029744,-0.0036999999999999997,0.32000000000000006
0.002976,0.004300000000000001,0.32000000000000006
0.0029776,-0.0087,0.32000000000000006
0.0029792,0.0045000000000000005,0.32000000000000006
0.0029808,-0.0063,0.32000000000000006
0.0029824,0.004300000000000001,0.32000000000000006
0.002984,-0.0087,0.32000000000000006
0.0029855999999999997,0.004300000000000001,0.32000000000000006
0.0029871999999999998,-0.0040999999999999995,0.32000000000000006
0.0029888,0.0041,0.4
0.0029904,-0.0051,0.32000000000000006
0.002992,0.0057,0.24
0.0029936,-0.0083,0.32000000000000006
0.0029952,0.0047,0.32000000000000006
0.0029968,-0.0093,0.32000000000000006
0.0029984,0.006700000000000001,0.24
0.003,-0.009899999999999999,0.32000000000000006
0.0030016,0.0063,0.32000000000000006
0.0030031999999999997,-0.0095,0.4
0.0030047999999999997,0.0041,0.32000000000000006
0.0030064,-0.0029,0.32000000000000006
0.003008,0.0031000000000000003,0.32000000000000006
0.0030096,-0.0023,0.32000000000000006
0.0030112,-0.0014999999999999998,0.32000000000000006
0.0030128,0.0009000000000000002,0.32000000000000006
0.0030144,-0.0039,0.32000000000000006
0.003016,0.0031000000000000003,0.32000000000000006
0.0030176,-0.0049,0.32000000000000006
0.0030192,0.006100000000000001,0.32000000000000006
0.0030207999999999997,-0.0071,0.32000000000000006
0.0030223999999999997,0.004900000000000001,0.32000000000000006
0.0030239999999999998,-0.0051,0.32000000000000006
0.0030256,0.006500000000000001,0.32000000000000006
0.0030272,-0.0057,0.32000000000000006
0.0030288,0.004300000000000001,0.32000000000000006
0.0030304,-0.0060999999999999995,0.32000000000000006
0.003032,0.0037,0.32000000000000006
0.0030336,-0.0077,0.32000000000000006
0.0030352,0.0057,0.32000000000000006
0.0030368,-0.009899999999999999,0.32000000000000006
0.0030383999999999997,0.0071,0.32000000000000006
0.0030399999999999997,-0.0111,0.32000000000000006
0.0030415999999999998,0.004900000000000001,0.32000000000000006
0.0030432,-0.0069,0.32000000000000006
0.0030448,0.004900000000000001,0.32000000000000006
0.0030464,-0.0049,0.32000000000000006
0.003048,0.002300000000000001,0.32000000000000006
0.0030496,-0.0026999999999999997,0.32000000000000006
0.0030512,-0.0023,0.32000000000000006
0.0030528,0.00030000000000000035,0.32000000000000006
0.0030544,-0.0049,0.32000000000000006
0.0030559999999999997,0.0029000000000000007,0.32000000000000006
0.0030575999999999997,-0.0063,0.32000000000000006
0.0030591999999999998,0.002300000000000001,0.32000000000000006
0.0030608,-0.006699999999999999,0.32000000000000006
0.0030624,0.0071,0.32000000000000006
0.003064,-0.0051,0.32000000000000006
0.0030656,0.0041,0.32000000000000006
0.0030672,-0.0075,0.32000000000000006
0.0030688,0.002300000000000001,0.32000000000000006
0.0030704,-0.0057,0.32000000000000006
0.003072,0.0057,0.32000000000000006
0.0030736,-0.0081,0.32000000000000006
0.0030751999999999997,0.0063,0.32000000000000006
0.0030767999999999998,-0.0089,0.32000000000000006
0.0030784,0.0069,0.32000000000000006
0.00308,-0.0081,0.32000000000000006
0.0030816,0.0051,0.32000000000000006
0.0030832,-0.0089,0.32000000000000006
0.0030848,0.003300000000000001,0.32000000000000006
0.0030864,-0.0053,0.32000000000000006
0.003088,0.0011000000000000003,0.32000000000000006
0.0030896,-0.0004999999999999996,0.32000000000000006
0.0030912,-0.0014999999999999998,0.32000000000000006
0.0030927999999999997,0.00010000000000000026,0.32000000000000006
0.0030943999999999998,-0.0045,0.32000000000000006
0.003096,0.0039000000000000007,0.32000000000000006
0.0030976,-0.0085,0.32000000000000006
0.0030992,0.006700000000000001,0.32000000000000006
0.0031008,-0.006699999999999999,0.32000000000000006
0.0031024,0.0091,0.32000000000000006
0.003104,-0.0047,0.32000000000000006
0.0031056,0.0057,0.32000000000000006
0.0031072,-0.006500000000000001,0.32000000000000006
0.0031088,0.003300000000000001,0.32000000000000006
0.0031103999999999997,-0.0051,0.32000000000000006
0.0031119999999999997,0.004300000000000001,0.32000000000000006
0.0031136,-0.0069,0.32000000000000006
0.0031152,0.005900000000000001,0.32000000000000006
0.0031168,-0.009899999999999999,0.32000000000000006
0.0031184,0.0075000000000000015,0.32000000000000006
0.00312,-0.0077,0.32000000000000006
0.0031216,0.0075000000000000015,0.32000000000000006
0.0031232,-0.006699999999999999,0.32000000000000006
0.0031248,0.0037,0.32000000000000006
0.0031264,-0.0040999999999999995,0.32000000000000006
0.0031279999999999997,0.0031000000000000003,0.32000000000000006
0.0031295999999999997,-0.0031,0.32000000000000006
0.0031311999999999998,-0.0016999999999999997,0.32000000000000006
0.0031328,0.0009000000000000002,0.32000000000000006
0.0031344,-0.0081,0.32000000000000006
0.003136,0.003300000000000001,0.32000000000000006
0.0031376,-0.0081,0.32000000000000006
0.0031392,0.0069,0.32000000000000006
0.0031408,-0.0069,0.32000000000000006
0.0031424,0.005500000000000001,0.32000000000000006
0.003144,-0.0060999999999999995,0.32000000000000006
0.0031455999999999997,0.0039000000000000007,0.32000000000000006
0.0031471999999999997,-0.0051,0.32000000000000006
0.0031487999999999998,0.003300000000000001,0.32000000000000006
0.0031504,-0.0051,0.32000000000000006
0.003152,0.0035000000000000005,0.32000000000000006
0.0031536,-0.0081,0.32000000000000006
0.0031552,0.006100000000000001,0.32000000000000006
0.0031568,-0.0085,0.4
0.0031584,0.0039000000000000007,0.32000000000000006
0.00316,-0.009899999999999999,0.32000000000000006
0.0031616,0.004900000000000001,0.32000000000000006
0.0031631999999999997,-0.0097,0.32000000000000006
0.0031647999999999997,0.0035000000000000005,0.32000000000000006
0.0031663999999999998,-0.0059,0.32000000000000006
0.003168,0.0021000000000000003,0.32000000000000006
0.0031696,-0.0006999999999999997,0.32000000000000006
0.0031712,0.0007000000000000005,0.32000000000000006
0.0031728,0.0029000000000000007,0.32000000000000006
0.0031744,-0.0043,0.32000000000000006
0.003176,0.004300000000000001,0.32000000000000006
0.0031776,-0.0077,0.32000000000000006
0.0031792,0.004900000000000001,0.32000000000000006
0.0031807999999999997,-0.0089,0.32000000000000006
0.0031823999999999997,0.004900000000000001,0.32000000000000006
0.0031839999999999998,-0.0063,0.32000000000000006
0.0031856,0.006500000000000001,0.32000000000000006
0.0031872,-0.0047,0.32000000000000006
0.0031888,0.004900000000000001,0.32000000000000006
0.0031904,-0.0059,0.32000000000000006
0.003192,0.004300000000000001,0.32000000000000006
0.0031936,-0.0073,0.32000000000000006
0.0031952,0.005500000000000001,0.32000000000000006
0.0031968,-0.0093,0.32000000000000006
0.0031983999999999997,0.0035000000000000005,0.32000000000000006
0.0031999999999999997,-0.0097,0.32000000000000006
0.0032015999999999998,0.005300000000000001,0.32000000000000006
0.0032032,-0.010499999999999999,0.32000000000000006
0.0032048,0.0041,0.32000000000000006
0.0032064,-0.0034999999999999996,0.32000000000000006
0.003208,0.0013000000000000008,0.32000000000000006
0.0032096,-0.0024999999999999996,0.32000000000000006
0.0032112,-0.0012999999999999997,0.32000000000000006
0.0032128,0.00030000000000000035,0.32000000000000006
0.0032144,-0.0047,0.32000000000000006
0.003216,0.004300000000000001,0.32000000000000006
0.0032175999999999997,-0.0051,0.32000000000000006
0.0032191999999999998,0.0047,0.32000000000000006
0.0032208,-0.0051,0.32000000000000006
0.0032224,0.008100000000000001,0.32000000000000006
0.003224,-0.0059,0.32000000000000006
0.0032256,0.004900000000000001,0.32000000000000006
0.0032272,-0.0047,0.32000000000000006
0.0032288,0.0041,0.32000000000000006
0.0032304,-0.0055,0.32000000000000006
0.003232,0.004900000000000001,0.32000000000000006
0.0032336,-0.0081,0.32000000000000006
0.0032351999999999997,0.0037,0.32000000000000006
0.0032367999999999997,-0.0079,0.32000000000000006
0.0032384,0.004300000000000001,0.32000000000000006
0.00324,-0.0095,0.32000000000000006
0.0032416,0.0047,0.32000000000000006
0.0032432,-0.0087,0.32000000000000006
0.0032448,0.0045000000000000005,0.32000000000000006
0.0032464,-0.0045,0.32000000000000006
0.003248,0.0015000000000000005,0.32000000000000006
0.0032496,-0.0036999999999999997,0.32000000000000006
0.0032512,0.0009000000000000002,0.32000000000000006
0.0032527999999999997,0.004300000000000001,0.32000000000000006
0.0032543999999999997,-0.0055,0.32000000000000006
0.0032559999999999998,0.0037,0.32000000000000006
0.0032576,-0.0060999999999999995,0.32000000000000006
0.0032592,0.0041,0.32000000000000006
0.0032608,-0.0079,0.32000000000000006
0.0032624,0.005500000000000001,0.32000000000000006
0.003264,-0.0071,0.32000000000000006
0.0032656,0.0057,0.32000000000000006
0.0032672,-0.0055,0.32000000000000006
0.0032688,0.004900000000000001,0.4
0.0032703999999999997,-0.0057,0.32000000000000006
0.0032719999999999997,0.0041,0.32000000000000006
0.0032735999999999998,-0.0081,0.32000000000000006
0.0032752,0.006700000000000001,0.32000000000000006
0.0032768,-0.009899999999999999,0.32000000000000006
0.0032784,0.006700000000000001,0.32000000000000006
0.00328,-0.0093,0.32000000000000006
0.0032816,0.005300000000000001,0.32000000000000006
0.0032832,-0.0089,0.32000000000000006
0.0032848,0.0037,0.32000000000000006
0.0032864,-0.0055,0.4
0.0032879999999999997,0.0017000000000000001,0.32000000000000006
0.0032895999999999997,-0.0012999999999999997,0.32000000000000006
0.0032911999999999998,-0.0018999999999999998,0.32000000000000006
0.0032928,0.0031000000000000003,0.32000000000000006
0.0032944,-0.0060999999999999995,0.32000000000000006
0.003296,0.0051,0.32000000000000006
0.0032976,-0.0059,0.32000000000000006
0.0032992,0.0083,0.32000000000000006
0.0033008,-0.0077,0.32000000000000006
0.0033024,0.006500000000000001,0.32000000000000006
0.003304,-0.0069,0.4
0.0033055999999999997,0.005300000000000001,0.32000000000000006
0.0033071999999999997,-0.0069,0.32000000000000006
0.0033087999999999998,0.004300000000000001,0.32000000000000006
0.0033104,-0.0063,0.32000000000000006
0.003312,0.0039000000000000007,0.32000000000000006
0.0033136,-0.0075,0.32000000000000006
0.0033152,0.006700000000000001,0.32000000000000006
0.0033168,-0.0115,0.32000000000000006
0.0033184,0.0063,0.32000000000000006
0.00332,-0.0095,0.32000000000000006
0.0033216,0.0063,0.32000000000000006
0.0033231999999999997,-0.009899999999999999,0.32000000000000006
0.0033247999999999997,0.005300000000000001,0.32000000000000006
0.0033263999999999998,-0.006500000000000001,0.32000000000000006
0.003328,0.0047,0.32000000000000006
0.0033296,-0.0023,0.32000000000000006
0.0033312,-0.0014999999999999998,0.32000000000000006
0.0033328,0.0011000000000000003,0.4
0.0033344,-0.0026999999999999997,0.32000000000000006
0.003336,0.0035000000000000005,0.32000000000000006
0.0033376,-0.006500000000000001,0.32000000000000006
0.0033392,0.0041,0.32000000000000006
0.0033407999999999997,-0.0077,0.32000000000000006
0.0033423999999999997,0.006500000000000001,0.32000000000000006
0.0033439999999999998,-0.0057,0.4
0.0033456,0.005900000000000001,0.32000000000000006
0.0033472,-0.006500000000000001,0.24
0.0033488,0.0027,0.32000000000000006
0.0033504,-0.0063,0.32000000000000006
0.003352,0.0041,0.32000000000000006
0.0033536,-0.0071,0.32000000000000006
0.0033552,0.0051,0.32000000000000006
0.0033568,-0.0081,0.32000000000000006
0.0033584,0.0047,0.32000000000000006
0.0033599999999999997,-0.010700000000000001,0.4
0.0033615999999999997,0.0051,0.32000000000000006
0.0033632,-0.0093,0.32000000000000006
0.0033648,0.0039000000000000007,0.32000000000000006
0.0033664,-0.0039,0.32000000000000006
0.003368,0.002300000000000001,0.32000000000000006
0.0033696,-0.0039,0.32000000000000006
0.0033712,-0.0010999999999999996,0.32000000000000006
0.0033728,0.0015000000000000005,0.4
0.0033744,-0.0039,0.32000000000000006
0.003376,0.0037,0.32000000000000006
0.0033775999999999997,-0.006699999999999999,0.32000000000000006
0.0033791999999999997,0.006500000000000001,0.32000000000000006
0.0033807999999999998,-0.0053,0.32000000000000006
0.0033824,0.005500000000000001,0.32000000000000006
0.003384,-0.006500000000000001,0.32000000000000006
0.0033856,0.004900000000000001,0.32000000000000006
0.0033872,-0.0060999999999999995,0.32000000000000006
0.0033888,0.0041,0.32000000000000006
0.0033904,-0.006500000000000001,0.32000000000000006
0.003392,0.005900000000000001,0.32000000000000006
0.0033936,-0.0075,0.32000000000000006
0.0033951999999999997,0.0057,0.32000000000000006
0.0033967999999999997,-0.0103,0.32000000000000006
0.0033983999999999998,0.004900000000000001,0.32000000000000006
0.0034,-0.0095,0.32000000000000006
0.0034016,0.006100000000000001,0.32000000000000006
0.0034032,-0.0095,0.4
0.0034048,0.0037,0.32000000000000006
0.0034064,-0.0071,0.32000000000000006
0.003408,0.0019000000000000006,0.32000000000000006
0.0034096,-0.0018999999999999998,0.32000000000000006
0.0034112,-0.0010999999999999996,0.32000000000000006
0.0034127999999999997,0.0007000000000000005,0.32000000000000006
0.0034143999999999997,-0.0034999999999999996,0.32000000000000006
0.0034159999999999998,0.0025000000000000005,0.32000000000000006
0.0034176,-0.0055,0.32000000000000006
0.0034192,0.0051,0.32000000000000006
0.0034208,-0.0081,0.32000000000000006
0.0034224,0.0041,0.32000000000000006
0.003424,-0.0063,0.32000000000000006
0.0034256,0.0057,0.32000000000000006
0.0034272,-0.0051,0.32000000000000006
0.0034288,0.005900000000000001,0.32000000000000006
0.0034303999999999997,-0.0047,0.32000000000000006
0.0034319999999999997,0.004900000000000001,0.32000000000000006
0.0034335999999999998,-0.0047,0.32000000000000006
0.0034352,0.006500000000000001,0.32000000000000006
0.0034368,-0.0095,0.32000000000000006
0.0034384,0.0045000000000000005,0.32000000000000006
0.00344,-0.0091,0.32000000000000006
0.0034416,0.0051,0.32000000000000006
0.0034432,-0.0097,0.32000000000000006
0.0034448,0.0051,0.32000000000000006
0.0034464,-0.0053,0.32000000000000006
0.0034479999999999997,0.0013000000000000008,0.32000000000000006
0.0034495999999999997,-0.0004999999999999996,0.32000000000000006
0.0034511999999999998,-0.0016999999999999997,0.32000000000000006
0.0034528,0.0009000000000000002,0.32000000000000006
0.0034544,-0.0059,0.32000000000000006
0.003456,0.005500000000000001,0.32000000000000006
0.0034576,-0.0069,0.32000000000000006
0.0034592,0.004300000000000001,0.32000000000000006
0.0034608,-0.0063,0.32000000000000006
0.0034624,0.005900000000000001,0.32000000000000006
0.003464,-0.0049,0.24
0.0034655999999999997,0.004900000000000001,0.32000000000000006
0.0034671999999999997,-0.0059,0.32000000000000006
0.0034687999999999997,0.004900000000000001,0.32000000000000006
0.0034704,-0.0051,0.32000000000000006
0.003472,0.004300000000000001,0.32000000000000006
0.0034736,-0.0083,0.32000000000000006
0.0034752,0.004300000000000001,0.32000000000000006
0.0034768,-0.010700000000000001,0.32000000000000006
0.0034784,0.006500000000000001,0.32000000000000006
0.00348,-0.0093,0.32000000000000006
0.0034816,0.007300000000000001,0.32000000000000006
0.0034831999999999997,-0.0077,0.32000000000000006
0.0034847999999999997,0.005900000000000001,0.32000000000000006
0.0034863999999999997,-0.0060999999999999995,0.32000000000000006
0.0034879999999999998,0.0017000000000000001,0.32000000000000006
0.0034896,-0.0034999999999999996,0.4
0.0034912,-0.0036999999999999997,0.32000000000000006
0.0034928,0.0007000000000000005,0.32000000000000006
0.0034944,-0.0034999999999999996,0.32000000000000006
0.003496,0.0041,0.32000000000000006
0.0034976,-0.0059,0.32000000000000006
0.0034992,0.005300000000000001,0.32000000000000006
0.0035008,-0.0057,0.32000000000000006
0.0035023999999999997,0.006100000000000001,0.32000000000000006
0.0035039999999999997,-0.0053,0.32000000000000006
0.0035055999999999998,0.0041,0.32000000000000006
0.0035072,-0.0051,0.32000000000000006
0.0035088,0.0047,0.32000000000000006
0.0035104,-0.0069,0.32000000000000006
0.003512,0.005900000000000001,0.32000000000000006
0.0035136,-0.0081,0.32000000000000006
0.0035152,0.0057,0.32000000000000006
0.0035168,-0.010100000000000001,0.32000000000000006
0.0035184,0.005500000000000001,0.32000000000000006
0.0035199999999999997,-0.0111,0.32000000000000006
0.0035215999999999997,0.0057,0.32000000000000006
0.0035231999999999998,-0.0087,0.32000000000000006
0.0035248,0.004900000000000001,0.32000000000000006
0.0035264,-0.0059,0.32000000000000006
0.003528,0.0019000000000000006,0.32000000000000006
0.0035296,-0.0024999999999999996,0.32000000000000006
0.0035312,-0.0004999999999999996,0.32000000000000006
0.0035328,0.0013000000000000008,0.32000000000000006
0.0035344,-0.0045,0.32000000000000006
0.003536,0.0015000000000000005,0.32000000000000006
0.0035375999999999997,-0.0049,0.32000000000000006
0.0035391999999999997,0.0029000000000000007,0.4
0.0035407999999999998,-0.0053,0.32000000000000006
0.0035424,0.0039000000000000007,0.32000000000000006
0.003544,-0.0047,0.32000000000000006
0.0035456,0.005300000000000001,0.32000000000000006
0.0035472,-0.0039,0.32000000000000006
0.0035488,0.0027,0.32000000000000006
0.0035504,-0.0053,0.32000000000000006
0.003552,0.004300000000000001,0.4
0.0035536,-0.006699999999999999,0.32000000000000006
0.0035551999999999997,0.005300000000000001,0.32000000000000006
0.0035567999999999997,-0.0093,0.32000000000000006
0.0035583999999999998,0.005900000000000001,0.32000000000000006
0.00356,-0.0103,0.4
0.0035616,0.0057,0.32000000000000006
0.0035632,-0.0081,0.32000000000000006
0.0035648,0.0041,0.32000000000000006
0.0035664,-0.0040999999999999995,0.32000000000000006
0.003568,0.0021000000000000003,0.32000000000000006
0.0035696,-0.0012999999999999997,0.32000000000000006
0.0035712,-0.0014999999999999998,0.32000000000000006
0.0035727999999999997,0.0019000000000000006,0.32000000000000006
0.0035743999999999997,-0.0040999999999999995,0.32000000000000006
0.0035759999999999998,0.0045000000000000005,0.32000000000000006
0.0035776,-0.0045,0.4
0.0035792,0.0041,0.32000000000000006
0.0035808,-0.0085,0.32000000000000006
0.0035824,0.0051,0.32000000000000006
0.003584,-0.0059,0.32000000000000006
0.0035856,0.0063,0.32000000000000006
0.0035872,-0.0051,0.32000000000000006
0.0035888,0.0037,0.32000000000000006
0.0035903999999999997,-0.0063,0.32000000000000006
0.0035919999999999997,0.0057,0.4
0.0035935999999999997,-0.0083,0.32000000000000006
0.0035952,0.005900000000000001,0.32000000000000006
0.0035968,-0.0091,0.32000000000000006
0.0035984,0.0045000000000000005,0.32000000000000006
0.0036,-0.0095,0.32000000000000006
0.0036016,0.0075000000000000015,0.32000000000000006
0.0036032,-0.0071,0.32000000000000006
0.0036048,0.0051,0.32000000000000006
0.0036064,-0.0075,0.32000000000000006
0.0036079999999999997,0.002300000000000001,0.32000000000000006
0.0036095999999999997,-0.0014999999999999998,0.32000000000000006
0.0036111999999999997,0.0005000000000000004,0.32000000000000006
0.0036127999999999998,0.0009000000000000002,0.32000000000000006
0.0036144,-0.0047,0.32000000000000006
0.003616,0.0027,0.32000000000000006
0.0036176,-0.0085,0.32000000000000006
0.0036192,0.006100000000000001,0.32000000000000006
0.0036208,-0.0059,0.32000000000000006
0.0036224,0.005500000000000001,0.32000000000000006
0.003624,-0.0073,0.32000000000000006
0.0036256,0.006100000000000001,0.32000000000000006
0.0036271999999999997,-0.0055,0.32000000000000006
0.0036287999999999997,0.004900000000000001,0.32000000000000006
0.0036303999999999998,-0.0055,0.32000000000000006
0.003632,0.0045000000000000005,0.32000000000000006
0.0036336,-0.0083,0.32000000000000006
0.0036352,0.0063,0.32000000000000006
0.0036368,-0.0095,0.32000000000000006
0.0036384,0.0063,0.32000000000000006
0.00364,-0.0103,0.32000000000000006
0.0036416,0.0051,0.32000000000000006
0.0036432,-0.0075,0.32000000000000006
0.0036447999999999997,0.003300000000000001,0.32000000000000006
0.0036463999999999997,-0.0057,0.32000000000000006
0.0036479999999999998,0.0021000000000000003,0.32000000000000006
0.0036496,-0.0023,0.32000000000000006
0.0036512,-0.0023,0.32000000000000006
0.0036528,0.0011000000000000003,0.32000000000000006
0.0036544,-0.0069,0.32000000000000006
0.003656,0.0041,0.32000000000000006
0.0036576,-0.0059,0.32000000000000006
0.0036592,0.0069,0.32000000000000006
0.0036608,-0.0069,0.32000000000000006
0.0036623999999999997,0.0063,0.32000000000000006
0.0036639999999999997,-0.0087,0.32000000000000006
0.0036655999999999998,0.0077,0.32000000000000006
0.0036672,-0.006699999999999999,0.32000000000000006
0.0036688,0.004900000000000001,0.32000000000000006
0.0036704,-0.0059,0.32000000000000006
0.003672,0.004900000000000001,0.32000000000000006
0.0036736,-0.0083,0.32000000000000006
0.0036752,0.006500000000000001,0.32000000000000006
0.0036768,-0.0089,0.32000000000000006
0.0036784,0.0063,0.32000000000000006
0.0036799999999999997,-0.0077,0.32000000000000006
0.0036815999999999997,0.0051,0.32000000000000006
0.0036831999999999998,-0.009899999999999999,0.32000000000000006
0.0036848,0.004900000000000001,0.32000000000000006
0.0036864,-0.0060999999999999995,0.32000000000000006
0.003688,0.0017000000000000001,0.32000000000000006
0.0036896,-0.0021,0.32000000000000006
0.0036912,-0.0014999999999999998,0.32000000000000006
0.0036928,0.0009000000000000002,0.32000000000000006
0.0036944,-0.0036999999999999997,0.32000000000000006
0.003696,0.0029000000000000007,0.32000000000000006
0.0036975999999999997,-0.0049,0.32000000000000006
0.0036991999999999997,0.004300000000000001,0.32000000000000006
0.0037007999999999997,-0.0063,0.32000000000000006
0.0037024,0.0057,0.32000000000000006
0.003704,-0.006500000000000001,0.32000000000000006
0.0037056,0.0039000000000000007,0.32000000000000006
0.0037072,-0.0053,0.32000000000000006
0.0037088,0.0041,0.32000000000000006
0.0037104,-0.0049,0.32000000000000006
0.003712,0.005300000000000001,0.32000000000000006
0.0037136,-0.0071,0.32000000000000006
0.0037151999999999997,0.005500000000000001,0.32000000000000006
0.0037167999999999997,-0.0083,0.32000000000000006
0.0037183999999999997,0.005300000000000001,0.32000000000000006
0.0037199999999999998,-0.009899999999999999,0.32000000000000006
0.0037216,0.0045000000000000005,0.32000000000000006
0.0037232,-0.0087,0.32000000000000006
0.0037248,0.0027,0.32000000000000006
0.0037264,-0.0063,0.32000000000000006
0.003728,0.0047,0.32000000000000006
0.0037296,-0.0026999999999999997,0.4
0.0037312,-0.0010999999999999996,0.32000000000000006
0.0037327999999999997,0.0017000000000000001,0.4
0.0037343999999999997,-0.0051,0.32000000000000006
0.0037359999999999997,0.0029000000000000007,0.32000000000000006
0.0037375999999999998,-0.0081,0.24
0.0037392,0.0035000000000000005,0.32000000000000006
0.0037408,-0.006500000000000001,0.32000000000000006
0.0037424,0.0035000000000000005,0.32000000000000006
0.003744,-0.0087,0.32000000000000006
0.0037456,0.0051,0.32000000000000006
0.0037472,-0.0059,0.32000000000000006
0.0037488,0.005300000000000001,0.32000000000000006
0.0037503999999999997,-0.0040999999999999995,0.32000000000000006
0.0037519999999999997,0.0045000000000000005,0.32000000000000006
0.0037535999999999997,-0.0060999999999999995,0.32000000000000006
0.0037551999999999998,0.006700000000000001,0.32000000000000006
0.0037568,-0.0097,0.32000000000000006
0.0037584,0.005500000000000001,0.32000000000000006
0.00376,-0.0097,0.4
0.0037616,0.0063,0.32000000000000006
0.0037632,-0.0081,0.32000000000000006
0.0037648,0.0037,0.32000000000000006
0.0037664,-0.0055,0.32000000000000006
0.003768,0.004300000000000001,0.32000000000000006
0.0037695999999999997,-0.0016999999999999997,0.32000000000000006
0.0037711999999999997,-0.0006999999999999997,0.32000000000000006
0.0037727999999999998,-0.0014999999999999998,0.32000000000000006
0.0037744,-0.0045,0.32000000000000006
0.003776,0.0041,0.32000000000000006
0.0037776,-0.0063,0.32000000000000006
0.0037792,0.0063,0.32000000000000006
0.0037808,-0.006500000000000001,0.32000000000000006
0.0037824,0.0045000000000000005,0.32000000000000006
0.003784,-0.0049,0.32000000000000006
0.0037856,0.005300000000000001,0.32000000000000006
0.0037871999999999997,-0.0055,0.32000000000000006
0.0037887999999999997,0.005500000000000001,0.32000000000000006
0.0037903999999999998,-0.0053,0.32000000000000006
0.003792,0.0051,0.32000000000000006
0.0037936,-0.0063,0.32000000000000006
0.0037952,0.005900000000000001,0.32000000000000006
0.0037968,-0.0097,0.4
0.0037984,0.0057,0.32000000000000006
0.0038,-0.010700000000000001,0.32000000000000006
0.0038016,0.0045000000000000005,0.4
0.0038032,-0.0097,0.32000000000000006
0.0038047999999999997,0.0031000000000000003,0.32000000000000006
0.0038063999999999997,-0.0053,0.32000000000000006
0.0038079999999999998,0.0019000000000000006,0.32000000000000006
0.0038096,-0.0010999999999999996,0.32000000000000006
0.0038112,0.0005000000000000004,0.32000000000000006
0.0038128,0.0013000000000000008,0.32000000000000006
0.0038144,-0.0057,0.32000000000000006
0.003816,0.0029000000000000007,0.32000000000000006
0.0038176,-0.0063,0.32000000000000006
0.0038192,0.004300000000000001,0.32000000000000006
0.0038208,-0.0036999999999999997,0.32000000000000006
0.0038223999999999997,0.0069,0.32000000000000006
0.0038239999999999997,-0.0075,0.32000000000000006
0.0038255999999999997,0.0047,0.32000000000000006
0.0038272,-0.0049,0.32000000000000006
0.0038288,0.004900000000000001,0.32000000000000006
0.0038304,-0.0071,0.32000000000000006
0.003832,0.004300000000000001,0.32000000000000006
0.0038336,-0.0081,0.32000000000000006
0.0038352,0.0057,0.4
0.0038368,-0.0085,0.32000000000000006
0.0038384,0.006100000000000001,0.32000000000000006
0.0038399999999999997,-0.009899999999999999,0.32000000000000006
0.0038415999999999997,0.009300000000000001,0.32000000000000006
0.0038431999999999997,-0.0089,0.32000000000000006
0.0038447999999999998,0.003300000000000001,0.32000000000000006
0.0038464,-0.0060999999999999995,0.32000000000000006
0.003848,0.002300000000000001,0.32000000000000006
0.0038496,-0.0018999999999999998,0.32000000000000006
0.0038512,0.0009000000000000002,0.4
0.0038528,0.00010000000000000026,0.32000000000000006
0.0038544,-0.0049,0.32000000000000006
0.003856,0.0037,0.32000000000000006
0.0038575999999999997,-0.0063,0.32000000000000006
0.0038591999999999997,0.0057,0.32000000000000006
0.0038607999999999997,-0.006699999999999999,0.32000000000000006
0.0038623999999999998,0.003300000000000001,0.32000000000000006
0.003864,-0.0047,0.32000000000000006
0.0038656,0.0047,0.32000000000000006
0.0038672,-0.0060999999999999995,0.32000000000000006
0.0038688,0.0041,0.32000000000000006
0.0038704,-0.0045,0.32000000000000006
0.003872,0.004900000000000001,0.32000000000000006
0.0038736,-0.0081,0.32000000000000006
0.0038751999999999997,0.005300000000000001,0.32000000000000006
0.0038767999999999997,-0.0093,0.32000000000000006
0.0038783999999999997,0.006500000000000001,0.32000000000000006
0.0038799999999999998,-0.010100000000000001,0.32000000000000006
0.0038816,0.0047,0.32000000000000006
0.0038832,-0.0077,0.32000000000000006
0.0038848,0.005900000000000001,0.32000000000000006
0.0038864,-0.0063,0.32000000000000006
0.003888,0.002300000000000001,0.32000000000000006
0.0038896,-0.0026999999999999997,0.32000000000000006
0.0038912,-0.0014999999999999998,0.32000000000000006
0.0038928,0.00030000000000000035,0.32000000000000006
0.0038943999999999997,-0.0060999999999999995,0.32000000000000006
0.0038959999999999997,0.0051,0.32000000000000006
0.0038975999999999998,-0.0060999999999999995,0.32000000000000006
0.0038992,0.0063,0.32000000000000006
0.0039008,-0.0059,0.32000000000000006
0.0039024,0.0083,0.32000000000000006
0.003904,-0.0075,0.32000000000000006
0.0039056,0.006100000000000001,0.32000000000000006
0.0039071999999999996,-0.0057,0.32000000000000006
0.0039088,0.005300000000000001,0.32000000000000006
0.0039104,-0.0069,0.4
0.003912,0.0039000000000000007,0.4
0.0039136,-0.0083,0.32000000000000006
0.0039152,0.007300000000000001,0.32000000000000006
0.0039168,-0.0087,0.32000000000000006
0.0039184,0.0063,0.32000000000000006
0.00392,-0.010100000000000001,0.32000000000000006
0.0039216,0.005500000000000001,0.32000000000000006
0.0039232,-0.0085,0.32000000000000006
0.0039248,0.0047,0.32000000000000006
0.0039264,-0.0047,0.32000000000000006
0.003928,0.0015000000000000005,0.32000000000000006
0.0039296,-0.0026999999999999997,0.32000000000000006
0.0039312,-0.0045,0.32000000000000006
0.0039328,0.00010000000000000026,0.32000000000000006
0.0039344,-0.0034999999999999996,0.32000000000000006
0.003936,0.004900000000000001,0.32000000000000006
0.0039375999999999994,-0.0047,0.32000000000000006
0.0039391999999999995,0.005300000000000001,0.32000000000000006
0.0039407999999999995,-0.0075,0.32000000000000006
0.0039423999999999996,0.004300000000000001,0.32000000000000006
0.003944,-0.0059,0.32000000000000006
0.0039456,0.004900000000000001,0.32000000000000006
0.0039472,-0.0079,0.4
0.0039488,0.0031000000000000003,0.32000000000000006
0.0039504,-0.0051,0.4
0.003952,0.004300000000000001,0.32000000000000006
0.0039536,-0.0073,0.32000000000000006
0.0039552,0.006700000000000001,0.32000000000000006
0.0039568,-0.0075,0.32000000000000006
0.0039584,0.007300000000000001,0.32000000000000006
0.00396,-0.0081,0.32000000000000006
0.0039616,0.005900000000000001,0.32000000000000006
0.0039632,-0.0089,0.32000000000000006
0.0039648,0.005300000000000001,0.32000000000000006
0.0039664,-0.0039,0.32000000000000006
0.003968,0.0011000000000000003,0.32000000000000006
0.0039696,-0.0034999999999999996,0.32000000000000006
0.0039712,-0.0002999999999999995,0.32000000000000006
0.0039728,0.0007000000000000005,0.32000000000000006
0.0039743999999999995,-0.0034999999999999996,0.32000000000000006
0.0039759999999999995,0.0041,0.32000000000000006
0.0039775999999999995,-0.006699999999999999,0.32000000000000006
0.0039792,0.0045000000000000005,0.32000000000000006
0.0039808,-0.006500000000000001,0.32000000000000006
0.0039824,0.005300000000000001,0.32000000000000006
0.003984,-0.0059,0.32000000000000006
0.0039856,0.0051,0.32000000000000006
0.0039872,-0.0024999999999999996,0.32000000000000006
0.0039888,0.003300000000000001,0.32000000000000006
0.0039904,-0.0071,0.32000000000000006
0.003992,0.0035000000000000005,0.32000000000000006
0.0039936,-0.0073,0.32000000000000006
0.0039952,0.003300000000000001,0.32000000000000006
0.0039968,-0.0103,0.32000000000000006
0.0039984,0.0051,0.32000000000000006
0.004,-0.0111,0.32000000000000006
0.0040016,0.004300000000000001,0.32000000000000006
0.0040032,-0.0091,0.32000000000000006
0.0040048,0.004900000000000001,0.32000000000000006
0.0040064,-0.0073,0.32000000000000006
0.004008,0.002300000000000001,0.32000000000000006
0.0040095999999999994,-9.999999999999983e-05,0.32000000000000006
0.0040111999999999995,-0.0006999999999999997,0.32000000000000006
0.0040127999999999995,0.0015000000000000005,0.32000000000000006
0.0040143999999999996,-0.0034999999999999996,0.32000000000000006
0.004016,0.0041,0.4
0.0040176,-0.0043,0.32000000000000006
0.0040192,0.0057,0.32000000000000006
0.0040208,-0.0063,0.4
0.0040224,0.005900000000000001,0.4
0.004024,-0.006699999999999999,0.32000000000000006
0.0040256,0.004300000000000001,0.4
0.0040272,-0.0063,0.32000000000000006
0.0040288,0.0041,0.32000000000000006
0.0040304,-0.0051,0.32000000000000006
0.004032,0.0037,0.32000000000000006
0.0040336,-0.0077,0.4
0.0040352,0.0047,0.32000000000000006
0.0040368,-0.010100000000000001,0.32000000000000006
0.0040384,0.0045000000000000005,0.32000000000000006
0.00404,-0.0083,0.32000000000000006
0.0040416,0.004900000000000001,0.32000000000000006
0.0040432,-0.0083,0.32000000000000006
0.0040447999999999994,0.004300000000000001,0.32000000000000006
0.0040463999999999995,-0.0047,0.32000000000000006
0.0040479999999999995,0.002300000000000001,0.32000000000000006
0.0040495999999999996,-0.0021,0.32000000000000006
0.0040512,-0.0008999999999999998,0.32000000000000006
0.0040528,0.0005000000000000004,0.32000000000000006
0.0040544,-0.0012999999999999997,0.32000000000000006
0.004056,0.0041,0.32000000000000006
0.0040576,-0.006500000000000001,0.32000000000000006
0.0040592,0.0041,0.32000000000000006
0.0040608,-0.0073,0.32000000000000006
0.0040624,0.0071,0.32000000000000006
0.004064,-0.0073,0.32000000000000006
0.0040656,0.008100000000000001,0.32000000000000006
0.0040672,-0.006500000000000001,0.32000000000000006
0.0040688,0.006100000000000001,0.32000000000000006
0.0040704,-0.0059,0.32000000000000006
0.004072,0.005900000000000001,0.32000000000000006
0.0040736,-0.0060999999999999995,0.32000000000000006
0.0040752,0.005500000000000001,0.32000000000000006
0.0040768,-0.0097,0.32000000000000006
0.0040784,0.006500000000000001,0.32000000000000006
0.004079999999999999,-0.0091,0.32000000000000006
0.0040815999999999995,0.008100000000000001,0.32000000000000006
0.0040831999999999995,-0.0083,0.32000000000000006
0.0040847999999999995,0.004900000000000001,0.32000000000000006
0.0040864,-0.0055,0.32000000000000006
0.004088,0.0015000000000000005,0.32000000000000006
0.0040896,-0.0016999999999999997,0.32000000000000006
0.0040912,-0.0002999999999999995,0.32000000000000006
0.0040928,-9.999999999999983e-05,0.32000000000000006
0.0040944,-0.0049,0.32000000000000006
0.004096,0.0045000000000000005,0.32000000000000006
0.0040976,-0.0053,0.32000000000000006
0.0040992,0.0051,0.32000000000000006
0.0041008,-0.0073,0.32000000000000006
0.0041024,0.0079,0.32000000000000006
0.004104,-0.006699999999999999,0.32000000000000006
0.0041056,0.0045000000000000005,0.32000000000000006
0.0041072,-0.0051,0.32000000000000006
0.0041088,0.0037,0.32000000000000006
0.0041104,-0.0063,0.32000000000000006
0.004112,0.0035000000000000005,0.32000000000000006
0.0041136,-0.0060999999999999995,0.32000000000000006
0.0041152,0.0047,0.4
0.0041167999999999995,-0.0081,0.32000000000000006
0.0041183999999999995,0.006100000000000001,0.32000000000000006
0.0041199999999999995,-0.0097,0.32000000000000006
0.0041216,0.006500000000000001,0.32000000000000006
0.0041232,-0.0087,0.32000000000000006
0.0041248,0.0019000000000000006,0.4
0.0041264,-0.0069,0.32000000000000006
0.004128,0.0035000000000000005,0.32000000000000006
0.0041296,-0.0021,0.32000000000000006
0.0041312,-9.999999999999983e-05,0.32000000000000006
0.0041328,0.0011000000000000003,0.32000000000000006
0.0041344,-0.0039,0.32000000000000006
0.004136,0.004900000000000001,0.32000000000000006
0.0041376,-0.0069,0.32000000000000006
0.0041392,0.0069,0.32000000000000006
0.0041408,-0.0097,0.32000000000000006
0.0041424,0.005900000000000001,0.32000000000000006
0.004144,-0.0075,0.32000000000000006
0.0041456,0.005900000000000001,0.32000000000000006
0.0041472,-0.0063,0.32000000000000006
0.0041488,0.005300000000000001,0.32000000000000006
0.0041504,-0.0091,0.32000000000000006
0.0041519999999999994,0.0057,0.32000000000000006
0.0041535999999999995,-0.0063,0.32000000000000006
0.0041551999999999995,0.0051,0.32000000000000006
0.0041567999999999996,-0.010499999999999999,0.32000000000000006
0.0041584,0.007300000000000001,0.32000000000000006
0.00416,-0.0109,0.32000000000000006
0.0041616,0.006500000000000001,0.32000000000000006
0.0041632,-0.0079,0.32000000000000006
0.0041648,0.0031000000000000003,0.32000000000000006
0.0041664,-0.0079,0.32000000000000006
0.004168,0.0025000000000000005,0.32000000000000006
0.0041696,-0.0031,0.32000000000000006
0.0041712,-0.0008999999999999998,0.24
0.0041728,0.00010000000000000026,0.32000000000000006
0.0041744,-0.0029,0.32000000000000006
0.004176,0.0029000000000000007,0.32000000000000006
0.0041776,-0.0069,0.32000000000000006
0.0041792,0.0041,0.32000000000000006
0.0041808,-0.0059,0.32000000000000006
0.0041824,0.0051,0.4
0.004184,-0.0047,0.32000000000000006
0.0041856,0.0045000000000000005,0.32000000000000006
0.004187199999999999,-0.0077,0.32000000000000006
0.0041887999999999995,0.0037,0.32000000000000006
0.0041903999999999995,-0.0051,0.32000000000000006
0.0041919999999999995,0.0037,0.32000000000000006
0.0041936,-0.0059,0.32000000000000006
0.0041952,0.004300000000000001,0.32000000000000006
0.0041968,-0.0069,0.32000000000000006
0.0041984,0.005300000000000001,0.32000000000000006
0.0042,-0.009899999999999999,0.32000000000000006
0.0042016,0.006100000000000001,0.32000000000000006
0.0042032,-0.0073,0.32000000000000006
0.0042048,0.004900000000000001,0.32000000000000006
0.0042064,-0.006500000000000001,0.32000000000000006
0.004208,0.0027,0.32000000000000006
0.0042096,-0.0034999999999999996,0.32000000000000006
0.0042112,-0.0018999999999999998,0.32000000000000006
0.0042128,0.0029000000000000007,0.32000000000000006
0.0042144,-0.0031,0.32000000000000006
0.004216,0.005300000000000001,0.32000000000000006
0.0042176,-0.0031,0.32000000000000006
0.0042192,0.0045000000000000005,0.32000000000000006
0.0042208,-0.0073,0.32000000000000006
0.004222399999999999,0.006700000000000001,0.32000000000000006
0.0042239999999999995,-0.0053,0.32000000000000006
0.0042255999999999995,0.0041,0.32000000000000006
0.0042271999999999995,-0.0059,0.32000000000000006
0.0042288,0.0047,0.32000000000000006
0.0042304,-0.0060999999999999995,0.32000000000000006
0.004232,0.005500000000000001,0.32000000000000006
0.0042336,-0.006500000000000001,0.32000000000000006
0.0042352,0.0047,0.32000000000000006
0.0042368,-0.0087,0.32000000000000006
0.0042384,0.006500000000000001,0.4
0.00424,-0.0109,0.32000000000000006
0.0042416,0.0045000000000000005,0.32000000000000006
0.0042432,-0.009899999999999999,0.32000000000000006
0.0042448,0.0063,0.32000000000000006
0.0042464,-0.0069,0.32000000000000006
0.004248,-9.999999999999983e-05,0.32000000000000006
0.0042496,-0.0036999999999999997,0.32000000000000006
0.0042512,-0.0002999999999999995,0.32000000000000006
0.0042528,0.00030000000000000035,0.32000000000000006
0.0042544,-0.0051,0.32000000000000006
0.004256,0.0047,0.32000000000000006
0.0042576,-0.0043,0.32000000000000006
0.0042591999999999994,0.0057,0.4
0.0042607999999999995,-0.0071,0.4
0.0042623999999999995,0.0063,0.32000000000000006
0.0042639999999999996,-0.0040999999999999995,0.32000000000000006
0.0042656,0.0063,0.32000000000000006
0.0042672,-0.006500000000000001,0.32000000000000006
0.0042688,0.0041,0.32000000000000006
0.0042704,-0.0047,0.32000000000000006
0.004272,0.004900000000000001,0.32000000000000006
0.0042736,-0.0079,0.32000000000000006
0.0042752,0.005300000000000001,0.32000000000000006
0.0042768,-0.010499999999999999,0.32000000000000006
0.0042784,0.005300000000000001,0.32000000000000006
0.00428,-0.0083,0.32000000000000006
0.0042816,0.006100000000000001,0.32000000000000006
0.0042832,-0.0095,0.32000000000000006
0.0042848,0.0041,0.32000000000000006
0.0042864,-0.0055,0.32000000000000006
0.004288,0.0027,0.32000000000000006
0.0042896,-0.0029,0.4
0.0042912,-0.0002999999999999995,0.32000000000000006
0.0042928,0.004300000000000001,0.32000000000000006
0.004294399999999999,-0.0040999999999999995,0.32000000000000006
0.0042959999999999995,0.005900000000000001,0.32000000000000006
0.0042975999999999995,-0.0060999999999999995,0.32000000000000006
0.0042991999999999995,0.0051,0.32000000000000006
0.0043008,-0.0075,0.32000000000000006
0.0043024,0.0071,0.32000000000000006
0.004304,-0.0075,0.4
0.0043056,0.0063,0.32000000000000006
0.0043072,-0.0071,0.32000000000000006
0.0043088,0.0051,0.32000000000000006
0.0043104,-0.0060999999999999995,0.32000000000000006
0.004312,0.0057,0.32000000000000006
0.0043136,-0.006500000000000001,0.32000000000000006
0.0043152,0.005500000000000001,0.32000000000000006
0.0043168,-0.0097,0.32000000000000006
0.0043184,0.005500000000000001,0.32000000000000006
0.00432,-0.010499999999999999,0.32000000000000006
0.0043216,0.007300000000000001,0.32000000000000006
0.0043232,-0.0089,0.32000000000000006
0.0043248,0.0047,0.32000000000000006
0.0043264,-0.0057,0.32000000000000006
0.004328,0.0007000000000000005,0.32000000000000006
0.004329599999999999,-0.0002999999999999995,0.32000000000000006
0.0043311999999999995,-0.0008999999999999998,0.32000000000000006
0.0043327999999999995,0.00010000000000000026,0.32000000000000006
0.0043343999999999995,-0.0053,0.32000000000000006
0.004336,0.005300000000000001,0.32000000000000006
0.0043376,-0.0060999999999999995,0.32000000000000006
0.0043392,0.004900000000000001,0.32000000000000006
0.0043408,-0.0060999999999999995,0.32000000000000006
0.0043424,0.0051,0.32000000000000006
0.004344,-0.0071,0.32000000000000006
0.0043456,0.0031000000000000003,0.32000000000000006
0.0043472,-0.0045,0.32000000000000006
0.0043488,0.0037,0.32000000000000006
0.0043504,-0.0043,0.32000000000000006
0.004352,0.0025000000000000005,0.32000000000000006
0.0043536,-0.006500000000000001,0.32000000000000006
0.0043552,0.0045000000000000005,0.32000000000000006
0.0043568,-0.0077,0.4
0.0043584,0.0063,0.32000000000000006
0.00436,-0.0109,0.32000000000000006
0.0043616,0.0063,0.32000000000000006
0.0043632,-0.0071,0.32000000000000006
0.004364799999999999,0.0051,0.32000000000000006
0.0043663999999999994,-0.006699999999999999,0.32000000000000006
0.0043679999999999995,0.0017000000000000001,0.32000000000000006
0.0043695999999999995,-0.0029,0.32000000000000006
0.0043711999999999996,0.00030000000000000035,0.32000000000000006
0.0043728,0.0005000000000000004,0.32000000000000006
0.0043744,-0.0024999999999999996,0.4
0.004376,0.0021000000000000003,0.32000000000000006
0.0043776,-0.0036999999999999997,0.32000000000000006
0.0043792,0.004900000000000001,0.32000000000000006
0.0043808,-0.0055,0.32000000000000006
0.0043824,0.002300000000000001,0.32000000000000006
0.004384,-0.0051,0.32000000000000006
0.0043856,0.0013000000000000008,0.32000000000000006
0.0043872,-0.006699999999999999,0.32000000000000006
0.0043888,0.0029000000000000007,0.32000000000000006
0.0043904,-0.0057,0.32000000000000006
0.004392,0.004300000000000001,0.32000000000000006
0.0043936,-0.0055,0.32000000000000006
0.0043952,0.0047,0.32000000000000006
0.0043968,-0.0087,0.32000000000000006
0.0043984,0.005900000000000001,0.32000000000000006
0.0044,-0.0089,0.32000000000000006
0.0044015999999999994,0.005500000000000001,0.32000000000000006
0.0044031999999999995,-0.0073,0.32000000000000006
0.0044047999999999995,0.0047,0.32000000000000006
0.0044063999999999996,-0.0047,0.32000000000000006
0.004408,0.0011000000000000003,0.32000000000000006
0.0044096,-0.0033,0.32000000000000006
0.0044112,-0.0016999999999999997,0.32000000000000006
0.0044128,0.0007000000000000005,0.32000000000000006
0.0044144,-0.0031,0.32000000000000006
0.004416,0.0045000000000000005,0.32000000000000006
0.0044176,-0.0081,0.32000000000000006
0.0044192,0.005500000000000001,0.32000000000000006
0.0044208,-0.0075,0.32000000000000006
0.0044224,0.0047,0.32000000000000006
0.004424,-0.006699999999999999,0.32000000000000006
0.0044256,0.0063,0.32000000000000006
0.0044272,-0.0077,0.32000000000000006
0.0044288,0.005300000000000001,0.32000000000000006
0.0044304,-0.0055,0.32000000000000006
0.004432,0.0041,0.32000000000000006
0.0044336,-0.0071,0.32000000000000006
0.0044352,0.0051,0.32000000000000006
0.004436799999999999,-0.010100000000000001,0.4
0.0044383999999999995,0.0071,0.32000000000000006
0.0044399999999999995,-0.010100000000000001,0.32000000000000006
0.0044415999999999995,0.0071,0.32000000000000006
0.0044432,-0.0081,0.32000000000000006
0.0044448,0.006500000000000001,0.32000000000000006
0.0044464,-0.0069,0.32000000000000006
0.004448,0.0009000000000000002,0.32000000000000006
0.0044496,-0.0026999999999999997,0.32000000000000006
0.0044512,-0.0006999999999999997,0.4
0.0044528,0.0017000000000000001,0.32000000000000006
0.0044544,-0.0024999999999999996,0.32000000000000006
0.004456,0.0037,0.32000000000000006
0.0044576,-0.006699999999999999,0.32000000000000006
0.0044592,0.0039000000000000007,0.32000000000000006
0.0044608,-0.0051,0.32000000000000006
0.0044624,0.005500000000000001,0.32000000000000006
0.004464,-0.006699999999999999,0.32000000000000006
0.0044656,0.0047,0.32000000000000006
0.0044672,-0.0053,0.32000000000000006
0.0044688,0.0031000000000000003,0.32000000000000006
0.0044704,-0.0057,0.32000000000000006
0.004471999999999999,0.0045000000000000005,0.32000000000000006
0.0044735999999999995,-0.006500000000000001,0.32000000000000006
0.0044751999999999995,0.0045000000000000005,0.32000000000000006
0.0044767999999999995,-0.0089,0.32000000000000006
0.0044784,0.005900000000000001,0.32000000000000006
0.00448,-0.0091,0.32000000000000006
0.0044816,0.007300000000000001,0.32000000000000006
0.0044832,-0.0071,0.4
0.0044848,0.0039000000000000007,0.32000000000000006
0.0044864,-0.0071,0.32000000000000006
0.004488,0.0017000000000000001,0.32000000000000006
0.0044896,-0.0023,0.32000000000000006
0.0044912,-0.0006999999999999997,0.32000000000000006
0.0044928,0.0005000000000000004,0.32000000000000006
0.0044944,-0.0031,0.32000000000000006
0.004496,0.0035000000000000005,0.4
0.0044976,-0.0049,0.32000000000000006
0.0044992,0.004300000000000001,0.32000000000000006
0.0045008,-0.0083,0.32000000000000006
0.0045024,0.0071,0.32000000000000006
0.004504,-0.0060999999999999995,0.4
0.0045056,0.004900000000000001,0.32000000000000006
0.0045072,-0.0059,0.4
0.0045087999999999994,0.004300000000000001,0.32000000000000006
0.0045103999999999995,-0.0057,0.32000000000000006
0.0045119999999999995,0.0057,0.32000000000000006
0.0045135999999999996,-0.0063,0.32000000000000006
0.0045152,0.0045000000000000005,0.32000000000000006
0.0045168,-0.0091,0.32000000000000006
0.0045184,0.0077,0.32000000000000006
0.00452,-0.0103,0.32000000000000006
0.0045216,0.0051,0.32000000000000006
0.0045232,-0.0081,0.32000000000000006
0.0045248,0.005300000000000001,0.32000000000000006
0.0045264,-0.0069,0.32000000000000006
0.004528,0.0037,0.32000000000000006
0.0045296,-0.0021,0.32000000000000006
0.0045312,0.0005000000000000004,0.32000000000000006
0.0045328,-0.0004999999999999996,0.32000000000000006
0.0045344,-0.0026999999999999997,0.32000000000000006
0.004536,0.0031000000000000003,0.32000000000000006
0.0045376,-0.0031,0.32000000000000006
0.0045392,0.0035000000000000005,0.32000000000000006
0.0045408,-0.0060999999999999995,0.32000000000000006
0.0045424,0.0047,0.32000000000000006
0.004543999999999999,-0.0034999999999999996,0.32000000000000006
0.0045455999999999995,0.0045000000000000005,0.32000000000000006
0.0045471999999999995,-0.0060999999999999995,0.32000000000000006
0.0045487999999999995,0.003300000000000001,0.32000000000000006
0.0045504,-0.0053,0.32000000000000006
0.004552,0.0045000000000000005,0.32000000000000006
0.0045536,-0.0063,0.32000000000000006
0.0045552,0.0047,0.32000000000000006
0.0045568,-0.0083,0.32000000000000006
0.0045584,0.006700000000000001,0.4
0.00456,-0.0123,0.32000000000000006
0.0045616,0.006100000000000001,0.32000000000000006
0.0045632,-0.0081,0.32000000000000006
0.0045648,0.004300000000000001,0.32000000000000006
0.0045664,-0.006500000000000001,0.32000000000000006
0.004568,0.0029000000000000007,0.32000000000000006
0.0045696,-0.0024999999999999996,0.32000000000000006
0.0045712,-0.0029,0.32000000000000006
0.0045728,0.0005000000000000004,0.32000000000000006
0.0045744,-0.0021,0.32000000000000006
0.004576,0.0041,0.32000000000000006
0.0045776,-0.0073,0.32000000000000006
0.004579199999999999,0.006100000000000001,0.32000000000000006
0.0045807999999999995,-0.0060999999999999995,0.32000000000000006
0.0045823999999999995,0.006500000000000001,0.32000000000000006
0.0045839999999999995,-0.006699999999999999,0.32000000000000006
0.0045856,0.0051,0.32000000000000006
0.0045872,-0.006500000000000001,0.32000000000000006
0.0045888,0.004300000000000001,0.32000000000000006
0.0045904,-0.006500000000000001,0.4
0.004592,0.0045000000000000005,0.32000000000000006
0.0045936,-0.0071,0.32000000000000006
0.0045952,0.005900000000000001,0.32000000000000006
0.0045968,-0.0089,0.32000000000000006
0.0045984,0.005900000000000001,0.32000000000000006
0.0046,-0.0111,0.32000000000000006
0.0046016,0.0079,0.32000000000000006
0.0046032,-0.0087,0.32000000000000006
0.0046048,0.005300000000000001,0.32000000000000006
0.0046064,-0.0055,0.32000000000000006
0.004608,0.0029000000000000007,0.32000000000000006
0.0046096,-0.0043,0.4
0.0046112,-0.0008999999999999998,0.32000000000000006
0.0046128,0.0007000000000000005,0.32000000000000006
0.004614399999999999,-0.0047,0.32000000000000006
0.0046159999999999994,0.0037,0.4
0.0046175999999999995,-0.0051,0.32000000000000006
0.0046191999999999995,0.006100000000000001,0.32000000000000006
0.0046207999999999996,-0.0063,0.32000000000000006
0.0046224,0.0041,0.32000000000000006
0.004624,-0.0073,0.32000000000000006
0.0046256,0.0041,0.32000000000000006
0.0046272,-0.0060999999999999995,0.32000000000000006
0.0046288,0.004300000000000001,0.32000000000000006
0.0046304,-0.0053,0.32000000000000006
0.004632,0.004900000000000001,0.32000000000000006
0.0046336,-0.0060999999999999995,0.32000000000000006
0.0046352,0.004900000000000001,0.32000000000000006
0.0046368,-0.0081,0.32000000000000006
0.0046384,0.0083,0.32000000000000006
0.00464,-0.0083,0.32000000000000006
0.0046416,0.0057,0.32000000000000006
0.0046432,-0.0091,0.32000000000000006
0.0046448,0.004900000000000001,0.32000000000000006
0.0046464,-0.0055,0.32000000000000006
0.004648,0.0025000000000000005,0.32000000000000006
0.0046496,-0.0036999999999999997,0.32000000000000006
0.004651199999999999,-0.0012999999999999997,0.32000000000000006
0.0046527999999999995,0.0007000000000000005,0.32000000000000006
0.0046543999999999995,-0.0045,0.32000000000000006
0.0046559999999999995,0.0037,0.32000000000000006
0.0046576,-0.006500000000000001,0.32000000000000006
0.0046592,0.006100000000000001,0.32000000000000006
0.0046608,-0.0091,0.32000000000000006
0.0046624,0.0083,0.32000000000000006
0.004664,-0.0081,0.32000000000000006
0.0046656,0.0057,0.32000000000000006
0.0046672,-0.006699999999999999,0.32000000000000006
0.0046688,0.0039000000000000007,0.32000000000000006
0.0046704,-0.0063,0.32000000000000006
0.004672,0.004900000000000001,0.32000000000000006
0.0046736,-0.0081,0.32000000000000006
0.0046752,0.005500000000000001,0.32000000000000006
0.0046768,-0.010499999999999999,0.32000000000000006
0.0046784,0.0079,0.32000000000000006
0.00468,-0.0083,0.32000000000000006
0.0046816,0.008100000000000001,0.32000000000000006
0.0046832,-0.0075,0.32000000000000006
0.0046848,0.004300000000000001,0.4
0.004686399999999999,-0.0071,0.4
0.0046879999999999995,0.0029000000000000007,0.32000000000000006
0.0046895999999999995,-0.0023,0.32000000000000006
0.0046911999999999995,-0.0006999999999999997,0.32000000000000006
0.0046928,0.0007000000000000005,0.4
0.0046944,-0.0033,0.32000000000000006
0.004696,0.0045000000000000005,0.32000000000000006
0.0046976,-0.0051,0.32000000000000006
0.0046992,0.0035000000000000005,0.32000000000000006
0.0047008,-0.0079,0.32000000000000006
0.0047024,0.005900000000000001,0.32000000000000006
0.004704,-0.0051,0.32000000000000006
0.0047056,0.0041,0.32000000000000006
0.0047072,-0.0053,0.32000000000000006
0.0047088,0.0037,0.32000000000000006
0.0047104,-0.0045,0.32000000000000006
0.004712,0.0029000000000000007,0.32000000000000006
0.0047136,-0.006500000000000001,0.32000000000000006
0.0047152,0.004900000000000001,0.32000000000000006
0.0047168,-0.0083,0.32000000000000006
0.0047184,0.005500000000000001,0.32000000000000006
0.00472,-0.009899999999999999,0.32000000000000006
0.004721599999999999,0.006100000000000001,0.32000000000000006
0.0047231999999999994,-0.0077,0.32000000000000006
0.0047247999999999995,0.0047,0.32000000000000006
0.0047263999999999995,-0.0057,0.32000000000000006
0.0047279999999999996,0.0021000000000000003,0.32000000000000006
0.0047296,-0.0049,0.32000000000000006
0.0047312,-0.0002999999999999995,0.32000000000000006
0.0047328,-0.0008999999999999998,0.32000000000000006
0.0047344,-0.0016999999999999997,0.32000000000000006
0.004736,0.0031000000000000003,0.32000000000000006
0.0047376,-0.0057,0.32000000000000006
0.0047392,0.0051,0.32000000000000006
0.0047408,-0.0081,0.32000000000000006
0.0047424,0.0047,0.32000000000000006
0.004744,-0.006699999999999999,0.32000000000000006
0.0047456,0.0063,0.32000000000000006
0.0047472,-0.0059,0.32000000000000006
0.0047488,0.0051,0.32000000000000006
0.0047504,-0.0055,0.32000000000000006
0.004752,0.005500000000000001,0.32000000000000006
0.0047536,-0.006500000000000001,0.32000000000000006
0.0047552,0.0057,0.32000000000000006
0.004756799999999999,-0.0083,0.32000000000000006
0.0047583999999999994,0.0051,0.4
0.0047599999999999995,-0.009899999999999999,0.32000000000000006
0.0047615999999999995,0.0069,0.32000000000000006
0.0047631999999999996,-0.0089,0.32000000000000006
0.0047648,0.005500000000000001,0.32000000000000006
0.0047664,-0.0059,0.32000000000000006
0.004768,0.0039000000000000007,0.32000000000000006
0.0047696,-0.0055,0.32000000000000006
0.0047712,0.0009000000000000002,0.32000000000000006
0.0047728,0.0009000000000000002,0.32000000000000006
0.0047744,-0.0034999999999999996,0.32000000000000006
0.004776,0.0027,0.32000000000000006
0.0047776,-0.0036999999999999997,0.32000000000000006
0.0047792,0.0051,0.32000000000000006
0.0047808,-0.0047,0.32000000000000006
0.0047824,0.0027,0.32000000000000006
0.004784,-0.0047,0.32000000000000006
0.0047856,0.0037,0.32000000000000006
0.0047872,-0.0043,0.32000000000000006
0.0047888,0.003300000000000001,0.32000000000000006
0.0047904,-0.0053,0.32000000000000006
0.004792,0.0035000000000000005,0.32000000000000006
0.004793599999999999,-0.0051,0.32000000000000006
0.0047951999999999995,0.0035000000000000005,0.32000000000000006
0.0047967999999999995,-0.0079,0.32000000000000006
0.0047983999999999995,0.0047,0.32000000000000006
0.0048,-0.010499999999999999,0.32000000000000006
0.0048016,0.005900000000000001,0.32000000000000006
0.0048032,-0.0079,0.32000000000000006
0.0048048,0.0047,0.32000000000000006
0.0048064,-0.0063,0.32000000000000006
0.004808,0.0027,0.32000000000000006
0.0048096,-0.0026999999999999997,0.32000000000000006
0.0048112,-9.999999999999983e-05,0.32000000000000006
0.0048128,0.00010000000000000026,0.32000000000000006
0.0048144,-0.0034999999999999996,0.32000000000000006
0.004816,0.0035000000000000005,0.32000000000000006
0.0048176,-0.0060999999999999995,0.32000000000000006
0.0048192,0.006700000000000001,0.32000000000000006
0.0048208,-0.0060999999999999995,0.32000000000000006
0.0048224,0.006500000000000001,0.32000000000000006
0.004824,-0.0055,0.32000000000000006
0.0048256,0.004900000000000001,0.32000000000000006
0.0048272,-0.0055,0.32000000000000006
0.004828799999999999,0.0045000000000000005,0.32000000000000006
0.0048303999999999995,-0.0063,0.32000000000000006
0.0048319999999999995,0.0045000000000000005,0.32000000000000006
0.0048335999999999995,-0.0083,0.32000000000000006
0.0048352,0.004900000000000001,0.32000000000000006
0.0048368,-0.0095,0.4
0.0048384,0.005300000000000001,0.32000000000000006
0.00484,-0.010499999999999999,0.32000000000000006
0.0048416,0.0071,0.32000000000000006
0.0048432,-0.0077,0.32000000000000006
0.0048448,0.004900000000000001,0.32000000000000006
0.0048464,-0.0073,0.32000000000000006
0.004848,0.0025000000000000005,0.32000000000000006
0.0048496,-0.0018999999999999998,0.32000000000000006
0.0048512,0.0035000000000000005,0.32000000000000006
0.0048528,0.0011000000000000003,0.4
0.0048544,-0.0034999999999999996,0.32000000000000006
0.004856,0.002300000000000001,0.32000000000000006
0.0048576,-0.0053,0.32000000000000006
0.0048592,0.005300000000000001,0.32000000000000006
0.0048608,-0.0057,0.32000000000000006
0.0048624,0.0063,0.32000000000000006
0.004863999999999999,-0.0063,0.32000000000000006
0.0048655999999999994,0.0039000000000000007,0.32000000000000006
0.0048671999999999995,-0.0073,0.32000000000000006
0.0048687999999999995,0.0051,0.32000000000000006
0.0048703999999999996,-0.0051,0.32000000000000006
0.004872,0.0047,0.32000000000000006
0.0048736,-0.0073,0.32000000000000006
0.0048752,0.0041,0.32000000000000006
0.0048768,-0.0103,0.32000000000000006
0.0048784,0.006700000000000001,0.32000000000000006
0.00488,-0.0095,0.32000000000000006
0.0048816,0.0079,0.32000000000000006
0.0048832,-0.0071,0.32000000000000006
0.0048848,0.006500000000000001,0.32000000000000006
0.0048864,-0.0060999999999999995,0.32000000000000006
0.004888,0.0007000000000000005,0.32000000000000006
0.0048896,-0.0036999999999999997,0.32000000000000006
0.0048912,-9.999999999999983e-05,0.32000000000000006
0.0048928,-0.0010999999999999996,0.32000000000000006
0.0048944,-0.0036999999999999997,0.32000000000000006
0.004896,0.003300000000000001,0.32000000000000006
0.0048976,-0.0079,0.32000000000000006
0.004899199999999999,0.0041,0.4
0.004900799999999999,-0.0053,0.32000000000000006
0.0049023999999999995,0.005300000000000001,0.32000000000000006
0.0049039999999999995,-0.0055,0.32000000000000006
0.0049055999999999995,0.005500000000000001,0.32000000000000006
0.0049072,-0.006500000000000001,0.32000000000000006
0.0049088,0.005900000000000001,0.32000000000000006
0.0049104,-0.0049,0.32000000000000006
0.004912,0.0031000000000000003,0.32000000000000006
0.0049136,-0.0060999999999999995,0.32000000000000006
0.0049152,0.005500000000000001,0.32000000000000006
0.0049168,-0.0085,0.32000000000000006
0.0049184,0.006500000000000001,0.32000000000000006
0.00492,-0.0093,0.32000000000000006
0.0049216,0.0063,0.32000000000000006
0.0049232,-0.0095,0.4
0.0049248,0.006100000000000001,0.32000000000000006
0.0049264,-0.0069,0.32000000000000006
0.004928,0.0011000000000000003,0.32000000000000006
0.0049296,-0.0034999999999999996,0.4
0.0049312,0.0009000000000000002,0.32000000000000006
0.0049328,0.0031000000000000003,0.32000000000000006
0.0049344,-0.0012999999999999997,0.32000000000000006
0.004935999999999999,0.0015000000000000005,0.32000000000000006
0.0049375999999999995,-0.0057,0.32000000000000006
0.0049391999999999995,0.004300000000000001,0.32000000000000006
0.0049407999999999995,-0.0049,0.32000000000000006
0.0049424,0.0037,0.32000000000000006
0.004944,-0.0049,0.32000000000000006
0.0049456,0.0047,0.32000000000000006
0.0049472,-0.0039,0.32000000000000006
0.0049488,0.0035000000000000005,0.32000000000000006
0.0049504,-0.0055,0.32000000000000006
0.004952,0.0029000000000000007,0.32000000000000006
0.0049536,-0.0060999999999999995,0.32000000000000006
0.0049552,0.0045000000000000005,0.32000000000000006
0.0049568,-0.0087,0.32000000000000006
0.0049584,0.006100000000000001,0.32000000000000006
0.00496,-0.0083,0.32000000000000006
0.0049616,0.005500000000000001,0.32000000000000006
0.0049632,-0.0091,0.32000000000000006
0.0049648,0.0051,0.32000000000000006
0.0049664,-0.0060999999999999995,0.32000000000000006
0.004968,0.0027,0.32000000000000006
0.0049696,-0.0040999999999999995,0.32000000000000006
0.004971199999999999,-0.0018999999999999998,0.32000000000000006
0.0049727999999999994,-0.0002999999999999995,0.4
0.0049743999999999995,-0.0033,0.32000000000000006
0.0049759999999999995,0.0013000000000000008,0.32000000000000006
0.0049775999999999996,-0.0059,0.32000000000000006
0.0049792,0.002300000000000001,0.32000000000000006
0.0049808,-0.0055,0.32000000000000006
0.0049824,0.0047,0.32000000000000006
0.004984,-0.0026999999999999997,0.4
0.0049856,0.0051,0.32000000000000006
0.0049872,-0.0036999999999999997,0.32000000000000006
0.0049888,0.004300000000000001,0.32000000000000006
0.0049904,-0.0057,0.32000000000000006
0.004992,0.004300000000000001,0.32000000000000006
0.0049936,-0.0051,0.4
0.0049952,0.004900000000000001,0.32000000000000006
0.0049968,-0.0103,0.32000000000000006
0.0049984,0.0051,0.4
0.005,-0.010499999999999999,0.32000000000000006
0.0050016,0.007300000000000001,0.32000000000000006
0.0050032,-0.0093,0.32000000000000006
0.0050048,0.0057,0.32000000000000006
0.005006399999999999,-0.006699999999999999,0.32000000000000006
0.005007999999999999,0.0013000000000000008,0.4
0.0050095999999999995,-0.0034999999999999996,0.32000000000000006
0.0050111999999999995,-0.0006999999999999997,0.32000000000000006
0.0050127999999999995,0.00030000000000000035,0.32000000000000006
0.0050144,-0.0031,0.32000000000000006
0.005016,0.0047,0.32000000000000006
0.0050176,-0.0043,0.32000000000000006
0.0050192,0.003300000000000001,0.32000000000000006
0.0050208,-0.0051,0.4
0.0050224,0.005900000000000001,0.32000000000000006
0.005024,-0.006699999999999999,0.32000000000000006
0.0050256,0.0027,0.32000000000000006
0.0050272,-0.0043,0.32000000000000006
0.0050288,0.002300000000000001,0.32000000000000006
0.0050304,-0.0053,0.32000000000000006
0.005032,0.005300000000000001,0.32000000000000006
0.0050336,-0.006699999999999999,0.32000000000000006
0.0050352,0.0047,0.4
0.0050368,-0.0083,0.32000000000000006
0.0050384,0.006100000000000001,0.32000000000000006
0.00504,-0.009899999999999999,0.32000000000000006
0.005041599999999999,0.0057,0.4
0.005043199999999999,-0.0095,0.32000000000000006
0.0050447999999999995,0.0063,0.32000000000000006
0.0050463999999999995,-0.006699999999999999,0.32000000000000006
0.0050479999999999995,0.0041,0.32000000000000006
0.0050496,-0.0036999999999999997,0.32000000000000006
0.0050512,-0.0008999999999999998,0.32000000000000006
0.0050528,0.0029000000000000007,0.32000000000000006
0.0050544,-0.0024999999999999996,0.32000000000000006
0.005056,0.0051,0.32000000000000006
0.0050576,-0.0047,0.32000000000000006
0.0050592,0.0063,0.32000000000000006
0.0050608,-0.0047,0.32000000000000006
0.0050624,0.004300000000000001,0.32000000000000006
0.005064,-0.0089,0.32000000000000006
0.0050656,0.0045000000000000005,0.32000000000000006
0.0050672,-0.0069,0.32000000000000006
0.0050688,0.005500000000000001,0.32000000000000006
0.0050704,-0.0057,0.32000000000000006
0.005072,0.0041,0.32000000000000006
0.0050736,-0.0071,0.32000000000000006
0.0050752,0.005500000000000001,0.32000000000000006
0.0050768,-0.0083,0.24
0.005078399999999999,0.006700000000000001,0.32000000000000006
0.0050799999999999994,-0.0095,0.32000000000000006
0.0050815999999999995,0.0071,0.32000000000000006
0.0050831999999999995,-0.009899999999999999,0.4
0.0050847999999999996,0.006500000000000001,0.32000000000000006
0.0050864,-0.0069,0.32000000000000006
0.005088,0.00010000000000000026,0.32000000000000006
0.0050896,-0.0023,0.32000000000000006
0.0050912,-0.0010999999999999996,0.32000000000000006
0.0050928,0.0011000000000000003,0.32000000000000006
0.0050944,-0.0039,0.32000000000000006
0.005096,0.0037,0.32000000000000006
0.0050976,-0.0077,0.32000000000000006
0.0050992,0.005500000000000001,0.32000000000000006
0.0051008,-0.0069,0.32000000000000006
0.0051024,0.006100000000000001,0.32000000000000006
0.005104,-0.0093,0.32000000000000006
0.0051056,0.006500000000000001,0.32000000000000006
0.0051072,-0.0057,0.32000000000000006
0.0051088,0.0057,0.24
0.0051104,-0.0069,0.32000000000000006
0.005112,0.0037,0.32000000000000006
0.005113599999999999,-0.006500000000000001,0.32000000000000006
0.0051151999999999994,0.005500000000000001,0.32000000000000006
0.0051167999999999995,-0.0087,0.32000000000000006
0.0051183999999999995,0.006700000000000001,0.32000000000000006
0.0051199999999999996,-0.0097,0.32000000000000006
0.0051216,0.0063,0.32000000000000006
0.0051232,-0.0095,0.32000000000000006
0.0051248,0.0037,0.32000000000000006
0.0051264,-0.0083,0.32000000000000006
0.005128,0.0037,0.32000000000000006
0.0051296,-0.0021,0.32000000000000006
0.0051312,-0.0010999999999999996,0.32000000000000006
0.0051328,0.0005000000000000004,0.32000000000000006
0.0051344,-0.0051,0.32000000000000006
0.005136,0.0035000000000000005,0.32000000000000006
0.0051376,-0.0057,0.32000000000000006
0.0051392,0.005900000000000001,0.32000000000000006
0.0051408,-0.0077,0.32000000000000006
0.0051424,0.005500000000000001,0.32000000000000006
0.005144,-0.0051,0.32000000000000006
0.0051456,0.0045000000000000005,0.32000000000000006
0.0051472,-0.0057,0.32000000000000006
0.005148799999999999,0.0037,0.32000000000000006
0.005150399999999999,-0.0029,0.32000000000000006
0.0051519999999999995,0.0025000000000000005,0.32000000000000006
0.0051535999999999995,-0.006699999999999999,0.32000000000000006
0.0051551999999999995,0.0057,0.32000000000000006
0.0051568,-0.0097,0.32000000000000006
0.0051584,0.0069,0.32000000000000006
0.00516,-0.0089,0.32000000000000006
0.0051616,0.0069,0.32000000000000006
0.0051632,-0.0087,0.32000000000000006
0.0051648,0.006700000000000001,0.32000000000000006
0.0051664,-0.0069,0.32000000000000006
0.005168,0.0019000000000000006,0.32000000000000006
0.0051696,-0.0033,0.32000000000000006
0.0051712,-0.0006999999999999997,0.32000000000000006
0.0051728,-0.0016999999999999997,0.4
0.0051744,-0.0031,0.32000000000000006
0.005176,0.00030000000000000035,0.32000000000000006
0.0051776,-0.0047,0.24
0.0051792,0.005900000000000001,0.32000000000000006
0.0051808,-0.0039,0.32000000000000006
0.0051824,0.0029000000000000007,0.32000000000000006
0.005183999999999999,-0.0071,0.32000000000000006
0.005185599999999999,0.0009000000000000002,0.32000000000000006
0.0051871999999999995,-0.0049,0.32000000000000006
0.0051887999999999995,0.003300000000000001,0.32000000000000006
0.0051903999999999995,-0.0039,0.32000000000000006
0.005192,0.0037,0.32000000000000006
0.0051936,-0.006500000000000001,0.32000000000000006
0.0051952,0.006100000000000001,0.32000000000000006
0.0051968,-0.0093,0.32000000000000006
0.0051984,0.006700000000000001,0.32000000000000006
0.0052,-0.0103,0.32000000000000006
0.0052016,0.006500000000000001,0.32000000000000006
0.0052032,-0.006500000000000001,0.32000000000000006
0.0052048,0.004300000000000001,0.32000000000000006
0.0052064,-0.006699999999999999,0.32000000000000006
0.005208,0.0025000000000000005,0.32000000000000006
0.0052096,-0.0016999999999999997,0.32000000000000006
0.0052112,-0.0016999999999999997,0.32000000000000006
0.0052128,0.00030000000000000035,0.32000000000000006
0.0052144,-0.0023,0.32000000000000006
0.005216,0.0029000000000000007,0.32000000000000006
0.0052176,-0.0051,0.32000000000000006
0.0052192,0.0051,0.32000000000000006
0.005220799999999999,-0.0055,0.32000000000000006
0.0052223999999999994,0.004300000000000001,0.32000000000000006
0.0052239999999999995,-0.0069,0.32000000000000006
0.0052255999999999995,0.0039000000000000007,0.32000000000000006
0.0052271999999999996,-0.0033,0.32000000000000006
0.0052288,0.004900000000000001,0.32000000000000006
0.0052304,-0.0053,0.32000000000000006
0.005232,0.0031000000000000003,0.32000000000000006
0.0052336,-0.0075,0.32000000000000006
0.0052352,0.0051,0.32000000000000006
0.0052368,-0.0087,0.32000000000000006
0.0052384,0.004300000000000001,0.32000000000000006
0.00524,-0.0103,0.32000000000000006
0.0052416,0.0069,0.32000000000000006
0.0052432,-0.010100000000000001,0.32000000000000006
0.0052448,0.006700000000000001,0.4
0.0052464,-0.0071,0.32000000000000006
0.005248,0.004300000000000001,0.32000000000000006
0.0052496,-0.0031,0.32000000000000006
0.0052512,-0.0002999999999999995,0.32000000000000006
0.0052528,-0.0012999999999999997,0.32000000000000006
0.0052544,-0.0021,0.32000000000000006
0.005255999999999999,0.0025000000000000005,0.32000000000000006
0.005257599999999999,-0.0060999999999999995,0.32000000000000006
0.0052591999999999995,0.004300000000000001,0.32000000000000006
0.0052607999999999995,-0.0057,0.32000000000000006
0.0052623999999999995,0.0045000000000000005,0.32000000000000006
0.005264,-0.0069,0.32000000000000006
0.0052656,0.0045000000000000005,0.32000000000000006
0.0052672,-0.0069,0.32000000000000006
0.0052688,0.0051,0.32000000000000006
0.0052704,-0.0055,0.32000000000000006
0.005272,0.0047,0.32000000000000006
0.0052736,-0.0073,0.32000000000000006
0.0052752,0.0051,0.32000000000000006
0.0052768,-0.0069,0.32000000000000006
0.0052784,0.007300000000000001,0.32000000000000006
0.00528,-0.0093,0.32000000000000006
0.0052816,0.0045000000000000005,0.32000000000000006
0.0052832,-0.0085,0.32000000000000006
0.0052848,0.0045000000000000005,0.32000000000000006
0.0052864,-0.0073,0.32000000000000006
0.005288,0.0021000000000000003,0.32000000000000006
0.0052896,-0.0039,0.32000000000000006
0.005291199999999999,0.0021000000000000003,0.32000000000000006
0.005292799999999999,0.0011000000000000003,0.32000000000000006
0.0052943999999999995,-0.0034999999999999996,0.32000000000000006
0.0052959999999999995,0.0027,0.32000000000000006
0.0052975999999999995,-0.0047,0.32000000000000006
0.0052992,0.0021000000000000003,0.32000000000000006
0.0053008,-0.0055,0.32000000000000006
0.0053024,0.0041,0.32000000000000006
0.005304,-0.0045,0.4
0.0053056,0.0039000000000000007,0.32000000000000006
0.0053072,-0.0047,0.32000000000000006
0.0053088,0.004300000000000001,0.32000000000000006
0.0053104,-0.0053,0.32000000000000006
0.005312,0.005500000000000001,0.32000000000000006
0.0053136,-0.0079,0.32000000000000006
0.0053152,0.004900000000000001,0.32000000000000006
0.0053168,-0.0087,0.32000000000000006
0.0053184,0.004300000000000001,0.32000000000000006
0.00532,-0.0111,0.32000000000000006
0.0053216,0.0047,0.32000000000000006
0.0053232,-0.0095,0.4
0.0053248,0.006700000000000001,0.32000000000000006
0.005326399999999999,-0.0063,0.32000000000000006
0.005327999999999999,0.0029000000000000007,0.32000000000000006
0.0053295999999999994,-0.0043,0.32000000000000006
0.0053311999999999995,-0.0004999999999999996,0.32000000000000006
0.0053327999999999995,0.0013000000000000008,0.32000000000000006
0.0053343999999999996,-0.0029,0.32000000000000006
0.005336,0.0031000000000000003,0.32000000000000006
0.0053376,-0.0055,0.32000000000000006
0.0053392,0.0039000000000000007,0.32000000000000006
0.0053408,-0.0085,0.32000000000000006
0.0053424,0.005900000000000001,0.32000000000000006
0.005344,-0.0047,0.32000000000000006
0.0053456,0.0045000000000000005,0.32000000000000006
0.0053472,-0.0055,0.32000000000000006
0.0053488,0.0047,0.32000000000000006
0.0053504,-0.0063,0.32000000000000006
0.005352,0.004300000000000001,0.32000000000000006
0.0053536,-0.0075,0.4
0.0053552,0.0057,0.4
0.0053568,-0.0103,0.32000000000000006
0.0053584,0.007300000000000001,0.32000000000000006
0.00536,-0.0111,0.32000000000000006
0.0053616,0.0063,0.32000000000000006
0.005363199999999999,-0.0095,0.32000000000000006
0.005364799999999999,0.008100000000000001,0.32000000000000006
0.0053663999999999995,-0.0079,0.32000000000000006
0.0053679999999999995,0.0029000000000000007,0.32000000000000006
0.0053695999999999995,-0.0026999999999999997,0.32000000000000006
0.0053712,-0.0018999999999999998,0.32000000000000006
0.0053728,0.0007000000000000005,0.32000000000000006
0.0053744,-0.0031,0.4
0.005376,0.0047,0.32000000000000006
0.0053776,-0.006699999999999999,0.32000000000000006
0.0053792,0.004900000000000001,0.32000000000000006
0.0053808,-0.0095,0.32000000000000006
0.0053824,0.0045000000000000005,0.32000000000000006
0.005384,-0.0063,0.32000000000000006
0.0053856,0.006100000000000001,0.32000000000000006
0.0053872,-0.0059,0.32000000000000006
0.0053888,0.004300000000000001,0.32000000000000006
0.0053904,-0.0060999999999999995,0.32000000000000006
0.005392,0.006500000000000001,0.32000000000000006
0.0053936,-0.0071,0.32000000000000006
0.0053952,0.005900000000000001,0.32000000000000006
0.0053968,-0.0093,0.32000000000000006
0.005398399999999999,0.0041,0.32000000000000006
0.005399999999999999,-0.0095,0.32000000000000006
0.0054015999999999995,0.0069,0.32000000000000006
0.0054031999999999995,-0.0085,0.32000000000000006
0.0054047999999999995,0.0063,0.32000000000000006
0.0054064,-0.0091,0.32000000000000006
0.005408,0.002300000000000001,0.32000000000000006
0.0054096,-0.0047,0.32000000000000006
0.0054112,0.0015000000000000005,0.32000000000000006
0.0054128,-0.0021,0.32000000000000006
0.0054144,-0.0023,0.32000000000000006
0.005416,0.0005000000000000004,0.32000000000000006
0.0054176,-0.0053,0.32000000000000006
0.0054192,0.0045000000000000005,0.32000000000000006
0.0054208,-0.0055,0.32000000000000006
0.0054224,0.0035000000000000005,0.32000000000000006
0.005424,-0.0063,0.4
0.0054256,0.0031000000000000003,0.32000000000000006
0.0054272,-0.0043,0.32000000000000006
0.0054288,0.0039000000000000007,0.32000000000000006
0.0054304,-0.0055,0.32000000000000006
0.005432,0.0031000000000000003,0.32000000000000006
0.005433599999999999,-0.0077,0.4
0.005435199999999999,0.0051,0.32000000000000006
0.0054367999999999994,-0.010100000000000001,0.32000000000000006
0.0054383999999999995,0.005900000000000001,0.32000000000000006
0.0054399999999999995,-0.010700000000000001,0.32000000000000006
0.0054415999999999996,0.0051,0.32000000000000006
0.0054432,-0.0089,0.32000000000000006
0.0054448,0.005500000000000001,0.32000000000000006
0.0054464,-0.0071,0.32000000000000006
0.005448,0.0017000000000000001,0.32000000000000006
0.0054496,-0.0023,0.32000000000000006
0.0054512,-9.999999999999983e-05,0.32000000000000006
0.0054528,0.00010000000000000026,0.32000000000000006
0.0054544,-0.0039,0.32000000000000006
0.005456,0.0029000000000000007,0.32000000000000006
0.0054576,-0.0055,0.32000000000000006
0.0054592,0.0027,0.32000000000000006
0.0054608,-0.0060999999999999995,0.32000000000000006
0.0054624,0.005500000000000001,0.32000000000000006
0.005464,-0.0053,0.4
0.0054656,0.0057,0.32000000000000006
0.0054672,-0.0039,0.32000000000000006
0.0054688,0.003300000000000001,0.32000000000000006
0.005470399999999999,-0.0075,0.32000000000000006
0.0054719999999999994,0.004900000000000001,0.32000000000000006
0.0054735999999999995,-0.0060999999999999995,0.32000000000000006
0.0054751999999999995,0.006100000000000001,0.32000000000000006
0.0054767999999999996,-0.0083,0.32000000000000006
0.0054784,0.0069,0.32000000000000006
0.00548,-0.0095,0.32000000000000006
0.0054816,0.0069,0.32000000000000006
0.0054832,-0.0111,0.32000000000000006
0.0054848,0.005300000000000001,0.32000000000000006
0.0054864,-0.0047,0.32000000000000006
0.005488,0.0021000000000000003,0.32000000000000006
0.0054896,-0.0039,0.32000000000000006
0.0054912,-0.0014999999999999998,0.32000000000000006
0.0054928,-0.0004999999999999996,0.32000000000000006
0.0054944,-0.0023,0.32000000000000006
0.005496,0.004900000000000001,0.4
0.0054976,-0.0024999999999999996,0.32000000000000006
0.0054992,0.0025000000000000005,0.32000000000000006
0.0055008,-0.0053,0.32000000000000006
0.0055024,0.0041,0.32000000000000006
0.005504,-0.0051,0.32000000000000006
0.005505599999999999,0.003300000000000001,0.32000000000000006
0.005507199999999999,-0.0059,0.32000000000000006
0.0055087999999999995,0.0025000000000000005,0.32000000000000006
0.0055103999999999995,-0.0049,0.32000000000000006
0.0055119999999999995,0.0037,0.32000000000000006
0.0055136,-0.0083,0.32000000000000006
0.0055152,0.004900000000000001,0.32000000000000006
0.0055168,-0.006699999999999999,0.24
0.0055184,0.006500000000000001,0.32000000000000006
0.00552,-0.0081,0.32000000000000006
0.0055216,0.008700000000000001,0.32000000000000006
0.0055232,-0.009899999999999999,0.32000000000000006
0.0055248,0.0045000000000000005,0.32000000000000006
0.0055264,-0.0073,0.32000000000000006
0.005528,0.0039000000000000007,0.32000000000000006
0.0055296,-0.0033,0.32000000000000006
0.0055312,0.0009000000000000002,0.32000000000000006
0.0055328,0.0005000000000000004,0.32000000000000006
0.0055344,-0.0049,0.32000000000000006
0.005536,0.0031000000000000003,0.32000000000000006
0.0055376,-0.0057,0.32000000000000006
0.0055392,0.0037,0.32000000000000006
0.005540799999999999,-0.0069,0.32000000000000006
0.005542399999999999,0.005900000000000001,0.32000000000000006
0.0055439999999999994,-0.0060999999999999995,0.32000000000000006
0.0055455999999999995,0.0051,0.32000000000000006
0.0055471999999999995,-0.0055,0.32000000000000006
0.0055487999999999996,0.0041,0.32000000000000006
0.0055504,-0.0053,0.32000000000000006
0.005552,0.005300000000000001,0.32000000000000006
0.0055536,-0.0073,0.32000000000000006
0.0055552,0.005300000000000001,0.32000000000000006
0.0055568,-0.0071,0.32000000000000006
0.0055584,0.008100000000000001,0.32000000000000006
0.00556,-0.010499999999999999,0.32000000000000006
0.0055616,0.007300000000000001,0.32000000000000006
0.0055632,-0.0093,0.32000000000000006
0.0055648,0.004300000000000001,0.32000000000000006
0.0055664,-0.0081,0.32000000000000006
0.005568,0.004300000000000001,0.32000000000000006
0.0055696,-0.0043,0.32000000000000006
0.0055712,-0.0010999999999999996,0.32000000000000006
0.0055728,-0.0024999999999999996,0.4
0.0055744,-0.0023,0.32000000000000006
0.005575999999999999,0.0039000000000000007,0.32000000000000006
0.005577599999999999,-0.0036999999999999997,0.32000000000000006
0.0055791999999999994,0.0047,0.32000000000000006
0.0055807999999999995,-0.0063,0.32000000000000006
0.0055823999999999995,0.0051,0.32000000000000006
0.0055839999999999996,-0.0059,0.32000000000000006
0.0055856,0.0051,0.32000000000000006
0.0055872,-0.0045,0.32000000000000006
0.0055888,0.0035000000000000005,0.32000000000000006
0.0055904,-0.0060999999999999995,0.32000000000000006
0.005592,0.0031000000000000003,0.32000000000000006
0.0055936,-0.0063,0.32000000000000006
0.0055952,0.005900000000000001,0.32000000000000006
0.0055968,-0.0095,0.32000000000000006
0.0055984,0.0047,0.32000000000000006
0.0056,-0.0093,0.4
0.0056016,0.0051,0.32000000000000006
0.0056032,-0.0093,0.32000000000000006
0.0056048,0.005300000000000001,0.32000000000000006
0.0056064,-0.006500000000000001,0.32000000000000006
0.005608,0.003300000000000001,0.32000000000000006
0.0056096,-0.0023,0.32000000000000006
0.0056112,0.0019000000000000006,0.32000000000000006
0.005612799999999999,-0.0010999999999999996,0.32000000000000006
0.005614399999999999,-0.0039,0.32000000000000006
0.0056159999999999995,0.0031000000000000003,0.32000000000000006
0.0056175999999999995,-0.0031,0.32000000000000006
0.0056191999999999995,0.0045000000000000005,0.32000000000000006
0.0056208,-0.0071,0.32000000000000006
0.0056224,0.0047,0.32000000000000006
0.005624,-0.0073,0.32000000000000006
0.0056256,0.005500000000000001,0.32000000000000006
0.0056272,-0.0059,0.32000000000000006
0.0056288,0.004300000000000001,0.32000000000000006
0.0056304,-0.006500000000000001,0.32000000000000006
0.005632,0.0045000000000000005,0.32000000000000006
0.0056336,-0.006699999999999999,0.32000000000000006
0.0056352,0.0057,0.32000000000000006
0.0056368,-0.0075,0.32000000000000006
0.0056384,0.0079,0.32000000000000006
0.00564,-0.0087,0.32000000000000006
0.0056416,0.0069,0.32000000000000006
0.0056432,-0.0095,0.32000000000000006
0.0056448,0.004300000000000001,0.32000000000000006
0.0056464,-0.0073,0.32000000000000006
0.005647999999999999,0.0037,0.32000000000000006
0.005649599999999999,-0.0036999999999999997,0.32000000000000006
0.0056511999999999995,0.0011000000000000003,0.32000000000000006
0.0056527999999999995,-0.0016999999999999997,0.32000000000000006
0.0056543999999999995,-0.0031,0.32000000000000006
0.005656,0.0029000000000000007,0.32000000000000006
0.0056576,-0.0057,0.32000000000000006
0.0056592,0.0029000000000000007,0.32000000000000006
0.0056608,-0.0087,0.32000000000000006
0.0056624,0.0035000000000000005,0.32000000000000006
0.005664,-0.0059,0.32000000000000006
0.0056656,0.0041,0.32000000000000006
0.0056672,-0.0043,0.32000000000000006
0.0056688,0.0045000000000000005,0.32000000000000006
0.0056704,-0.0040999999999999995,0.4
0.005672,0.0047,0.32000000000000006
0.0056736,-0.0073,0.32000000000000006
0.0056752,0.0039000000000000007,0.32000000000000006
0.0056768,-0.0081,0.32000000000000006
0.0056784,0.006500000000000001,0.32000000000000006
0.00568,-0.0097,0.32000000000000006
0.0056816,0.004900000000000001,0.32000000000000006
0.005683199999999999,-0.0083,0.32000000000000006
0.005684799999999999,0.005300000000000001,0.32000000000000006
0.0056863999999999994,-0.006500000000000001,0.32000000000000006
0.0056879999999999995,0.0037,0.32000000000000006
0.0056895999999999995,-0.0018999999999999998,0.32000000000000006
0.0056911999999999996,0.0015000000000000005,0.32000000000000006
0.0056928,0.0007000000000000005,0.4
0.0056944,-0.0047,0.32000000000000006
0.005696,0.0041,0.32000000000000006
0.0056976,-0.0053,0.32000000000000006
0.0056992,0.0047,0.32000000000000006
0.0057008,-0.0077,0.32000000000000006
0.0057024,0.006100000000000001,0.32000000000000006
0.005704,-0.0063,0.32000000000000006
0.0057056,0.005300000000000001,0.32000000000000006
0.0057072,-0.0043,0.4
0.0057088,0.005300000000000001,0.32000000000000006
0.0057104,-0.0057,0.32000000000000006
0.005712,0.0039000000000000007,0.32000000000000006
0.0057136,-0.0073,0.32000000000000006
0.0057152,0.0039000000000000007,0.32000000000000006
0.0057168,-0.0103,0.32000000000000006
0.005718399999999999,0.0051,0.32000000000000006
0.005719999999999999,-0.0095,0.32000000000000006
0.005721599999999999,0.0077,0.32000000000000006
0.0057231999999999995,-0.0087,0.32000000000000006
0.0057247999999999995,0.0047,0.32000000000000006
0.0057263999999999995,-0.0063,0.32000000000000006
0.005728,0.002300000000000001,0.32000000000000006
0.0057296,-0.0036999999999999997,0.32000000000000006
0.0057312,-0.0006999999999999997,0.32000000000000006
0.0057328,-0.0006999999999999997,0.32000000000000006
0.0057344,-0.0033,0.32000000000000006
0.005736,0.0027,0.32000000000000006
0.0057376,-0.0059,0.32000000000000006
0.0057392,0.0069,0.32000000000000006
0.0057408,-0.0053,0.32000000000000006
0.0057424,0.004300000000000001,0.32000000000000006
0.005744,-0.0039,0.32000000000000006
0.0057456,0.0035000000000000005,0.32000000000000006
0.0057472,-0.0073,0.32000000000000006
0.0057488,0.0021000000000000003,0.32000000000000006
0.0057504,-0.0060999999999999995,0.32000000000000006
0.005752,0.0037,0.32000000000000006
0.0057536,-0.0040999999999999995,0.32000000000000006
0.005755199999999999,0.005300000000000001,0.32000000000000006
0.005756799999999999,-0.0087,0.32000000000000006
0.0057583999999999995,0.0063,0.4
0.0057599999999999995,-0.0089,0.32000000000000006
0.0057615999999999995,0.0071,0.32000000000000006
0.0057632,-0.009899999999999999,0.32000000000000006
0.0057648,0.0051,0.32000000000000006
0.0057664,-0.0073,0.32000000000000006
0.005768,0.0021000000000000003,0.32000000000000006
0.0057696,-0.0043,0.32000000000000006
0.0057712,-0.0004999999999999996,0.32000000000000006
0.0057728,0.00010000000000000026,0.32000000000000006
0.0057744,-0.0026999999999999997,0.32000000000000006
0.005776,0.0015000000000000005,0.32000000000000006
0.0057776,-0.0057,0.32000000000000006
0.0057792,0.0047,0.32000000000000006
0.0057808,-0.0060999999999999995,0.32000000000000006
0.0057824,0.0069,0.32000000000000006
0.005784,-0.0055,0.32000000000000006
0.0057856,0.0051,0.32000000000000006
0.0057872,-0.0040999999999999995,0.32000000000000006
0.0057888,0.004300000000000001,0.32000000000000006
0.005790399999999999,-0.0045,0.32000000000000006
0.005791999999999999,0.0035000000000000005,0.32000000000000006
0.0057935999999999994,-0.0077,0.32000000000000006
0.0057951999999999995,0.005900000000000001,0.32000000000000006
0.0057967999999999995,-0.0087,0.32000000000000006
0.0057983999999999996,0.004900000000000001,0.32000000000000006
0.0058,-0.0095,0.32000000000000006
0.0058016,0.005900000000000001,0.32000000000000006
0.0058032,-0.0089,0.32000000000000006
0.0058048,0.0071,0.32000000000000006
0.0058064,-0.0063,0.32000000000000006
0.005808,0.0017000000000000001,0.32000000000000006
0.0058096,-0.0045,0.32000000000000006
0.0058112,-0.0002999999999999995,0.32000000000000006
0.0058128,-0.0002999999999999995,0.32000000000000006
0.0058144,-0.0012999999999999997,0.32000000000000006
0.005816,0.0025000000000000005,0.32000000000000006
0.0058176,-0.0024999999999999996,0.32000000000000006
0.0058192,0.0029000000000000007,0.32000000000000006
0.0058208,-0.0039,0.32000000000000006
0.0058224,0.003300000000000001,0.4
0.005824,-0.0055,0.32000000000000006
0.005825599999999999,0.0039000000000000007,0.32000000000000006
0.005827199999999999,-0.0049,0.32000000000000006
0.005828799999999999,0.004300000000000001,0.32000000000000006
0.0058303999999999995,-0.0057,0.32000000000000006
0.0058319999999999995,0.0031000000000000003,0.32000000000000006
0.0058335999999999995,-0.0071,0.32000000000000006
0.0058352,0.0039000000000000007,0.32000000000000006
0.0058368,-0.0071,0.32000000000000006
0.0058384,0.006700000000000001,0.32000000000000006
0.00584,-0.0077,0.32000000000000006
0.0058416,0.007300000000000001,0.32000000000000006
0.0058432,-0.0083,0.32000000000000006
0.0058448,0.004300000000000001,0.32000000000000006
0.0058464,-0.006699999999999999,0.4
0.005848,0.0017000000000000001,0.4
0.0058496,-0.0012999999999999997,0.32000000000000006
0.0058512,-0.0008999999999999998,0.32000000000000006
0.0058528,-9.999999999999983e-05,0.32000000000000006
0.0058544,-0.0057,0.32000000000000006
0.005856,0.0037,0.32000000000000006
0.0058576,-0.0059,0.32000000000000006
0.0058592,0.0039000000000000007,0.32000000000000006
0.005860799999999999,-0.0075,0.32000000000000006
0.005862399999999999,0.0057,0.32000000000000006
0.005863999999999999,-0.0071,0.32000000000000006
0.0058655999999999995,0.005500000000000001,0.32000000000000006
0.0058671999999999995,-0.0059,0.32000000000000006
0.0058687999999999995,0.004300000000000001,0.32000000000000006
0.0058704,-0.006699999999999999,0.32000000000000006
0.005872,0.0045000000000000005,0.24
0.0058736,-0.006500000000000001,0.32000000000000006
0.0058752,0.005500000000000001,0.32000000000000006
0.0058768,-0.0083,0.32000000000000006
0.0058784,0.0071,0.32000000000000006
0.00588,-0.0095,0.32000000000000006
0.0058816,0.0071,0.32000000000000006
0.0058832,-0.0089,0.32000000000000006
0.0058848,0.0057,0.32000000000000006
0.0058864,-0.0060999999999999995,0.32000000000000006
0.005888,0.0025000000000000005,0.32000000000000006
0.0058896,-0.0047,0.32000000000000006
0.0058912,-0.0004999999999999996,0.4
0.0058928,-0.0004999999999999996,0.32000000000000006
0.0058944,-0.0045,0.32000000000000006
0.005896,0.0041,0.32000000000000006
0.005897599999999999,-0.0063,0.32000000000000006
0.005899199999999999,0.0041,0.32000000000000006
0.0059007999999999994,-0.0060999999999999995,0.32000000000000006
0.0059023999999999995,0.005500000000000001,0.32000000000000006
0.0059039999999999995,-0.0063,0.32000000000000006
0.0059055999999999996,0.0051,0.32000000000000006
0.0059072,-0.0047,0.32000000000000006
0.0059088,0.0051,0.32000000000000006
0.0059104,-0.0053,0.32000000000000006
0.005912,0.0039000000000000007,0.32000000000000006
0.0059136,-0.006500000000000001,0.32000000000000006
0.0059152,0.004900000000000001,0.32000000000000006
0.0059168,-0.0087,0.32000000000000006
0.0059184,0.006700000000000001,0.32000000000000006
0.00592,-0.0089,0.32000000000000006
0.0059216,0.004900000000000001,0.32000000000000006
0.0059232,-0.0093,0.32000000000000006
0.0059248,0.0063,0.32000000000000006
0.0059264,-0.0053,0.32000000000000006
0.005928,0.002300000000000001,0.32000000000000006
0.0059296,-0.0049,0.32000000000000006
0.0059312,-0.0004999999999999996,0.4
0.005932799999999999,0.0005000000000000004,0.32000000000000006
0.005934399999999999,-0.0034999999999999996,0.32000000000000006
0.0059359999999999994,0.003300000000000001,0.32000000000000006
0.0059375999999999995,-0.0051,0.32000000000000006
0.0059391999999999995,0.005300000000000001,0.32000000000000006
0.0059407999999999996,-0.0069,0.32000000000000006
0.0059424,0.004900000000000001,0.32000000000000006
0.005944,-0.0069,0.32000000000000006
0.0059456,0.0039000000000000007,0.32000000000000006
0.0059472,-0.0053,0.32000000000000006
0.0059488,0.003300000000000001,0.32000000000000006
0.0059504,-0.0055,0.32000000000000006
0.005952,0.0051,0.32000000000000006
0.0059536,-0.0075,0.32000000000000006
0.0059552,0.0039000000000000007,0.32000000000000006
0.0059568,-0.010499999999999999,0.32000000000000006
0.0059584,0.0083,0.32000000000000006
0.00596,-0.009899999999999999,0.32000000000000006
0.0059616,0.006700000000000001,0.32000000000000006
0.0059632,-0.0089,0.32000000000000006
0.0059648,0.0051,0.32000000000000006
0.0059664,-0.0083,0.32000000000000006
0.005967999999999999,0.0039000000000000007,0.32000000000000006
0.005969599999999999,-0.0010999999999999996,0.32000000000000006
0.005971199999999999,-9.999999999999983e-05,0.32000000000000006
0.0059727999999999995,-0.0006999999999999997,0.32000000000000006
0.0059743999999999995,-0.0026999999999999997,0.32000000000000006
0.0059759999999999995,0.0031000000000000003,0.32000000000000006
0.0059776,-0.0051,0.32000000000000006
0.0059792,0.0037,0.32000000000000006
0.0059808,-0.0049,0.32000000000000006
0.0059824,0.004300000000000001,0.32000000000000006
0.005984,-0.0075,0.32000000000000006
0.0059856,0.005900000000000001,0.32000000000000006
0.0059872,-0.0051,0.32000000000000006
0.0059888,0.0051,0.32000000000000006
0.0059904,-0.0053,0.32000000000000006
0.005992,0.0045000000000000005,0.32000000000000006
0.0059936,-0.0089,0.32000000000000006
0.0059952,0.004900000000000001,0.32000000000000006
0.0059968,-0.010499999999999999,0.32000000000000006
0.0059984,0.005900000000000001,0.32000000000000006
0.006,-0.0095,0.32000000000000006
0.0060016,0.0063,0.32000000000000006
0.006003199999999999,-0.0095,0.32000000000000006
0.006004799999999999,0.005900000000000001,0.32000000000000006
0.006006399999999999,-0.0069,0.32000000000000006
0.0060079999999999995,0.0039000000000000007,0.32000000000000006
0.0060095999999999995,-0.0024999999999999996,0.32000000000000006
0.0060111999999999995,-0.0006999999999999997,0.32000000000000006
0.0060128,0.0017000000000000001,0.32000000000000006
0.0060144,-0.0033,0.32000000000000006
0.006016,0.0045000000000000005,0.32000000000000006
0.0060176,-0.0071,0.32000000000000006
0.0060192,0.0071,0.32000000000000006
0.0060208,-0.0071,0.32000000000000006
0.0060224,0.0069,0.32000000000000006
0.006024,-0.0083,0.32000000000000006
0.0060256,0.005500000000000001,0.32000000000000006
0.0060272,-0.0075,0.32000000000000006
0.0060288,0.0051,0.32000000000000006
0.0060304,-0.0059,0.32000000000000006
0.006032,0.004900000000000001,0.32000000000000006
0.0060336,-0.006500000000000001,0.32000000000000006
0.0060352,0.0045000000000000005,0.32000000000000006
0.0060368,-0.0089,0.32000000000000006
0.0060384,0.0069,0.32000000000000006
0.006039999999999999,-0.0091,0.32000000000000006
0.006041599999999999,0.0057,0.32000000000000006
0.0060431999999999994,-0.0093,0.32000000000000006
0.0060447999999999995,0.004900000000000001,0.32000000000000006
0.0060463999999999995,-0.0071,0.32000000000000006
0.0060479999999999996,0.0031000000000000003,0.32000000000000006
0.0060496,-0.0034999999999999996,0.32000000000000006
0.0060512,-0.0006999999999999997,0.32000000000000006
0.0060528,-0.0016999999999999997,0.32000000000000006
0.0060544,-0.0010999999999999996,0.32000000000000006
0.006056,-0.0002999999999999995,0.32000000000000006
0.0060576,-0.0036999999999999997,0.32000000000000006
0.0060592,0.0041,0.32000000000000006
0.0060608,-0.0033,0.32000000000000006
0.0060624,0.0041,0.32000000000000006
0.006064,-0.0051,0.32000000000000006
0.0060656,0.0037,0.32000000000000006
0.0060672,-0.0023,0.32000000000000006
0.0060688,0.0047,0.4
0.0060704,-0.0063,0.32000000000000006
0.006072,0.0037,0.32000000000000006
0.0060736,-0.0059,0.32000000000000006
0.006075199999999999,0.0029000000000000007,0.32000000000000006
0.006076799999999999,-0.0055,0.32000000000000006
0.006078399999999999,0.007300000000000001,0.32000000000000006
0.0060799999999999995,-0.0103,0.32000000000000006
0.0060815999999999995,0.005900000000000001,0.32000000000000006
0.0060831999999999995,-0.0087,0.32000000000000006
0.0060848,0.005900000000000001,0.32000000000000006
0.0060864,-0.0075,0.32000000000000006
0.006088,0.0025000000000000005,0.32000000000000006
0.0060896,-0.0024999999999999996,0.32000000000000006
0.0060912,0.0005000000000000004,0.32000000000000006
0.0060928,-0.0018999999999999998,0.32000000000000006
0.0060944,-0.0029,0.32000000000000006
0.006096,0.0007000000000000005,0.32000000000000006
0.0060976,-0.0047,0.32000000000000006
0.0060992,0.0037,0.32000000000000006
0.0061008,-0.0063,0.32000000000000006
0.0061024,0.0037,0.32000000000000006
0.006104,-0.0057,0.32000000000000006
0.0061056,0.0057,0.32000000000000006
0.0061072,-0.0049,0.32000000000000006
0.0061088,0.005500000000000001,0.32000000000000006
0.006110399999999999,-0.0049,0.32000000000000006
0.006111999999999999,0.0039000000000000007,0.32000000000000006
0.006113599999999999,-0.0059,0.32000000000000006
0.0061151999999999995,0.005300000000000001,0.32000000000000006
0.0061167999999999995,-0.0091,0.32000000000000006
0.0061183999999999995,0.005900000000000001,0.32000000000000006
0.00612,-0.0089,0.32000000000000006
0.0061216,0.0075000000000000015,0.32000000000000006
0.0061232,-0.0097,0.32000000000000006
0.0061248,0.004300000000000001,0.32000000000000006
0.0061264,-0.006500000000000001,0.32000000000000006
0.006128,0.0029000000000000007,0.32000000000000006
0.0061296,-0.0031,0.32000000000000006
0.0061312,0.00010000000000000026,0.32000000000000006
0.0061328,-0.0002999999999999995,0.32000000000000006
0.0061344,-0.0045,0.32000000000000006
0.006136,0.0019000000000000006,0.32000000000000006
0.0061376,-0.0063,0.32000000000000006
0.0061392,0.005300000000000001,0.32000000000000006
0.0061408,-0.0075,0.32000000000000006
0.0061424,0.0069,0.32000000000000006
0.006144,-0.0039,0.32000000000000006
0.0061456,0.0063,0.32000000000000006
0.006147199999999999,-0.006699999999999999,0.32000000000000006
0.006148799999999999,0.0045000000000000005,0.32000000000000006
0.0061503999999999994,-0.0069,0.32000000000000006
0.0061519999999999995,0.0039000000000000007,0.32000000000000006
0.0061535999999999995,-0.0075,0.32000000000000006
0.0061551999999999996,0.004900000000000001,0.32000000000000006
0.0061568,-0.0083,0.32000000000000006
0.0061584,0.005300000000000001,0.32000000000000006
0.00616,-0.0093,0.32000000000000006
0.0061616,0.007300000000000001,0.32000000000000006
0.0061632,-0.0093,0.32000000000000006
0.0061648,0.005500000000000001,0.32000000000000006
0.0061664,-0.006699999999999999,0.32000000000000006
0.006168,0.0031000000000000003,0.32000000000000006
0.0061696,-0.0023,0.32000000000000006
0.0061712,0.0015000000000000005,0.32000000000000006
0.0061728,0.0015000000000000005,0.32000000000000006
0.0061744,-0.0023,0.4
0.006176,0.0045000000000000005,0.32000000000000006
0.0061776,-0.006699999999999999,0.32000000000000006
0.0061792,0.006100000000000001,0.32000000000000006
0.0061808,-0.006699999999999999,0.32000000000000006
0.006182399999999999,0.0047,0.32000000000000006
0.006183999999999999,-0.0093,0.32000000000000006
0.006185599999999999,0.0045000000000000005,0.32000000000000006
0.0061871999999999995,-0.0060999999999999995,0.32000000000000006
0.0061887999999999995,0.0041,0.32000000000000006
0.0061903999999999995,-0.0057,0.32000000000000006
0.006192,0.005900000000000001,0.32000000000000006
0.0061936,-0.0087,0.32000000000000006
0.0061952,0.006700000000000001,0.32000000000000006
0.0061968,-0.0089,0.32000000000000006
0.0061984,0.006700000000000001,0.32000000000000006
0.0062,-0.0115,0.32000000000000006
0.0062016,0.0063,0.32000000000000006
0.0062032,-0.0109,0.32000000000000006
0.0062048,0.006100000000000001,0.32000000000000006
0.0062064,-0.0073,0.32000000000000006
0.006208,0.0035000000000000005,0.32000000000000006
0.0062096,-0.0051,0.32000000000000006
0.0062112,-9.999999999999983e-05,0.32000000000000006
0.0062128,-0.0014999999999999998,0.32000000000000006
0.0062144,-0.0036999999999999997,0.32000000000000006
0.006216,0.0031000000000000003,0.32000000000000006
0.006217599999999999,-0.0043,0.32000000000000006
0.006219199999999999,0.0037,0.32000000000000006
0.006220799999999999,-0.0040999999999999995,0.32000000000000006
0.0062223999999999995,0.0057,0.32000000000000006
0.0062239999999999995,-0.0040999999999999995,0.32000000000000006
0.0062255999999999995,0.0039000000000000007,0.32000000000000006
0.0062272,-0.006500000000000001,0.32000000000000006
0.0062288,0.0045000000000000005,0.32000000000000006
0.0062304,-0.0055,0.24
0.006232,0.0041,0.32000000000000006
0.0062336,-0.0075,0.32000000000000006
0.0062352,0.0045000000000000005,0.32000000000000006
0.0062368,-0.0087,0.32000000000000006
0.0062384,0.0047,0.32000000000000006
0.00624,-0.010499999999999999,0.32000000000000006
0.0062416,0.0063,0.32000000000000006
0.0062432,-0.0093,0.32000000000000006
0.0062448,0.006100000000000001,0.4
0.0062464,-0.0075,0.32000000000000006
0.006248,0.004300000000000001,0.32000000000000006
0.0062496,-0.0014999999999999998,0.32000000000000006
0.0062512,-0.0014999999999999998,0.32000000000000006
0.006252799999999999,0.0005000000000000004,0.32000000000000006
0.006254399999999999,-0.0026999999999999997,0.32000000000000006
0.006255999999999999,0.0035000000000000005,0.32000000000000006
0.0062575999999999994,-0.0059,0.32000000000000006
0.0062591999999999995,0.0037,0.24
0.0062607999999999995,-0.0073,0.4
0.0062623999999999996,0.0063,0.32000000000000006
0.006264,-0.006500000000000001,0.4
0.0062656,0.004300000000000001,0.32000000000000006
0.0062672,-0.0071,0.32000000000000006
0.0062688,0.0037,0.32000000000000006
0.0062704,-0.0051,0.32000000000000006
0.006272,0.0051,0.32000000000000006
0.0062736,-0.0075,0.32000000000000006
0.0062752,0.0063,0.24
0.0062768,-0.0085,0.32000000000000006
0.0062784,0.0083,0.32000000000000006
0.00628,-0.0089,0.32000000000000006
0.0062816,0.0069,0.32000000000000006
0.0062832,-0.0097,0.4
0.0062848,0.0045000000000000005,0.32000000000000006
0.0062864,-0.006500000000000001,0.32000000000000006
0.006288,0.0031000000000000003,0.24
0.006289599999999999,-0.0031,0.32000000000000006
0.006291199999999999,0.00030000000000000035,0.32000000000000006
0.0062927999999999994,-0.0016999999999999997,0.32000000000000006
0.0062943999999999995,-0.0018999999999999998,0.32000000000000006
0.0062959999999999995,0.0019000000000000006,0.32000000000000006
0.0062975999999999996,-0.0045,0.32000000000000006
0.0062992,0.0063,0.32000000000000006
0.0063008,-0.0069,0.32000000000000006
0.0063024,0.0047,0.32000000000000006
0.006304,-0.0051,0.32000000000000006
0.0063056,0.004300000000000001,0.32000000000000006
0.0063072,-0.0043,0.32000000000000006
0.0063088,0.0031000000000000003,0.32000000000000006
0.0063104,-0.0039,0.32000000000000006
0.006312,0.0037,0.32000000000000006
0.0063136,-0.0075,0.32000000000000006
0.0063152,0.0039000000000000007,0.32000000000000006
0.0063168,-0.0075,0.32000000000000006
0.0063184,0.005900000000000001,0.32000000000000006
0.00632,-0.0091,0.32000000000000006
0.0063216,0.005900000000000001,0.32000000000000006
0.0063232,-0.0085,0.32000000000000006
0.006324799999999999,0.0047,0.32000000000000006
0.006326399999999999,-0.0059,0.32000000000000006
0.006327999999999999,0.0037,0.32000000000000006
0.0063295999999999995,-0.0031,0.32000000000000006
0.0063311999999999995,-0.0021,0.32000000000000006
0.0063327999999999995,0.0007000000000000005,0.32000000000000006
0.0063344,-0.0034999999999999996,0.32000000000000006
0.006336,0.003300000000000001,0.32000000000000006
0.0063376,-0.0045,0.32000000000000006
0.0063392,0.0039000000000000007,0.32000000000000006
0.0063408,-0.0060999999999999995,0.32000000000000006
0.0063424,0.006100000000000001,0.32000000000000006
0.006344,-0.006699999999999999,0.32000000000000006
0.0063456,0.0037,0.24
0.0063472,-0.0055,0.32000000000000006
0.0063488,0.0057,0.32000000000000006
0.0063504,-0.0055,0.32000000000000006
0.006352,0.0039000000000000007,0.32000000000000006
0.0063536,-0.0079,0.32000000000000006
0.0063552,0.006500000000000001,0.32000000000000006
0.0063568,-0.0091,0.32000000000000006
0.0063584,0.0075000000000000015,0.32000000000000006
0.006359999999999999,-0.0077,0.4
0.006361599999999999,0.0089,0.32000000000000006
0.006363199999999999,-0.0087,0.32000000000000006
0.0063647999999999995,0.0039000000000000007,0.32000000000000006
0.0063663999999999995,-0.0091,0.32000000000000006
0.0063679999999999995,0.0025000000000000005,0.32000000000000006
0.0063696,-0.0040999999999999995,0.32000000000000006
0.0063712,0.00010000000000000026,0.32000000000000006
0.0063728,-0.0002999999999999995,0.32000000000000006
0.0063744,-0.0057,0.32000000000000006
0.006376,0.0031000000000000003,0.32000000000000006
0.0063776,-0.0049,0.32000000000000006
0.0063792,0.0047,0.32000000000000006
0.0063808,-0.006699999999999999,0.32000000000000006
0.0063824,0.0045000000000000005,0.32000000000000006
0.006384,-0.0047,0.32000000000000006
0.0063856,0.005300000000000001,0.32000000000000006
0.0063872,-0.0071,0.32000000000000006
0.0063888,0.0047,0.32000000000000006
0.0063904,-0.0045,0.32000000000000006
0.006392,0.004300000000000001,0.32000000000000006
0.0063936,-0.0057,0.32000000000000006
0.006395199999999999,0.0039000000000000007,0.32000000000000006
0.006396799999999999,-0.0097,0.32000000000000006
0.006398399999999999,0.0047,0.32000000000000006
0.0063999999999999994,-0.0083,0.32000000000000006
0.0064015999999999995,0.008100000000000001,0.32000000000000006
0.0064031999999999995,-0.0095,0.4
0.0064047999999999996,0.0063,0.32000000000000006
0.0064064,-0.0063,0.32000000000000006
0.006408,0.0021000000000000003,0.32000000000000006
0.0064096,-0.0036999999999999997,0.32000000000000006
0.0064112,-0.0010999999999999996,0.32000000000000006
0.0064128,-0.0033,0.32000000000000006
0.0064144,-0.0060999999999999995,0.32000000000000006
0.006416,0.0041,0.32000000000000006
0.0064176,-0.0049,0.32000000000000006
0.0064192,0.0051,0.32000000000000006
0.0064208,-0.0071,0.32000000000000006
0.0064224,0.0047,0.32000000000000006
0.006424,-0.006699999999999999,0.32000000000000006
0.0064256,0.005500000000000001,0.32000000000000006
0.0064272,-0.0059,0.32000000000000006
0.0064288,0.005900000000000001,0.32000000000000006
0.0064304,-0.0059,0.32000000000000006
0.006431999999999999,0.0029000000000000007,0.32000000000000006
0.006433599999999999,-0.0085,0.32000000000000006
0.006435199999999999,0.006500000000000001,0.32000000000000006
0.0064367999999999995,-0.0077,0.32000000000000006
0.0064383999999999995,0.005300000000000001,0.32000000000000006
0.0064399999999999995,-0.0109,0.32000000000000006
0.0064416,0.007300000000000001,0.32000000000000006
0.0064432,-0.0085,0.32000000000000006
0.0064448,0.005500000000000001,0.32000000000000006
0.0064464,-0.0055,0.32000000000000006
0.006448,0.0037,0.32000000000000006
0.0064496,-0.0026999999999999997,0.32000000000000006
0.0064512,-0.0002999999999999995,0.32000000000000006
0.0064528,-0.0002999999999999995,0.32000000000000006
0.0064544,-0.0053,0.32000000000000006
0.006456,0.0015000000000000005,0.32000000000000006
0.0064576,-0.0047,0.32000000000000006
0.0064592,0.0035000000000000005,0.32000000000000006
0.0064608,-0.006500000000000001,0.32000000000000006
0.0064624,0.005300000000000001,0.32000000000000006
0.006464,-0.0071,0.32000000000000006
0.0064656,0.0041,0.32000000000000006
0.006467199999999999,-0.0049,0.32000000000000006
0.006468799999999999,0.0041,0.32000000000000006
0.006470399999999999,-0.0047,0.4
0.0064719999999999995,0.0051,0.32000000000000006
0.0064735999999999995,-0.0053,0.32000000000000006
0.0064751999999999995,0.0051,0.24
0.0064768,-0.0091,0.32000000000000006
0.0064784,0.0051,0.32000000000000006
0.00648,-0.0087,0.32000000000000006
0.0064816,0.006700000000000001,0.32000000000000006
0.0064832,-0.0091,0.32000000000000006
0.0064848,0.005300000000000001,0.32000000000000006
0.0064864,-0.0059,0.24
0.006488,0.0021000000000000003,0.32000000000000006
0.0064896,-0.0026999999999999997,0.32000000000000006
0.0064912,0.0009000000000000002,0.32000000000000006
0.0064928,-0.0006999999999999997,0.32000000000000006
0.0064944,-0.0021,0.32000000000000006
0.006496,0.002300000000000001,0.32000000000000006
0.0064976,-0.0075,0.32000000000000006
0.0064992,0.005500000000000001,0.32000000000000006
0.0065008,-0.006699999999999999,0.32000000000000006
0.006502399999999999,0.005900000000000001,0.32000000000000006
0.006503999999999999,-0.006500000000000001,0.32000000000000006
0.006505599999999999,0.002300000000000001,0.32000000000000006
0.0065071999999999994,-0.0055,0.32000000000000006
0.0065087999999999995,0.0027,0.32000000000000006
0.0065103999999999995,-0.0047,0.32000000000000006
0.0065119999999999996,0.0047,0.32000000000000006
0.0065136,-0.0075,0.32000000000000006
0.0065152,0.0047,0.32000000000000006
0.0065168,-0.0095,0.32000000000000006
0.0065184,0.0063,0.32000000000000006
0.00652,-0.0093,0.32000000000000006
0.0065216,0.0069,0.32000000000000006
0.0065232,-0.0075,0.32000000000000006
0.0065248,0.004300000000000001,0.32000000000000006
0.0065264,-0.0049,0.32000000000000006
0.006528,0.0027,0.32000000000000006
0.0065296,-0.0026999999999999997,0.32000000000000006
0.0065312,-9.999999999999983e-05,0.24
0.0065328,-0.0008999999999999998,0.32000000000000006
0.0065344,-0.0040999999999999995,0.32000000000000006
0.006536,0.0027,0.32000000000000006
0.006537599999999999,-0.0075,0.32000000000000006
0.006539199999999999,0.0045000000000000005,0.32000000000000006
0.006540799999999999,-0.0055,0.32000000000000006
0.006542399999999999,0.0047,0.32000000000000006
0.0065439999999999995,-0.0047,0.32000000000000006
0.0065455999999999995,0.0041,0.32000000000000006
0.0065471999999999995,-0.0047,0.32000000000000006
0.0065488,0.0039000000000000007,0.32000000000000006
0.0065504,-0.0063,0.32000000000000006
0.006552,0.004900000000000001,0.32000000000000006
0.0065536,-0.0073,0.32000000000000006
0.0065552,0.005300000000000001,0.32000000000000006
0.0065568,-0.0087,0.32000000000000006
0.0065584,0.0075000000000000015,0.32000000000000006
0.00656,-0.0085,0.32000000000000006
0.0065616,0.0075000000000000015,0.32000000000000006
0.0065632,-0.0083,0.32000000000000006
0.0065648,0.004300000000000001,0.32000000000000006
0.0065664,-0.0059,0.32000000000000006
0.006568,0.0029000000000000007,0.32000000000000006
0.0065696,-0.0021,0.32000000000000006
0.0065712,0.0005000000000000004,0.32000000000000006
0.0065728,0.0007000000000000005,0.32000000000000006
0.006574399999999999,-0.0034999999999999996,0.32000000000000006
0.006575999999999999,0.0005000000000000004,0.32000000000000006
0.006577599999999999,-0.0077,0.32000000000000006
0.0065791999999999995,0.0029000000000000007,0.32000000000000006
0.0065807999999999995,-0.0081,0.32000000000000006
0.0065823999999999995,0.0063,0.32000000000000006
0.006584,-0.0059,0.4
0.0065856,0.0047,0.32000000000000006
0.0065872,-0.006699999999999999,0.32000000000000006
0.0065888,0.004900000000000001,0.32000000000000006
0.0065904,-0.0063,0.32000000000000006
0.006592,0.005500000000000001,0.32000000000000006
0.0065936,-0.0069,0.32000000000000006
0.0065952,0.006100000000000001,0.32000000000000006
0.0065968,-0.0083,0.32000000000000006
0.0065984,0.0063,0.32000000000000006
0.0066,-0.0085,0.32000000000000006
0.0066016,0.006500000000000001,0.32000000000000006
0.0066032,-0.0091,0.32000000000000006
0.0066048,0.0069,0.32000000000000006
0.0066064,-0.0069,0.32000000000000006
0.006608,0.0025000000000000005,0.32000000000000006
0.006609599999999999,-0.0036999999999999997,0.32000000000000006
0.006611199999999999,0.0005000000000000004,0.32000000000000006
0.006612799999999999,-0.0012999999999999997,0.32000000000000006
0.0066143999999999994,-0.0029,0.32000000000000006
0.0066159999999999995,0.0025000000000000005,0.32000000000000006
0.0066175999999999995,-0.0047,0.32000000000000006
0.0066191999999999996,0.0019000000000000006,0.32000000000000006
0.0066208,-0.006699999999999999,0.32000000000000006
0.0066224,0.0057,0.32000000000000006
0.006624,-0.006500000000000001,0.4
0.0066256,0.004300000000000001,0.32000000000000006
0.0066272,-0.0059,0.32000000000000006
0.0066288,0.0031000000000000003,0.32000000000000006
0.0066304,-0.0040999999999999995,0.32000000000000006
0.006632,0.0039000000000000007,0.32000000000000006
0.0066336,-0.0077,0.32000000000000006
0.0066352,0.005500000000000001,0.32000000000000006
0.0066368,-0.0097,0.32000000000000006
0.0066384,0.007300000000000001,0.32000000000000006
0.00664,-0.0095,0.4
0.0066416,0.006100000000000001,0.32000000000000006
0.0066432,-0.0087,0.32000000000000006
0.006644799999999999,0.005900000000000001,0.32000000000000006
0.006646399999999999,-0.006500000000000001,0.32000000000000006
0.006647999999999999,0.002300000000000001,0.32000000000000006
0.0066495999999999994,-0.0031,0.32000000000000006
0.0066511999999999995,-0.0008999999999999998,0.32000000000000006
0.0066527999999999995,-0.0004999999999999996,0.32000000000000006
0.0066543999999999996,-0.0031,0.32000000000000006
0.006656,0.0031000000000000003,0.32000000000000006
0.0066576,-0.0063,0.32000000000000006
0.0066592,0.0047,0.32000000000000006
0.0066608,-0.0053,0.32000000000000006
0.0066624,0.0069,0.32000000000000006
0.006664,-0.0049,0.32000000000000006
0.0066656,0.005300000000000001,0.32000000000000006
0.0066672,-0.0051,0.32000000000000006
0.0066688,0.0045000000000000005,0.32000000000000006
0.0066704,-0.0057,0.32000000000000006
0.006672,0.0031000000000000003,0.32000000000000006
0.0066736,-0.0073,0.32000000000000006
0.0066752,0.0057,0.32000000000000006
0.0066768,-0.0093,0.32000000000000006
0.0066784,0.0057,0.32000000000000006
0.006679999999999999,-0.0111,0.32000000000000006
0.006681599999999999,0.004900000000000001,0.32000000000000006
0.006683199999999999,-0.009899999999999999,0.32000000000000006
0.006684799999999999,0.006500000000000001,0.32000000000000006
0.0066863999999999995,-0.0059,0.32000000000000006
0.0066879999999999995,0.0037,0.32000000000000006
0.0066895999999999995,-0.0029,0.32000000000000006
0.0066912,-0.0012999999999999997,0.32000000000000006
0.0066928,-9.999999999999983e-05,0.32000000000000006
0.0066944,-0.0023,0.32000000000000006
0.006696,0.0035000000000000005,0.32000000000000006
0.0066976,-0.0055,0.32000000000000006
0.0066992,0.004300000000000001,0.32000000000000006
0.0067008,-0.0087,0.32000000000000006
0.0067024,0.0063,0.32000000000000006
0.006704,-0.006699999999999999,0.32000000000000006
0.0067056,0.0041,0.4
0.0067072,-0.0051,0.32000000000000006
0.0067088,0.005300000000000001,0.32000000000000006
0.0067104,-0.0053,0.32000000000000006
0.006712,0.0045000000000000005,0.32000000000000006
0.0067136,-0.0057,0.32000000000000006
0.0067152,0.0057,0.32000000000000006
0.006716799999999999,-0.0085,0.32000000000000006
0.006718399999999999,0.0071,0.32000000000000006
0.006719999999999999,-0.0083,0.32000000000000006
0.0067215999999999995,0.006500000000000001,0.32000000000000006
0.0067231999999999995,-0.0111,0.32000000000000006
0.0067247999999999995,0.006100000000000001,0.32000000000000006
0.0067264,-0.0057,0.32000000000000006
0.006728,0.0035000000000000005,0.32000000000000006
0.0067296,-0.0045,0.32000000000000006
0.0067312,0.0005000000000000004,0.32000000000000006
0.0067328,0.0009000000000000002,0.32000000000000006
0.0067344,-0.0021,0.32000000000000006
0.006736,0.0045000000000000005,0.32000000000000006
0.0067376,-0.0077,0.32000000000000006
0.0067392,0.0047,0.32000000000000006
0.0067408,-0.0047,0.32000000000000006
0.0067424,0.005300000000000001,0.32000000000000006
0.006744,-0.0077,0.32000000000000006
0.0067456,0.0037,0.32000000000000006
0.0067472,-0.0057,0.32000000000000006
0.0067488,0.0027,0.32000000000000006
0.0067504,-0.006500000000000001,0.32000000000000006
0.006751999999999999,0.0039000000000000007,0.32000000000000006
0.006753599999999999,-0.0059,0.32000000000000006
0.006755199999999999,0.0047,0.32000000000000006
0.0067567999999999994,-0.0081,0.32000000000000006
0.0067583999999999995,0.0075000000000000015,0.32000000000000006
0.0067599999999999995,-0.0091,0.32000000000000006
0.0067615999999999996,0.0051,0.32000000000000006
0.0067632,-0.0089,0.32000000000000006
0.0067648,0.0039000000000000007,0.32000000000000006
0.0067664,-0.0075,0.32000000000000006
0.006768,0.002300000000000001,0.32000000000000006
0.0067696,-0.0039,0.32000000000000006
0.0067712,-9.999999999999983e-05,0.32000000000000006
0.0067728,0.002300000000000001,0.32000000000000006
0.0067744,-0.0047,0.32000000000000006
0.006776,0.0051,0.32000000000000006
0.0067776,-0.0040999999999999995,0.32000000000000006
0.0067792,0.0051,0.32000000000000006
0.0067808,-0.006699999999999999,0.32000000000000006
0.0067824,0.0057,0.32000000000000006
0.006784,-0.0049,0.32000000000000006
0.0067856,0.0027,0.32000000000000006
0.006787199999999999,-0.006699999999999999,0.32000000000000006
0.006788799999999999,0.0037,0.32000000000000006
0.006790399999999999,-0.0071,0.32000000000000006
0.006791999999999999,0.0037,0.32000000000000006
0.0067935999999999995,-0.0071,0.32000000000000006
0.0067951999999999995,0.006500000000000001,0.32000000000000006
0.0067967999999999995,-0.0085,0.32000000000000006
0.0067984,0.0069,0.32000000000000006
0.0068,-0.0089,0.32000000000000006
0.0068016,0.0063,0.32000000000000006
0.0068032,-0.0087,0.32000000000000006
0.0068048,0.0069,0.32000000000000006
0.0068064,-0.0089,0.32000000000000006
0.006808,0.003300000000000001,0.32000000000000006
0.0068096,-0.0055,0.32000000000000006
0.0068112,0.0007000000000000005,0.32000000000000006
0.0068128,0.00030000000000000035,0.32000000000000006
0.0068144,-0.0008999999999999998,0.32000000000000006
0.006816,0.0041,0.32000000000000006
0.0068176,-0.0063,0.32000000000000006
0.0068192,0.005500000000000001,0.32000000000000006
0.0068208,-0.0040999999999999995,0.32000000000000006
0.006822399999999999,0.006100000000000001,0.32000000000000006
0.006823999999999999,-0.0049,0.32000000000000006
0.006825599999999999,0.0035000000000000005,0.32000000000000006
0.006827199999999999,-0.0057,0.32000000000000006
0.0068287999999999995,0.003300000000000001,0.32000000000000006
0.0068303999999999995,-0.0047,0.32000000000000006
0.0068319999999999995,0.0031000000000000003,0.32000000000000006
0.0068336,-0.0073,0.32000000000000006
0.0068352,0.0041,0.32000000000000006
0.0068368,-0.0085,0.32000000000000006
0.0068384,0.005500000000000001,0.32000000000000006
0.00684,-0.0091,0.32000000000000006
0.0068416,0.006500000000000001,0.32000000000000006
0.0068432,-0.0089,0.32000000000000006
0.0068448,0.005500000000000001,0.32000000000000006
0.0068464,-0.0059,0.32000000000000006
0.006848,0.0021000000000000003,0.32000000000000006
0.0068496,-0.0053,0.32000000000000006
0.0068512,-0.0006999999999999997,0.32000000000000006
0.0068528,0.003300000000000001,0.32000000000000006
0.0068544,-0.0031,0.32000000000000006
0.006856,0.004300000000000001,0.32000000000000006
0.0068576,-0.0045,0.32000000000000006
0.006859199999999999,0.005500000000000001,0.32000000000000006
0.006860799999999999,-0.0060999999999999995,0.32000000000000006
0.006862399999999999,0.0045000000000000005,0.32000000000000006
0.0068639999999999994,-0.0069,0.32000000000000006
0.0068655999999999995,0.0029000000000000007,0.32000000000000006
0.0068671999999999995,-0.0079,0.32000000000000006
0.0068687999999999996,0.002300000000000001,0.32000000000000006
0.0068704,-0.0059,0.32000000000000006
0.006872,0.0057,0.32000000000000006
0.0068736,-0.0059,0.32000000000000006
0.0068752,0.0047,0.32000000000000006
0.0068768,-0.0087,0.32000000000000006
0.0068784,0.0069,0.32000000000000006
0.00688,-0.0087,0.32000000000000006
0.0068816,0.006500000000000001,0.32000000000000006
0.0068832,-0.0093,0.32000000000000006
0.0068848,0.0041,0.32000000000000006
0.0068864,-0.0071,0.32000000000000006
0.006888,0.0029000000000000007,0.32000000000000006
0.0068896,-0.0023,0.32000000000000006
0.0068912,-0.0008999999999999998,0.32000000000000006
0.0068928,0.00010000000000000026,0.32000000000000006
0.006894399999999999,-0.0021,0.4
0.006895999999999999,0.0025000000000000005,0.32000000000000006
0.006897599999999999,-0.0053,0.32000000000000006
0.006899199999999999,0.005300000000000001,0.32000000000000006
0.0069007999999999995,-0.0059,0.32000000000000006
0.0069023999999999995,0.0051,0.32000000000000006
0.0069039999999999995,-0.0055,0.32000000000000006
0.0069056,0.0039000000000000007,0.32000000000000006
0.0069072,-0.0069,0.32000000000000006
0.0069088,0.0057,0.24
0.0069104,-0.006699999999999999,0.32000000000000006
0.006912,0.004300000000000001,0.32000000000000006
0.0069136,-0.0079,0.32000000000000006
0.0069152,0.006500000000000001,0.32000000000000006
0.0069168,-0.0081,0.32000000000000006
0.0069184,0.0079,0.32000000000000006
0.00692,-0.009899999999999999,0.32000000000000006
0.0069216,0.0075000000000000015,0.32000000000000006
0.0069232,-0.0079,0.32000000000000006
0.0069248,0.004300000000000001,0.32000000000000006
0.0069264,-0.0063,0.32000000000000006
0.006928,0.0015000000000000005,0.32000000000000006
0.006929599999999999,-0.0029,0.32000000000000006
0.006931199999999999,-0.0024999999999999996,0.32000000000000006
0.006932799999999999,0.0019000000000000006,0.32000000000000006
0.006934399999999999,-0.0043,0.32000000000000006
0.0069359999999999995,0.0021000000000000003,0.32000000000000006
0.0069375999999999995,-0.0073,0.32000000000000006
0.0069391999999999995,0.004300000000000001,0.32000000000000006
0.0069408,-0.006699999999999999,0.32000000000000006
0.0069424,0.0057,0.32000000000000006
0.006944,-0.0079,0.32000000000000006
0.0069456,0.005300000000000001,0.32000000000000006
0.0069472,-0.0073,0.32000000000000006
0.0069488,0.004300000000000001,0.32000000000000006
0.0069504,-0.006699999999999999,0.32000000000000006
0.006952,0.004900000000000001,0.24
0.0069536,-0.0077,0.32000000000000006
0.0069552,0.0051,0.32000000000000006
0.0069568,-0.0095,0.32000000000000006
0.0069584,0.0077,0.32000000000000006
0.00696,-0.0109,0.32000000000000006
0.0069616,0.0075000000000000015,0.32000000000000006
0.0069632,-0.0069,0.32000000000000006
0.006964799999999999,0.007300000000000001,0.4
0.006966399999999999,-0.006500000000000001,0.32000000000000006
0.006967999999999999,0.0013000000000000008,0.32000000000000006
0.006969599999999999,-0.0021,0.32000000000000006
0.0069711999999999994,-0.0006999999999999997,0.32000000000000006
0.0069727999999999995,0.0007000000000000005,0.32000000000000006
0.0069743999999999995,-0.0024999999999999996,0.32000000000000006
0.0069759999999999996,0.0041,0.32000000000000006
0.0069776,-0.0051,0.32000000000000006
0.0069792,0.0047,0.32000000000000006
0.0069808,-0.0055,0.4
0.0069824,0.004900000000000001,0.32000000000000006
0.006984,-0.006699999999999999,0.32000000000000006
0.0069856,0.004900000000000001,0.32000000000000006
0.0069872,-0.0049,0.32000000000000006
0.0069888,0.0035000000000000005,0.32000000000000006
0.0069904,-0.0079,0.32000000000000006
0.006992,0.003300000000000001,0.32000000000000006
0.0069936,-0.0063,0.32000000000000006
0.0069952,0.0047,0.32000000000000006
0.0069968,-0.0097,0.32000000000000006
0.0069984,0.005300000000000001,0.32000000000000006
0.007,-0.0097,0.32000000000000006
0.007001599999999999,0.0051,0.32000000000000006
0.007003199999999999,-0.006699999999999999,0.32000000000000006
0.007004799999999999,0.005500000000000001,0.32000000000000006
0.0070063999999999994,-0.0051,0.32000000000000006
0.0070079999999999995,0.0029000000000000007,0.32000000000000006
0.0070095999999999995,-0.0043,0.4
0.0070111999999999996,-9.999999999999983e-05,0.32000000000000006
0.0070128,0.00010000000000000026,0.32000000000000006
0.0070144,-0.0039,0.32000000000000006
0.007016,0.0029000000000000007,0.32000000000000006
0.0070176,-0.0045,0.32000000000000006
0.0070192,0.006100000000000001,0.32000000000000006
0.0070208,-0.0053,0.32000000000000006
0.0070224,0.005900000000000001,0.32000000000000006
0.007024,-0.006500000000000001,0.32000000000000006
0.0070256,0.005900000000000001,0.32000000000000006
0.0070272,-0.0055,0.32000000000000006
0.0070288,0.0041,0.32000000000000006
0.0070304,-0.0060999999999999995,0.32000000000000006
0.007032,0.0035000000000000005,0.32000000000000006
0.0070336,-0.0060999999999999995,0.32000000000000006
0.0070352,0.004300000000000001,0.32000000000000006
0.007036799999999999,-0.0077,0.32000000000000006
0.007038399999999999,0.006700000000000001,0.32000000000000006
0.007039999999999999,-0.0079,0.32000000000000006
0.007041599999999999,0.0075000000000000015,0.32000000000000006
0.0070431999999999995,-0.0079,0.32000000000000006
0.0070447999999999995,0.0031000000000000003,0.32000000000000006
0.0070463999999999995,-0.0071,0.32000000000000006
0.007048,0.0037,0.32000000000000006
0.0070496,-0.0023,0.32000000000000006
0.0070512,-0.0008999999999999998,0.32000000000000006
0.0070528,0.00030000000000000035,0.32000000000000006
0.0070544,-0.0016999999999999997,0.32000000000000006
0.007056,0.0021000000000000003,0.32000000000000006
0.0070576,-0.0057,0.32000000000000006
0.0070592,0.0041,0.32000000000000006
0.0070608,-0.006699999999999999,0.32000000000000006
0.0070624,0.004900000000000001,0.32000000000000006
0.007064,-0.0083,0.32000000000000006
0.0070656,0.006100000000000001,0.32000000000000006
0.0070672,-0.0053,0.32000000000000006
0.0070688,0.0041,0.32000000000000006
0.0070704,-0.0051,0.32000000000000006
0.007071999999999999,0.004900000000000001,0.32000000000000006
0.007073599999999999,-0.0073,0.32000000000000006
0.007075199999999999,0.006700000000000001,0.32000000000000006
0.007076799999999999,-0.0075,0.32000000000000006
0.0070783999999999994,0.005900000000000001,0.32000000000000006
0.0070799999999999995,-0.0115,0.32000000000000006
0.0070815999999999995,0.0047,0.32000000000000006
0.0070831999999999996,-0.0087,0.32000000000000006
0.0070848,0.0051,0.32000000000000006
0.0070864,-0.0073,0.32000000000000006
0.007088,0.0027,0.32000000000000006
0.0070896,-0.0018999999999999998,0.32000000000000006
0.0070912,0.00030000000000000035,0.32000000000000006
0.0070928,0.0007000000000000005,0.32000000000000006
0.0070944,-0.0036999999999999997,0.32000000000000006
0.007096,0.0035000000000000005,0.32000000000000006
0.0070976,-0.0016999999999999997,0.32000000000000006
0.0070992,0.0041,0.32000000000000006
0.0071008,-0.0089,0.32000000000000006
0.0071024,0.0041,0.32000000000000006
0.007104,-0.0081,0.32000000000000006
0.0071056,0.005500000000000001,0.32000000000000006
0.0071072,-0.0053,0.32000000000000006
0.007108799999999999,0.003300000000000001,0.32000000000000006
0.007110399999999999,-0.0055,0.32000000000000006
0.007111999999999999,0.004300000000000001,0.32000000000000006
0.0071135999999999994,-0.0051,0.32000000000000006
0.0071151999999999995,0.0051,0.32000000000000006
0.0071167999999999995,-0.0075,0.32000000000000006
0.0071183999999999996,0.006700000000000001,0.32000000000000006
0.00712,-0.0093,0.32000000000000006
0.0071216,0.0051,0.32000000000000006
0.0071232,-0.0093,0.32000000000000006
0.0071248,0.0045000000000000005,0.32000000000000006
0.0071264,-0.006500000000000001,0.32000000000000006
0.007128,0.0045000000000000005,0.32000000000000006
0.0071296,-0.0033,0.32000000000000006
0.0071312,-0.0006999999999999997,0.4
0.0071328,-0.0014999999999999998,0.32000000000000006
0.0071344,-0.0021,0.32000000000000006
0.007136,0.0029000000000000007,0.32000000000000006
0.0071376,-0.0034999999999999996,0.32000000000000006
0.0071392,0.004300000000000001,0.32000000000000006
0.0071408,-0.0081,0.32000000000000006
0.0071424,0.0051,0.32000000000000006
0.007143999999999999,-0.0081,0.32000000000000006
0.007145599999999999,0.0051,0.32000000000000006
0.007147199999999999,-0.0075,0.32000000000000006
0.007148799999999999,0.004900000000000001,0.32000000000000006
0.0071503999999999995,-0.0059,0.32000000000000006
0.0071519999999999995,0.004900000000000001,0.32000000000000006
0.0071535999999999995,-0.0079,0.32000000000000006
0.0071552,0.008100000000000001,0.32000000000000006
0.0071568,-0.0091,0.32000000000000006
0.0071584,0.0071,0.32000000000000006
0.00716,-0.010100000000000001,0.32000000000000006
0.0071616,0.005900000000000001,0.32000000000000006
0.0071632,-0.0075,0.32000000000000006
0.0071648,0.005300000000000001,0.32000000000000006
0.0071664,-0.0049,0.32000000000000006
0.007168,0.0039000000000000007,0.32000000000000006
0.0071696,-0.0026999999999999997,0.32000000000000006
0.0071712,-0.0006999999999999997,0.32000000000000006
0.0071728,-0.0014999999999999998,0.32000000000000006
0.0071744,-0.0040999999999999995,0.32000000000000006
0.007176,0.0021000000000000003,0.32000000000000006
0.0071776,-0.006500000000000001,0.32000000000000006
0.007179199999999999,0.0051,0.32000000000000006
0.007180799999999999,-0.0071,0.32000000000000006
0.007182399999999999,0.0041,0.32000000000000006
0.007183999999999999,-0.0071,0.32000000000000006
0.0071855999999999995,0.004900000000000001,0.32000000000000006
0.0071871999999999995,-0.0047,0.32000000000000006
0.0071887999999999995,0.0035000000000000005,0.32000000000000006
0.0071904,-0.0053,0.32000000000000006
0.007192,0.0047,0.32000000000000006
0.0071936,-0.0077,0.32000000000000006
0.0071952,0.006500000000000001,0.32000000000000006
0.0071968,-0.0085,0.32000000000000006
0.0071984,0.007300000000000001,0.24
0.0072,-0.010499999999999999,0.32000000000000006
0.0072016,0.0047,0.32000000000000006
0.0072032,-0.0111,0.32000000000000006
0.0072048,0.005500000000000001,0.32000000000000006
0.0072064,-0.006699999999999999,0.32000000000000006
0.007208,0.0045000000000000005,0.32000000000000006
0.0072096,-0.0021,0.32000000000000006
0.0072112,0.0007000000000000005,0.32000000000000006
0.0072128,-0.0006999999999999997,0.32000000000000006
0.007214399999999999,-0.0045,0.32000000000000006
0.007215999999999999,0.0021000000000000003,0.32000000000000006
0.007217599999999999,-0.0047,0.4
0.007219199999999999,0.004300000000000001,0.32000000000000006
0.0072207999999999994,-0.0055,0.32000000000000006
0.0072223999999999995,0.005900000000000001,0.32000000000000006
0.0072239999999999995,-0.0069,0.32000000000000006
0.0072255999999999996,0.004300000000000001,0.32000000000000006
0.0072272,-0.0045,0.32000000000000006
0.0072288,0.0037,0.32000000000000006
0.0072304,-0.0057,0.32000000000000006
0.007232,0.0029000000000000007,0.32000000000000006
0.0072336,-0.0077,0.32000000000000006
0.0072352,0.0047,0.32000000000000006
0.0072368,-0.0089,0.4
0.0072384,0.006500000000000001,0.32000000000000006
0.00724,-0.0079,0.32000000000000006
0.0072416,0.0083,0.32000000000000006
0.0072432,-0.0071,0.32000000000000006
0.0072448,0.0031000000000000003,0.32000000000000006
0.0072464,-0.0063,0.32000000000000006
0.007248,0.0027,0.32000000000000006
0.0072496,-0.0031,0.32000000000000006
0.007251199999999999,-0.0002999999999999995,0.32000000000000006
0.007252799999999999,0.00010000000000000026,0.32000000000000006
0.007254399999999999,-0.0029,0.32000000000000006
0.007255999999999999,0.0021000000000000003,0.32000000000000006
0.0072575999999999995,-0.0073,0.32000000000000006
0.0072591999999999995,0.0051,0.32000000000000006
0.0072607999999999995,-0.006500000000000001,0.32000000000000006
0.0072624,0.004300000000000001,0.32000000000000006
0.007264,-0.0071,0.32000000000000006
0.0072656,0.003300000000000001,0.4
0.0072672,-0.0057,0.32000000000000006
0.0072688,0.0051,0.32000000000000006
0.0072704,-0.0053,0.32000000000000006
0.007272,0.0051,0.32000000000000006
0.0072736,-0.0075,0.4
0.0072752,0.0057,0.32000000000000006
0.0072768,-0.0089,0.32000000000000006
0.0072784,0.0045000000000000005,0.32000000000000006
0.00728,-0.010100000000000001,0.32000000000000006
0.0072816,0.0079,0.32000000000000006
0.0072832,-0.0083,0.32000000000000006
0.0072848,0.0051,0.32000000000000006
0.007286399999999999,-0.0073,0.32000000000000006
0.007287999999999999,0.0031000000000000003,0.32000000000000006
0.007289599999999999,-0.0047,0.32000000000000006
0.007291199999999999,-0.0002999999999999995,0.32000000000000006
0.0072927999999999995,0.0005000000000000004,0.32000000000000006
0.0072943999999999995,-0.0012999999999999997,0.32000000000000006
0.0072959999999999995,0.0007000000000000005,0.32000000000000006
0.0072976,-0.0034999999999999996,0.32000000000000006
0.0072992,0.0039000000000000007,0.32000000000000006
0.0073008,-0.0055,0.32000000000000006
0.0073024,0.0037,0.32000000000000006
0.007304,-0.006699999999999999,0.32000000000000006
0.0073056,0.004300000000000001,0.32000000000000006
0.0073072,-0.0049,0.32000000000000006
0.0073088,0.004900000000000001,0.32000000000000006
0.0073104,-0.0043,0.32000000000000006
0.007312,0.0045000000000000005,0.32000000000000006
0.0073136,-0.0073,0.32000000000000006
0.0073152,0.0047,0.32000000000000006
0.0073168,-0.0097,0.32000000000000006
0.0073184,0.006100000000000001,0.32000000000000006
0.00732,-0.0095,0.32000000000000006
0.007321599999999999,0.006100000000000001,0.32000000000000006
0.007323199999999999,-0.0085,0.32000000000000006
0.007324799999999999,0.0047,0.32000000000000006
0.007326399999999999,-0.0063,0.32000000000000006
0.0073279999999999994,0.0031000000000000003,0.32000000000000006
0.0073295999999999995,-0.0026999999999999997,0.32000000000000006
0.0073311999999999995,-0.0010999999999999996,0.32000000000000006
0.0073327999999999996,0.0007000000000000005,0.32000000000000006
0.0073344,-0.0049,0.32000000000000006
0.007336,0.0017000000000000001,0.32000000000000006
0.0073376,-0.0069,0.32000000000000006
0.0073392,0.002300000000000001,0.32000000000000006
0.0073408,-0.0081,0.32000000000000006
0.0073424,0.005300000000000001,0.32000000000000006
0.007344,-0.0069,0.32000000000000006
0.0073456,0.0035000000000000005,0.32000000000000006
0.0073472,-0.0049,0.32000000000000006
0.0073488,0.0045000000000000005,0.32000000000000006
0.0073504,-0.0063,0.32000000000000006
0.007352,0.004900000000000001,0.32000000000000006
0.0073536,-0.0057,0.32000000000000006
0.0073552,0.006700000000000001,0.32000000000000006
0.007356799999999999,-0.0087,0.32000000000000006
0.007358399999999999,0.005900000000000001,0.32000000000000006
0.007359999999999999,-0.0097,0.32000000000000006
0.007361599999999999,0.006500000000000001,0.32000000000000006
0.007363199999999999,-0.0089,0.32000000000000006
0.0073647999999999995,0.006100000000000001,0.32000000000000006
0.0073663999999999995,-0.006500000000000001,0.32000000000000006
0.0073679999999999995,0.0035000000000000005,0.32000000000000006
0.0073696,-0.0021,0.32000000000000006
0.0073712,-0.0006999999999999997,0.32000000000000006
0.0073728,-0.0008999999999999998,0.32000000000000006
0.0073744,-0.0049,0.32000000000000006
0.007376,0.0039000000000000007,0.32000000000000006
0.0073776,-0.0073,0.4
0.0073792,0.006100000000000001,0.32000000000000006
0.0073808,-0.0073,0.32000000000000006
0.0073824,0.005900000000000001,0.32000000000000006
0.007384,-0.0053,0.32000000000000006
0.0073856,0.0029000000000000007,0.32000000000000006
0.0073872,-0.0077,0.32000000000000006
0.0073888,0.006700000000000001,0.32000000000000006
0.0073904,-0.0055,0.32000000000000006
0.007392,0.0063,0.32000000000000006
0.007393599999999999,-0.0077,0.4
0.007395199999999999,0.0063,0.4
0.007396799999999999,-0.0093,0.4
0.007398399999999999,0.006500000000000001,0.32000000000000006
0.0073999999999999995,-0.010499999999999999,0.32000000000000006
0.0074015999999999995,0.0069,0.32000000000000006
0.0074031999999999995,-0.0087,0.32000000000000006
0.0074048,0.0039000000000000007,0.32000000000000006
0.0074064,-0.0051,0.32000000000000006
0.007408,0.0029000000000000007,0.32000000000000006
0.0074096,-0.0026999999999999997,0.32000000000000006
0.0074112,-0.0016999999999999997,0.32000000000000006
0.0074128,-0.0006999999999999997,0.32000000000000006
0.0074144,-0.0053,0.32000000000000006
0.007416,0.0025000000000000005,0.32000000000000006
0.0074176,-0.0063,0.32000000000000006
0.0074192,0.006100000000000001,0.32000000000000006
0.0074208,-0.0075,0.32000000000000006
0.0074224,0.0051,0.32000000000000006
0.007424,-0.0071,0.32000000000000006
0.0074256,0.002300000000000001,0.32000000000000006
0.0074272,-0.0051,0.32000000000000006
0.007428799999999999,0.0031000000000000003,0.32000000000000006
0.007430399999999999,-0.0051,0.32000000000000006
0.007431999999999999,0.004300000000000001,0.32000000000000006
0.007433599999999999,-0.0060999999999999995,0.32000000000000006
0.0074351999999999994,0.0047,0.32000000000000006
0.0074367999999999995,-0.0083,0.32000000000000006
0.0074383999999999995,0.0077,0.32000000000000006
0.0074399999999999996,-0.0103,0.32000000000000006
0.0074416,0.007300000000000001,0.32000000000000006
0.0074432,-0.010499999999999999,0.32000000000000006
0.0074448,0.004900000000000001,0.32000000000000006
0.0074464,-0.0079,0.32000000000000006
0.007448,0.0025000000000000005,0.32000000000000006
0.0074496,-0.0024999999999999996,0.32000000000000006
0.0074512,-0.0021,0.32000000000000006
0.0074528,-0.0008999999999999998,0.32000000000000006
0.0074544,-0.0024999999999999996,0.32000000000000006
0.007456,0.0019000000000000006,0.32000000000000006
0.0074576,-0.0047,0.32000000000000006
0.0074592,0.0029000000000000007,0.32000000000000006
0.0074608,-0.0075,0.32000000000000006
0.0074624,0.0037,0.32000000000000006
0.007463999999999999,-0.0060999999999999995,0.32000000000000006
0.007465599999999999,0.0057,0.32000000000000006
0.007467199999999999,-0.0049,0.32000000000000006
0.007468799999999999,0.005900000000000001,0.32000000000000006
0.0074703999999999994,-0.0049,0.32000000000000006
0.0074719999999999995,0.005900000000000001,0.32000000000000006
0.0074735999999999995,-0.0059,0.32000000000000006
0.0074751999999999996,0.0051,0.32000000000000006
0.0074768,-0.0073,0.32000000000000006
0.0074784,0.006700000000000001,0.32000000000000006
0.00748,-0.0063,0.32000000000000006
0.0074816,0.0057,0.32000000000000006
0.0074832,-0.011300000000000001,0.32000000000000006
0.0074848,0.005500000000000001,0.32000000000000006
0.0074864,-0.0069,0.32000000000000006
0.007488,0.0031000000000000003,0.32000000000000006
0.0074896,-0.0053,0.32000000000000006
0.0074912,0.00010000000000000026,0.32000000000000006
0.0074928,-0.0010999999999999996,0.32000000000000006
0.0074944,-0.0039,0.32000000000000006
0.007496,0.0039000000000000007,0.32000000000000006
0.0074976,-0.0055,0.32000000000000006
0.007499199999999999,0.0051,0.32000000000000006
0.007500799999999999,-0.0079,0.32000000000000006
0.007502399999999999,0.0057,0.32000000000000006
0.007503999999999999,-0.006699999999999999,0.32000000000000006
0.007505599999999999,0.004300000000000001,0.32000000000000006
0.0075071999999999995,-0.0047,0.32000000000000006
0.0075087999999999995,0.0031000000000000003,0.32000000000000006
0.0075103999999999995,-0.0053,0.32000000000000006
0.007512,0.0039000000000000007,0.32000000000000006
0.0075136,-0.0055,0.32000000000000006
0.0075152,0.004300000000000001,0.32000000000000006
0.0075168,-0.0085,0.32000000000000006
0.0075184,0.0063,0.4
0.00752,-0.0081,0.32000000000000006
0.0075216,0.0079,0.32000000000000006
0.0075232,-0.010700000000000001,0.32000000000000006
0.0075248,0.0051,0.32000000000000006
0.0075264,-0.0087,0.32000000000000006
0.007528,0.0021000000000000003,0.32000000000000006
0.0075296,-0.0016999999999999997,0.32000000000000006
0.0075312,0.0009000000000000002,0.32000000000000006
0.0075328,-0.0014999999999999998,0.32000000000000006
0.0075344,-0.0039,0.32000000000000006
0.007535999999999999,0.0031000000000000003,0.32000000000000006
0.007537599999999999,-0.0047,0.32000000000000006
0.007539199999999999,0.005300000000000001,0.32000000000000006
0.007540799999999999,-0.0103,0.32000000000000006
0.0075423999999999995,0.0057,0.32000000000000006
0.0075439999999999995,-0.0081,0.32000000000000006
0.0075455999999999995,0.0063,0.32000000000000006
0.0075472,-0.0079,0.32000000000000006
0.0075488,0.005500000000000001,0.32000000000000006
0.0075504,-0.0057,0.32000000000000006
0.007552,0.0047,0.32000000000000006
0.0075536,-0.0075,0.32000000000000006
0.0075552,0.005300000000000001,0.32000000000000006
0.0075568,-0.0097,0.32000000000000006
0.0075584,0.0069,0.32000000000000006
0.00756,-0.0093,0.32000000000000006
0.0075616,0.006500000000000001,0.32000000000000006
0.0075632,-0.0083,0.32000000000000006
0.0075648,0.0037,0.32000000000000006
0.0075664,-0.0053,0.32000000000000006
0.007568,0.0021000000000000003,0.32000000000000006
0.0075696,-0.0033,0.32000000000000006
0.007571199999999999,0.0019000000000000006,0.32000000000000006
0.007572799999999999,-0.0004999999999999996,0.32000000000000006
0.007574399999999999,-0.0026999999999999997,0.32000000000000006
0.007575999999999999,0.0045000000000000005,0.32000000000000006
0.0075775999999999994,-0.0045,0.32000000000000006
0.0075791999999999995,0.0071,0.32000000000000006
0.0075807999999999995,-0.0079,0.32000000000000006
0.0075823999999999996,0.0051,0.32000000000000006
0.007584,-0.006699999999999999,0.32000000000000006
0.0075856,0.002300000000000001,0.32000000000000006
0.0075872,-0.0079,0.32000000000000006
0.0075888,0.0047,0.32000000000000006
0.0075904,-0.006699999999999999,0.32000000000000006
0.007592,0.0045000000000000005,0.32000000000000006
0.0075936,-0.0069,0.32000000000000006
0.0075952,0.0057,0.32000000000000006
0.0075968,-0.0087,0.32000000000000006
0.0075984,0.007300000000000001,0.32000000000000006
0.0076,-0.0083,0.32000000000000006
0.0076016,0.0079,0.32000000000000006
0.0076032,-0.0097,0.32000000000000006
0.0076048,0.0041,0.32000000000000006
0.007606399999999999,-0.0073,0.32000000000000006
0.007607999999999999,0.002300000000000001,0.32000000000000006
0.007609599999999999,-0.0040999999999999995,0.32000000000000006
0.007611199999999999,-0.0004999999999999996,0.32000000000000006
0.007612799999999999,-0.0012999999999999997,0.32000000000000006
0.0076143999999999995,-0.0045,0.32000000000000006
0.0076159999999999995,0.0037,0.32000000000000006
0.0076175999999999995,-0.0063,0.32000000000000006
0.0076192,0.0047,0.32000000000000006
0.0076208,-0.006500000000000001,0.32000000000000006
0.0076224,0.0051,0.4
0.007624,-0.0069,0.32000000000000006
0.0076256,0.0051,0.32000000000000006
0.0076272,-0.0075,0.32000000000000006
0.0076288,0.005500000000000001,0.32000000000000006
0.0076304,-0.0043,0.32000000000000006
0.007632,0.002300000000000001,0.32000000000000006
0.0076336,-0.0075,0.32000000000000006
0.0076352,0.0069,0.32000000000000006
0.0076368,-0.0083,0.32000000000000006
0.0076384,0.0069,0.32000000000000006
0.00764,-0.0085,0.32000000000000006
0.007641599999999999,0.005500000000000001,0.32000000000000006
0.007643199999999999,-0.0081,0.32000000000000006
0.007644799999999999,0.005300000000000001,0.32000000000000006
0.007646399999999999,-0.006699999999999999,0.32000000000000006
0.007647999999999999,0.0027,0.32000000000000006
0.0076495999999999995,-0.0043,0.32000000000000006
0.0076511999999999995,-0.0018999999999999998,0.32000000000000006
0.0076527999999999995,-0.0004999999999999996,0.32000000000000006
0.0076544,-0.0060999999999999995,0.32000000000000006
0.007656,0.003300000000000001,0.32000000000000006
0.0076576,-0.0051,0.32000000000000006
0.0076592,0.007300000000000001,0.32000000000000006
0.0076608,-0.0057,0.32000000000000006
0.0076624,0.003300000000000001,0.32000000000000006
0.007664,-0.0079,0.32000000000000006
0.0076656,0.004900000000000001,0.32000000000000006
0.0076672,-0.0060999999999999995,0.32000000000000006
0.0076688,0.005500000000000001,0.32000000000000006
0.0076704,-0.0043,0.32000000000000006
0.007672,0.0035000000000000005,0.32000000000000006
0.0076736,-0.0060999999999999995,0.32000000000000006
0.0076752,0.0029000000000000007,0.32000000000000006
0.0076768,-0.0081,0.32000000000000006
0.007678399999999999,0.006700000000000001,0.32000000000000006
0.007679999999999999,-0.0091,0.32000000000000006
0.007681599999999999,0.0069,0.32000000000000006
0.007683199999999999,-0.0073,0.32000000000000006
0.0076847999999999994,0.0051,0.32000000000000006
0.0076863999999999995,-0.006699999999999999,0.32000000000000006
0.0076879999999999995,0.002300000000000001,0.32000000000000006
0.0076895999999999996,-0.0016999999999999997,0.32000000000000006
0.0076912,-9.999999999999983e-05,0.32000000000000006
0.0076928,0.0019000000000000006,0.32000000000000006
0.0076944,-0.0033,0.32000000000000006
0.007696,0.0029000000000000007,0.32000000000000006
0.0076976,-0.0051,0.32000000000000006
0.0076992,0.0057,0.32000000000000006
0.0077008,-0.0059,0.32000000000000006
0.0077024,0.0045000000000000005,0.32000000000000006
0.007704,-0.0075,0.32000000000000006
0.0077056,0.0051,0.32000000000000006
0.0077072,-0.0059,0.32000000000000006
0.0077088,0.004900000000000001,0.32000000000000006
0.0077104,-0.0060999999999999995,0.32000000000000006
0.007712,0.005900000000000001,0.32000000000000006
0.007713599999999999,-0.0069,0.32000000000000006
0.007715199999999999,0.0051,0.4
0.007716799999999999,-0.0095,0.32000000000000006
0.007718399999999999,0.0069,0.32000000000000006
0.007719999999999999,-0.011300000000000001,0.32000000000000006
0.0077215999999999995,0.0077,0.32000000000000006
0.0077231999999999995,-0.0091,0.32000000000000006
0.0077247999999999995,0.005900000000000001,0.32000000000000006
0.0077264,-0.0053,0.32000000000000006
0.007728,0.0041,0.32000000000000006
0.0077296,-0.0024999999999999996,0.32000000000000006
0.0077312,-0.0008999999999999998,0.32000000000000006
0.0077328,-0.0008999999999999998,0.32000000000000006
0.0077344,-0.0051,0.32000000000000006
0.007736,0.004900000000000001,0.32000000000000006
0.0077376,-0.0047,0.32000000000000006
0.0077392,0.0047,0.32000000000000006
0.0077408,-0.0071,0.32000000000000006
0.0077424,0.0039000000000000007,0.32000000000000006
0.007744,-0.0089,0.32000000000000006
0.0077456,0.0047,0.32000000000000006
0.0077472,-0.0093,0.32000000000000006
0.007748799999999999,0.0057,0.32000000000000006
0.007750399999999999,-0.0040999999999999995,0.32000000000000006
0.007751999999999999,0.004300000000000001,0.32000000000000006
0.007753599999999999,-0.006699999999999999,0.32000000000000006
0.007755199999999999,0.0071,0.32000000000000006
0.0077567999999999995,-0.0087,0.32000000000000006
0.0077583999999999995,0.005900000000000001,0.32000000000000006
0.0077599999999999995,-0.009899999999999999,0.32000000000000006
0.0077616,0.0075000000000000015,0.32000000000000006
0.0077632,-0.0095,0.32000000000000006
0.0077648,0.005500000000000001,0.32000000000000006
0.0077664,-0.0051,0.32000000000000006
0.007768,0.0025000000000000005,0.32000000000000006
0.0077696,-0.0024999999999999996,0.32000000000000006
0.0077712,0.00030000000000000035,0.32000000000000006
0.0077728,-0.0002999999999999995,0.32000000000000006
0.0077744,-0.0034999999999999996,0.32000000000000006
0.007776,0.002300000000000001,0.32000000000000006
0.0077776,-0.0055,0.32000000000000006
0.0077792,0.0035000000000000005,0.32000000000000006
0.0077808,-0.0057,0.32000000000000006
0.0077824,0.0057,0.32000000000000006
0.007784,-0.0049,0.32000000000000006
0.007785599999999999,0.0031000000000000003,0.32000000000000006
0.007787199999999999,-0.0047,0.32000000000000006
0.007788799999999999,0.0031000000000000003,0.32000000000000006
0.007790399999999999,-0.006699999999999999,0.32000000000000006
0.0077919999999999994,0.0051,0.32000000000000006
0.0077935999999999995,-0.0075,0.4
0.0077951999999999995,0.004900000000000001,0.32000000000000006
0.0077967999999999996,-0.0079,0.32000000000000006
0.0077984,0.0057,0.4
0.0078,-0.0089,0.32000000000000006
0.0078016,0.005500000000000001,0.32000000000000006
0.0078032,-0.0081,0.32000000000000006
0.0078048,0.005500000000000001,0.32000000000000006
0.0078064,-0.0043,0.32000000000000006
0.007808,0.0017000000000000001,0.32000000000000006
0.0078096,-0.0014999999999999998,0.32000000000000006
0.0078112,0.0009000000000000002,0.32000000000000006
0.0078128,0.00010000000000000026,0.32000000000000006
0.007814399999999999,-0.0047,0.32000000000000006
0.007815999999999998,0.003300000000000001,0.32000000000000006
0.0078176,-0.0069,0.32000000000000006
0.007819199999999998,0.0039000000000000007,0.32000000000000006
0.0078208,-0.0073,0.32000000000000006
0.007822399999999998,0.0069,0.32000000000000006
0.007824,-0.0053,0.32000000000000006
0.007825599999999999,0.0039000000000000007,0.32000000000000006
0.0078272,-0.0051,0.32000000000000006
0.007828799999999999,0.0039000000000000007,0.32000000000000006
0.0078304,-0.0069,0.32000000000000006
0.007831999999999999,0.0041,0.32000000000000006
0.0078336,-0.0083,0.32000000000000006
0.007835199999999999,0.0071,0.32000000000000006
0.0078368,-0.0093,0.32000000000000006
0.007838399999999999,0.006500000000000001,0.32000000000000006
0.007839999999999998,-0.0121,0.32000000000000006
0.007841599999999999,0.005900000000000001,0.32000000000000006
0.007843199999999998,-0.0079,0.32000000000000006
0.007844799999999999,0.005300000000000001,0.32000000000000006
0.007846399999999998,-0.006699999999999999,0.32000000000000006
0.007847999999999999,0.0025000000000000005,0.32000000000000006
0.007849599999999998,-0.0029,0.32000000000000006
0.0078512,-0.0014999999999999998,0.32000000000000006
0.007852799999999998,0.0013000000000000008,0.32000000000000006
0.0078544,-0.0039,0.32000000000000006
0.007855999999999998,0.002300000000000001,0.32000000000000006
0.0078576,-0.0047,0.32000000000000006
0.007859199999999998,0.004900000000000001,0.32000000000000006
0.0078608,-0.0091,0.32000000000000006
0.007862399999999999,0.006700000000000001,0.32000000000000006
0.007864,-0.0071,0.32000000000000006
0.007865599999999999,0.0041,0.32000000000000006
0.0078672,-0.006500000000000001,0.32000000000000006
0.007868799999999999,0.0039000000000000007,0.32000000000000006
0.0078704,-0.0059,0.32000000000000006
0.007871999999999999,0.0031000000000000003,0.32000000000000006
0.007873599999999998,-0.006699999999999999,0.32000000000000006
0.007875199999999999,0.0037,0.4
0.007876799999999998,-0.0081,0.32000000000000006
0.007878399999999999,0.004900000000000001,0.32000000000000006
0.007879999999999998,-0.0091,0.32000000000000006
0.007881599999999999,0.0057,0.32000000000000006
0.007883199999999998,-0.0091,0.32000000000000006
0.007884799999999999,0.0057,0.32000000000000006
0.007886399999999998,-0.0053,0.32000000000000006
0.007888,0.002300000000000001,0.32000000000000006
0.007889599999999998,-0.0040999999999999995,0.32000000000000006
0.0078912,-0.0008999999999999998,0.32000000000000006
0.007892799999999998,-0.0024999999999999996,0.32000000000000006
0.0078944,-0.0033,0.32000000000000006
0.007895999999999999,0.0041,0.32000000000000006
0.0078976,-0.0047,0.32000000000000006
0.007899199999999999,0.0037,0.32000000000000006
0.0079008,-0.0060999999999999995,0.32000000000000006
0.007902399999999999,0.007300000000000001,0.32000000000000006
0.007904,-0.0055,0.32000000000000006
0.007905599999999999,0.0037,0.32000000000000006
0.0079072,-0.0047,0.32000000000000006
0.007908799999999999,0.0037,0.32000000000000006
0.007910399999999998,-0.0051,0.32000000000000006
0.007911999999999999,0.004300000000000001,0.32000000000000006
0.007913599999999998,-0.0085,0.32000000000000006
0.007915199999999999,0.005500000000000001,0.32000000000000006
0.007916799999999998,-0.0091,0.32000000000000006
0.007918399999999999,0.0069,0.32000000000000006
0.007919999999999998,-0.0085,0.32000000000000006
0.007921599999999999,0.006500000000000001,0.32000000000000006
0.007923199999999998,-0.0073,0.32000000000000006
0.0079248,0.006100000000000001,0.32000000000000006
0.007926399999999998,-0.006500000000000001,0.32000000000000006
0.007928,0.0047,0.32000000000000006
0.007929599999999998,-0.0049,0.32000000000000006
0.0079312,0.00010000000000000026,0.32000000000000006
0.007932799999999999,-9.999999999999983e-05,0.32000000000000006
0.0079344,-0.0049,0.32000000000000006
0.007935999999999999,0.0037,0.32000000000000006
0.0079376,-0.0051,0.32000000000000006
0.007939199999999999,0.0069,0.32000000000000006
0.0079408,-0.0069,0.32000000000000006
0.007942399999999999,0.0037,0.32000000000000006
0.007944,-0.0069,0.32000000000000006
0.007945599999999999,0.0051,0.32000000000000006
0.007947199999999998,-0.0047,0.32000000000000006
0.007948799999999999,0.0017000000000000001,0.32000000000000006
0.007950399999999998,-0.0059,0.32000000000000006
0.007951999999999999,0.0035000000000000005,0.32000000000000006
0.007953599999999998,-0.0075,0.32000000000000006
0.007955199999999999,0.005300000000000001,0.32000000000000006
0.007956799999999998,-0.0071,0.32000000000000006
0.0079584,0.0057,0.32000000000000006
0.007959999999999998,-0.0091,0.32000000000000006
0.0079616,0.0057,0.32000000000000006
0.007963199999999998,-0.0085,0.32000000000000006
0.0079648,0.005300000000000001,0.32000000000000006
0.007966399999999998,-0.0060999999999999995,0.32000000000000006
0.007968,0.0039000000000000007,0.32000000000000006
0.007969599999999999,-0.0031,0.32000000000000006
0.0079712,-0.0002999999999999995,0.32000000000000006
0.007972799999999999,0.0015000000000000005,0.32000000000000006
0.0079744,-0.0040999999999999995,0.32000000000000006
0.007975999999999999,0.0017000000000000001,0.32000000000000006
0.0079776,-0.0069,0.32000000000000006
0.007979199999999999,0.006500000000000001,0.32000000000000006
0.007980799999999998,-0.0069,0.32000000000000006
0.007982399999999999,0.005300000000000001,0.32000000000000006
0.007983999999999998,-0.0077,0.32000000000000006
0.007985599999999999,0.006100000000000001,0.32000000000000006
0.007987199999999998,-0.0051,0.32000000000000006
0.007988799999999999,0.0041,0.32000000000000006
0.007990399999999998,-0.0055,0.32000000000000006
0.007991999999999999,0.0041,0.32000000000000006
0.007993599999999998,-0.006699999999999999,0.32000000000000006
0.0079952,0.005500000000000001,0.32000000000000006
0.007996799999999998,-0.0089,0.32000000000000006
0.0079984,0.0063,0.32000000000000006
0.007999999999999998,-0.010499999999999999,0.4
0.0080016,0.0075000000000000015,0.32000000000000006
0.008003199999999999,-0.010499999999999999,0.32000000000000006
0.0080048,0.0051,0.32000000000000006
0.008006399999999999,-0.0071,0.32000000000000006
0.008008,0.0025000000000000005,0.32000000000000006
0.008009599999999999,-0.0043,0.32000000000000006
0.0080112,0.0015000000000000005,0.32000000000000006
0.008012799999999999,-0.0010999999999999996,0.32000000000000006
0.0080144,-0.0026999999999999997,0.32000000000000006
0.008015999999999999,0.0021000000000000003,0.32000000000000006
0.008017599999999998,-0.0051,0.32000000000000006
0.008019199999999999,0.0051,0.32000000000000006
0.008020799999999998,-0.006500000000000001,0.32000000000000006
0.008022399999999999,0.0039000000000000007,0.32000000000000006
0.008023999999999998,-0.0057,0.32000000000000006
0.008025599999999999,0.0041,0.32000000000000006
0.008027199999999998,-0.0036999999999999997,0.32000000000000006
0.008028799999999999,0.0027,0.32000000000000006
0.008030399999999998,-0.0033,0.32000000000000006
0.008032,0.0035000000000000005,0.32000000000000006
0.008033599999999998,-0.0075,0.32000000000000006
0.0080352,0.0057,0.32000000000000006
0.008036799999999998,-0.0079,0.32000000000000006
0.0080384,0.007300000000000001,0.32000000000000006
0.008039999999999999,-0.0083,0.32000000000000006
0.0080416,0.006700000000000001,0.32000000000000006
0.008043199999999999,-0.0091,0.32000000000000006
0.0080448,0.005300000000000001,0.32000000000000006
0.008046399999999999,-0.0071,0.32000000000000006
0.008048,0.0027,0.32000000000000006
0.008049599999999999,-0.0021,0.32000000000000006
0.008051199999999998,0.00030000000000000035,0.32000000000000006
0.008052799999999999,-0.0018999999999999998,0.32000000000000006
0.008054399999999998,-0.0026999999999999997,0.32000000000000006
0.008055999999999999,0.0039000000000000007,0.32000000000000006
0.008057599999999998,-0.0026999999999999997,0.32000000000000006
0.008059199999999999,0.0057,0.32000000000000006
0.008060799999999998,-0.0060999999999999995,0.32000000000000006
0.008062399999999999,0.0031000000000000003,0.32000000000000006
0.008063999999999998,-0.0059,0.32000000000000006
0.0080656,0.004300000000000001,0.32000000000000006
0.008067199999999998,-0.0059,0.32000000000000006
0.0080688,0.0037,0.32000000000000006
0.008070399999999998,-0.0051,0.32000000000000006
0.008072,0.0037,0.32000000000000006
0.008073599999999998,-0.0057,0.32000000000000006
0.0080752,0.005900000000000001,0.32000000000000006
0.008076799999999999,-0.0081,0.32000000000000006
0.0080784,0.0069,0.32000000000000006
0.008079999999999999,-0.0109,0.32000000000000006
0.0080816,0.0075000000000000015,0.32000000000000006
0.008083199999999999,-0.0093,0.32000000000000006
0.0080848,0.005300000000000001,0.32000000000000006
0.008086399999999999,-0.0073,0.32000000000000006
0.008087999999999998,0.0041,0.32000000000000006
0.008089599999999999,-0.0047,0.32000000000000006
0.008091199999999998,-0.0002999999999999995,0.32000000000000006
0.008092799999999999,-0.0018999999999999998,0.32000000000000006
0.008094399999999998,-0.0043,0.32000000000000006
0.008095999999999999,0.0025000000000000005,0.32000000000000006
0.008097599999999998,-0.006500000000000001,0.32000000000000006
0.008099199999999999,0.0057,0.32000000000000006
0.008100799999999998,-0.0081,0.32000000000000006
0.0081024,0.0035000000000000005,0.32000000000000006
0.008103999999999998,-0.0053,0.4
0.0081056,0.0071,0.32000000000000006
0.008107199999999998,-0.0063,0.32000000000000006
0.0081088,0.0035000000000000005,0.32000000000000006
0.008110399999999999,-0.0057,0.32000000000000006
0.008112,0.0045000000000000005,0.32000000000000006
0.008113599999999999,-0.0049,0.32000000000000006
0.0081152,0.0051,0.32000000000000006
0.008116799999999999,-0.0069,0.32000000000000006
0.0081184,0.005300000000000001,0.32000000000000006
0.008119999999999999,-0.0079,0.4
0.0081216,0.0069,0.32000000000000006
0.008123199999999999,-0.0085,0.32000000000000006
0.008124799999999998,0.0063,0.32000000000000006
0.008126399999999999,-0.0051,0.32000000000000006
0.008127999999999998,0.0035000000000000005,0.32000000000000006
0.008129599999999999,-0.0023,0.32000000000000006
0.008131199999999998,0.00010000000000000026,0.32000000000000006
0.008132799999999999,0.0015000000000000005,0.32000000000000006
0.008134399999999998,-0.0043,0.32000000000000006
0.008136,0.0007000000000000005,0.32000000000000006
0.008137599999999998,-0.0059,0.32000000000000006
0.0081392,0.005300000000000001,0.32000000000000006
0.008140799999999998,-0.0059,0.32000000000000006
0.0081424,0.0057,0.32000000000000006
0.008143999999999998,-0.0063,0.32000000000000006
0.0081456,0.005500000000000001,0.32000000000000006
0.008147199999999999,-0.0075,0.32000000000000006
0.0081488,0.0037,0.32000000000000006
0.008150399999999999,-0.0053,0.32000000000000006
0.008152,0.006700000000000001,0.32000000000000006
0.008153599999999999,-0.0073,0.32000000000000006
0.0081552,0.0075000000000000015,0.24
0.008156799999999999,-0.010100000000000001,0.32000000000000006
0.008158399999999998,0.005500000000000001,0.32000000000000006
0.008159999999999999,-0.0089,0.32000000000000006
0.008161599999999998,0.0069,0.32000000000000006
0.008163199999999999,-0.0089,0.32000000000000006
0.008164799999999998,0.004900000000000001,0.32000000000000006
0.008166399999999999,-0.0079,0.32000000000000006
0.008167999999999998,0.0035000000000000005,0.32000000000000006
0.008169599999999999,-0.0049,0.32000000000000006
0.008171199999999998,-0.0012999999999999997,0.32000000000000006
0.0081728,0.0005000000000000004,0.32000000000000006
0.008174399999999998,-0.0040999999999999995,0.4
0.008176,0.0019000000000000006,0.32000000000000006
0.008177599999999998,-0.0057,0.32000000000000006
0.0081792,0.005300000000000001,0.32000000000000006
0.008180799999999998,-0.006500000000000001,0.32000000000000006
0.0081824,0.0069,0.4
0.008183999999999999,-0.0097,0.32000000000000006
0.0081856,0.0045000000000000005,0.32000000000000006
0.008187199999999999,-0.0060999999999999995,0.32000000000000006
0.0081888,0.005900000000000001,0.32000000000000006
0.008190399999999999,-0.0059,0.32000000000000006
0.008192,0.0041,0.32000000000000006
0.008193599999999999,-0.006500000000000001,0.32000000000000006
0.008195199999999998,0.005900000000000001,0.32000000000000006
0.008196799999999999,-0.0079,0.32000000000000006
0.008198399999999998,0.0047,0.32000000000000006
0.008199999999999999,-0.0097,0.32000000000000006
0.008201599999999998,0.0075000000000000015,0.32000000000000006
0.008203199999999999,-0.0049,0.32000000000000006
0.008204799999999998,0.005300000000000001,0.32000000000000006
0.008206399999999999,-0.0063,0.32000000000000006
0.008207999999999998,0.0025000000000000005,0.32000000000000006
0.0082096,-0.0029,0.32000000000000006
0.008211199999999998,-9.999999999999983e-05,0.32000000000000006
0.0082128,0.0007000000000000005,0.32000000000000006
0.008214399999999998,-0.0045,0.32000000000000006
0.008216,0.002300000000000001,0.32000000000000006
0.008217599999999999,-0.0059,0.32000000000000006
0.0082192,0.006500000000000001,0.32000000000000006
0.008220799999999999,-0.006500000000000001,0.32000000000000006
0.0082224,0.005500000000000001,0.32000000000000006
0.008223999999999999,-0.0057,0.32000000000000006
0.0082256,0.005500000000000001,0.32000000000000006
0.008227199999999999,-0.0053,0.32000000000000006
0.0082288,0.0045000000000000005,0.32000000000000006
0.008230399999999999,-0.0057,0.32000000000000006
0.008231999999999998,0.004300000000000001,0.32000000000000006
0.008233599999999999,-0.0073,0.32000000000000006
0.008235199999999998,0.005900000000000001,0.32000000000000006
0.008236799999999999,-0.0069,0.32000000000000006
0.008238399999999998,0.005900000000000001,0.32000000000000006
0.008239999999999999,-0.0089,0.32000000000000006
0.008241599999999998,0.0063,0.32000000000000006
0.0082432,-0.0091,0.32000000000000006
0.008244799999999998,0.0047,0.32000000000000006
0.0082464,-0.0073,0.32000000000000006
0.008247999999999998,0.0027,0.32000000000000006
0.0082496,-0.0039,0.32000000000000006
0.008251199999999998,-0.0004999999999999996,0.32000000000000006
0.0082528,0.00030000000000000035,0.32000000000000006
0.008254399999999999,-0.0059,0.32000000000000006
0.008256,0.0011000000000000003,0.32000000000000006
0.008257599999999999,-0.0049,0.32000000000000006
0.0082592,0.0037,0.32000000000000006
0.008260799999999999,-0.006699999999999999,0.32000000000000006
0.0082624,0.0047,0.32000000000000006
0.008263999999999999,-0.0085,0.32000000000000006
0.008265599999999998,0.004300000000000001,0.32000000000000006
0.008267199999999999,-0.0059,0.32000000000000006
0.008268799999999998,0.0039000000000000007,0.32000000000000006
0.008270399999999999,-0.0057,0.32000000000000006
0.008271999999999998,0.0051,0.32000000000000006
0.008273599999999999,-0.0053,0.32000000000000006
0.008275199999999998,0.006500000000000001,0.32000000000000006
0.008276799999999999,-0.0077,0.32000000000000006
0.008278399999999998,0.006500000000000001,0.32000000000000006
0.00828,-0.0091,0.32000000000000006
0.008281599999999998,0.006500000000000001,0.32000000000000006
0.0082832,-0.0093,0.32000000000000006
0.008284799999999998,0.0057,0.32000000000000006
0.0082864,-0.0081,0.32000000000000006
0.008287999999999998,0.0019000000000000006,0.32000000000000006
0.0082896,-0.0036999999999999997,0.32000000000000006
0.008291199999999999,-0.0014999999999999998,0.4
0.0082928,-0.0010999999999999996,0.32000000000000006
0.008294399999999999,-0.0034999999999999996,0.32000000000000006
0.008296,0.0025000000000000005,0.32000000000000006
0.008297599999999999,-0.0071,0.32000000000000006
0.0082992,0.0071,0.32000000000000006
0.008300799999999999,-0.0079,0.32000000000000006
0.008302399999999998,0.006100000000000001,0.32000000000000006
0.008303999999999999,-0.0053,0.32000000000000006
0.008305599999999998,0.005300000000000001,0.32000000000000006
0.008307199999999999,-0.0055,0.32000000000000006
0.008308799999999998,0.0031000000000000003,0.32000000000000006
0.008310399999999999,-0.0034999999999999996,0.32000000000000006
0.008311999999999998,0.0039000000000000007,0.32000000000000006
0.008313599999999999,-0.0057,0.32000000000000006
0.008315199999999998,0.005300000000000001,0.32000000000000006
0.0083168,-0.0081,0.32000000000000006
0.008318399999999998,0.0051,0.32000000000000006
0.00832,-0.010100000000000001,0.32000000000000006
0.008321599999999998,0.005500000000000001,0.32000000000000006
0.0083232,-0.006699999999999999,0.32000000000000006
0.008324799999999999,0.0037,0.32000000000000006
0.0083264,-0.0045,0.32000000000000006
0.008327999999999999,0.0025000000000000005,0.32000000000000006
0.0083296,-0.0029,0.32000000000000006
0.008331199999999999,-0.0010999999999999996,0.32000000000000006
0.0083328,-0.0014999999999999998,0.32000000000000006
0.008334399999999999,-0.0034999999999999996,0.32000000000000006
0.008336,0.004300000000000001,0.32000000000000006
0.008337599999999999,-0.0055,0.32000000000000006
0.008339199999999998,0.005500000000000001,0.32000000000000006
0.008340799999999999,-0.0049,0.32000000000000006
0.008342399999999998,0.006700000000000001,0.32000000000000006
0.008343999999999999,-0.006500000000000001,0.32000000000000006
0.008345599999999998,0.0041,0.32000000000000006
0.008347199999999999,-0.0057,0.32000000000000006
0.008348799999999998,0.0047,0.32000000000000006
0.0083504,-0.0055,0.32000000000000006
0.008351999999999998,0.0039000000000000007,0.32000000000000006
0.0083536,-0.006699999999999999,0.32000000000000006
0.008355199999999998,0.0047,0.32000000000000006
0.0083568,-0.0097,0.32000000000000006
0.008358399999999998,0.0071,0.32000000000000006
0.00836,-0.010700000000000001,0.32000000000000006
0.008361599999999999,0.007300000000000001,0.32000000000000006
0.0083632,-0.0095,0.32000000000000006
0.008364799999999999,0.004900000000000001,0.32000000000000006
0.0083664,-0.006500000000000001,0.32000000000000006
0.008367999999999999,0.0025000000000000005,0.32000000000000006
0.0083696,-0.0045,0.32000000000000006
0.008371199999999999,-0.0012999999999999997,0.32000000000000006
0.008372799999999998,0.0029000000000000007,0.32000000000000006
0.008374399999999999,-0.0034999999999999996,0.32000000000000006
0.008375999999999998,0.0037,0.32000000000000006
0.008377599999999999,-0.0057,0.32000000000000006
0.008379199999999998,0.0025000000000000005,0.32000000000000006
0.008380799999999999,-0.0051,0.32000000000000006
0.008382399999999998,0.005500000000000001,0.32000000000000006
0.008383999999999999,-0.0087,0.32000000000000006
0.008385599999999998,0.005300000000000001,0.32000000000000006
0.0083872,-0.0029,0.4
0.008388799999999998,0.006500000000000001,0.4
0.0083904,-0.0057,0.32000000000000006
0.008391999999999998,0.003300000000000001,0.32000000000000006
0.0083936,-0.0069,0.32000000000000006
0.008395199999999998,0.006100000000000001,0.32000000000000006
0.0083968,-0.0081,0.32000000000000006
0.008398399999999999,0.005900000000000001,0.32000000000000006
0.0084,-0.0103,0.32000000000000006
0.008401599999999999,0.0069,0.32000000000000006
0.0084032,-0.0093,0.32000000000000006
0.008404799999999999,0.0057,0.32000000000000006
0.0084064,-0.0055,0.32000000000000006
0.008407999999999999,0.0029000000000000007,0.32000000000000006
0.008409599999999998,-0.0034999999999999996,0.32000000000000006
0.008411199999999999,0.00010000000000000026,0.32000000000000006
0.008412799999999998,0.0031000000000000003,0.32000000000000006
0.008414399999999999,-0.0040999999999999995,0.32000000000000006
0.008415999999999998,0.003300000000000001,0.32000000000000006
0.008417599999999999,-0.006500000000000001,0.32000000000000006
0.008419199999999998,0.005500000000000001,0.32000000000000006
0.008420799999999999,-0.0071,0.4
0.008422399999999998,0.005300000000000001,0.32000000000000006
0.008424,-0.006699999999999999,0.32000000000000006
0.008425599999999998,0.0047,0.32000000000000006
0.0084272,-0.0043,0.32000000000000006
0.008428799999999998,0.0031000000000000003,0.32000000000000006
0.0084304,-0.0043,0.32000000000000006
0.008431999999999999,0.0039000000000000007,0.32000000000000006
0.0084336,-0.0055,0.32000000000000006
0.008435199999999999,0.004300000000000001,0.4
0.0084368,-0.0083,0.32000000000000006
0.008438399999999999,0.005900000000000001,0.32000000000000006
0.00844,-0.0097,0.32000000000000006
0.008441599999999999,0.0047,0.32000000000000006
0.008443199999999998,-0.010100000000000001,0.32000000000000006
0.008444799999999999,0.0037,0.32000000000000006
0.008446399999999998,-0.0071,0.32000000000000006
0.008447999999999999,0.0031000000000000003,0.32000000000000006
0.008449599999999998,-0.0045,0.32000000000000006
0.008451199999999999,-0.0004999999999999996,0.32000000000000006
0.008452799999999998,-0.0006999999999999997,0.32000000000000006
0.008454399999999999,-0.0031,0.32000000000000006
0.008455999999999998,0.003300000000000001,0.32000000000000006
0.0084576,-0.0039,0.32000000000000006
0.008459199999999998,0.002300000000000001,0.32000000000000006
0.0084608,-0.0081,0.32000000000000006
0.008462399999999998,0.0035000000000000005,0.32000000000000006
0.008464,-0.0045,0.32000000000000006
0.008465599999999998,0.006100000000000001,0.32000000000000006
0.0084672,-0.0034999999999999996,0.32000000000000006
0.008468799999999999,0.0037,0.32000000000000006
0.0084704,-0.0051,0.32000000000000006
0.008471999999999999,0.0057,0.32000000000000006
0.0084736,-0.0049,0.32000000000000006
0.008475199999999999,0.005500000000000001,0.32000000000000006
0.0084768,-0.006500000000000001,0.32000000000000006
0.008478399999999999,0.0051,0.32000000000000006
0.008479999999999998,-0.0083,0.32000000000000006
0.008481599999999999,0.005500000000000001,0.32000000000000006
0.008483199999999998,-0.0083,0.4
0.008484799999999999,0.0045000000000000005,0.32000000000000006
0.008486399999999998,-0.0051,0.32000000000000006
0.008487999999999999,0.0025000000000000005,0.32000000000000006
0.008489599999999998,-0.0039,0.32000000000000006
0.008491199999999999,-0.0008999999999999998,0.32000000000000006
0.008492799999999998,0.0013000000000000008,0.32000000000000006
0.0084944,-0.0040999999999999995,0.32000000000000006
0.008495999999999998,0.0041,0.32000000000000006
0.0084976,-0.0033,0.32000000000000006
0.008499199999999998,0.005300000000000001,0.32000000000000006
0.0085008,-0.0045,0.32000000000000006
0.008502399999999999,0.0021000000000000003,0.32000000000000006
0.008504,-0.0083,0.32000000000000006
0.008505599999999999,0.0035000000000000005,0.32000000000000006
0.0085072,-0.0049,0.32000000000000006
0.008508799999999999,0.003300000000000001,0.32000000000000006
0.0085104,-0.0053,0.32000000000000006
0.008511999999999999,0.003300000000000001,0.32000000000000006
0.0085136,-0.0083,0.32000000000000006
0.008515199999999999,0.005300000000000001,0.32000000000000006
0.008516799999999998,-0.0081,0.32000000000000006
0.008518399999999999,0.0057,0.32000000000000006
0.008519999999999998,-0.0097,0.32000000000000006
0.008521599999999999,0.0069,0.32000000000000006
0.008523199999999998,-0.0081,0.32000000000000006
0.008524799999999999,0.0063,0.32000000000000006
0.008526399999999998,-0.0031,0.32000000000000006
0.008527999999999999,0.0025000000000000005,0.32000000000000006
0.008529599999999998,-0.0023,0.32000000000000006
0.0085312,-0.0034999999999999996,0.32000000000000006
0.008532799999999998,0.0011000000000000003,0.32000000000000006
0.0085344,-0.0040999999999999995,0.32000000000000006
0.008535999999999998,0.0051,0.32000000000000006
0.0085376,-0.006699999999999999,0.32000000000000006
0.008539199999999999,0.004300000000000001,0.32000000000000006
0.0085408,-0.006500000000000001,0.32000000000000006
0.008542399999999999,0.0057,0.32000000000000006
0.008544,-0.0075,0.32000000000000006
0.008545599999999999,0.005500000000000001,0.32000000000000006
0.0085472,-0.006699999999999999,0.32000000000000006
0.008548799999999999,0.004900000000000001,0.32000000000000006
0.008550399999999998,-0.0063,0.32000000000000006
0.008551999999999999,0.004900000000000001,0.32000000000000006
0.008553599999999998,-0.0079,0.32000000000000006
0.008555199999999999,0.0041,0.4
0.008556799999999998,-0.0093,0.32000000000000006
0.008558399999999999,0.006700000000000001,0.32000000000000006
0.008559999999999998,-0.0085,0.32000000000000006
0.008561599999999999,0.006500000000000001,0.32000000000000006
0.008563199999999998,-0.010499999999999999,0.32000000000000006
0.0085648,0.0051,0.32000000000000006
0.008566399999999998,-0.0059,0.32000000000000006
0.008568,0.0045000000000000005,0.32000000000000006
0.008569599999999998,-0.0031,0.32000000000000006
0.0085712,-9.999999999999983e-05,0.32000000000000006
0.008572799999999998,-0.0006999999999999997,0.32000000000000006
0.0085744,-0.0026999999999999997,0.32000000000000006
0.008575999999999999,0.0027,0.32000000000000006
0.0085776,-0.006500000000000001,0.32000000000000006
0.008579199999999999,0.0041,0.32000000000000006
0.0085808,-0.0055,0.32000000000000006
0.008582399999999999,0.0047,0.32000000000000006
0.008584,-0.0045,0.32000000000000006
0.008585599999999999,0.006500000000000001,0.32000000000000006
0.008587199999999998,-0.0055,0.32000000000000006
0.008588799999999999,0.0041,0.32000000000000006
0.008590399999999998,-0.0049,0.32000000000000006
0.008591999999999999,0.0047,0.32000000000000006
0.008593599999999998,-0.0055,0.32000000000000006
0.008595199999999999,0.005500000000000001,0.32000000000000006
0.008596799999999998,-0.0075,0.32000000000000006
0.008598399999999999,0.008100000000000001,0.32000000000000006
0.008599999999999998,-0.0103,0.32000000000000006
0.0086016,0.0057,0.32000000000000006
0.008603199999999998,-0.0083,0.32000000000000006
0.0086048,0.0037,0.32000000000000006
0.008606399999999998,-0.006699999999999999,0.32000000000000006
0.008608,0.0051,0.32000000000000006
0.008609599999999999,-0.0033,0.32000000000000006
0.0086112,-0.0008999999999999998,0.32000000000000006
0.008612799999999999,-0.0002999999999999995,0.32000000000000006
0.0086144,-0.0016999999999999997,0.32000000000000006
0.008615999999999999,0.0007000000000000005,0.32000000000000006
0.0086176,-0.0059,0.32000000000000006
0.008619199999999999,0.0039000000000000007,0.32000000000000006
0.0086208,-0.006500000000000001,0.32000000000000006
0.008622399999999999,0.005500000000000001,0.32000000000000006
0.008623999999999998,-0.006500000000000001,0.32000000000000006
0.008625599999999999,0.0045000000000000005,0.32000000000000006
0.008627199999999998,-0.0055,0.32000000000000006
0.008628799999999999,0.0031000000000000003,0.32000000000000006
0.008630399999999998,-0.0047,0.32000000000000006
0.008631999999999999,0.0037,0.32000000000000006
0.008633599999999998,-0.0069,0.32000000000000006
0.008635199999999999,0.004900000000000001,0.32000000000000006
0.008636799999999998,-0.011300000000000001,0.32000000000000006
0.0086384,0.006700000000000001,0.32000000000000006
0.008639999999999998,-0.0089,0.32000000000000006
0.0086416,0.008700000000000001,0.32000000000000006
0.008643199999999998,-0.0077,0.32000000000000006
0.0086448,0.0045000000000000005,0.32000000000000006
0.008646399999999999,-0.006699999999999999,0.32000000000000006
0.008648,0.0019000000000000006,0.32000000000000006
0.008649599999999999,0.00030000000000000035,0.4
0.0086512,-0.0004999999999999996,0.32000000000000006
0.008652799999999999,0.0025000000000000005,0.32000000000000006
0.0086544,-0.0010999999999999996,0.32000000000000006
0.008655999999999999,0.0031000000000000003,0.32000000000000006
0.008657599999999998,-0.0071,0.32000000000000006
0.008659199999999999,0.0079,0.32000000000000006
0.008660799999999998,-0.0085,0.32000000000000006
0.008662399999999999,0.0069,0.32000000000000006
0.008663999999999998,-0.0069,0.4
0.008665599999999999,0.005300000000000001,0.32000000000000006
0.008667199999999998,-0.006699999999999999,0.32000000000000006
0.008668799999999999,0.0057,0.32000000000000006
0.008670399999999998,-0.006500000000000001,0.32000000000000006
0.008672,0.0037,0.32000000000000006
0.008673599999999998,-0.006699999999999999,0.32000000000000006
0.0086752,0.005900000000000001,0.32000000000000006
0.008676799999999998,-0.0087,0.32000000000000006
0.0086784,0.008100000000000001,0.32000000000000006
0.008679999999999998,-0.0091,0.32000000000000006
0.0086816,0.005500000000000001,0.32000000000000006
0.008683199999999999,-0.0085,0.32000000000000006
0.0086848,0.0039000000000000007,0.32000000000000006
0.008686399999999999,-0.0071,0.32000000000000006
0.008688,0.002300000000000001,0.32000000000000006
0.008689599999999999,-0.0029,0.32000000000000006
0.0086912,-0.0012999999999999997,0.32000000000000006
0.008692799999999999,-0.0002999999999999995,0.32000000000000006
0.008694399999999998,-0.0049,0.32000000000000006
0.008695999999999999,0.0037,0.32000000000000006
0.008697599999999998,-0.006699999999999999,0.32000000000000006
0.008699199999999999,0.0045000000000000005,0.32000000000000006
0.008700799999999998,-0.0055,0.32000000000000006
0.008702399999999999,0.0027,0.32000000000000006
0.008703999999999998,-0.0060999999999999995,0.32000000000000006
0.008705599999999999,0.0031000000000000003,0.32000000000000006
0.008707199999999998,-0.0059,0.32000000000000006
0.0087088,0.004900000000000001,0.32000000000000006
0.008710399999999998,-0.006699999999999999,0.4
0.008712,0.0057,0.32000000000000006
0.008713599999999998,-0.0063,0.32000000000000006
0.0087152,0.004300000000000001,0.32000000000000006
0.008716799999999999,-0.0079,0.32000000000000006
0.0087184,0.0069,0.32000000000000006
0.008719999999999999,-0.010100000000000001,0.32000000000000006
0.0087216,0.0063,0.32000000000000006
0.008723199999999999,-0.0085,0.32000000000000006
0.0087248,0.004300000000000001,0.32000000000000006
0.008726399999999999,-0.0049,0.32000000000000006
0.008727999999999998,0.0031000000000000003,0.32000000000000006
0.008729599999999999,-0.0033,0.32000000000000006
0.008731199999999998,-0.0018999999999999998,0.32000000000000006
0.008732799999999999,0.0007000000000000005,0.32000000000000006
0.008734399999999998,-0.0043,0.32000000000000006
0.008735999999999999,0.0045000000000000005,0.32000000000000006
0.008737599999999998,-0.006500000000000001,0.32000000000000006
0.008739199999999999,0.0079,0.32000000000000006
0.008740799999999998,-0.0089,0.32000000000000006
0.008742399999999999,0.006500000000000001,0.32000000000000006
0.008743999999999998,-0.0077,0.32000000000000006
0.0087456,0.005500000000000001,0.32000000000000006
0.008747199999999998,-0.0063,0.32000000000000006
0.0087488,0.005300000000000001,0.32000000000000006
0.008750399999999998,-0.0071,0.32000000000000006
0.008752,0.004900000000000001,0.32000000000000006
0.008753599999999999,-0.0057,0.32000000000000006
0.0087552,0.0057,0.32000000000000006
0.008756799999999999,-0.0069,0.32000000000000006
0.0087584,0.007300000000000001,0.32000000000000006
0.008759999999999999,-0.0103,0.32000000000000006
0.0087616,0.0063,0.32000000000000006
0.008763199999999999,-0.0121,0.32000000000000006
0.008764799999999998,0.0047,0.32000000000000006
0.008766399999999999,-0.0077,0.32000000000000006
0.008767999999999998,0.0025000000000000005,0.32000000000000006
0.008769599999999999,-0.0023,0.32000000000000006
0.008771199999999998,0.0011000000000000003,0.32000000000000006
0.008772799999999999,0.00030000000000000035,0.32000000000000006
0.008774399999999998,-0.0039,0.32000000000000006
0.008775999999999999,0.002300000000000001,0.32000000000000006
0.008777599999999998,-0.0057,0.32000000000000006
0.0087792,0.005500000000000001,0.32000000000000006
0.008780799999999998,-0.0071,0.32000000000000006
0.0087824,0.0057,0.32000000000000006
0.008783999999999998,-0.006699999999999999,0.32000000000000006
0.0087856,0.0047,0.32000000000000006
0.008787199999999998,-0.0063,0.32000000000000006
0.0087888,0.0045000000000000005,0.32000000000000006
0.008790399999999999,-0.0057,0.4
0.008792,0.0057,0.32000000000000006
0.008793599999999999,-0.0075,0.32000000000000006
0.0087952,0.005900000000000001,0.32000000000000006
0.008796799999999999,-0.0077,0.32000000000000006
0.0087984,0.0057,0.32000000000000006
0.008799999999999999,-0.0117,0.32000000000000006
0.008801599999999998,0.006100000000000001,0.32000000000000006
0.008803199999999999,-0.0083,0.32000000000000006
0.008804799999999998,0.0047,0.32000000000000006
0.008806399999999999,-0.0075,0.32000000000000006
0.008807999999999998,0.003300000000000001,0.32000000000000006
0.008809599999999999,-0.0024999999999999996,0.32000000000000006
0.008811199999999998,-0.0014999999999999998,0.32000000000000006
0.008812799999999999,0.00030000000000000035,0.32000000000000006
0.008814399999999998,-0.0029,0.32000000000000006
0.008816,0.0021000000000000003,0.32000000000000006
0.008817599999999998,-0.0071,0.32000000000000006
0.0088192,0.0037,0.32000000000000006
0.008820799999999998,-0.009899999999999999,0.32000000000000006
0.0088224,0.006500000000000001,0.32000000000000006
0.008823999999999999,-0.0053,0.32000000000000006
0.0088256,0.0057,0.32000000000000006
0.008827199999999999,-0.0059,0.32000000000000006
0.0088288,0.0039000000000000007,0.32000000000000006
0.008830399999999999,-0.0079,0.32000000000000006
0.008832,0.004900000000000001,0.32000000000000006
0.008833599999999999,-0.006699999999999999,0.32000000000000006
0.008835199999999998,0.003300000000000001,0.32000000000000006
0.008836799999999999,-0.0089,0.32000000000000006
0.008838399999999998,0.0071,0.32000000000000006
0.008839999999999999,-0.0091,0.32000000000000006
0.008841599999999998,0.005900000000000001,0.32000000000000006
0.008843199999999999,-0.0083,0.32000000000000006
0.008844799999999998,0.005500000000000001,0.32000000000000006
0.008846399999999999,-0.0039,0.32000000000000006
0.008847999999999998,0.0047,0.32000000000000006
0.0088496,-0.0034999999999999996,0.32000000000000006
0.008851199999999998,-0.0040999999999999995,0.32000000000000006
0.0088528,0.0013000000000000008,0.32000000000000006
0.008854399999999998,-0.0040999999999999995,0.32000000000000006
0.008856,0.0047,0.32000000000000006
0.008857599999999998,-0.0060999999999999995,0.32000000000000006
0.0088592,0.0037,0.32000000000000006
0.008860799999999999,-0.0073,0.4
0.0088624,0.0083,0.32000000000000006
0.008863999999999999,-0.0089,0.32000000000000006
0.0088656,0.0069,0.32000000000000006
0.008867199999999999,-0.0075,0.32000000000000006
0.0088688,0.005900000000000001,0.32000000000000006
0.008870399999999999,-0.0043,0.32000000000000006
0.008871999999999998,0.005300000000000001,0.32000000000000006
0.008873599999999999,-0.0083,0.32000000000000006
0.008875199999999998,0.005500000000000001,0.32000000000000006
0.008876799999999999,-0.0091,0.32000000000000006
0.008878399999999998,0.006700000000000001,0.32000000000000006
0.008879999999999999,-0.0093,0.32000000000000006
0.008881599999999998,0.006500000000000001,0.32000000000000006
0.008883199999999999,-0.010700000000000001,0.32000000000000006
0.008884799999999998,0.0039000000000000007,0.32000000000000006
0.0088864,-0.0055,0.32000000000000006
0.008887999999999998,0.0025000000000000005,0.32000000000000006
0.0088896,-0.0034999999999999996,0.32000000000000006
0.008891199999999998,-0.0031,0.32000000000000006
0.0088928,0.0017000000000000001,0.32000000000000006
0.008894399999999998,-0.0049,0.32000000000000006
0.008896,0.0037,0.32000000000000006
0.008897599999999999,-0.0055,0.32000000000000006
0.0088992,0.0035000000000000005,0.32000000000000006
0.008900799999999999,-0.0079,0.32000000000000006
0.0089024,0.008100000000000001,0.32000000000000006
0.008903999999999999,-0.0077,0.32000000000000006
0.0089056,0.006500000000000001,0.32000000000000006
0.008907199999999999,-0.0053,0.32000000000000006
0.008908799999999998,0.0041,0.32000000000000006
0.008910399999999999,-0.0057,0.32000000000000006
0.008911999999999998,0.0035000000000000005,0.32000000000000006
0.008913599999999999,-0.0057,0.32000000000000006
0.008915199999999998,0.005900000000000001,0.32000000000000006
0.008916799999999999,-0.0083,0.32000000000000006
0.008918399999999998,0.006500000000000001,0.24
0.008919999999999999,-0.0083,0.32000000000000006
0.008921599999999998,0.006700000000000001,0.32000000000000006
0.0089232,-0.0089,0.32000000000000006
0.008924799999999998,0.004900000000000001,0.4
0.0089264,-0.0073,0.32000000000000006
0.008927999999999998,0.0045000000000000005,0.32000000000000006
0.0089296,-0.0016999999999999997,0.32000000000000006
0.008931199999999999,-0.0010999999999999996,0.32000000000000006
0.0089328,-0.0014999999999999998,0.32000000000000006
0.008934399999999999,-0.0047,0.32000000000000006
0.008936,0.002300000000000001,0.32000000000000006
0.008937599999999999,-0.0040999999999999995,0.32000000000000006
0.0089392,0.0047,0.32000000000000006
0.008940799999999999,-0.0075,0.32000000000000006
0.008942399999999998,0.0047,0.32000000000000006
0.008943999999999999,-0.0079,0.32000000000000006
0.008945599999999998,0.005900000000000001,0.32000000000000006
0.008947199999999999,-0.0073,0.32000000000000006
0.008948799999999998,0.004900000000000001,0.32000000000000006
0.008950399999999999,-0.0047,0.32000000000000006
0.008951999999999998,0.0037,0.32000000000000006
0.008953599999999999,-0.0075,0.32000000000000006
0.008955199999999998,0.0051,0.32000000000000006
0.0089568,-0.010499999999999999,0.32000000000000006
0.008958399999999998,0.0077,0.32000000000000006
0.00896,-0.0109,0.32000000000000006
0.008961599999999998,0.0047,0.32000000000000006
0.0089632,-0.0091,0.32000000000000006
0.008964799999999998,0.007300000000000001,0.32000000000000006
0.0089664,-0.0071,0.32000000000000006
0.008967999999999999,0.0041,0.32000000000000006
0.0089696,-0.0040999999999999995,0.32000000000000006
0.008971199999999999,0.00030000000000000035,0.32000000000000006
0.0089728,-0.0006999999999999997,0.32000000000000006
0.008974399999999999,-0.0045,0.32000000000000006
0.008976,0.0021000000000000003,0.32000000000000006
0.008977599999999999,-0.0069,0.32000000000000006
0.008979199999999998,0.0051,0.32000000000000006
0.008980799999999999,-0.0057,0.4
0.008982399999999998,0.004900000000000001,0.32000000000000006
0.008983999999999999,-0.006500000000000001,0.32000000000000006
0.008985599999999998,0.0063,0.4
0.008987199999999999,-0.006500000000000001,0.4
0.008988799999999998,0.0039000000000000007,0.32000000000000006
0.008990399999999999,-0.0047,0.32000000000000006
0.008991999999999998,0.0037,0.32000000000000006
0.0089936,-0.0075,0.4
0.008995199999999998,0.0045000000000000005,0.32000000000000006
0.0089968,-0.0089,0.32000000000000006
0.008998399999999998,0.006700000000000001,0.32000000000000006
0.009,-0.009899999999999999,0.32000000000000006
0.009001599999999998,0.0069,0.32000000000000006
0.0090032,-0.0091,0.32000000000000006
0.009004799999999999,0.0057,0.32000000000000006
0.0090064,-0.0063,0.32000000000000006
0.009007999999999999,0.0031000000000000003,0.24
0.0090096,-0.0031,0.32000000000000006
0.009011199999999999,-0.0002999999999999995,0.32000000000000006
0.0090128,0.0009000000000000002,0.32000000000000006
0.009014399999999999,-0.0055,0.32000000000000006
0.009015999999999998,0.0035000000000000005,0.32000000000000006
0.009017599999999999,-0.0053,0.32000000000000006
0.009019199999999998,0.005300000000000001,0.32000000000000006
0.009020799999999999,-0.0075,0.32000000000000006
0.009022399999999998,0.006100000000000001,0.32000000000000006
0.009023999999999999,-0.0081,0.32000000000000006
0.009025599999999998,0.0045000000000000005,0.32000000000000006
0.009027199999999999,-0.0057,0.32000000000000006
0.009028799999999998,0.0039000000000000007,0.32000000000000006
0.0090304,-0.0055,0.32000000000000006
0.009031999999999998,0.0047,0.32000000000000006
0.0090336,-0.0073,0.32000000000000006
0.009035199999999998,0.0047,0.32000000000000006
0.0090368,-0.0085,0.32000000000000006
0.009038399999999999,0.0063,0.32000000000000006
0.00904,-0.009899999999999999,0.32000000000000006
0.009041599999999999,0.006700000000000001,0.32000000000000006
0.0090432,-0.0089,0.32000000000000006
0.009044799999999999,0.0047,0.32000000000000006
0.0090464,-0.0073,0.32000000000000006
0.009047999999999999,0.0037,0.32000000000000006
0.009049599999999998,-0.0049,0.32000000000000006
0.009051199999999999,-0.0008999999999999998,0.32000000000000006
0.009052799999999998,0.00010000000000000026,0.32000000000000006
0.009054399999999999,-0.0023,0.32000000000000006
0.009055999999999998,0.0031000000000000003,0.32000000000000006
0.009057599999999999,-0.0073,0.32000000000000006
0.009059199999999998,0.0047,0.32000000000000006
0.009060799999999999,-0.0073,0.32000000000000006
0.009062399999999998,0.0019000000000000006,0.32000000000000006
0.009064,-0.0075,0.32000000000000006
0.009065599999999998,0.005300000000000001,0.32000000000000006
0.0090672,-0.0053,0.32000000000000006
0.009068799999999998,0.004300000000000001,0.32000000000000006
0.0090704,-0.0051,0.32000000000000006
0.009071999999999998,0.0045000000000000005,0.32000000000000006
0.0090736,-0.0060999999999999995,0.32000000000000006
0.009075199999999999,0.0057,0.32000000000000006
0.0090768,-0.0089,0.32000000000000006
0.009078399999999999,0.004900000000000001,0.32000000000000006
0.00908,-0.0091,0.32000000000000006
0.009081599999999999,0.006500000000000001,0.32000000000000006
0.0090832,-0.0097,0.32000000000000006
0.009084799999999999,0.0047,0.32000000000000006
0.009086399999999998,-0.0073,0.32000000000000006
0.009087999999999999,0.0019000000000000006,0.32000000000000006
0.009089599999999998,-0.0033,0.32000000000000006
0.009091199999999999,0.0007000000000000005,0.32000000000000006
0.009092799999999998,-0.0008999999999999998,0.32000000000000006
0.009094399999999999,-0.0029,0.32000000000000006
0.009095999999999998,0.0031000000000000003,0.32000000000000006
0.009097599999999999,-0.0055,0.32000000000000006
0.009099199999999998,0.0037,0.32000000000000006
0.0091008,-0.006500000000000001,0.32000000000000006
0.009102399999999998,0.006700000000000001,0.32000000000000006
0.009104,-0.0079,0.32000000000000006
0.009105599999999998,0.0063,0.32000000000000006
0.0091072,-0.0079,0.32000000000000006
0.009108799999999998,0.005500000000000001,0.32000000000000006
0.0091104,-0.0034999999999999996,0.32000000000000006
0.009111999999999999,0.005900000000000001,0.32000000000000006
0.0091136,-0.0063,0.32000000000000006
0.009115199999999999,0.0057,0.32000000000000006
0.0091168,-0.0079,0.32000000000000006
0.009118399999999999,0.0051,0.32000000000000006
0.009119999999999998,-0.0091,0.32000000000000006
0.009121599999999999,0.0047,0.32000000000000006
0.009123199999999998,-0.0095,0.32000000000000006
0.009124799999999999,0.0075000000000000015,0.32000000000000006
0.009126399999999998,-0.0055,0.32000000000000006
0.009127999999999999,0.0015000000000000005,0.32000000000000006
0.009129599999999998,-0.0021,0.32000000000000006
0.009131199999999999,0.0005000000000000004,0.32000000000000006
0.009132799999999998,-9.999999999999983e-05,0.32000000000000006
0.009134399999999999,-0.0034999999999999996,0.32000000000000006
0.009135999999999998,0.0015000000000000005,0.32000000000000006
0.0091376,-0.0083,0.32000000000000006
0.009139199999999998,0.005300000000000001,0.32000000000000006
0.0091408,-0.0073,0.32000000000000006
0.009142399999999998,0.0041,0.32000000000000006
0.009144,-0.0079,0.32000000000000006
0.009145599999999999,0.0057,0.32000000000000006
0.0091472,-0.0071,0.32000000000000006
0.009148799999999999,0.0045000000000000005,0.32000000000000006
0.0091504,-0.0063,0.32000000000000006
0.009151999999999999,0.004300000000000001,0.24
0.0091536,-0.0075,0.32000000000000006
0.009155199999999999,0.005300000000000001,0.32000000000000006
0.009156799999999998,-0.0071,0.32000000000000006
0.009158399999999999,0.0071,0.32000000000000006
0.009159999999999998,-0.0103,0.32000000000000006
0.009161599999999999,0.007300000000000001,0.32000000000000006
0.009163199999999998,-0.0089,0.32000000000000006
0.009164799999999999,0.003300000000000001,0.32000000000000006
0.009166399999999998,-0.0059,0.32000000000000006
0.009167999999999999,0.0007000000000000005,0.32000000000000006
0.009169599999999998,-0.0024999999999999996,0.32000000000000006
0.0091712,-0.0012999999999999997,0.32000000000000006
0.009172799999999998,0.0005000000000000004,0.32000000000000006
0.0091744,-0.0029,0.32000000000000006
0.009175999999999998,0.0031000000000000003,0.32000000000000006
0.0091776,-0.0071,0.32000000000000006
0.009179199999999998,0.006100000000000001,0.32000000000000006
0.0091808,-0.0049,0.32000000000000006
0.009182399999999999,0.0063,0.32000000000000006
0.009184,-0.0073,0.32000000000000006
0.009185599999999999,0.004300000000000001,0.32000000000000006
0.0091872,-0.0075,0.32000000000000006
0.009188799999999999,0.0051,0.32000000000000006
0.0091904,-0.0055,0.32000000000000006
0.009191999999999999,0.0045000000000000005,0.32000000000000006
0.009193599999999998,-0.0073,0.32000000000000006
0.009195199999999999,0.004900000000000001,0.32000000000000006
0.009196799999999998,-0.0103,0.32000000000000006
0.009198399999999999,0.005500000000000001,0.32000000000000006
0.009199999999999998,-0.010100000000000001,0.32000000000000006
0.009201599999999999,0.007300000000000001,0.32000000000000006
0.009203199999999998,-0.0083,0.32000000000000006
0.009204799999999999,0.005300000000000001,0.32000000000000006
0.009206399999999998,-0.0081,0.32000000000000006
0.009208,0.0031000000000000003,0.32000000000000006
0.009209599999999998,-0.0039,0.4
0.0092112,-0.0023,0.32000000000000006
0.009212799999999998,0.0005000000000000004,0.32000000000000006
0.0092144,-0.0039,0.32000000000000006
0.009215999999999998,0.0029000000000000007,0.32000000000000006
0.0092176,-0.0057,0.32000000000000006
0.009219199999999999,0.007300000000000001,0.32000000000000006
0.0092208,-0.0079,0.32000000000000006
0.009222399999999999,0.0063,0.32000000000000006
0.009224,-0.0069,0.32000000000000006
0.009225599999999999,0.0079,0.32000000000000006
0.009227199999999998,-0.0057,0.32000000000000006
0.009228799999999999,0.005300000000000001,0.32000000000000006
0.009230399999999998,-0.0051,0.32000000000000006
0.009231999999999999,0.005300000000000001,0.32000000000000006
0.009233599999999998,-0.0069,0.32000000000000006
0.009235199999999999,0.005900000000000001,0.32000000000000006
0.009236799999999998,-0.0093,0.32000000000000006
0.009238399999999999,0.006100000000000001,0.32000000000000006
0.009239999999999998,-0.0095,0.32000000000000006
0.009241599999999999,0.007300000000000001,0.32000000000000006
0.009243199999999998,-0.0091,0.32000000000000006
0.0092448,0.004900000000000001,0.32000000000000006
0.009246399999999998,-0.0073,0.32000000000000006
0.009248,0.0025000000000000005,0.32000000000000006
0.009249599999999998,-0.0021,0.32000000000000006
0.0092512,-0.0006999999999999997,0.32000000000000006
0.009252799999999999,-0.0012999999999999997,0.32000000000000006
0.0092544,-0.0023,0.32000000000000006
0.009255999999999999,0.0011000000000000003,0.32000000000000006
0.0092576,-0.006699999999999999,0.32000000000000006
0.009259199999999999,0.005500000000000001,0.32000000000000006
0.0092608,-0.0060999999999999995,0.32000000000000006
0.009262399999999999,0.005900000000000001,0.4
0.009263999999999998,-0.006500000000000001,0.32000000000000006
0.009265599999999999,0.0039000000000000007,0.32000000000000006
0.009267199999999998,-0.0060999999999999995,0.32000000000000006
0.009268799999999999,0.0057,0.32000000000000006
0.009270399999999998,-0.006500000000000001,0.32000000000000006
0.009271999999999999,0.0057,0.32000000000000006
0.009273599999999998,-0.0077,0.32000000000000006
0.009275199999999999,0.006100000000000001,0.32000000000000006
0.009276799999999998,-0.0097,0.32000000000000006
0.0092784,0.0063,0.32000000000000006
0.009279999999999998,-0.010499999999999999,0.32000000000000006
0.0092816,0.006700000000000001,0.32000000000000006
0.009283199999999998,-0.010100000000000001,0.32000000000000006
0.0092848,0.0057,0.32000000000000006
0.009286399999999998,-0.0051,0.32000000000000006
0.009288,0.0021000000000000003,0.32000000000000006
0.009289599999999999,-0.0045,0.4
0.0092912,-0.0004999999999999996,0.32000000000000006
0.009292799999999999,-0.0010999999999999996,0.32000000000000006
0.0092944,-0.0031,0.32000000000000006
0.009295999999999999,0.002300000000000001,0.32000000000000006
0.0092976,-0.0059,0.32000000000000006
0.009299199999999999,0.0035000000000000005,0.32000000000000006
0.009300799999999998,-0.0040999999999999995,0.32000000000000006
0.009302399999999999,0.006700000000000001,0.32000000000000006
0.009303999999999998,-0.006500000000000001,0.32000000000000006
0.009305599999999999,0.0051,0.32000000000000006
0.009307199999999998,-0.0047,0.32000000000000006
0.009308799999999999,0.0031000000000000003,0.32000000000000006
0.009310399999999998,-0.0049,0.32000000000000006
0.009311999999999999,0.0039000000000000007,0.4
0.009313599999999998,-0.0079,0.32000000000000006
0.0093152,0.005300000000000001,0.32000000000000006
0.009316799999999998,-0.0093,0.32000000000000006
0.0093184,0.0063,0.32000000000000006
0.009319999999999998,-0.0087,0.32000000000000006
0.0093216,0.007300000000000001,0.32000000000000006
0.009323199999999999,-0.0089,0.32000000000000006
0.0093248,0.0041,0.32000000000000006
0.009326399999999999,-0.0051,0.32000000000000006
0.009328,0.002300000000000001,0.32000000000000006
0.009329599999999999,-0.0014999999999999998,0.32000000000000006
0.0093312,-0.0021,0.32000000000000006
0.009332799999999999,-9.999999999999983e-05,0.32000000000000006
0.009334399999999998,-0.0036999999999999997,0.32000000000000006
0.009335999999999999,0.0039000000000000007,0.32000000000000006
0.009337599999999998,-0.0073,0.32000000000000006
0.009339199999999999,0.005900000000000001,0.32000000000000006
0.009340799999999998,-0.0073,0.32000000000000006
0.009342399999999999,0.0071,0.32000000000000006
0.009343999999999998,-0.0071,0.32000000000000006
0.009345599999999999,0.007300000000000001,0.32000000000000006
0.009347199999999998,-0.0051,0.32000000000000006
0.009348799999999999,0.003300000000000001,0.32000000000000006
0.009350399999999998,-0.0073,0.32000000000000006
0.009352,0.004300000000000001,0.32000000000000006
0.009353599999999998,-0.0073,0.32000000000000006
0.0093552,0.0063,0.32000000000000006
0.009356799999999998,-0.0083,0.32000000000000006
0.0093584,0.006500000000000001,0.32000000000000006
0.009359999999999999,-0.0077,0.32000000000000006
0.0093616,0.0071,0.32000000000000006
0.009363199999999999,-0.0087,0.32000000000000006
0.0093648,0.005500000000000001,0.32000000000000006
0.009366399999999999,-0.0077,0.32000000000000006
0.009368,0.0015000000000000005,0.32000000000000006
0.009369599999999999,-0.0018999999999999998,0.32000000000000006
0.009371199999999998,-0.0031,0.32000000000000006
0.009372799999999999,0.0025000000000000005,0.32000000000000006
0.009374399999999998,-0.0053,0.32000000000000006
0.009375999999999999,0.004300000000000001,0.32000000000000006
0.009377599999999998,-0.0053,0.32000000000000006
0.009379199999999999,0.004900000000000001,0.32000000000000006
0.009380799999999998,-0.0081,0.32000000000000006
0.009382399999999999,0.005300000000000001,0.32000000000000006
0.009383999999999998,-0.0059,0.32000000000000006
0.0093856,0.0057,0.32000000000000006
0.009387199999999998,-0.0079,0.32000000000000006
0.0093888,0.002300000000000001,0.32000000000000006
0.009390399999999998,-0.0060999999999999995,0.32000000000000006
0.009392,0.005300000000000001,0.32000000000000006
0.009393599999999998,-0.006699999999999999,0.32000000000000006
0.0093952,0.0057,0.32000000000000006
0.009396799999999999,-0.0091,0.32000000000000006
0.0093984,0.0047,0.32000000000000006
0.009399999999999999,-0.0123,0.32000000000000006
0.0094016,0.0045000000000000005,0.32000000000000006
0.009403199999999999,-0.009899999999999999,0.4
0.009404799999999998,0.0039000000000000007,0.32000000000000006
0.009406399999999999,-0.0055,0.32000000000000006
0.009407999999999998,0.0035000000000000005,0.32000000000000006
0.009409599999999999,-0.0039,0.32000000000000006
0.009411199999999998,-0.0021,0.32000000000000006
0.009412799999999999,0.0013000000000000008,0.32000000000000006
0.009414399999999998,-0.0021,0.32000000000000006
0.009415999999999999,0.003300000000000001,0.32000000000000006
0.009417599999999998,-0.0029,0.32000000000000006
0.009419199999999999,0.006500000000000001,0.32000000000000006
0.009420799999999998,-0.0045,0.32000000000000006
0.0094224,0.0045000000000000005,0.32000000000000006
0.009423999999999998,-0.0060999999999999995,0.32000000000000006
0.0094256,0.0045000000000000005,0.32000000000000006
0.009427199999999998,-0.0049,0.32000000000000006
0.0094288,0.0035000000000000005,0.32000000000000006
0.009430399999999999,-0.0060999999999999995,0.32000000000000006
0.009432,0.0041,0.32000000000000006
0.009433599999999999,-0.006699999999999999,0.32000000000000006
0.0094352,0.0035000000000000005,0.32000000000000006
0.009436799999999999,-0.0081,0.32000000000000006
0.0094384,0.0071,0.32000000000000006
0.009439999999999999,-0.0093,0.32000000000000006
0.009441599999999998,0.0071,0.32000000000000006
0.009443199999999999,-0.0103,0.32000000000000006
0.009444799999999998,0.0029000000000000007,0.32000000000000006
0.009446399999999999,-0.0063,0.32000000000000006
0.009447999999999998,0.0017000000000000001,0.32000000000000006
0.009449599999999999,-0.0006999999999999997,0.32000000000000006
0.009451199999999998,-0.0012999999999999997,0.4
0.009452799999999999,0.0007000000000000005,0.32000000000000006
0.009454399999999998,-0.0033,0.32000000000000006
0.009455999999999999,0.0045000000000000005,0.32000000000000006
0.009457599999999998,-0.0053,0.32000000000000006
0.0094592,0.0057,0.32000000000000006
0.009460799999999998,-0.006699999999999999,0.32000000000000006
0.0094624,0.0057,0.32000000000000006
0.009463999999999998,-0.0071,0.32000000000000006
0.0094656,0.006700000000000001,0.32000000000000006
0.009467199999999999,-0.0051,0.32000000000000006
0.0094688,0.0039000000000000007,0.32000000000000006
0.009470399999999999,-0.0079,0.32000000000000006
0.009472,0.0039000000000000007,0.32000000000000006
0.009473599999999999,-0.0057,0.32000000000000006
0.0094752,0.005900000000000001,0.32000000000000006
0.009476799999999999,-0.0089,0.32000000000000006
0.009478399999999998,0.0063,0.32000000000000006
0.009479999999999999,-0.0093,0.32000000000000006
0.009481599999999998,0.005500000000000001,0.32000000000000006
0.009483199999999999,-0.010499999999999999,0.32000000000000006
0.009484799999999998,0.004900000000000001,0.32000000000000006
0.009486399999999999,-0.0077,0.32000000000000006
0.009487999999999998,0.0011000000000000003,0.32000000000000006
0.009489599999999999,-0.0024999999999999996,0.32000000000000006
0.009491199999999998,-0.0002999999999999995,0.32000000000000006
0.0094928,0.00010000000000000026,0.32000000000000006
0.009494399999999998,-0.0004999999999999996,0.32000000000000006
0.009496,0.0039000000000000007,0.32000000000000006
0.009497599999999998,-0.006699999999999999,0.32000000000000006
0.0094992,0.004300000000000001,0.32000000000000006
0.009500799999999998,-0.006699999999999999,0.32000000000000006
0.0095024,0.005300000000000001,0.32000000000000006
0.009503999999999999,-0.0033,0.32000000000000006
0.0095056,0.0051,0.32000000000000006
0.009507199999999999,-0.0063,0.32000000000000006
0.0095088,0.0031000000000000003,0.32000000000000006
0.009510399999999999,-0.0059,0.32000000000000006
0.009511999999999998,0.004900000000000001,0.32000000000000006
0.009513599999999999,-0.0059,0.32000000000000006
0.009515199999999998,0.005300000000000001,0.32000000000000006
0.009516799999999999,-0.0081,0.32000000000000006
0.009518399999999998,0.006700000000000001,0.32000000000000006
0.009519999999999999,-0.009899999999999999,0.32000000000000006
0.009521599999999998,0.0041,0.32000000000000006
0.009523199999999999,-0.0089,0.32000000000000006
0.009524799999999998,0.0047,0.32000000000000006
0.009526399999999999,-0.0063,0.32000000000000006
0.009527999999999998,0.0029000000000000007,0.32000000000000006
0.0095296,-0.0033,0.32000000000000006
0.009531199999999998,0.0013000000000000008,0.32000000000000006
0.0095328,-0.0016999999999999997,0.32000000000000006
0.009534399999999998,-0.0055,0.32000000000000006
0.009536,0.0015000000000000005,0.32000000000000006
0.009537599999999999,-0.0045,0.32000000000000006
0.0095392,0.006500000000000001,0.32000000000000006
0.009540799999999999,-0.0057,0.32000000000000006
0.0095424,0.006100000000000001,0.32000000000000006
0.009543999999999999,-0.006699999999999999,0.32000000000000006
0.0095456,0.0077,0.32000000000000006
0.009547199999999999,-0.0057,0.32000000000000006
0.009548799999999998,0.004900000000000001,0.32000000000000006
0.009550399999999999,-0.006699999999999999,0.32000000000000006
0.009551999999999998,0.0051,0.32000000000000006
0.009553599999999999,-0.006699999999999999,0.32000000000000006
0.009555199999999998,0.0047,0.32000000000000006
0.009556799999999999,-0.0085,0.32000000000000006
0.009558399999999998,0.0063,0.32000000000000006
0.009559999999999999,-0.0087,0.32000000000000006
0.009561599999999998,0.006700000000000001,0.32000000000000006
0.009563199999999999,-0.0087,0.32000000000000006
0.009564799999999998,0.004300000000000001,0.32000000000000006
0.0095664,-0.0045,0.32000000000000006
0.009567999999999998,0.0027,0.32000000000000006
0.0095696,-0.0029,0.32000000000000006
0.009571199999999998,0.0013000000000000008,0.32000000000000006
0.0095728,-9.999999999999983e-05,0.32000000000000006
0.009574399999999999,-0.0049,0.32000000000000006
0.009576,0.0045000000000000005,0.32000000000000006
0.009577599999999999,-0.0077,0.32000000000000006
0.0095792,0.006100000000000001,0.32000000000000006
0.009580799999999999,-0.006699999999999999,0.32000000000000006
0.0095824,0.006700000000000001,0.32000000000000006
0.009583999999999999,-0.006699999999999999,0.32000000000000006
0.009585599999999998,0.0041,0.32000000000000006
0.009587199999999999,-0.0081,0.32000000000000006
0.009588799999999998,0.006100000000000001,0.32000000000000006
0.009590399999999999,-0.0071,0.32000000000000006
0.009591999999999998,0.0041,0.32000000000000006
0.009593599999999999,-0.006699999999999999,0.32000000000000006
0.009595199999999998,0.006100000000000001,0.32000000000000006
0.009596799999999999,-0.010499999999999999,0.32000000000000006
0.009598399999999998,0.0069,0.32000000000000006
0.0096,-0.0091,0.32000000000000006
0.009601599999999998,0.0057,0.32000000000000006
0.0096032,-0.0085,0.32000000000000006
0.009604799999999998,0.004900000000000001,0.32000000000000006
0.0096064,-0.0075,0.32000000000000006
0.009607999999999998,0.0005000000000000004,0.32000000000000006
0.0096096,-0.0039,0.32000000000000006
0.009611199999999999,-0.0021,0.32000000000000006
0.0096128,0.0019000000000000006,0.32000000000000006
0.009614399999999999,-0.0043,0.32000000000000006
0.009616,0.0031000000000000003,0.32000000000000006
0.009617599999999999,-0.0059,0.32000000000000006
0.009619199999999998,0.006700000000000001,0.32000000000000006
0.009620799999999999,-0.0060999999999999995,0.32000000000000006
0.009622399999999998,0.0057,0.32000000000000006
0.009623999999999999,-0.0060999999999999995,0.32000000000000006
0.009625599999999998,0.0039000000000000007,0.32000000000000006
0.009627199999999999,-0.0047,0.32000000000000006
0.009628799999999998,0.0047,0.32000000000000006
0.009630399999999999,-0.0049,0.32000000000000006
0.009631999999999998,0.003300000000000001,0.32000000000000006
0.009633599999999999,-0.0053,0.32000000000000006
0.009635199999999998,0.0063,0.32000000000000006
0.0096368,-0.0095,0.32000000000000006
0.009638399999999998,0.0047,0.32000000000000006
0.00964,-0.009899999999999999,0.32000000000000006
0.009641599999999998,0.0063,0.4
0.0096432,-0.009899999999999999,0.32000000000000006
0.009644799999999999,0.0021000000000000003,0.32000000000000006
0.0096464,-0.0069,0.32000000000000006
0.009647999999999999,0.0021000000000000003,0.32000000000000006
0.0096496,-0.0043,0.32000000000000006
0.009651199999999999,-0.0006999999999999997,0.32000000000000006
0.0096528,0.0007000000000000005,0.4
0.009654399999999999,-0.0024999999999999996,0.32000000000000006
0.009655999999999998,0.0045000000000000005,0.32000000000000006
0.009657599999999999,-0.0055,0.32000000000000006
0.009659199999999998,0.006700000000000001,0.32000000000000006
0.009660799999999999,-0.0059,0.32000000000000006
0.009662399999999998,0.0079,0.32000000000000006
0.009663999999999999,-0.0057,0.32000000000000006
0.009665599999999998,0.0051,0.32000000000000006
0.009667199999999999,-0.0071,0.32000000000000006
0.009668799999999998,0.0039000000000000007,0.32000000000000006
0.0096704,-0.0077,0.32000000000000006
0.009671999999999998,0.0039000000000000007,0.32000000000000006
0.0096736,-0.0073,0.32000000000000006
0.009675199999999998,0.0057,0.32000000000000006
0.0096768,-0.0077,0.32000000000000006
0.009678399999999998,0.005500000000000001,0.32000000000000006
0.00968,-0.0097,0.32000000000000006
0.009681599999999999,0.0047,0.32000000000000006
0.0096832,-0.010100000000000001,0.32000000000000006
0.009684799999999999,0.006100000000000001,0.4
0.0096864,-0.006500000000000001,0.32000000000000006
0.009687999999999999,0.0031000000000000003,0.32000000000000006
0.009689599999999998,-0.0036999999999999997,0.32000000000000006
0.009691199999999999,-0.0004999999999999996,0.32000000000000006
0.009692799999999998,0.0019000000000000006,0.32000000000000006
0.009694399999999999,-0.0036999999999999997,0.32000000000000006
0.009695999999999998,0.003300000000000001,0.32000000000000006
0.009697599999999999,-0.0049,0.32000000000000006
0.009699199999999998,0.006100000000000001,0.32000000000000006
0.009700799999999999,-0.0089,0.32000000000000006
0.009702399999999998,0.0091,0.32000000000000006
0.009703999999999999,-0.0055,0.32000000000000006
0.009705599999999998,0.006500000000000001,0.32000000000000006
0.0097072,-0.006699999999999999,0.32000000000000006
0.009708799999999998,0.0045000000000000005,0.32000000000000006
0.0097104,-0.0059,0.32000000000000006
0.009711999999999998,0.0039000000000000007,0.32000000000000006
0.0097136,-0.0060999999999999995,0.32000000000000006
0.009715199999999998,0.006500000000000001,0.32000000000000006
0.0097168,-0.0091,0.32000000000000006
0.009718399999999999,0.0051,0.32000000000000006
0.00972,-0.010700000000000001,0.32000000000000006
0.009721599999999999,0.006700000000000001,0.32000000000000006
0.0097232,-0.009899999999999999,0.32000000000000006
0.009724799999999999,0.0051,0.24
0.009726399999999998,-0.0087,0.32000000000000006
0.009727999999999999,0.0019000000000000006,0.32000000000000006
0.009729599999999998,-0.0036999999999999997,0.32000000000000006
0.009731199999999999,-0.0021,0.4
0.009732799999999998,0.0005000000000000004,0.32000000000000006
0.009734399999999999,-0.0029,0.32000000000000006
0.009735999999999998,0.0039000000000000007,0.32000000000000006
0.009737599999999999,-0.0060999999999999995,0.32000000000000006
0.009739199999999998,0.0041,0.32000000000000006
0.009740799999999999,-0.0069,0.32000000000000006
0.009742399999999998,0.004900000000000001,0.32000000000000006
0.009744,-0.0083,0.32000000000000006
0.009745599999999998,0.0057,0.32000000000000006
0.0097472,-0.0047,0.4
0.009748799999999998,0.004300000000000001,0.32000000000000006
0.0097504,-0.0051,0.32000000000000006
0.009751999999999999,0.005900000000000001,0.32000000000000006
0.0097536,-0.0055,0.32000000000000006
0.009755199999999999,0.0051,0.4
0.0097568,-0.0093,0.32000000000000006
0.009758399999999999,0.0045000000000000005,0.32000000000000006
0.00976,-0.0123,0.32000000000000006
0.009761599999999999,0.0057,0.32000000000000006
0.009763199999999998,-0.010100000000000001,0.32000000000000006
0.009764799999999999,0.0037,0.32000000000000006
0.009766399999999998,-0.0075,0.32000000000000006
0.009767999999999999,0.0047,0.32000000000000006
0.009769599999999998,-0.0055,0.32000000000000006
0.009771199999999999,-0.0002999999999999995,0.4
0.009772799999999998,-0.0014999999999999998,0.32000000000000006
0.009774399999999999,-0.0033,0.32000000000000006
0.009775999999999998,0.005500000000000001,0.32000000000000006
0.0097776,-0.0053,0.32000000000000006
0.009779199999999998,0.0047,0.32000000000000006
0.0097808,-0.0053,0.32000000000000006
0.009782399999999998,0.005300000000000001,0.32000000000000006
0.009784,-0.0083,0.32000000000000006
0.009785599999999998,0.005900000000000001,0.32000000000000006
0.0097872,-0.0049,0.32000000000000006
0.009788799999999999,0.0031000000000000003,0.32000000000000006
0.0097904,-0.006500000000000001,0.32000000000000006
0.009791999999999999,0.0047,0.32000000000000006
0.0097936,-0.0059,0.32000000000000006
0.009795199999999999,0.005300000000000001,0.32000000000000006
0.009796799999999998,-0.0075,0.32000000000000006
0.009798399999999999,0.0045000000000000005,0.32000000000000006
0.009799999999999998,-0.0083,0.32000000000000006
0.009801599999999999,0.0063,0.32000000000000006
0.009803199999999998,-0.0085,0.32000000000000006
0.009804799999999999,0.0051,0.32000000000000006
0.009806399999999998,-0.0071,0.32000000000000006
0.009807999999999999,0.0041,0.32000000000000006
0.009809599999999998,-0.0060999999999999995,0.32000000000000006
0.009811199999999999,0.00010000000000000026,0.32000000000000006
0.009812799999999998,-0.0012999999999999997,0.32000000000000006
0.0098144,-0.0029,0.32000000000000006
0.009815999999999998,0.0037,0.32000000000000006
0.0098176,-0.0031,0.32000000000000006
0.009819199999999998,0.0041,0.32000000000000006
0.0098208,-0.006699999999999999,0.32000000000000006
0.009822399999999998,0.006700000000000001,0.32000000000000006
0.009824,-0.0063,0.32000000000000006
0.009825599999999999,0.0075000000000000015,0.32000000000000006
0.0098272,-0.0049,0.4
0.009828799999999999,0.0051,0.32000000000000006
0.0098304,-0.0047,0.32000000000000006
0.009831999999999999,0.0041,0.32000000000000006
0.009833599999999998,-0.0075,0.4
0.009835199999999999,0.0063,0.32000000000000006
0.009836799999999998,-0.0089,0.32000000000000006
0.009838399999999999,0.006700000000000001,0.32000000000000006
0.009839999999999998,-0.010499999999999999,0.32000000000000006
0.009841599999999999,0.0051,0.32000000000000006
0.009843199999999998,-0.0093,0.24
0.009844799999999999,0.0027,0.24
0.009846399999999998,-0.0075,0.32000000000000006
0.009847999999999999,0.0019000000000000006,0.32000000000000006
0.009849599999999998,-0.0033,0.32000000000000006
0.0098512,-0.0026999999999999997,0.32000000000000006
0.009852799999999998,0.0011000000000000003,0.32000000000000006
0.0098544,-0.0036999999999999997,0.32000000000000006
0.009855999999999998,0.0039000000000000007,0.32000000000000006
0.0098576,-0.0055,0.32000000000000006
0.009859199999999999,0.0063,0.32000000000000006
0.0098608,-0.0083,0.32000000000000006
0.009862399999999999,0.0071,0.32000000000000006
0.009864,-0.006500000000000001,0.32000000000000006
0.009865599999999999,0.0057,0.32000000000000006
0.0098672,-0.006500000000000001,0.32000000000000006
0.009868799999999999,0.0063,0.32000000000000006
0.009870399999999998,-0.006699999999999999,0.32000000000000006
0.009871999999999999,0.0019000000000000006,0.32000000000000006
0.009873599999999998,-0.006699999999999999,0.32000000000000006
0.009875199999999999,0.0069,0.32000000000000006
0.009876799999999998,-0.0091,0.32000000000000006
0.009878399999999999,0.005300000000000001,0.32000000000000006
0.009879999999999998,-0.0111,0.32000000000000006
0.009881599999999999,0.006700000000000001,0.32000000000000006
0.009883199999999998,-0.0089,0.32000000000000006
0.0098848,0.0041,0.4
0.009886399999999998,-0.0077,0.32000000000000006
0.009888,0.003300000000000001,0.32000000000000006
0.009889599999999998,-0.0026999999999999997,0.32000000000000006
0.0098912,0.00010000000000000026,0.32000000000000006
0.009892799999999998,0.00010000000000000026,0.32000000000000006
0.0098944,-0.0023,0.32000000000000006
0.009895999999999999,0.0027,0.32000000000000006
0.0098976,-0.0059,0.32000000000000006
0.009899199999999999,0.0025000000000000005,0.32000000000000006
0.0099008,-0.0071,0.32000000000000006
0.009902399999999999,0.0063,0.32000000000000006
0.009903999999999998,-0.0051,0.32000000000000006
0.009905599999999999,0.005500000000000001,0.32000000000000006
0.009907199999999998,-0.0045,0.32000000000000006
0.009908799999999999,0.0051,0.32000000000000006
0.009910399999999998,-0.0059,0.32000000000000006
0.009911999999999999,0.0051,0.32000000000000006
0.009913599999999998,-0.0081,0.32000000000000006
0.009915199999999999,0.005500000000000001,0.32000000000000006
0.009916799999999998,-0.0085,0.32000000000000006
0.009918399999999999,0.0077,0.32000000000000006
0.009919999999999998,-0.011300000000000001,0.32000000000000006
0.0099216,0.0057,0.32000000000000006
0.009923199999999998,-0.010100000000000001,0.32000000000000006
0.0099248,0.0035000000000000005,0.32000000000000006
0.009926399999999998,-0.0069,0.32000000000000006
0.009928,0.0027,0.32000000000000006
0.009929599999999998,-0.0039,0.32000000000000006
0.0099312,0.0015000000000000005,0.32000000000000006
0.009932799999999999,-0.0008999999999999998,0.32000000000000006
0.0099344,-0.0051,0.32000000000000006
0.009935999999999999,0.0019000000000000006,0.32000000000000006
0.0099376,-0.0053,0.32000000000000006
0.009939199999999999,0.005300000000000001,0.32000000000000006
0.009940799999999998,-0.0045,0.32000000000000006
0.009942399999999999,0.006700000000000001,0.32000000000000006
0.009943999999999998,-0.006699999999999999,0.32000000000000006
0.009945599999999999,0.0037,0.32000000000000006
0.009947199999999998,-0.0083,0.32000000000000006
0.009948799999999999,0.005500000000000001,0.32000000000000006
0.009950399999999998,-0.0045,0.32000000000000006
0.009951999999999999,0.004300000000000001,0.32000000000000006
0.009953599999999998,-0.006500000000000001,0.32000000000000006
0.009955199999999999,0.005900000000000001,0.32000000000000006
0.009956799999999998,-0.0095,0.32000000000000006
0.0099584,0.0077,0.32000000000000006
0.009959999999999998,-0.010100000000000001,0.32000000000000006
0.0099616,0.005300000000000001,0.32000000000000006
0.009963199999999998,-0.0103,0.32000000000000006
0.0099648,0.006100000000000001,0.32000000000000006
0.009966399999999999,-0.0087,0.32000000000000006
0.009968,0.0031000000000000003,0.32000000000000006
0.009969599999999999,-0.0018999999999999998,0.32000000000000006
0.0099712,0.0009000000000000002,0.32000000000000006
0.009972799999999999,0.0011000000000000003,0.32000000000000006
0.0099744,-0.0049,0.32000000000000006
0.009975999999999999,0.0039000000000000007,0.32000000000000006
0.009977599999999998,-0.0059,0.4
0.009979199999999999,0.0077,0.32000000000000006
0.009980799999999998,-0.0077,0.32000000000000006
0.009982399999999999,0.004300000000000001,0.32000000000000006
0.009983999999999998,-0.0059,0.4
0.009985599999999999,0.0029000000000000007,0.32000000000000006
0.009987199999999998,-0.0081,0.32000000000000006
0.009988799999999999,0.0037,0.32000000000000006
0.009990399999999998,-0.0059,0.32000000000000006
0.009992,0.0037,0.32000000000000006
0.009993599999999998,-0.006500000000000001,0.32000000000000006
0.0099952,0.0057,0.32000000000000006
0.009996799999999998,-0.0093,0.32000000000000006
0.0099984,0.003300000000000001,0.32000000000000006
0.009999999999999998,-0.0109,0.32000000000000006
0.0100016,0.005300000000000001,0.32000000000000006
0.010003199999999999,-0.0097,0.32000000000000006
0.0100048,0.0051,0.32000000000000006
0.010006399999999999,-0.0049,0.32000000000000006
0.010008,0.0025000000000000005,0.32000000000000006
0.010009599999999999,-0.0034999999999999996,0.32000000000000006
0.010011199999999998,0.0027,0.32000000000000006
0.010012799999999999,0.0015000000000000005,0.32000000000000006
0.010014399999999998,-0.0039,0.32000000000000006
0.010015999999999999,0.005300000000000001,0.32000000000000006
0.010017599999999998,-0.0081,0.32000000000000006
0.010019199999999999,0.005900000000000001,0.32000000000000006
0.010020799999999998,-0.006699999999999999,0.32000000000000006
0.010022399999999999,0.006500000000000001,0.32000000000000006
0.010023999999999998,-0.0059,0.32000000000000006
0.010025599999999999,0.006500000000000001,0.32000000000000006
0.010027199999999998,-0.0071,0.32000000000000006
0.0100288,0.0051,0.32000000000000006
0.010030399999999998,-0.0043,0.32000000000000006
0.010032,0.0051,0.32000000000000006
0.010033599999999998,-0.0069,0.32000000000000006
0.0100352,0.005900000000000001,0.32000000000000006
0.010036799999999999,-0.0087,0.32000000000000006
0.0100384,0.006500000000000001,0.32000000000000006
0.010039999999999999,-0.0111,0.32000000000000006
0.0100416,0.0063,0.32000000000000006
0.010043199999999999,-0.0083,0.32000000000000006
0.0100448,0.0045000000000000005,0.32000000000000006
0.010046399999999999,-0.0089,0.32000000000000006
0.010047999999999998,0.0027,0.32000000000000006
0.010049599999999999,-0.0047,0.32000000000000006
0.010051199999999998,-0.0006999999999999997,0.32000000000000006
0.010052799999999999,0.002300000000000001,0.32000000000000006
0.010054399999999998,-0.0053,0.32000000000000006
0.010055999999999999,0.0027,0.32000000000000006
0.010057599999999998,-0.006500000000000001,0.32000000000000006
0.010059199999999999,0.0051,0.4
0.010060799999999998,-0.0081,0.32000000000000006
0.010062399999999999,0.0069,0.32000000000000006
0.010063999999999998,-0.0040999999999999995,0.32000000000000006
0.0100656,0.005500000000000001,0.32000000000000006
0.010067199999999998,-0.0059,0.32000000000000006
0.0100688,0.004300000000000001,0.32000000000000006
0.010070399999999998,-0.0053,0.32000000000000006
0.010072,0.0057,0.32000000000000006
0.010073599999999999,-0.0063,0.32000000000000006
0.0100752,0.003300000000000001,0.32000000000000006
0.010076799999999999,-0.0093,0.32000000000000006
0.0100784,0.0063,0.32000000000000006
0.010079999999999999,-0.0093,0.32000000000000006
0.010081599999999998,0.0057,0.32000000000000006
0.010083199999999999,-0.0097,0.32000000000000006
0.010084799999999998,0.0041,0.4
0.010086399999999999,-0.0055,0.32000000000000006
0.010087999999999998,0.0021000000000000003,0.4
0.010089599999999999,-0.0024999999999999996,0.4
0.010091199999999998,-0.0026999999999999997,0.32000000000000006
0.010092799999999999,-0.0010999999999999996,0.32000000000000006
0.010094399999999998,-0.0023,0.32000000000000006
0.010095999999999999,0.0041,0.32000000000000006
0.010097599999999998,-0.0057,0.32000000000000006
0.0100992,0.0041,0.32000000000000006
0.010100799999999998,-0.0071,0.32000000000000006
0.0101024,0.0069,0.32000000000000006
0.010103999999999998,-0.0060999999999999995,0.32000000000000006
0.0101056,0.006500000000000001,0.32000000000000006
0.010107199999999998,-0.0059,0.32000000000000006
0.0101088,0.005300000000000001,0.32000000000000006
0.010110399999999999,-0.0063,0.32000000000000006
0.010112,0.0063,0.32000000000000006
0.010113599999999999,-0.0089,0.32000000000000006
0.0101152,0.0063,0.32000000000000006
0.010116799999999999,-0.010100000000000001,0.4
0.010118399999999998,0.005900000000000001,0.32000000000000006
0.010119999999999999,-0.0095,0.32000000000000006
0.010121599999999998,0.0069,0.32000000000000006
0.010123199999999999,-0.0081,0.32000000000000006
0.010124799999999998,0.005300000000000001,0.32000000000000006
0.010126399999999999,-0.0071,0.32000000000000006
0.010127999999999998,0.0031000000000000003,0.32000000000000006
0.010129599999999999,-0.0040999999999999995,0.32000000000000006
0.010131199999999998,-9.999999999999983e-05,0.32000000000000006
0.010132799999999999,0.0007000000000000005,0.32000000000000006
0.010134399999999998,-0.0008999999999999998,0.32000000000000006
0.010136,0.0013000000000000008,0.32000000000000006
0.010137599999999998,-0.006699999999999999,0.32000000000000006
0.0101392,0.0037,0.32000000000000006
0.010140799999999998,-0.0085,0.4
0.0101424,0.006700000000000001,0.32000000000000006
0.010143999999999999,-0.0053,0.32000000000000006
0.0101456,0.0063,0.32000000000000006
0.010147199999999999,-0.006500000000000001,0.32000000000000006
0.0101488,0.004300000000000001,0.32000000000000006
0.010150399999999999,-0.0045,0.32000000000000006
0.010152,0.0051,0.32000000000000006
0.010153599999999999,-0.0051,0.32000000000000006
0.010155199999999998,0.0047,0.32000000000000006
0.010156799999999999,-0.0079,0.32000000000000006
0.010158399999999998,0.005500000000000001,0.32000000000000006
0.010159999999999999,-0.0109,0.32000000000000006
0.010161599999999998,0.0051,0.32000000000000006
0.010163199999999999,-0.0121,0.32000000000000006
0.010164799999999998,0.0039000000000000007,0.32000000000000006
0.010166399999999999,-0.0049,0.32000000000000006
0.010167999999999998,0.0039000000000000007,0.32000000000000006
0.010169599999999999,-0.0039,0.32000000000000006
0.010171199999999998,-0.0016999999999999997,0.32000000000000006
0.0101728,-0.0002999999999999995,0.4
0.010174399999999998,-0.0049,0.32000000000000006
0.010176,0.0051,0.32000000000000006
0.010177599999999998,-0.0053,0.32000000000000006
0.0101792,0.0041,0.32000000000000006
0.010180799999999999,-0.0091,0.32000000000000006
0.0101824,0.005500000000000001,0.32000000000000006
0.010183999999999999,-0.0073,0.4
0.0101856,0.0051,0.32000000000000006
0.010187199999999999,-0.0043,0.32000000000000006
0.010188799999999998,0.005900000000000001,0.32000000000000006
0.010190399999999999,-0.0059,0.32000000000000006
0.010191999999999998,0.005300000000000001,0.32000000000000006
0.010193599999999999,-0.006699999999999999,0.32000000000000006
0.010195199999999998,0.004900000000000001,0.32000000000000006
0.010196799999999999,-0.0081,0.32000000000000006
0.010198399999999998,0.0063,0.32000000000000006
0.010199999999999999,-0.0093,0.32000000000000006
0.010201599999999998,0.0051,0.32000000000000006
0.010203199999999999,-0.0091,0.32000000000000006
0.010204799999999998,0.0047,0.32000000000000006
0.0102064,-0.006699999999999999,0.32000000000000006
0.010207999999999998,0.0035000000000000005,0.32000000000000006
0.0102096,-0.0024999999999999996,0.32000000000000006
0.010211199999999998,-9.999999999999983e-05,0.32000000000000006
0.0102128,0.0005000000000000004,0.32000000000000006
0.010214399999999998,-0.0036999999999999997,0.32000000000000006
0.010216,0.0017000000000000001,0.32000000000000006
0.010217599999999999,-0.0049,0.4
0.0102192,0.006700000000000001,0.32000000000000006
0.010220799999999999,-0.0059,0.32000000000000006
0.0102224,0.006700000000000001,0.32000000000000006
0.010223999999999999,-0.006699999999999999,0.32000000000000006
0.010225599999999998,0.006700000000000001,0.32000000000000006
0.010227199999999999,-0.0060999999999999995,0.32000000000000006
0.010228799999999998,0.0045000000000000005,0.32000000000000006
0.010230399999999999,-0.0069,0.32000000000000006
0.010231999999999998,0.0027,0.32000000000000006
0.010233599999999999,-0.0089,0.32000000000000006
0.010235199999999998,0.0057,0.32000000000000006
0.010236799999999999,-0.0097,0.32000000000000006
0.010238399999999998,0.0083,0.32000000000000006
0.010239999999999999,-0.0085,0.32000000000000006
0.010241599999999998,0.0051,0.32000000000000006
0.0102432,-0.010499999999999999,0.32000000000000006
0.010244799999999998,0.0047,0.32000000000000006
0.0102464,-0.0073,0.32000000000000006
0.010247999999999998,0.004300000000000001,0.32000000000000006
0.0102496,-0.0039,0.32000000000000006
0.010251199999999999,0.0005000000000000004,0.32000000000000006
0.0102528,-0.0008999999999999998,0.32000000000000006
0.010254399999999999,-0.0036999999999999997,0.32000000000000006
0.010256,0.0039000000000000007,0.32000000000000006
0.010257599999999999,-0.0051,0.32000000000000006
0.0102592,0.004900000000000001,0.32000000000000006
0.010260799999999999,-0.0063,0.32000000000000006
0.010262399999999998,0.005900000000000001,0.32000000000000006
0.010263999999999999,-0.0063,0.32000000000000006
0.010265599999999998,0.0045000000000000005,0.32000000000000006
0.010267199999999999,-0.006699999999999999,0.32000000000000006
0.010268799999999998,0.0047,0.32000000000000006
0.010270399999999999,-0.0059,0.32000000000000006
0.010271999999999998,0.0037,0.32000000000000006
0.010273599999999999,-0.0077,0.32000000000000006
0.010275199999999998,0.004300000000000001,0.32000000000000006
0.010276799999999999,-0.0081,0.32000000000000006
0.010278399999999998,0.0069,0.32000000000000006
0.01028,-0.0085,0.32000000000000006
0.010281599999999998,0.0057,0.32000000000000006
0.0102832,-0.0081,0.32000000000000006
0.010284799999999998,0.0047,0.32000000000000006
0.0102864,-0.0087,0.32000000000000006
0.010287999999999999,0.0025000000000000005,0.32000000000000006
0.0102896,-0.0043,0.32000000000000006
0.010291199999999999,0.00030000000000000035,0.32000000000000006
0.0102928,0.0013000000000000008,0.32000000000000006
0.010294399999999999,-0.0039,0.32000000000000006
0.010295999999999998,0.0039000000000000007,0.32000000000000006
0.010297599999999999,-0.0047,0.32000000000000006
0.010299199999999998,0.005300000000000001,0.32000000000000006
0.010300799999999999,-0.0071,0.32000000000000006
0.010302399999999998,0.007300000000000001,0.32000000000000006
0.010303999999999999,-0.006699999999999999,0.32000000000000006
0.010305599999999998,0.0051,0.32000000000000006
0.010307199999999999,-0.006500000000000001,0.32000000000000006
0.010308799999999998,0.004300000000000001,0.32000000000000006
0.010310399999999999,-0.0063,0.32000000000000006
0.010311999999999998,0.0051,0.32000000000000006
0.0103136,-0.0057,0.32000000000000006
0.010315199999999998,0.005300000000000001,0.32000000000000006
0.0103168,-0.0103,0.32000000000000006
0.010318399999999998,0.0057,0.32000000000000006
0.01032,-0.0115,0.32000000000000006
0.010321599999999998,0.0051,0.32000000000000006
0.0103232,-0.0095,0.32000000000000006
0.010324799999999999,0.005300000000000001,0.32000000000000006
0.0103264,-0.0069,0.32000000000000006
0.010327999999999999,0.0037,0.32000000000000006
0.0103296,-0.0031,0.32000000000000006
0.010331199999999999,0.00030000000000000035,0.32000000000000006
0.010332799999999998,0.0013000000000000008,0.32000000000000006
0.010334399999999999,-0.0040999999999999995,0.32000000000000006
0.010335999999999998,0.004300000000000001,0.32000000000000006
0.010337599999999999,-0.0073,0.32000000000000006
0.010339199999999998,0.005300000000000001,0.32000000000000006
0.010340799999999999,-0.0069,0.32000000000000006
0.010342399999999998,0.005300000000000001,0.32000000000000006
0.010343999999999999,-0.0060999999999999995,0.32000000000000006
0.010345599999999998,0.007300000000000001,0.32000000000000006
0.010347199999999999,-0.0059,0.32000000000000006
0.010348799999999998,0.0025000000000000005,0.32000000000000006
0.0103504,-0.0060999999999999995,0.32000000000000006
0.010351999999999998,0.004300000000000001,0.32000000000000006
0.0103536,-0.0060999999999999995,0.32000000000000006
0.010355199999999998,0.0031000000000000003,0.32000000000000006
0.0103568,-0.0103,0.32000000000000006
0.010358399999999999,0.0031000000000000003,0.32000000000000006
0.01036,-0.009899999999999999,0.32000000000000006
0.010361599999999999,0.005300000000000001,0.32000000000000006
0.0103632,-0.010100000000000001,0.32000000000000006
0.010364799999999999,0.0057,0.32000000000000006
0.010366399999999998,-0.0083,0.32000000000000006
0.010367999999999999,0.0039000000000000007,0.32000000000000006
0.010369599999999998,-0.0031,0.32000000000000006
0.010371199999999999,0.0025000000000000005,0.32000000000000006
0.010372799999999998,-0.0012999999999999997,0.32000000000000006
0.010374399999999999,-0.0026999999999999997,0.32000000000000006
0.010375999999999998,0.0041,0.32000000000000006
0.010377599999999999,-0.0031,0.32000000000000006
0.010379199999999998,0.008100000000000001,0.32000000000000006
0.010380799999999999,-0.0049,0.32000000000000006
0.010382399999999998,0.0047,0.32000000000000006
0.010384,-0.0053,0.32000000000000006
0.010385599999999998,0.0047,0.32000000000000006
0.0103872,-0.0059,0.32000000000000006
0.010388799999999998,0.0045000000000000005,0.4
0.0103904,-0.006500000000000001,0.32000000000000006
0.010391999999999998,0.0035000000000000005,0.32000000000000006
0.0103936,-0.006699999999999999,0.4
0.010395199999999999,0.006700000000000001,0.32000000000000006
0.0103968,-0.0089,0.32000000000000006
0.010398399999999999,0.0037,0.32000000000000006
0.0104,-0.0117,0.32000000000000006
0.010401599999999999,0.0051,0.32000000000000006
0.010403199999999998,-0.0089,0.32000000000000006
0.010404799999999999,0.006100000000000001,0.32000000000000006
0.010406399999999998,-0.0053,0.32000000000000006
0.010407999999999999,0.002300000000000001,0.32000000000000006
0.010409599999999998,-0.0045,0.4
0.010411199999999999,-0.0012999999999999997,0.32000000000000006
0.010412799999999998,0.0005000000000000004,0.4
0.010414399999999999,-0.0036999999999999997,0.32000000000000006
0.010415999999999998,0.005300000000000001,0.32000000000000006
0.010417599999999999,-0.0051,0.32000000000000006
0.010419199999999998,0.006100000000000001,0.32000000000000006
0.0104208,-0.006500000000000001,0.32000000000000006
0.010422399999999998,0.0057,0.32000000000000006
0.010424,-0.0075,0.32000000000000006
0.010425599999999998,0.0047,0.32000000000000006
0.0104272,-0.0060999999999999995,0.32000000000000006
0.010428799999999998,0.0035000000000000005,0.32000000000000006
0.0104304,-0.0057,0.32000000000000006
0.010431999999999999,0.0031000000000000003,0.32000000000000006
0.0104336,-0.006699999999999999,0.32000000000000006
0.010435199999999999,0.004300000000000001,0.32000000000000006
0.0104368,-0.0085,0.32000000000000006
0.010438399999999999,0.005500000000000001,0.32000000000000006
0.010439999999999998,-0.0103,0.32000000000000006
0.010441599999999999,0.006700000000000001,0.4
0.010443199999999998,-0.0081,0.32000000000000006
0.010444799999999999,0.0031000000000000003,0.32000000000000006
0.010446399999999998,-0.0059,0.32000000000000006
0.010447999999999999,0.0015000000000000005,0.32000000000000006
0.010449599999999998,-0.0045,0.32000000000000006
0.010451199999999999,-0.0008999999999999998,0.32000000000000006
0.010452799999999998,0.002300000000000001,0.32000000000000006
0.010454399999999999,-0.0024999999999999996,0.32000000000000006
0.010455999999999998,0.0031000000000000003,0.32000000000000006
0.0104576,-0.0063,0.32000000000000006
0.010459199999999998,0.005500000000000001,0.32000000000000006
0.0104608,-0.0075,0.32000000000000006
0.010462399999999998,0.006500000000000001,0.32000000000000006
0.010464,-0.0063,0.32000000000000006
0.010465599999999999,0.006500000000000001,0.32000000000000006
0.0104672,-0.006500000000000001,0.32000000000000006
0.010468799999999999,0.004300000000000001,0.32000000000000006
0.0104704,-0.0051,0.32000000000000006
0.010471999999999999,0.005900000000000001,0.32000000000000006
0.010473599999999998,-0.006699999999999999,0.4
0.010475199999999999,0.005900000000000001,0.32000000000000006
0.010476799999999998,-0.0109,0.32000000000000006
0.010478399999999999,0.0045000000000000005,0.32000000000000006
0.010479999999999998,-0.0103,0.32000000000000006
0.010481599999999999,0.0051,0.32000000000000006
0.010483199999999998,-0.010100000000000001,0.32000000000000006
0.010484799999999999,0.0037,0.32000000000000006
0.010486399999999998,-0.0049,0.32000000000000006
0.010487999999999999,0.0035000000000000005,0.32000000000000006
0.010489599999999998,-0.0047,0.32000000000000006
0.0104912,-0.0016999999999999997,0.32000000000000006
0.010492799999999998,0.0021000000000000003,0.32000000000000006
0.0104944,-0.0026999999999999997,0.32000000000000006
0.010495999999999998,0.0031000000000000003,0.4
0.0104976,-0.0040999999999999995,0.32000000000000006
0.010499199999999998,0.0051,0.32000000000000006
0.0105008,-0.0091,0.32000000000000006
0.010502399999999999,0.0051,0.32000000000000006
0.010504,-0.0047,0.4
0.010505599999999999,0.006100000000000001,0.32000000000000006
0.0105072,-0.0081,0.32000000000000006
0.010508799999999999,0.0069,0.32000000000000006
0.010510399999999998,-0.0053,0.32000000000000006
0.010511999999999999,0.004300000000000001,0.32000000000000006
0.010513599999999998,-0.0069,0.32000000000000006
0.010515199999999999,0.0063,0.32000000000000006
0.010516799999999998,-0.0083,0.32000000000000006
0.010518399999999999,0.0071,0.32000000000000006
0.010519999999999998,-0.0095,0.32000000000000006
0.010521599999999999,0.0057,0.32000000000000006
0.010523199999999998,-0.0089,0.32000000000000006
0.010524799999999999,0.0051,0.32000000000000006
0.010526399999999998,-0.0081,0.4
0.010528,0.0039000000000000007,0.32000000000000006
0.010529599999999998,-0.0034999999999999996,0.32000000000000006
0.0105312,0.0011000000000000003,0.32000000000000006
0.010532799999999998,0.00030000000000000035,0.32000000000000006
0.0105344,-0.0012999999999999997,0.32000000000000006
0.010535999999999998,0.0021000000000000003,0.32000000000000006
0.0105376,-0.0063,0.32000000000000006
0.010539199999999999,0.0063,0.32000000000000006
0.0105408,-0.0055,0.32000000000000006
0.010542399999999999,0.006500000000000001,0.32000000000000006
0.010544,-0.006699999999999999,0.4
0.010545599999999999,0.0031000000000000003,0.32000000000000006
0.010547199999999998,-0.0057,0.32000000000000006
0.010548799999999999,0.0035000000000000005,0.32000000000000006
0.010550399999999998,-0.0083,0.32000000000000006
0.010551999999999999,0.0045000000000000005,0.32000000000000006
0.010553599999999998,-0.0063,0.4
0.010555199999999999,0.005500000000000001,0.32000000000000006
0.010556799999999998,-0.0083,0.32000000000000006
0.010558399999999999,0.0057,0.32000000000000006
0.010559999999999998,-0.010700000000000001,0.4
0.010561599999999999,0.006500000000000001,0.32000000000000006
0.010563199999999998,-0.0103,0.32000000000000006
0.0105648,0.0039000000000000007,0.32000000000000006
0.010566399999999998,-0.0047,0.32000000000000006
0.010568,0.0039000000000000007,0.32000000000000006
0.010569599999999998,-0.0031,0.32000000000000006
0.0105712,0.00010000000000000026,0.4
0.010572799999999999,0.002300000000000001,0.32000000000000006
0.0105744,-0.0033,0.32000000000000006
0.010575999999999999,0.0019000000000000006,0.32000000000000006
0.0105776,-0.0060999999999999995,0.32000000000000006
0.010579199999999999,0.0057,0.32000000000000006
0.010580799999999998,-0.0043,0.32000000000000006
0.010582399999999999,0.005500000000000001,0.24
0.010583999999999998,-0.0081,0.32000000000000006
0.010585599999999999,0.0045000000000000005,0.32000000000000006
0.010587199999999998,-0.0059,0.32000000000000006
0.010588799999999999,0.005300000000000001,0.32000000000000006
0.010590399999999998,-0.0051,0.4
0.010591999999999999,0.004300000000000001,0.32000000000000006
0.010593599999999998,-0.006500000000000001,0.32000000000000006
0.010595199999999999,0.0057,0.32000000000000006
0.010596799999999998,-0.0103,0.32000000000000006
0.0105984,0.0051,0.32000000000000006
0.010599999999999998,-0.011300000000000001,0.32000000000000006
0.0106016,0.0041,0.32000000000000006
0.010603199999999998,-0.0111,0.32000000000000006
0.0106048,0.005300000000000001,0.32000000000000006
0.010606399999999998,-0.0083,0.32000000000000006
0.010608,0.0019000000000000006,0.32000000000000006
0.010609599999999999,-0.0036999999999999997,0.32000000000000006
0.0106112,0.0015000000000000005,0.32000000000000006
0.010612799999999999,0.00010000000000000026,0.32000000000000006
0.0106144,-0.0024999999999999996,0.32000000000000006
0.010615999999999999,0.0045000000000000005,0.32000000000000006
0.010617599999999998,-0.0053,0.32000000000000006
0.010619199999999999,0.005900000000000001,0.32000000000000006
0.010620799999999998,-0.006699999999999999,0.32000000000000006
0.010622399999999999,0.004900000000000001,0.32000000000000006
0.010623999999999998,-0.0075,0.32000000000000006
0.010625599999999999,0.005300000000000001,0.32000000000000006
0.010627199999999998,-0.0075,0.32000000000000006
0.010628799999999999,0.0045000000000000005,0.32000000000000006
0.010630399999999998,-0.0039,0.32000000000000006
0.010631999999999999,0.0035000000000000005,0.32000000000000006
0.010633599999999998,-0.0073,0.32000000000000006
0.0106352,0.0039000000000000007,0.32000000000000006
0.010636799999999998,-0.0069,0.24
0.0106384,0.0051,0.32000000000000006
0.010639999999999998,-0.0103,0.32000000000000006
0.0106416,0.006100000000000001,0.32000000000000006
0.010643199999999998,-0.0111,0.32000000000000006
0.0106448,0.006700000000000001,0.32000000000000006
0.010646399999999999,-0.0059,0.32000000000000006
0.010648,0.0011000000000000003,0.32000000000000006
0.010649599999999999,-0.0043,0.32000000000000006
0.010651199999999998,-0.0010999999999999996,0.32000000000000006
0.010652799999999999,-0.0002999999999999995,0.32000000000000006
0.010654399999999998,-0.0018999999999999998,0.32000000000000006
0.010655999999999999,0.0045000000000000005,0.32000000000000006
0.010657599999999998,-0.0053,0.32000000000000006
0.010659199999999999,0.005500000000000001,0.32000000000000006
0.010660799999999998,-0.006500000000000001,0.32000000000000006
0.010662399999999999,0.0041,0.32000000000000006
0.010663999999999998,-0.0063,0.32000000000000006
0.010665599999999999,0.003300000000000001,0.4
0.010667199999999998,-0.0049,0.32000000000000006
0.010668799999999999,0.0045000000000000005,0.32000000000000006
0.010670399999999998,-0.0036999999999999997,0.32000000000000006
0.010672,0.0025000000000000005,0.32000000000000006
0.010673599999999998,-0.006699999999999999,0.32000000000000006
0.0106752,0.004900000000000001,0.32000000000000006
0.010676799999999998,-0.0087,0.32000000000000006
0.0106784,0.005500000000000001,0.32000000000000006
0.010679999999999999,-0.010700000000000001,0.32000000000000006
0.0106816,0.005300000000000001,0.32000000000000006
0.010683199999999999,-0.0109,0.32000000000000006
0.0106848,0.004900000000000001,0.32000000000000006
0.010686399999999999,-0.0071,0.32000000000000006
0.010687999999999998,0.0037,0.32000000000000006
0.010689599999999999,-0.0045,0.32000000000000006
0.010691199999999998,0.0021000000000000003,0.32000000000000006
0.010692799999999999,-0.0012999999999999997,0.32000000000000006
0.010694399999999998,-0.0063,0.4
0.010695999999999999,0.004300000000000001,0.32000000000000006
0.010697599999999998,-0.0049,0.32000000000000006
0.010699199999999999,0.006100000000000001,0.32000000000000006
0.010700799999999998,-0.0071,0.32000000000000006
0.010702399999999999,0.0051,0.32000000000000006
0.010703999999999998,-0.0073,0.32000000000000006
0.0107056,0.0075000000000000015,0.32000000000000006
0.010707199999999998,-0.0053,0.32000000000000006
0.0107088,0.004900000000000001,0.32000000000000006
0.010710399999999998,-0.006500000000000001,0.32000000000000006
0.010712,0.0045000000000000005,0.32000000000000006
0.010713599999999998,-0.006500000000000001,0.32000000000000006
0.0107152,0.005500000000000001,0.32000000000000006
0.010716799999999999,-0.0079,0.32000000000000006
0.0107184,0.004300000000000001,0.32000000000000006
0.010719999999999999,-0.010100000000000001,0.32000000000000006
0.0107216,0.0063,0.32000000000000006
0.010723199999999999,-0.0111,0.32000000000000006
0.010724799999999998,0.004900000000000001,0.32000000000000006
0.010726399999999999,-0.0085,0.32000000000000006
0.010727999999999998,0.0027,0.32000000000000006
0.010729599999999999,-0.0033,0.32000000000000006
0.010731199999999998,-0.0002999999999999995,0.32000000000000006
0.010732799999999999,0.00030000000000000035,0.32000000000000006
0.010734399999999998,-0.0026999999999999997,0.32000000000000006
0.010735999999999999,0.0027,0.32000000000000006
0.010737599999999998,-0.0055,0.32000000000000006
0.010739199999999999,0.0063,0.32000000000000006
0.010740799999999998,-0.0069,0.32000000000000006
0.0107424,0.005500000000000001,0.32000000000000006
0.010743999999999998,-0.0071,0.32000000000000006
0.0107456,0.0027,0.32000000000000006
0.010747199999999998,-0.0071,0.32000000000000006
0.0107488,0.0035000000000000005,0.32000000000000006
0.010750399999999998,-0.0040999999999999995,0.32000000000000006
0.010752,0.0037,0.32000000000000006
0.010753599999999999,-0.0069,0.32000000000000006
0.0107552,0.0041,0.32000000000000006
0.010756799999999999,-0.0089,0.32000000000000006
0.010758399999999998,0.0057,0.32000000000000006
0.010759999999999999,-0.0085,0.4
0.010761599999999998,0.0057,0.32000000000000006
0.010763199999999999,-0.0081,0.32000000000000006
0.010764799999999998,0.006700000000000001,0.32000000000000006
0.010766399999999999,-0.0089,0.4
0.010767999999999998,0.0017000000000000001,0.24
0.010769599999999999,-0.0060999999999999995,0.32000000000000006
0.010771199999999998,0.002300000000000001,0.32000000000000006
0.010772799999999999,0.00030000000000000035,0.32000000000000006
0.010774399999999998,-0.0033,0.32000000000000006
0.010775999999999999,0.0015000000000000005,0.32000000000000006
0.010777599999999998,-0.0029,0.32000000000000006
0.0107792,0.0035000000000000005,0.32000000000000006
0.010780799999999998,-0.0071,0.32000000000000006
0.0107824,0.0041,0.32000000000000006
0.010783999999999998,-0.0071,0.32000000000000006
0.0107856,0.006500000000000001,0.32000000000000006
0.010787199999999999,-0.0051,0.32000000000000006
0.0107888,0.006700000000000001,0.32000000000000006
0.010790399999999999,-0.0040999999999999995,0.4
0.010792,0.0057,0.32000000000000006
0.010793599999999999,-0.0079,0.32000000000000006
0.010795199999999998,0.003300000000000001,0.32000000000000006
0.010796799999999999,-0.0087,0.32000000000000006
0.010798399999999998,0.0041,0.32000000000000006
0.010799999999999999,-0.010700000000000001,0.32000000000000006
0.010801599999999998,0.005900000000000001,0.32000000000000006
0.010803199999999999,-0.0093,0.32000000000000006
0.010804799999999998,0.0063,0.32000000000000006
0.010806399999999999,-0.0069,0.32000000000000006
0.010807999999999998,0.002300000000000001,0.32000000000000006
0.010809599999999999,-0.0024999999999999996,0.32000000000000006
0.010811199999999998,-0.0008999999999999998,0.32000000000000006
0.0108128,0.002300000000000001,0.32000000000000006
0.010814399999999998,-0.0047,0.32000000000000006
0.010816,0.0025000000000000005,0.32000000000000006
0.010817599999999998,-0.0063,0.32000000000000006
0.0108192,0.0083,0.32000000000000006
0.010820799999999998,-0.0055,0.32000000000000006
0.0108224,0.0079,0.32000000000000006
0.010823999999999999,-0.0093,0.32000000000000006
0.0108256,0.006500000000000001,0.32000000000000006
0.010827199999999999,-0.0059,0.32000000000000006
0.0108288,0.005900000000000001,0.32000000000000006
0.010830399999999999,-0.0063,0.32000000000000006
0.010831999999999998,0.005500000000000001,0.32000000000000006
0.010833599999999999,-0.0081,0.32000000000000006
0.010835199999999998,0.0063,0.32000000000000006
0.010836799999999999,-0.0091,0.32000000000000006
0.010838399999999998,0.005900000000000001,0.32000000000000006
0.010839999999999999,-0.0097,0.32000000000000006
0.010841599999999998,0.006500000000000001,0.32000000000000006
0.010843199999999999,-0.0097,0.32000000000000006
0.010844799999999998,0.0057,0.32000000000000006
0.010846399999999999,-0.0091,0.32000000000000006
0.010847999999999998,0.0021000000000000003,0.32000000000000006
0.0108496,-0.0060999999999999995,0.32000000000000006
0.010851199999999998,-0.0008999999999999998,0.32000000000000006
0.0108528,-0.0008999999999999998,0.32000000000000006
0.010854399999999998,-0.0039,0.32000000000000006
0.010856,0.0039000000000000007,0.32000000000000006
0.010857599999999999,-0.0057,0.32000000000000006
0.0108592,0.0045000000000000005,0.32000000000000006
0.010860799999999999,-0.0049,0.32000000000000006
0.0108624,0.006100000000000001,0.32000000000000006
0.010863999999999999,-0.0087,0.32000000000000006
0.010865599999999998,0.0051,0.32000000000000006
0.010867199999999999,-0.0059,0.32000000000000006
0.010868799999999998,0.0051,0.32000000000000006
0.010870399999999999,-0.0049,0.32000000000000006
0.010871999999999998,0.0037,0.32000000000000006
0.010873599999999999,-0.0057,0.32000000000000006
0.010875199999999998,0.004300000000000001,0.32000000000000006
0.010876799999999999,-0.0089,0.4
0.010878399999999998,0.005500000000000001,0.32000000000000006
0.010879999999999999,-0.0083,0.4
0.010881599999999998,0.005900000000000001,0.32000000000000006
0.010883199999999999,-0.0093,0.32000000000000006
0.010884799999999998,0.0063,0.32000000000000006
0.0108864,-0.0083,0.32000000000000006
0.010887999999999998,0.002300000000000001,0.32000000000000006
0.0108896,-0.0018999999999999998,0.32000000000000006
0.010891199999999998,0.0005000000000000004,0.32000000000000006
0.0108928,-9.999999999999983e-05,0.32000000000000006
0.010894399999999999,-0.0033,0.32000000000000006
0.010896,0.003300000000000001,0.32000000000000006
0.010897599999999999,-0.006500000000000001,0.32000000000000006
0.0108992,0.0027,0.32000000000000006
0.010900799999999999,-0.0073,0.32000000000000006
0.010902399999999998,0.0057,0.4
0.010903999999999999,-0.0060999999999999995,0.32000000000000006
0.010905599999999998,0.005300000000000001,0.32000000000000006
0.010907199999999999,-0.0063,0.32000000000000006
0.010908799999999998,0.0045000000000000005,0.32000000000000006
0.010910399999999999,-0.0069,0.32000000000000006
0.010911999999999998,0.0045000000000000005,0.32000000000000006
0.010913599999999999,-0.0059,0.32000000000000006
0.010915199999999998,0.0051,0.32000000000000006
0.010916799999999999,-0.0093,0.32000000000000006
0.010918399999999998,0.0051,0.32000000000000006
0.01092,-0.0109,0.32000000000000006
0.010921599999999998,0.0047,0.32000000000000006
0.0109232,-0.010100000000000001,0.32000000000000006
0.010924799999999998,0.0045000000000000005,0.32000000000000006
0.0109264,-0.006699999999999999,0.32000000000000006
0.010927999999999998,0.0035000000000000005,0.32000000000000006
0.0109296,-0.0039,0.32000000000000006
0.010931199999999999,0.0009000000000000002,0.32000000000000006
0.0109328,0.0007000000000000005,0.32000000000000006
0.010934399999999999,-0.0024999999999999996,0.32000000000000006
0.010936,0.0039000000000000007,0.32000000000000006
0.010937599999999999,-0.006699999999999999,0.32000000000000006
0.010939199999999998,0.0051,0.32000000000000006
0.010940799999999999,-0.0043,0.32000000000000006
0.010942399999999998,0.0069,0.4
0.010943999999999999,-0.0059,0.32000000000000006
0.010945599999999998,0.0035000000000000005,0.32000000000000006
0.010947199999999999,-0.0047,0.32000000000000006
0.010948799999999998,0.005500000000000001,0.32000000000000006
0.010950399999999999,-0.0051,0.32000000000000006
0.010951999999999998,0.0029000000000000007,0.32000000000000006
0.010953599999999999,-0.006699999999999999,0.32000000000000006
0.010955199999999998,0.004300000000000001,0.32000000000000006
0.0109568,-0.0095,0.32000000000000006
0.010958399999999998,0.004300000000000001,0.32000000000000006
0.01096,-0.0109,0.32000000000000006
0.010961599999999998,0.0047,0.32000000000000006
0.0109632,-0.0093,0.32000000000000006
0.010964799999999999,0.004900000000000001,0.32000000000000006
0.0109664,-0.0081,0.32000000000000006
0.010967999999999999,0.0051,0.32000000000000006
0.0109696,-0.0036999999999999997,0.32000000000000006
0.010971199999999999,-0.0006999999999999997,0.32000000000000006
0.010972799999999998,-0.0024999999999999996,0.32000000000000006
0.010974399999999999,-0.0043,0.32000000000000006
0.010975999999999998,0.0015000000000000005,0.32000000000000006
0.010977599999999999,-0.0040999999999999995,0.32000000000000006
0.010979199999999998,0.006700000000000001,0.32000000000000006
0.010980799999999999,-0.0055,0.32000000000000006
0.010982399999999998,0.0057,0.32000000000000006
0.010983999999999999,-0.0053,0.32000000000000006
0.010985599999999998,0.0071,0.32000000000000006
0.010987199999999999,-0.0060999999999999995,0.32000000000000006
0.010988799999999998,0.004900000000000001,0.32000000000000006
0.010990399999999999,-0.0055,0.32000000000000006
0.010991999999999998,0.0041,0.32000000000000006
0.0109936,-0.0053,0.32000000000000006
0.010995199999999998,0.0057,0.32000000000000006
0.0109968,-0.0089,0.32000000000000006
0.010998399999999998,0.0063,0.32000000000000006
0.011,-0.010499999999999999,0.32000000000000006
0.011001599999999999,0.0069,0.32000000000000006
0.0110032,-0.0089,0.32000000000000006
0.011004799999999999,0.0051,0.32000000000000006
0.0110064,-0.0089,0.32000000000000006
0.011007999999999999,0.0029000000000000007,0.32000000000000006
0.011009599999999998,-0.0043,0.32000000000000006
0.011011199999999999,-0.0004999999999999996,0.32000000000000006
0.011012799999999998,0.00010000000000000026,0.32000000000000006
0.011014399999999999,-0.0016999999999999997,0.32000000000000006
0.011015999999999998,0.0035000000000000005,0.4
0.011017599999999999,-0.0029,0.32000000000000006
0.011019199999999998,0.0039000000000000007,0.4
0.011020799999999999,-0.0057,0.32000000000000006
0.011022399999999998,0.004900000000000001,0.32000000000000006
0.011023999999999999,-0.006500000000000001,0.32000000000000006
0.011025599999999998,0.006100000000000001,0.32000000000000006
0.0110272,-0.0059,0.32000000000000006
0.011028799999999998,0.0051,0.32000000000000006
0.0110304,-0.0036999999999999997,0.32000000000000006
0.011031999999999998,0.0027,0.32000000000000006
0.0110336,-0.0073,0.32000000000000006
0.011035199999999998,0.004300000000000001,0.32000000000000006
0.0110368,-0.0085,0.32000000000000006
0.011038399999999999,0.0051,0.32000000000000006
0.01104,-0.0109,0.32000000000000006
0.011041599999999999,0.005900000000000001,0.32000000000000006
0.011043199999999998,-0.0075,0.32000000000000006
0.011044799999999999,0.0037,0.32000000000000006
0.011046399999999998,-0.006699999999999999,0.32000000000000006
0.011047999999999999,0.0037,0.4
0.011049599999999998,-0.0039,0.32000000000000006
0.011051199999999999,0.0013000000000000008,0.32000000000000006
0.011052799999999998,-0.0006999999999999997,0.32000000000000006
0.011054399999999999,-0.0033,0.32000000000000006
0.011055999999999998,0.0035000000000000005,0.32000000000000006
0.011057599999999999,-0.0036999999999999997,0.32000000000000006
0.011059199999999998,0.0039000000000000007,0.32000000000000006
0.011060799999999999,-0.006500000000000001,0.4
0.011062399999999998,0.0045000000000000005,0.32000000000000006
0.011064,-0.0093,0.32000000000000006
0.011065599999999998,0.0041,0.32000000000000006
0.0110672,-0.0051,0.32000000000000006
0.011068799999999998,0.005300000000000001,0.32000000000000006
0.0110704,-0.0045,0.32000000000000006
0.011071999999999999,0.0035000000000000005,0.32000000000000006
0.0110736,-0.0069,0.32000000000000006
0.011075199999999999,0.0051,0.32000000000000006
0.0110768,-0.0087,0.32000000000000006
0.011078399999999999,0.005500000000000001,0.32000000000000006
0.011079999999999998,-0.010499999999999999,0.32000000000000006
0.011081599999999999,0.005300000000000001,0.32000000000000006
0.011083199999999998,-0.0097,0.32000000000000006
0.011084799999999999,0.0057,0.32000000000000006
0.011086399999999998,-0.0063,0.32000000000000006
0.011087999999999999,0.0019000000000000006,0.32000000000000006
0.011089599999999998,-0.0039,0.32000000000000006
0.011091199999999999,0.0007000000000000005,0.32000000000000006
0.011092799999999998,-0.0010999999999999996,0.32000000000000006
0.011094399999999999,-0.0029,0.32000000000000006
0.011095999999999998,0.0039000000000000007,0.32000000000000006
0.011097599999999999,-0.0051,0.32000000000000006
0.011099199999999998,0.003300000000000001,0.32000000000000006
0.0111008,-0.0057,0.32000000000000006
0.011102399999999998,0.004300000000000001,0.32000000000000006
0.011104,-0.0059,0.32000000000000006
0.011105599999999998,0.0051,0.4
0.0111072,-0.0040999999999999995,0.32000000000000006
0.011108799999999999,0.005500000000000001,0.32000000000000006
0.0111104,-0.0051,0.32000000000000006
0.011111999999999999,0.0039000000000000007,0.32000000000000006
0.0111136,-0.0085,0.32000000000000006
0.011115199999999999,0.0047,0.32000000000000006
0.011116799999999998,-0.010499999999999999,0.32000000000000006
0.011118399999999999,0.005900000000000001,0.32000000000000006
0.011119999999999998,-0.0093,0.32000000000000006
0.011121599999999999,0.0063,0.32000000000000006
0.011123199999999998,-0.0087,0.32000000000000006
0.011124799999999999,0.004900000000000001,0.32000000000000006
0.011126399999999998,-0.006500000000000001,0.32000000000000006
0.011127999999999999,0.0015000000000000005,0.32000000000000006
0.011129599999999998,-0.0023,0.32000000000000006
0.011131199999999999,-0.0002999999999999995,0.32000000000000006
0.011132799999999998,-0.0004999999999999996,0.32000000000000006
0.0111344,-0.0045,0.32000000000000006
0.011135999999999998,0.005500000000000001,0.32000000000000006
0.0111376,-0.0085,0.32000000000000006
0.011139199999999998,0.006100000000000001,0.32000000000000006
0.0111408,-0.0069,0.32000000000000006
0.011142399999999998,0.0077,0.32000000000000006
0.011144,-0.006500000000000001,0.32000000000000006
0.011145599999999999,0.0069,0.32000000000000006
0.0111472,-0.0091,0.32000000000000006
0.011148799999999999,0.004900000000000001,0.32000000000000006
0.011150399999999998,-0.0063,0.32000000000000006
0.011151999999999999,0.005500000000000001,0.32000000000000006
0.011153599999999998,-0.0057,0.32000000000000006
0.011155199999999999,0.0057,0.32000000000000006
0.011156799999999998,-0.0095,0.32000000000000006
0.011158399999999999,0.0075000000000000015,0.32000000000000006
0.011159999999999998,-0.0119,0.4
0.011161599999999999,0.005300000000000001,0.32000000000000006
0.011163199999999998,-0.0103,0.32000000000000006
0.011164799999999999,0.005900000000000001,0.32000000000000006
0.011166399999999998,-0.0073,0.32000000000000006
0.011167999999999999,0.002300000000000001,0.32000000000000006
0.011169599999999998,-0.0047,0.32000000000000006
0.0111712,0.00030000000000000035,0.32000000000000006
0.011172799999999998,-0.0004999999999999996,0.32000000000000006
0.0111744,-0.0047,0.4
0.011175999999999998,0.0017000000000000001,0.32000000000000006
0.0111776,-0.006500000000000001,0.32000000000000006
0.011179199999999999,0.0063,0.32000000000000006
0.0111808,-0.0073,0.32000000000000006
0.011182399999999999,0.007300000000000001,0.32000000000000006
0.011184,-0.0087,0.32000000000000006
0.011185599999999999,0.004300000000000001,0.32000000000000006
0.011187199999999998,-0.0057,0.32000000000000006
0.011188799999999999,0.0063,0.32000000000000006
0.011190399999999998,-0.0047,0.32000000000000006
0.011191999999999999,0.0027,0.32000000000000006
0.011193599999999998,-0.006500000000000001,0.32000000000000006
0.011195199999999999,0.003300000000000001,0.32000000000000006
0.011196799999999998,-0.0087,0.4
0.011198399999999999,0.004300000000000001,0.32000000000000006
0.011199999999999998,-0.010100000000000001,0.32000000000000006
0.011201599999999999,0.004900000000000001,0.32000000000000006
0.011203199999999998,-0.010100000000000001,0.32000000000000006
0.0112048,0.006500000000000001,0.32000000000000006
0.011206399999999998,-0.0075,0.32000000000000006
0.011208,0.0051,0.32000000000000006
0.011209599999999998,-0.0043,0.4
0.0112112,0.0017000000000000001,0.32000000000000006
0.011212799999999998,0.00030000000000000035,0.32000000000000006
0.0112144,-0.0057,0.32000000000000006
0.011215999999999999,0.002300000000000001,0.32000000000000006
0.0112176,-0.0043,0.32000000000000006
0.011219199999999999,0.005500000000000001,0.32000000000000006
0.0112208,-0.0036999999999999997,0.32000000000000006
0.011222399999999999,0.0039000000000000007,0.32000000000000006
0.011223999999999998,-0.0060999999999999995,0.32000000000000006
0.011225599999999999,0.0057,0.32000000000000006
0.011227199999999998,-0.0045,0.32000000000000006
0.011228799999999999,0.0037,0.32000000000000006
0.011230399999999998,-0.0053,0.4
0.011231999999999999,0.0025000000000000005,0.32000000000000006
0.011233599999999998,-0.0069,0.32000000000000006
0.011235199999999999,0.004300000000000001,0.32000000000000006
0.011236799999999998,-0.0087,0.32000000000000006
0.011238399999999999,0.006100000000000001,0.32000000000000006
0.011239999999999998,-0.0097,0.32000000000000006
0.0112416,0.005300000000000001,0.32000000000000006
0.011243199999999998,-0.010499999999999999,0.32000000000000006
0.0112448,0.006500000000000001,0.32000000000000006
0.011246399999999998,-0.0059,0.32000000000000006
0.011248,0.0037,0.32000000000000006
0.011249599999999998,-0.0063,0.32000000000000006
0.0112512,0.0005000000000000004,0.32000000000000006
0.011252799999999999,-0.0014999999999999998,0.32000000000000006
0.0112544,-0.0006999999999999997,0.32000000000000006
0.011255999999999999,0.002300000000000001,0.4
0.011257599999999998,-0.0031,0.4
0.011259199999999999,0.0041,0.32000000000000006
0.011260799999999998,-0.0049,0.32000000000000006
0.011262399999999999,0.005500000000000001,0.32000000000000006
0.011263999999999998,-0.0045,0.32000000000000006
0.011265599999999999,0.0047,0.32000000000000006
0.011267199999999998,-0.006699999999999999,0.32000000000000006
0.011268799999999999,0.003300000000000001,0.32000000000000006
0.011270399999999998,-0.0057,0.32000000000000006
0.011271999999999999,0.0035000000000000005,0.32000000000000006
0.011273599999999998,-0.0059,0.32000000000000006
0.011275199999999999,0.0047,0.32000000000000006
0.011276799999999998,-0.0087,0.32000000000000006
0.0112784,0.006700000000000001,0.32000000000000006
0.011279999999999998,-0.0109,0.32000000000000006
0.0112816,0.004900000000000001,0.32000000000000006
0.011283199999999998,-0.0109,0.32000000000000006
0.0112848,0.006700000000000001,0.32000000000000006
0.011286399999999999,-0.0083,0.32000000000000006
0.011288,0.0037,0.32000000000000006
0.011289599999999999,-0.0043,0.32000000000000006
0.0112912,0.00010000000000000026,0.32000000000000006
0.011292799999999999,0.0025000000000000005,0.32000000000000006
0.011294399999999998,-0.0012999999999999997,0.32000000000000006
0.011295999999999999,0.0029000000000000007,0.32000000000000006
0.011297599999999998,-0.0051,0.32000000000000006
0.011299199999999999,0.0041,0.32000000000000006
0.011300799999999998,-0.0051,0.32000000000000006
0.011302399999999999,0.0047,0.32000000000000006
0.011303999999999998,-0.0063,0.32000000000000006
0.011305599999999999,0.0039000000000000007,0.32000000000000006
0.011307199999999998,-0.0045,0.32000000000000006
0.011308799999999999,0.0029000000000000007,0.32000000000000006
0.011310399999999998,-0.0057,0.32000000000000006
0.011312,0.005300000000000001,0.32000000000000006
0.011313599999999998,-0.0059,0.32000000000000006
0.0113152,0.005300000000000001,0.32000000000000006
0.011316799999999998,-0.0097,0.32000000000000006
0.0113184,0.0063,0.32000000000000006
0.011319999999999998,-0.010499999999999999,0.32000000000000006
0.0113216,0.0071,0.32000000000000006
0.011323199999999999,-0.0095,0.32000000000000006
0.0113248,0.004900000000000001,0.32000000000000006
0.011326399999999999,-0.0083,0.32000000000000006
0.011327999999999998,0.0039000000000000007,0.32000000000000006
0.011329599999999999,-0.0045,0.32000000000000006
0.011331199999999998,0.0013000000000000008,0.32000000000000006
0.011332799999999999,-0.0010999999999999996,0.32000000000000006
0.011334399999999998,-0.0033,0.32000000000000006
0.011335999999999999,0.0013000000000000008,0.32000000000000006
0.011337599999999998,-0.0057,0.32000000000000006
0.011339199999999999,0.005300000000000001,0.32000000000000006
0.011340799999999998,-0.0043,0.32000000000000006
0.011342399999999999,0.004300000000000001,0.4
0.011343999999999998,-0.0071,0.32000000000000006
0.011345599999999999,0.005500000000000001,0.32000000000000006
0.011347199999999998,-0.0053,0.32000000000000006
0.0113488,0.0045000000000000005,0.32000000000000006
0.011350399999999998,-0.0039,0.32000000000000006
0.011352,0.005300000000000001,0.32000000000000006
0.011353599999999998,-0.0069,0.32000000000000006
0.0113552,0.0037,0.32000000000000006
0.011356799999999998,-0.009899999999999999,0.32000000000000006
0.0113584,0.005500000000000001,0.32000000000000006
0.011359999999999999,-0.0103,0.32000000000000006
0.0113616,0.0045000000000000005,0.32000000000000006
0.011363199999999999,-0.0093,0.32000000000000006
0.011364799999999998,0.0075000000000000015,0.32000000000000006
0.011366399999999999,-0.0073,0.32000000000000006
0.011367999999999998,0.0015000000000000005,0.32000000000000006
0.011369599999999999,-0.0036999999999999997,0.32000000000000006
0.011371199999999998,0.0017000000000000001,0.32000000000000006
0.011372799999999999,-0.0002999999999999995,0.32000000000000006
0.011374399999999998,-0.0004999999999999996,0.32000000000000006
0.011375999999999999,0.0027,0.32000000000000006
0.011377599999999998,-0.0053,0.32000000000000006
0.011379199999999999,0.0035000000000000005,0.32000000000000006
0.011380799999999998,-0.0077,0.32000000000000006
0.011382399999999999,0.0063,0.32000000000000006
0.011383999999999998,-0.0051,0.32000000000000006
0.0113856,0.0045000000000000005,0.32000000000000006
0.011387199999999998,-0.0075,0.32000000000000006
0.0113888,0.0047,0.32000000000000006
0.011390399999999998,-0.0063,0.32000000000000006
0.011392,0.0057,0.32000000000000006
0.011393599999999999,-0.0059,0.32000000000000006
0.0113952,0.004900000000000001,0.32000000000000006
0.011396799999999999,-0.0085,0.32000000000000006
0.0113984,0.004900000000000001,0.32000000000000006
0.011399999999999999,-0.0125,0.32000000000000006
0.011401599999999998,0.005900000000000001,0.32000000000000006
0.011403199999999999,-0.010700000000000001,0.4
0.011404799999999998,0.005900000000000001,0.32000000000000006
0.011406399999999999,-0.0069,0.32000000000000006
0.011407999999999998,0.0047,0.4
0.011409599999999999,-0.0063,0.32000000000000006
0.011411199999999998,-0.0008999999999999998,0.32000000000000006
0.011412799999999999,0.0013000000000000008,0.32000000000000006
0.011414399999999998,-0.0014999999999999998,0.32000000000000006
0.011415999999999999,0.0037,0.32000000000000006
0.011417599999999998,-0.0060999999999999995,0.32000000000000006
0.0114192,0.006500000000000001,0.32000000000000006
0.011420799999999998,-0.0063,0.32000000000000006
0.0114224,0.0069,0.32000000000000006
0.011423999999999998,-0.0036999999999999997,0.32000000000000006
0.0114256,0.0047,0.32000000000000006
0.011427199999999998,-0.0040999999999999995,0.32000000000000006
0.0114288,0.0041,0.32000000000000006
0.011430399999999999,-0.0057,0.32000000000000006
0.011432,0.0029000000000000007,0.32000000000000006
0.011433599999999999,-0.0063,0.32000000000000006
0.011435199999999998,0.0031000000000000003,0.32000000000000006
0.011436799999999999,-0.0083,0.4
0.011438399999999998,0.0063,0.32000000000000006
0.011439999999999999,-0.009899999999999999,0.32000000000000006
0.011441599999999998,0.0063,0.32000000000000006
0.011443199999999999,-0.0091,0.32000000000000006
0.011444799999999998,0.0047,0.32000000000000006
0.011446399999999999,-0.0087,0.4
0.011447999999999998,0.0029000000000000007,0.32000000000000006
0.011449599999999999,-0.0053,0.32000000000000006
0.011451199999999998,-0.0008999999999999998,0.32000000000000006
0.011452799999999999,0.0011000000000000003,0.32000000000000006
0.011454399999999998,-0.0026999999999999997,0.32000000000000006
0.011456,0.0037,0.32000000000000006
0.011457599999999998,-0.0021,0.32000000000000006
0.0114592,0.0069,0.32000000000000006
0.011460799999999998,-0.0063,0.32000000000000006
0.0114624,0.0051,0.32000000000000006
0.011463999999999998,-0.0060999999999999995,0.32000000000000006
0.0114656,0.004300000000000001,0.32000000000000006
0.011467199999999999,-0.0047,0.32000000000000006
0.0114688,0.004900000000000001,0.32000000000000006
0.011470399999999999,-0.0057,0.32000000000000006
0.011471999999999998,0.0045000000000000005,0.32000000000000006
0.011473599999999999,-0.0059,0.32000000000000006
0.011475199999999998,0.005500000000000001,0.32000000000000006
0.011476799999999999,-0.0083,0.32000000000000006
0.011478399999999998,0.0041,0.32000000000000006
0.011479999999999999,-0.0109,0.32000000000000006
0.011481599999999998,0.0057,0.32000000000000006
0.011483199999999999,-0.0093,0.32000000000000006
0.011484799999999998,0.0047,0.32000000000000006
0.011486399999999999,-0.0087,0.32000000000000006
0.011487999999999998,0.004900000000000001,0.32000000000000006
0.011489599999999999,-0.0059,0.32000000000000006
0.011491199999999998,-9.999999999999983e-05,0.32000000000000006
0.0114928,-0.0004999999999999996,0.4
0.011494399999999998,-0.0033,0.4
0.011496,0.0027,0.32000000000000006
0.011497599999999998,-0.0051,0.32000000000000006
0.0114992,0.005500000000000001,0.32000000000000006
0.011500799999999999,-0.0059,0.32000000000000006
0.0115024,0.005900000000000001,0.32000000000000006
0.011503999999999999,-0.0053,0.32000000000000006
0.0115056,0.0051,0.32000000000000006
0.011507199999999999,-0.0043,0.32000000000000006
0.011508799999999998,0.0039000000000000007,0.32000000000000006
0.011510399999999999,-0.0055,0.32000000000000006
0.011511999999999998,0.004300000000000001,0.32000000000000006
0.011513599999999999,-0.0045,0.32000000000000006
0.011515199999999998,0.005300000000000001,0.32000000000000006
0.011516799999999999,-0.0071,0.32000000000000006
0.011518399999999998,0.0075000000000000015,0.32000000000000006
0.011519999999999999,-0.0091,0.32000000000000006
0.011521599999999998,0.0045000000000000005,0.32000000000000006
0.011523199999999999,-0.0111,0.32000000000000006
0.011524799999999998,0.0041,0.32000000000000006
0.0115264,-0.0069,0.32000000000000006
0.011527999999999998,0.0027,0.32000000000000006
0.0115296,-0.0069,0.32000000000000006
0.011531199999999998,0.0013000000000000008,0.32000000000000006
0.0115328,0.00010000000000000026,0.32000000000000006
0.011534399999999998,-0.0024999999999999996,0.32000000000000006
0.011536,0.0021000000000000003,0.32000000000000006
0.011537599999999999,-0.0040999999999999995,0.32000000000000006
0.0115392,0.0051,0.32000000000000006
0.011540799999999999,-0.0059,0.32000000000000006
0.011542399999999998,0.006100000000000001,0.32000000000000006
0.011543999999999999,-0.0045,0.4
0.011545599999999998,0.005300000000000001,0.32000000000000006
0.011547199999999999,-0.0036999999999999997,0.32000000000000006
0.011548799999999998,0.0039000000000000007,0.32000000000000006
0.011550399999999999,-0.0057,0.4
0.011551999999999998,0.004900000000000001,0.32000000000000006
0.011553599999999999,-0.0069,0.32000000000000006
0.011555199999999998,0.005300000000000001,0.32000000000000006
0.011556799999999999,-0.0081,0.32000000000000006
0.011558399999999998,0.0057,0.32000000000000006
0.011559999999999999,-0.0123,0.32000000000000006
0.011561599999999998,0.005300000000000001,0.32000000000000006
0.0115632,-0.0081,0.32000000000000006
0.011564799999999998,0.0057,0.32000000000000006
0.0115664,-0.006699999999999999,0.32000000000000006
0.011567999999999998,0.0037,0.32000000000000006
0.0115696,-0.0049,0.4
0.011571199999999999,0.0035000000000000005,0.32000000000000006
0.0115728,-0.0006999999999999997,0.32000000000000006
0.011574399999999999,-0.0023,0.32000000000000006
0.011576,0.0039000000000000007,0.32000000000000006
0.011577599999999999,-0.0043,0.32000000000000006
0.011579199999999998,0.0047,0.32000000000000006
0.011580799999999999,-0.0063,0.32000000000000006
0.011582399999999998,0.004300000000000001,0.4
0.011583999999999999,-0.0083,0.32000000000000006
0.011585599999999998,0.005500000000000001,0.32000000000000006
0.011587199999999999,-0.0069,0.32000000000000006
0.011588799999999998,0.0063,0.32000000000000006
0.011590399999999999,-0.0051,0.32000000000000006
0.011591999999999998,0.0047,0.32000000000000006
0.011593599999999999,-0.0057,0.32000000000000006
0.011595199999999998,0.0057,0.32000000000000006
0.011596799999999999,-0.0075,0.32000000000000006
0.011598399999999998,0.0057,0.32000000000000006
0.0116,-0.0103,0.32000000000000006
0.011601599999999998,0.0071,0.32000000000000006
0.0116032,-0.0097,0.32000000000000006
0.011604799999999998,0.006100000000000001,0.32000000000000006
0.0116064,-0.0083,0.32000000000000006
0.011607999999999999,0.003300000000000001,0.32000000000000006
0.0116096,-0.0051,0.32000000000000006
0.011611199999999999,0.00010000000000000026,0.32000000000000006
0.0116128,-0.0012999999999999997,0.32000000000000006
0.011614399999999999,-0.0018999999999999998,0.32000000000000006
0.011615999999999998,0.0035000000000000005,0.32000000000000006
0.011617599999999999,-0.0043,0.32000000000000006
0.011619199999999998,0.0051,0.32000000000000006
0.011620799999999999,-0.0059,0.32000000000000006
0.011622399999999998,0.0057,0.32000000000000006
0.011623999999999999,-0.0049,0.32000000000000006
0.011625599999999998,0.0037,0.32000000000000006
0.011627199999999999,-0.0045,0.32000000000000006
0.011628799999999998,0.0031000000000000003,0.32000000000000006
0.011630399999999999,-0.0057,0.32000000000000006
0.011631999999999998,0.0035000000000000005,0.32000000000000006
0.0116336,-0.006500000000000001,0.4
0.011635199999999998,0.0039000000000000007,0.32000000000000006
0.0116368,-0.0075,0.32000000000000006
0.011638399999999998,0.006500000000000001,0.32000000000000006
0.01164,-0.009899999999999999,0.32000000000000006
0.011641599999999998,0.0057,0.32000000000000006
0.0116432,-0.009899999999999999,0.32000000000000006
0.011644799999999999,0.0063,0.32000000000000006
0.0116464,-0.0060999999999999995,0.32000000000000006
0.011647999999999999,0.0035000000000000005,0.32000000000000006
0.011649599999999998,-0.0047,0.32000000000000006
0.011651199999999999,0.0017000000000000001,0.32000000000000006
0.011652799999999998,-0.0012999999999999997,0.32000000000000006
0.011654399999999999,-0.0031,0.32000000000000006
0.011655999999999998,0.0027,0.32000000000000006
0.011657599999999999,-0.0043,0.32000000000000006
0.011659199999999998,0.0037,0.32000000000000006
0.011660799999999999,-0.0047,0.32000000000000006
0.011662399999999998,0.004900000000000001,0.32000000000000006
0.011663999999999999,-0.0036999999999999997,0.32000000000000006
0.011665599999999998,0.005500000000000001,0.32000000000000006
0.011667199999999999,-0.0073,0.32000000000000006
0.011668799999999998,0.0051,0.32000000000000006
0.0116704,-0.0051,0.32000000000000006
0.011671999999999998,0.0029000000000000007,0.32000000000000006
0.0116736,-0.006699999999999999,0.32000000000000006
0.011675199999999998,0.0037,0.32000000000000006
0.0116768,-0.0089,0.32000000000000006
0.011678399999999999,0.0069,0.32000000000000006
0.01168,-0.011300000000000001,0.32000000000000006
0.011681599999999999,0.0051,0.32000000000000006
0.0116832,-0.009899999999999999,0.32000000000000006
0.011684799999999999,0.005500000000000001,0.32000000000000006
0.011686399999999998,-0.0075,0.32000000000000006
0.011687999999999999,0.0035000000000000005,0.32000000000000006
0.011689599999999998,-0.0033,0.32000000000000006
0.011691199999999999,0.0007000000000000005,0.32000000000000006
0.011692799999999998,-0.0008999999999999998,0.32000000000000006
0.011694399999999999,0.00010000000000000026,0.32000000000000006
0.011695999999999998,0.0021000000000000003,0.32000000000000006
0.011697599999999999,-0.0060999999999999995,0.32000000000000006
0.011699199999999998,0.004900000000000001,0.32000000000000006
0.011700799999999999,-0.0060999999999999995,0.32000000000000006
0.011702399999999998,0.0029000000000000007,0.32000000000000006
0.011703999999999999,-0.0093,0.32000000000000006
0.011705599999999998,0.006100000000000001,0.32000000000000006
0.0117072,-0.0063,0.32000000000000006
0.011708799999999998,0.0057,0.32000000000000006
0.0117104,-0.0055,0.32000000000000006
0.011711999999999998,0.0045000000000000005,0.32000000000000006
0.0117136,-0.0047,0.32000000000000006
0.011715199999999999,0.005900000000000001,0.32000000000000006
0.0117168,-0.0079,0.32000000000000006
0.011718399999999999,0.004900000000000001,0.32000000000000006
0.011719999999999998,-0.010700000000000001,0.32000000000000006
0.011721599999999999,0.006100000000000001,0.32000000000000006
0.011723199999999998,-0.0091,0.32000000000000006
0.011724799999999999,0.0035000000000000005,0.32000000000000006
0.011726399999999998,-0.0075,0.32000000000000006
0.011727999999999999,0.004300000000000001,0.32000000000000006
0.011729599999999998,-0.0040999999999999995,0.32000000000000006
0.011731199999999999,0.0019000000000000006,0.4
0.011732799999999998,-0.0008999999999999998,0.32000000000000006
0.011734399999999999,-0.0021,0.4
0.011735999999999998,0.0025000000000000005,0.32000000000000006
0.011737599999999999,-0.0045,0.32000000000000006
0.011739199999999998,0.004900000000000001,0.32000000000000006
0.0117408,-0.006699999999999999,0.32000000000000006
0.011742399999999998,0.0071,0.32000000000000006
0.011744,-0.0063,0.32000000000000006
0.011745599999999998,0.0057,0.32000000000000006
0.0117472,-0.0075,0.32000000000000006
0.011748799999999998,0.0045000000000000005,0.32000000000000006
0.0117504,-0.0053,0.32000000000000006
0.011751999999999999,0.0047,0.32000000000000006
0.0117536,-0.0055,0.32000000000000006
0.011755199999999999,0.005300000000000001,0.32000000000000006
0.011756799999999998,-0.0093,0.32000000000000006
0.011758399999999999,0.004900000000000001,0.32000000000000006
0.011759999999999998,-0.0081,0.32000000000000006
0.011761599999999999,0.005300000000000001,0.32000000000000006
0.011763199999999998,-0.010100000000000001,0.32000000000000006
0.011764799999999999,0.0045000000000000005,0.32000000000000006
0.011766399999999998,-0.0075,0.32000000000000006
0.011767999999999999,0.0035000000000000005,0.32000000000000006
0.011769599999999998,-0.0049,0.32000000000000006
0.011771199999999999,0.0021000000000000003,0.4
0.011772799999999998,-0.0006999999999999997,0.32000000000000006
0.011774399999999999,-0.0023,0.32000000000000006
0.011775999999999998,0.0011000000000000003,0.32000000000000006
0.0117776,-0.0023,0.32000000000000006
0.011779199999999998,0.0035000000000000005,0.32000000000000006
0.0117808,-0.0036999999999999997,0.32000000000000006
0.011782399999999998,0.0063,0.32000000000000006
0.011784,-0.0053,0.32000000000000006
0.011785599999999999,0.0041,0.32000000000000006
0.0117872,-0.0059,0.32000000000000006
0.011788799999999999,0.0029000000000000007,0.32000000000000006
0.0117904,-0.0045,0.32000000000000006
0.011791999999999999,0.004900000000000001,0.32000000000000006
0.011793599999999998,-0.0075,0.32000000000000006
0.011795199999999999,0.005300000000000001,0.32000000000000006
0.011796799999999998,-0.0079,0.32000000000000006
0.011798399999999999,0.0047,0.4
0.011799999999999998,-0.0117,0.32000000000000006
0.011801599999999999,0.008100000000000001,0.32000000000000006
0.011803199999999998,-0.0095,0.32000000000000006
0.011804799999999999,0.0057,0.32000000000000006
0.011806399999999998,-0.0075,0.32000000000000006
0.011807999999999999,0.0041,0.32000000000000006
0.011809599999999998,-0.0045,0.32000000000000006
0.011811199999999999,0.0015000000000000005,0.32000000000000006
0.011812799999999998,-0.0010999999999999996,0.32000000000000006
0.0118144,-0.0018999999999999998,0.32000000000000006
0.011815999999999998,0.0047,0.32000000000000006
0.0118176,-0.0055,0.32000000000000006
0.011819199999999998,0.0041,0.32000000000000006
0.0118208,-0.006500000000000001,0.32000000000000006
0.011822399999999999,0.005900000000000001,0.32000000000000006
0.011824,-0.0049,0.32000000000000006
0.011825599999999999,0.0037,0.32000000000000006
0.011827199999999998,-0.0040999999999999995,0.32000000000000006
0.011828799999999999,0.0035000000000000005,0.32000000000000006
0.011830399999999998,-0.0053,0.32000000000000006
0.011831999999999999,0.0025000000000000005,0.4
0.011833599999999998,-0.0059,0.32000000000000006
0.011835199999999999,0.004300000000000001,0.32000000000000006
0.011836799999999998,-0.0097,0.32000000000000006
0.011838399999999999,0.005500000000000001,0.32000000000000006
0.011839999999999998,-0.010499999999999999,0.32000000000000006
0.011841599999999999,0.007300000000000001,0.32000000000000006
0.011843199999999998,-0.0095,0.32000000000000006
0.011844799999999999,0.0041,0.32000000000000006
0.011846399999999998,-0.0085,0.32000000000000006
0.011848,0.0015000000000000005,0.32000000000000006
0.011849599999999998,-0.0040999999999999995,0.32000000000000006
0.0118512,0.0025000000000000005,0.32000000000000006
0.011852799999999998,-0.0014999999999999998,0.32000000000000006
0.0118544,-0.0034999999999999996,0.32000000000000006
0.011855999999999998,0.004300000000000001,0.4
0.0118576,-0.0029,0.32000000000000006
0.011859199999999999,0.005500000000000001,0.32000000000000006
0.0118608,-0.0073,0.32000000000000006
0.011862399999999999,0.006500000000000001,0.32000000000000006
0.011863999999999998,-0.0047,0.4
0.011865599999999999,0.0045000000000000005,0.32000000000000006
0.011867199999999998,-0.0045,0.32000000000000006
0.011868799999999999,0.0029000000000000007,0.32000000000000006
0.011870399999999998,-0.0071,0.32000000000000006
0.011871999999999999,0.0035000000000000005,0.32000000000000006
0.011873599999999998,-0.0057,0.32000000000000006
0.011875199999999999,0.005900000000000001,0.32000000000000006
0.011876799999999998,-0.0069,0.32000000000000006
0.011878399999999999,0.005500000000000001,0.32000000000000006
0.011879999999999998,-0.0089,0.32000000000000006
0.011881599999999999,0.006500000000000001,0.32000000000000006
0.011883199999999998,-0.0093,0.32000000000000006
0.0118848,0.006100000000000001,0.32000000000000006
0.011886399999999998,-0.0081,0.32000000000000006
0.011888,0.0015000000000000005,0.32000000000000006
0.011889599999999998,-0.0047,0.32000000000000006
0.0118912,0.0009000000000000002,0.32000000000000006
0.011892799999999999,-0.0006999999999999997,0.32000000000000006
0.0118944,-0.0018999999999999998,0.32000000000000006
0.011895999999999999,0.0045000000000000005,0.32000000000000006
0.0118976,-0.0049,0.32000000000000006
0.011899199999999999,0.0041,0.32000000000000006
0.011900799999999998,-0.0069,0.32000000000000006
0.011902399999999999,0.004900000000000001,0.32000000000000006
0.011903999999999998,-0.006500000000000001,0.32000000000000006
0.011905599999999999,0.0075000000000000015,0.32000000000000006
0.011907199999999998,-0.0055,0.32000000000000006
0.011908799999999999,0.0047,0.32000000000000006
0.011910399999999998,-0.0040999999999999995,0.32000000000000006
0.011911999999999999,0.0045000000000000005,0.32000000000000006
0.011913599999999998,-0.0071,0.32000000000000006
0.011915199999999999,0.004900000000000001,0.32000000000000006
0.011916799999999998,-0.0087,0.32000000000000006
0.0119184,0.0063,0.32000000000000006
0.011919999999999998,-0.0089,0.32000000000000006
0.0119216,0.0057,0.32000000000000006
0.011923199999999998,-0.009899999999999999,0.4
0.0119248,0.0051,0.32000000000000006
0.011926399999999998,-0.0059,0.32000000000000006
0.011928,0.0035000000000000005,0.32000000000000006
0.011929599999999999,-0.0055,0.32000000000000006
0.0119312,0.00030000000000000035,0.32000000000000006
0.011932799999999999,-0.0010999999999999996,0.32000000000000006
0.011934399999999998,-0.0045,0.32000000000000006
0.011935999999999999,0.0029000000000000007,0.32000000000000006
0.011937599999999998,-0.0051,0.32000000000000006
0.011939199999999999,0.006100000000000001,0.32000000000000006
0.011940799999999998,-0.0057,0.32000000000000006
0.011942399999999999,0.004900000000000001,0.32000000000000006
0.011943999999999998,-0.0069,0.32000000000000006
0.011945599999999999,0.005300000000000001,0.4
0.011947199999999998,-0.0063,0.4
0.011948799999999999,0.004300000000000001,0.32000000000000006
0.011950399999999998,-0.0040999999999999995,0.32000000000000006
0.011951999999999999,0.004300000000000001,0.32000000000000006
0.011953599999999998,-0.006699999999999999,0.32000000000000006
0.0119552,0.005500000000000001,0.32000000000000006
0.011956799999999998,-0.0083,0.32000000000000006
0.0119584,0.005500000000000001,0.4
0.011959999999999998,-0.0109,0.32000000000000006
0.0119616,0.0057,0.32000000000000006
0.011963199999999998,-0.010499999999999999,0.32000000000000006
0.0119648,0.0057,0.32000000000000006
0.011966399999999999,-0.0091,0.32000000000000006
0.011968,0.0039000000000000007,0.32000000000000006
0.011969599999999999,-0.0039,0.32000000000000006
0.011971199999999998,0.0009000000000000002,0.32000000000000006
0.011972799999999999,-0.0008999999999999998,0.32000000000000006
0.011974399999999998,0.00010000000000000026,0.32000000000000006
0.011975999999999999,0.004300000000000001,0.32000000000000006
0.011977599999999998,-0.0045,0.32000000000000006
0.011979199999999999,0.0051,0.32000000000000006
0.011980799999999998,-0.0051,0.32000000000000006
0.011982399999999999,0.0051,0.32000000000000006
0.011983999999999998,-0.0063,0.32000000000000006
0.011985599999999999,0.0045000000000000005,0.32000000000000006
0.011987199999999998,-0.0057,0.32000000000000006
0.011988799999999999,0.0047,0.32000000000000006
0.011990399999999998,-0.0071,0.32000000000000006
0.011992,0.0047,0.32000000000000006
0.011993599999999998,-0.0049,0.32000000000000006
0.0119952,0.004300000000000001,0.32000000000000006
0.011996799999999998,-0.0079,0.32000000000000006
0.0119984,0.0057,0.32000000000000006
0.011999999999999999,-0.0103,0.32000000000000006
0.0120016,0.005300000000000001,0.32000000000000006
0.012003199999999999,-0.0103,0.4
0.012004799999999998,0.0075000000000000015,0.32000000000000006
0.012006399999999999,-0.0083,0.32000000000000006
0.012007999999999998,0.003300000000000001,0.24
0.012009599999999999,-0.0033,0.32000000000000006
0.012011199999999998,0.0013000000000000008,0.32000000000000006
0.012012799999999999,-0.0016999999999999997,0.32000000000000006
0.012014399999999998,-0.0024999999999999996,0.32000000000000006
0.012015999999999999,0.0029000000000000007,0.32000000000000006
0.012017599999999998,-0.0047,0.32000000000000006
0.012019199999999999,0.0031000000000000003,0.32000000000000006
0.012020799999999998,-0.0075,0.32000000000000006
0.012022399999999999,0.0063,0.32000000000000006
0.012023999999999998,-0.0055,0.32000000000000006
0.0120256,0.006100000000000001,0.32000000000000006
0.012027199999999998,-0.0059,0.32000000000000006
0.0120288,0.0041,0.32000000000000006
0.012030399999999998,-0.0059,0.32000000000000006
0.012032,0.002300000000000001,0.32000000000000006
0.012033599999999998,-0.0053,0.32000000000000006
0.0120352,0.0041,0.32000000000000006
0.012036799999999999,-0.0095,0.32000000000000006
0.0120384,0.005300000000000001,0.32000000000000006
0.012039999999999999,-0.0087,0.32000000000000006
0.012041599999999998,0.006500000000000001,0.4
0.012043199999999999,-0.0111,0.32000000000000006
0.012044799999999998,0.004300000000000001,0.32000000000000006
0.012046399999999999,-0.0075,0.32000000000000006
0.012047999999999998,0.004300000000000001,0.32000000000000006
0.012049599999999999,-0.0036999999999999997,0.32000000000000006
0.012051199999999998,0.0025000000000000005,0.32000000000000006
0.012052799999999999,-0.0016999999999999997,0.32000000000000006
0.012054399999999998,-0.0026999999999999997,0.24
0.012055999999999999,0.004900000000000001,0.32000000000000006
0.012057599999999998,-0.0059,0.32000000000000006
0.012059199999999999,0.0025000000000000005,0.32000000000000006
0.012060799999999998,-0.0071,0.32000000000000006
0.0120624,0.005900000000000001,0.32000000000000006
0.012063999999999998,-0.0071,0.32000000000000006
0.0120656,0.005500000000000001,0.32000000000000006
0.012067199999999998,-0.0059,0.32000000000000006
0.0120688,0.005500000000000001,0.32000000000000006
0.012070399999999998,-0.0045,0.32000000000000006
0.012072,0.004900000000000001,0.4
0.012073599999999999,-0.0071,0.32000000000000006
0.0120752,0.0051,0.32000000000000006
0.012076799999999999,-0.0081,0.32000000000000006
0.012078399999999998,0.0051,0.32000000000000006
0.012079999999999999,-0.009899999999999999,0.32000000000000006
0.012081599999999998,0.0071,0.32000000000000006
0.012083199999999999,-0.010100000000000001,0.32000000000000006
0.012084799999999998,0.0051,0.32000000000000006
0.012086399999999999,-0.0091,0.32000000000000006
0.012087999999999998,0.0045000000000000005,0.4
0.012089599999999999,-0.0034999999999999996,0.32000000000000006
0.012091199999999998,-9.999999999999983e-05,0.32000000000000006
0.012092799999999999,0.0005000000000000004,0.32000000000000006
0.012094399999999998,-0.0039,0.4
0.012095999999999999,0.0035000000000000005,0.32000000000000006
0.012097599999999998,-0.0040999999999999995,0.32000000000000006
0.0120992,0.005900000000000001,0.32000000000000006
0.012100799999999998,-0.0063,0.32000000000000006
0.0121024,0.003300000000000001,0.32000000000000006
0.012103999999999998,-0.0073,0.32000000000000006
0.0121056,0.004900000000000001,0.32000000000000006
0.012107199999999999,-0.0047,0.32000000000000006
0.0121088,0.0035000000000000005,0.32000000000000006
0.012110399999999999,-0.0060999999999999995,0.32000000000000006
0.012111999999999998,0.0045000000000000005,0.32000000000000006
0.012113599999999999,-0.0059,0.32000000000000006
0.012115199999999998,0.005500000000000001,0.32000000000000006
0.012116799999999999,-0.0085,0.32000000000000006
0.012118399999999998,0.005900000000000001,0.32000000000000006
0.012119999999999999,-0.0083,0.32000000000000006
0.012121599999999998,0.0077,0.32000000000000006
0.012123199999999999,-0.0091,0.32000000000000006
0.012124799999999998,0.005900000000000001,0.32000000000000006
0.012126399999999999,-0.0085,0.32000000000000006
0.012127999999999998,0.004300000000000001,0.24
0.012129599999999999,-0.0043,0.32000000000000006
0.012131199999999998,0.0027,0.32000000000000006
0.0121328,-0.0029,0.32000000000000006
0.012134399999999998,-0.0034999999999999996,0.32000000000000006
0.012136,0.00030000000000000035,0.32000000000000006
0.012137599999999998,-0.0051,0.32000000000000006
0.0121392,0.0037,0.32000000000000006
0.012140799999999998,-0.0063,0.32000000000000006
0.0121424,0.0039000000000000007,0.32000000000000006
0.012143999999999999,-0.0047,0.32000000000000006
0.0121456,0.0045000000000000005,0.32000000000000006
0.012147199999999999,-0.0073,0.32000000000000006
0.012148799999999998,0.0035000000000000005,0.4
0.012150399999999999,-0.0053,0.32000000000000006
0.012151999999999998,0.0035000000000000005,0.32000000000000006
0.012153599999999999,-0.0077,0.4
0.012155199999999998,0.004300000000000001,0.32000000000000006
0.012156799999999999,-0.0093,0.32000000000000006
0.012158399999999998,0.006500000000000001,0.32000000000000006
0.012159999999999999,-0.0095,0.32000000000000006
0.012161599999999998,0.0071,0.4
0.012163199999999999,-0.0087,0.32000000000000006
0.012164799999999998,0.006700000000000001,0.32000000000000006
0.012166399999999999,-0.0079,0.32000000000000006
0.012167999999999998,0.0051,0.32000000000000006
0.0121696,-0.0036999999999999997,0.32000000000000006
0.012171199999999998,0.0015000000000000005,0.4
0.0121728,0.0017000000000000001,0.32000000000000006
0.012174399999999998,-0.0008999999999999998,0.32000000000000006
0.012176,0.0025000000000000005,0.32000000000000006
0.012177599999999998,-0.0043,0.32000000000000006
0.0121792,0.005500000000000001,0.32000000000000006
0.012180799999999999,-0.0071,0.32000000000000006
0.0121824,0.0063,0.32000000000000006
0.012183999999999999,-0.0081,0.4
0.012185599999999998,0.006500000000000001,0.32000000000000006
0.012187199999999999,-0.006699999999999999,0.32000000000000006
0.012188799999999998,0.0045000000000000005,0.32000000000000006
0.012190399999999999,-0.0069,0.32000000000000006
0.012191999999999998,0.005300000000000001,0.32000000000000006
0.012193599999999999,-0.0069,0.32000000000000006
0.012195199999999998,0.0057,0.32000000000000006
0.012196799999999999,-0.0093,0.32000000000000006
0.012198399999999998,0.005900000000000001,0.32000000000000006
0.012199999999999999,-0.0103,0.32000000000000006
0.012201599999999998,0.005300000000000001,0.32000000000000006
0.012203199999999999,-0.0095,0.4
0.012204799999999998,0.008100000000000001,0.32000000000000006
0.0122064,-0.0075,0.32000000000000006
0.012207999999999998,0.0031000000000000003,0.32000000000000006
0.0122096,-0.0051,0.32000000000000006
0.012211199999999998,0.0015000000000000005,0.32000000000000006
0.0122128,-0.0002999999999999995,0.32000000000000006
0.012214399999999999,-0.0004999999999999996,0.32000000000000006
0.012216,0.0027,0.32000000000000006
0.012217599999999999,-0.0029,0.32000000000000006
0.012219199999999998,0.0031000000000000003,0.32000000000000006
0.012220799999999999,-0.006500000000000001,0.32000000000000006
0.012222399999999998,0.006100000000000001,0.32000000000000006
0.012223999999999999,-0.0069,0.32000000000000006
0.012225599999999998,0.0037,0.32000000000000006
0.012227199999999999,-0.0049,0.32000000000000006
0.012228799999999998,0.003300000000000001,0.32000000000000006
0.012230399999999999,-0.0055,0.32000000000000006
0.012231999999999998,0.004300000000000001,0.32000000000000006
0.012233599999999999,-0.0053,0.32000000000000006
0.012235199999999998,0.002300000000000001,0.32000000000000006
0.012236799999999999,-0.0097,0.32000000000000006
0.012238399999999998,0.005300000000000001,0.32000000000000006
0.01224,-0.0089,0.32000000000000006
0.012241599999999998,0.0063,0.32000000000000006
0.0122432,-0.0097,0.32000000000000006
0.012244799999999998,0.0037,0.32000000000000006
0.0122464,-0.0083,0.32000000000000006
0.012247999999999998,0.004300000000000001,0.32000000000000006
0.0122496,-0.0049,0.32000000000000006
0.012251199999999999,-0.0004999999999999996,0.4
0.0122528,-0.0010999999999999996,0.32000000000000006
0.012254399999999999,-0.0016999999999999997,0.32000000000000006
0.012255999999999998,0.003300000000000001,0.32000000000000006
0.012257599999999999,-0.0055,0.32000000000000006
0.012259199999999998,0.0025000000000000005,0.32000000000000006
0.012260799999999999,-0.0059,0.32000000000000006
0.012262399999999998,0.0045000000000000005,0.32000000000000006
0.012263999999999999,-0.0049,0.32000000000000006
0.012265599999999998,0.0035000000000000005,0.32000000000000006
0.012267199999999999,-0.006699999999999999,0.32000000000000006
0.012268799999999998,0.0047,0.32000000000000006
0.012270399999999999,-0.0043,0.4
0.012271999999999998,0.0037,0.32000000000000006
0.012273599999999999,-0.0059,0.32000000000000006
0.012275199999999998,0.0047,0.32000000000000006
0.0122768,-0.0060999999999999995,0.32000000000000006
0.012278399999999998,0.005300000000000001,0.32000000000000006
0.01228,-0.0095,0.32000000000000006
0.012281599999999998,0.004300000000000001,0.32000000000000006
0.0122832,-0.0109,0.32000000000000006
0.012284799999999998,0.005300000000000001,0.32000000000000006
0.0122864,-0.0083,0.32000000000000006
0.012287999999999999,0.0039000000000000007,0.32000000000000006
0.0122896,-0.0047,0.4
0.012291199999999999,0.0007000000000000005,0.32000000000000006
0.012292799999999998,-0.0008999999999999998,0.32000000000000006
0.012294399999999999,-0.0012999999999999997,0.32000000000000006
0.012295999999999998,0.0013000000000000008,0.32000000000000006
0.012297599999999999,-0.006699999999999999,0.32000000000000006
0.012299199999999998,0.0031000000000000003,0.32000000000000006
0.012300799999999999,-0.006500000000000001,0.32000000000000006
0.012302399999999998,0.0063,0.32000000000000006
0.012303999999999999,-0.0049,0.32000000000000006
0.012305599999999998,0.0069,0.32000000000000006
0.012307199999999999,-0.0057,0.32000000000000006
0.012308799999999998,0.0051,0.32000000000000006
0.012310399999999999,-0.0055,0.32000000000000006
0.012311999999999998,0.0041,0.32000000000000006
0.0123136,-0.0071,0.32000000000000006
0.012315199999999998,0.0045000000000000005,0.32000000000000006
0.0123168,-0.0091,0.32000000000000006
0.012318399999999998,0.0077,0.32000000000000006
0.01232,-0.010100000000000001,0.32000000000000006
0.012321599999999999,0.005900000000000001,0.4
0.0123232,-0.0091,0.32000000000000006
0.012324799999999999,0.0037,0.32000000000000006
0.012326399999999998,-0.0091,0.32000000000000006
0.012327999999999999,0.0037,0.32000000000000006
0.012329599999999998,-0.0057,0.32000000000000006
0.012331199999999999,0.0005000000000000004,0.32000000000000006
0.012332799999999998,0.00030000000000000035,0.32000000000000006
0.012334399999999999,-0.0023,0.32000000000000006
0.012335999999999998,0.0015000000000000005,0.32000000000000006
0.012337599999999999,-0.0040999999999999995,0.32000000000000006
0.012339199999999998,0.0051,0.32000000000000006
0.012340799999999999,-0.006500000000000001,0.32000000000000006
0.012342399999999998,0.005500000000000001,0.32000000000000006
0.012343999999999999,-0.006500000000000001,0.32000000000000006
0.012345599999999998,0.005300000000000001,0.32000000000000006
0.0123472,-0.0049,0.4
0.012348799999999998,0.0027,0.4
0.0123504,-0.0049,0.4
0.012351999999999998,0.0029000000000000007,0.32000000000000006
0.0123536,-0.006500000000000001,0.4
0.012355199999999998,0.0047,0.32000000000000006
0.0123568,-0.0075,0.32000000000000006
0.012358399999999999,0.005500000000000001,0.32000000000000006
0.01236,-0.0077,0.32000000000000006
0.012361599999999999,0.0063,0.32000000000000006
0.012363199999999998,-0.0091,0.4
0.012364799999999999,0.005900000000000001,0.32000000000000006
0.012366399999999998,-0.0079,0.32000000000000006
0.012367999999999999,0.0039000000000000007,0.32000000000000006
0.012369599999999998,-0.0057,0.32000000000000006
0.012371199999999999,-0.0002999999999999995,0.32000000000000006
0.012372799999999998,-0.0004999999999999996,0.32000000000000006
0.012374399999999999,-0.0031,0.32000000000000006
0.012375999999999998,0.0007000000000000005,0.32000000000000006
0.012377599999999999,-0.0034999999999999996,0.32000000000000006
0.012379199999999998,0.005500000000000001,0.32000000000000006
0.012380799999999999,-0.0055,0.32000000000000006
0.012382399999999998,0.0083,0.32000000000000006
0.012384,-0.0060999999999999995,0.32000000000000006
0.012385599999999998,0.006100000000000001,0.32000000000000006
0.0123872,-0.0060999999999999995,0.32000000000000006
0.012388799999999998,0.0047,0.32000000000000006
0.0123904,-0.0057,0.32000000000000006
0.012391999999999999,0.005900000000000001,0.32000000000000006
0.0123936,-0.0063,0.32000000000000006
0.012395199999999999,0.005300000000000001,0.32000000000000006
0.012396799999999998,-0.0091,0.32000000000000006
0.012398399999999999,0.006100000000000001,0.32000000000000006
0.012399999999999998,-0.0095,0.32000000000000006
0.012401599999999999,0.006100000000000001,0.32000000000000006
0.012403199999999998,-0.0089,0.32000000000000006
0.012404799999999999,0.0057,0.32000000000000006
0.012406399999999998,-0.0060999999999999995,0.32000000000000006
0.012407999999999999,0.004900000000000001,0.32000000000000006
0.012409599999999998,-0.0051,0.32000000000000006
0.012411199999999999,0.0019000000000000006,0.32000000000000006
0.012412799999999998,-0.0012999999999999997,0.32000000000000006
0.012414399999999999,-0.0018999999999999998,0.32000000000000006
0.012415999999999998,0.0029000000000000007,0.32000000000000006
0.012417599999999999,-0.006699999999999999,0.32000000000000006
0.012419199999999998,0.0041,0.32000000000000006
0.0124208,-0.0049,0.32000000000000006
0.012422399999999998,0.005300000000000001,0.32000000000000006
0.012424,-0.0073,0.32000000000000006
0.012425599999999998,0.0025000000000000005,0.32000000000000006
0.0124272,-0.0081,0.32000000000000006
0.012428799999999999,0.005300000000000001,0.32000000000000006
0.0124304,-0.0071,0.4
0.012431999999999999,0.0037,0.32000000000000006
0.012433599999999998,-0.0081,0.32000000000000006
0.012435199999999999,0.004900000000000001,0.32000000000000006
0.012436799999999998,-0.0081,0.32000000000000006
0.012438399999999999,0.006100000000000001,0.32000000000000006
0.012439999999999998,-0.010499999999999999,0.32000000000000006
0.012441599999999999,0.0051,0.32000000000000006
0.012443199999999998,-0.0103,0.32000000000000006
0.012444799999999999,0.006700000000000001,0.32000000000000006
0.012446399999999998,-0.0063,0.32000000000000006
0.012447999999999999,0.002300000000000001,0.32000000000000006
0.012449599999999998,-0.0045,0.32000000000000006
0.012451199999999999,-9.999999999999983e-05,0.32000000000000006
0.012452799999999998,-0.0010999999999999996,0.32000000000000006
0.0124544,-0.0031,0.32000000000000006
0.012455999999999998,0.0025000000000000005,0.32000000000000006
0.0124576,-0.0043,0.4
0.012459199999999998,0.0051,0.32000000000000006
0.0124608,-0.0045,0.32000000000000006
0.012462399999999998,0.005300000000000001,0.32000000000000006
0.012464,-0.0051,0.32000000000000006
0.012465599999999999,0.0037,0.32000000000000006
0.0124672,-0.0043,0.32000000000000006
0.012468799999999999,0.0039000000000000007,0.32000000000000006
0.012470399999999998,-0.0069,0.32000000000000006
0.012471999999999999,0.004300000000000001,0.32000000000000006
0.012473599999999998,-0.0051,0.32000000000000006
0.012475199999999999,0.0047,0.32000000000000006
0.012476799999999998,-0.0079,0.32000000000000006
0.012478399999999999,0.004900000000000001,0.32000000000000006
0.012479999999999998,-0.009899999999999999,0.32000000000000006
0.012481599999999999,0.0063,0.32000000000000006
0.012483199999999998,-0.009899999999999999,0.32000000000000006
0.012484799999999999,0.0057,0.32000000000000006
0.012486399999999998,-0.0087,0.32000000000000006
0.012487999999999999,0.0037,0.32000000000000006
0.012489599999999998,-0.0031,0.32000000000000006
0.0124912,-0.0004999999999999996,0.32000000000000006
0.012492799999999998,-0.0026999999999999997,0.32000000000000006
0.0124944,-0.0012999999999999997,0.32000000000000006
0.012495999999999998,0.0029000000000000007,0.4
0.0124976,-0.0049,0.32000000000000006
0.012499199999999999,0.0025000000000000005,0.32000000000000006
0.0125008,-0.006500000000000001,0.32000000000000006
0.012502399999999999,0.004900000000000001,0.4
0.012503999999999998,-0.0063,0.32000000000000006
0.012505599999999999,0.005900000000000001,0.32000000000000006
0.012507199999999998,-0.0059,0.32000000000000006
0.012508799999999999,0.0037,0.32000000000000006
0.012510399999999998,-0.0047,0.32000000000000006
0.012511999999999999,0.004900000000000001,0.32000000000000006
0.012513599999999998,-0.0053,0.32000000000000006
0.012515199999999999,0.0045000000000000005,0.4
0.012516799999999998,-0.0087,0.32000000000000006
0.012518399999999999,0.006700000000000001,0.32000000000000006
0.012519999999999998,-0.0087,0.32000000000000006
0.012521599999999999,0.007300000000000001,0.32000000000000006
0.012523199999999998,-0.0103,0.32000000000000006
0.012524799999999999,0.005500000000000001,0.32000000000000006
0.012526399999999998,-0.0073,0.32000000000000006
0.012528,0.003300000000000001,0.32000000000000006
0.012529599999999998,-0.0031,0.32000000000000006
0.0125312,-0.0018999999999999998,0.32000000000000006
0.012532799999999998,-0.0023,0.32000000000000006
0.0125344,-0.0002999999999999995,0.32000000000000006
0.012535999999999999,0.0037,0.32000000000000006
0.0125376,-0.0039,0.32000000000000006
0.012539199999999999,0.0071,0.32000000000000006
0.012540799999999998,-0.0055,0.32000000000000006
0.012542399999999999,0.0045000000000000005,0.32000000000000006
0.012543999999999998,-0.0057,0.32000000000000006
0.012545599999999999,0.005900000000000001,0.32000000000000006
0.012547199999999998,-0.0055,0.32000000000000006
0.012548799999999999,0.0051,0.32000000000000006
0.012550399999999998,-0.0059,0.32000000000000006
0.012551999999999999,0.005500000000000001,0.32000000000000006
0.012553599999999998,-0.0059,0.32000000000000006
0.012555199999999999,0.0051,0.32000000000000006
0.012556799999999998,-0.0103,0.32000000000000006
0.012558399999999999,0.0037,0.32000000000000006
0.012559999999999998,-0.010700000000000001,0.32000000000000006
0.0125616,0.0047,0.32000000000000006
0.012563199999999998,-0.011300000000000001,0.32000000000000006
0.0125648,0.005500000000000001,0.32000000000000006
0.012566399999999998,-0.0097,0.4
0.012568,0.0031000000000000003,0.32000000000000006
0.012569599999999998,-0.0051,0.32000000000000006
0.0125712,0.002300000000000001,0.32000000000000006
0.012572799999999999,0.0019000000000000006,0.32000000000000006
0.0125744,-0.0012999999999999997,0.32000000000000006
0.012575999999999999,0.0017000000000000001,0.32000000000000006
0.012577599999999998,-0.0053,0.32000000000000006
0.012579199999999999,0.0047,0.32000000000000006
0.012580799999999998,-0.0063,0.32000000000000006
0.012582399999999999,0.004900000000000001,0.32000000000000006
0.012583999999999998,-0.0057,0.32000000000000006
0.012585599999999999,0.0029000000000000007,0.32000000000000006
0.012587199999999998,-0.006699999999999999,0.32000000000000006
0.012588799999999999,0.003300000000000001,0.32000000000000006
0.012590399999999998,-0.0045,0.32000000000000006
0.012591999999999999,0.004900000000000001,0.32000000000000006
0.012593599999999998,-0.006699999999999999,0.32000000000000006
0.012595199999999999,0.0045000000000000005,0.32000000000000006
0.012596799999999998,-0.0085,0.32000000000000006
0.0125984,0.0051,0.32000000000000006
0.012599999999999998,-0.0111,0.32000000000000006
0.0126016,0.005900000000000001,0.4
0.012603199999999998,-0.009899999999999999,0.4
0.0126048,0.0071,0.32000000000000006
0.012606399999999999,-0.0073,0.32000000000000006
0.012608,0.0037,0.32000000000000006
0.012609599999999999,-0.0045,0.4
0.012611199999999998,0.0021000000000000003,0.32000000000000006
0.012612799999999999,-0.0008999999999999998,0.32000000000000006
0.012614399999999998,-0.0012999999999999997,0.32000000000000006
0.012615999999999999,0.0027,0.32000000000000006
0.012617599999999998,-0.0023,0.32000000000000006
0.012619199999999999,0.006100000000000001,0.32000000000000006
0.012620799999999998,-0.0051,0.32000000000000006
0.012622399999999999,0.005900000000000001,0.32000000000000006
0.012623999999999998,-0.0043,0.4
0.012625599999999999,0.005300000000000001,0.32000000000000006
0.012627199999999998,-0.0045,0.32000000000000006
0.012628799999999999,0.0031000000000000003,0.32000000000000006
0.012630399999999998,-0.0057,0.4
0.012631999999999999,0.004900000000000001,0.32000000000000006
0.012633599999999998,-0.0049,0.32000000000000006
0.0126352,0.0037,0.32000000000000006
0.012636799999999998,-0.0085,0.32000000000000006
0.0126384,0.005300000000000001,0.32000000000000006
0.012639999999999998,-0.009899999999999999,0.32000000000000006
0.0126416,0.0057,0.32000000000000006
0.012643199999999999,-0.010499999999999999,0.32000000000000006
0.0126448,0.004900000000000001,0.32000000000000006
0.012646399999999999,-0.0085,0.32000000000000006
0.012647999999999998,0.004300000000000001,0.32000000000000006
0.012649599999999999,-0.0049,0.32000000000000006
0.012651199999999998,0.0007000000000000005,0.32000000000000006
0.012652799999999999,-0.0014999999999999998,0.32000000000000006
0.012654399999999998,-0.0029,0.4
0.012655999999999999,0.0035000000000000005,0.32000000000000006
0.012657599999999998,-0.0034999999999999996,0.32000000000000006
0.012659199999999999,0.0047,0.32000000000000006
0.012660799999999998,-0.0060999999999999995,0.4
0.012662399999999999,0.004300000000000001,0.32000000000000006
0.012663999999999998,-0.0055,0.32000000000000006
0.012665599999999999,0.004900000000000001,0.32000000000000006
0.012667199999999998,-0.0060999999999999995,0.4
0.0126688,0.003300000000000001,0.32000000000000006
0.012670399999999998,-0.0045,0.32000000000000006
0.012672,0.0041,0.32000000000000006
0.012673599999999998,-0.0059,0.32000000000000006
0.0126752,0.005300000000000001,0.4
0.012676799999999998,-0.0087,0.32000000000000006
0.0126784,0.0035000000000000005,0.32000000000000006
0.012679999999999999,-0.010700000000000001,0.4
0.012681599999999998,0.006500000000000001,0.32000000000000006
0.012683199999999999,-0.0097,0.32000000000000006
0.012684799999999998,0.0051,0.32000000000000006
0.012686399999999999,-0.0079,0.32000000000000006
0.012687999999999998,0.0037,0.4
0.012689599999999999,-0.0045,0.32000000000000006
0.012691199999999998,0.0015000000000000005,0.32000000000000006
0.012692799999999999,-0.0006999999999999997,0.32000000000000006
0.012694399999999998,0.0005000000000000004,0.32000000000000006
0.012695999999999999,0.0037,0.32000000000000006
0.012697599999999998,-0.0045,0.32000000000000006
0.012699199999999999,0.004900000000000001,0.32000000000000006
0.012700799999999998,-0.0069,0.32000000000000006
0.012702399999999999,0.0063,0.32000000000000006
0.012703999999999998,-0.0089,0.32000000000000006
0.0127056,0.003300000000000001,0.32000000000000006
0.012707199999999998,-0.0051,0.32000000000000006
0.0127088,0.003300000000000001,0.32000000000000006
0.012710399999999998,-0.0051,0.32000000000000006
0.012712,0.003300000000000001,0.32000000000000006
0.012713599999999999,-0.0075,0.4
0.0127152,0.0057,0.32000000000000006
0.012716799999999999,-0.0073,0.32000000000000006
0.012718399999999998,0.0035000000000000005,0.32000000000000006
0.012719999999999999,-0.0117,0.4
0.012721599999999998,0.0083,0.32000000000000006
0.012723199999999999,-0.010499999999999999,0.32000000000000006
0.012724799999999998,0.0045000000000000005,0.32000000000000006
0.012726399999999999,-0.0077,0.32000000000000006
0.012727999999999998,0.004900000000000001,0.32000000000000006
0.012729599999999999,-0.0040999999999999995,0.32000000000000006
0.012731199999999998,0.0019000000000000006,0.32000000000000006
0.012732799999999999,-0.0031,0.32000000000000006
0.012734399999999998,-0.0031,0.4
0.012735999999999999,0.0021000000000000003,0.32000000000000006
0.012737599999999998,-0.0031,0.32000000000000006
0.0127392,0.0079,0.32000000000000006
0.012740799999999998,-0.0047,0.32000000000000006
0.0127424,0.0031000000000000003,0.4
0.012743999999999998,-0.0063,0.32000000000000006
0.0127456,0.005500000000000001,0.32000000000000006
0.012747199999999998,-0.0045,0.32000000000000006
0.0127488,0.0041,0.32000000000000006
0.012750399999999999,-0.0051,0.32000000000000006
0.012752,0.0027,0.32000000000000006
0.012753599999999999,-0.0059,0.32000000000000006
0.012755199999999998,0.005900000000000001,0.32000000000000006
0.012756799999999999,-0.0075,0.32000000000000006
0.012758399999999998,0.0063,0.32000000000000006
0.012759999999999999,-0.0095,0.32000000000000006
0.012761599999999998,0.006700000000000001,0.32000000000000006
0.012763199999999999,-0.0111,0.32000000000000006
0.012764799999999998,0.0047,0.32000000000000006
0.012766399999999999,-0.0077,0.32000000000000006
0.012767999999999998,0.0035000000000000005,0.32000000000000006
0.012769599999999999,-0.0040999999999999995,0.32000000000000006
0.012771199999999998,0.0013000000000000008,0.32000000000000006
0.012772799999999999,-0.0002999999999999995,0.32000000000000006
0.012774399999999998,-0.0016999999999999997,0.32000000000000006
0.012776,0.0029000000000000007,0.32000000000000006
0.012777599999999998,-0.0059,0.32000000000000006
0.0127792,0.0031000000000000003,0.32000000000000006
0.012780799999999998,-0.0069,0.32000000000000006
0.0127824,0.006700000000000001,0.32000000000000006
0.012783999999999998,-0.0087,0.32000000000000006
0.0127856,0.005900000000000001,0.32000000000000006
0.012787199999999999,-0.006500000000000001,0.32000000000000006
0.012788799999999998,0.0045000000000000005,0.32000000000000006
0.012790399999999999,-0.0043,0.32000000000000006
0.012791999999999998,0.004300000000000001,0.32000000000000006
0.012793599999999999,-0.0063,0.32000000000000006
0.012795199999999998,0.004900000000000001,0.32000000000000006
0.012796799999999999,-0.0083,0.32000000000000006
0.012798399999999998,0.0063,0.32000000000000006
0.012799999999999999,-0.010499999999999999,0.32000000000000006
0.012801599999999998,0.0047,0.32000000000000006
0.012803199999999999,-0.0111,0.32000000000000006
0.012804799999999998,0.006100000000000001,0.32000000000000006
0.012806399999999999,-0.0077,0.32000000000000006
0.012807999999999998,0.0031000000000000003,0.32000000000000006
0.012809599999999999,-0.0033,0.32000000000000006
0.012811199999999998,0.0009000000000000002,0.32000000000000006
0.0128128,-0.0008999999999999998,0.32000000000000006
0.012814399999999998,-0.0049,0.32000000000000006
0.012816,0.0039000000000000007,0.32000000000000006
0.012817599999999998,-0.006699999999999999,0.32000000000000006
0.0128192,0.004900000000000001,0.32000000000000006
0.012820799999999999,-0.0049,0.32000000000000006
0.0128224,0.004300000000000001,0.32000000000000006
0.012823999999999999,-0.0060999999999999995,0.32000000000000006
0.012825599999999998,0.0069,0.32000000000000006
0.012827199999999999,-0.0047,0.32000000000000006
0.012828799999999998,0.0047,0.32000000000000006
0.012830399999999999,-0.006500000000000001,0.32000000000000006
0.012831999999999998,0.0035000000000000005,0.32000000000000006
0.012833599999999999,-0.0055,0.32000000000000006
0.012835199999999998,0.004300000000000001,0.32000000000000006
0.012836799999999999,-0.0071,0.32000000000000006
0.012838399999999998,0.006100000000000001,0.32000000000000006
0.012839999999999999,-0.0103,0.32000000000000006
0.012841599999999998,0.005300000000000001,0.32000000000000006
0.012843199999999999,-0.009899999999999999,0.32000000000000006
0.012844799999999998,0.0063,0.32000000000000006
0.0128464,-0.0083,0.32000000000000006
0.012847999999999998,0.0029000000000000007,0.32000000000000006
0.0128496,-0.0034999999999999996,0.32000000000000006
0.012851199999999998,0.0007000000000000005,0.32000000000000006
0.0128528,-0.0012999999999999997,0.32000000000000006
0.012854399999999998,-0.0039,0.4
0.012856,0.0009000000000000002,0.32000000000000006
0.012857599999999999,-0.0053,0.32000000000000006
0.0128592,0.0037,0.32000000000000006
0.012860799999999999,-0.0045,0.32000000000000006
0.012862399999999998,0.0051,0.32000000000000006
0.012863999999999999,-0.0060999999999999995,0.32000000000000006
0.012865599999999998,0.005900000000000001,0.32000000000000006
0.012867199999999999,-0.0053,0.32000000000000006
0.012868799999999998,0.0051,0.32000000000000006
0.012870399999999999,-0.0049,0.32000000000000006
0.012871999999999998,0.0051,0.32000000000000006
0.012873599999999999,-0.0059,0.32000000000000006
0.012875199999999998,0.0057,0.32000000000000006
0.012876799999999999,-0.0095,0.32000000000000006
0.012878399999999998,0.0057,0.32000000000000006
0.012879999999999999,-0.010700000000000001,0.32000000000000006
0.012881599999999998,0.005300000000000001,0.32000000000000006
0.0128832,-0.009899999999999999,0.32000000000000006
0.012884799999999998,0.0057,0.32000000000000006
0.0128864,-0.0077,0.32000000000000006
0.012887999999999998,0.0009000000000000002,0.32000000000000006
0.0128896,-0.0049,0.32000000000000006
0.012891199999999998,0.002300000000000001,0.32000000000000006
0.0128928,-0.0006999999999999997,0.32000000000000006
0.012894399999999999,-0.0016999999999999997,0.32000000000000006
0.012895999999999998,0.0021000000000000003,0.32000000000000006
0.012897599999999999,-0.0051,0.32000000000000006
0.012899199999999998,0.0041,0.32000000000000006
0.012900799999999999,-0.0063,0.32000000000000006
0.012902399999999998,0.005500000000000001,0.32000000000000006
0.012903999999999999,-0.0063,0.32000000000000006
0.012905599999999998,0.007300000000000001,0.4
0.012907199999999999,-0.0057,0.32000000000000006
0.012908799999999998,0.0037,0.32000000000000006
0.012910399999999999,-0.0060999999999999995,0.32000000000000006
0.012911999999999998,0.005300000000000001,0.32000000000000006
0.012913599999999999,-0.0071,0.4
0.012915199999999998,0.005500000000000001,0.32000000000000006
0.012916799999999999,-0.0087,0.32000000000000006
0.012918399999999998,0.0063,0.32000000000000006
0.01292,-0.0085,0.32000000000000006
0.012921599999999998,0.003300000000000001,0.32000000000000006
0.0129232,-0.0109,0.32000000000000006
0.012924799999999998,0.004900000000000001,0.32000000000000006
0.0129264,-0.0069,0.32000000000000006
0.012927999999999999,0.0039000000000000007,0.32000000000000006
0.0129296,-0.0059,0.32000000000000006
0.012931199999999999,0.0015000000000000005,0.32000000000000006
0.012932799999999998,-0.0002999999999999995,0.32000000000000006
0.012934399999999999,-0.0029,0.32000000000000006
0.012935999999999998,0.0035000000000000005,0.32000000000000006
0.012937599999999999,-0.0057,0.32000000000000006
0.012939199999999998,0.003300000000000001,0.32000000000000006
0.012940799999999999,-0.0059,0.32000000000000006
0.012942399999999998,0.0057,0.32000000000000006
0.012943999999999999,-0.0053,0.32000000000000006
0.012945599999999998,0.003300000000000001,0.32000000000000006
0.012947199999999999,-0.0057,0.32000000000000006
0.012948799999999998,0.0045000000000000005,0.32000000000000006
0.012950399999999999,-0.0039,0.32000000000000006
0.012951999999999998,0.0045000000000000005,0.32000000000000006
0.0129536,-0.006500000000000001,0.32000000000000006
0.012955199999999998,0.0041,0.32000000000000006
0.0129568,-0.0087,0.32000000000000006
0.012958399999999998,0.006100000000000001,0.32000000000000006
0.01296,-0.0097,0.32000000000000006
0.012961599999999998,0.005500000000000001,0.32000000000000006
0.0129632,-0.0093,0.4
0.012964799999999999,0.0057,0.32000000000000006
0.012966399999999998,-0.0091,0.32000000000000006
0.012967999999999999,0.0045000000000000005,0.32000000000000006
0.012969599999999998,-0.0031,0.32000000000000006
0.012971199999999999,0.0009000000000000002,0.32000000000000006
0.012972799999999998,-9.999999999999983e-05,0.4
0.012974399999999999,-0.0012999999999999997,0.32000000000000006
0.012975999999999998,0.0013000000000000008,0.32000000000000006
0.012977599999999999,-0.006699999999999999,0.4
0.012979199999999998,0.0041,0.32000000000000006
0.012980799999999999,-0.0075,0.4
0.012982399999999998,0.004300000000000001,0.32000000000000006
0.012983999999999999,-0.0049,0.32000000000000006
0.012985599999999998,0.005900000000000001,0.32000000000000006
0.012987199999999999,-0.0053,0.32000000000000006
0.012988799999999998,0.004900000000000001,0.32000000000000006
0.0129904,-0.0049,0.32000000000000006
0.012991999999999998,0.002300000000000001,0.32000000000000006
0.0129936,-0.0043,0.32000000000000006
0.012995199999999998,0.004300000000000001,0.32000000000000006
0.0129968,-0.0063,0.32000000000000006
0.012998399999999998,0.0047,0.32000000000000006
0.013,-0.011300000000000001,0.32000000000000006
0.013001599999999999,0.006500000000000001,0.32000000000000006
0.013003199999999998,-0.009899999999999999,0.32000000000000006
0.013004799999999999,0.0037,0.4
0.013006399999999998,-0.0077,0.32000000000000006
0.013007999999999999,0.0045000000000000005,0.32000000000000006
0.013009599999999998,-0.0060999999999999995,0.32000000000000006
0.013011199999999999,0.0019000000000000006,0.32000000000000006
0.013012799999999998,0.0011000000000000003,0.32000000000000006
0.013014399999999999,-0.0010999999999999996,0.32000000000000006
0.013015999999999998,0.0037,0.32000000000000006
0.013017599999999999,-0.0059,0.32000000000000006
0.013019199999999998,0.0047,0.32000000000000006
0.013020799999999999,-0.0063,0.32000000000000006
0.013022399999999998,0.005500000000000001,0.24
0.013023999999999999,-0.0051,0.32000000000000006
0.013025599999999998,0.004900000000000001,0.32000000000000006
0.0130272,-0.0060999999999999995,0.32000000000000006
0.013028799999999998,0.004900000000000001,0.32000000000000006
0.0130304,-0.0053,0.32000000000000006
0.013031999999999998,0.004900000000000001,0.32000000000000006
0.0130336,-0.006699999999999999,0.32000000000000006
0.013035199999999999,0.004300000000000001,0.32000000000000006
0.0130368,-0.0079,0.32000000000000006
0.013038399999999999,0.0045000000000000005,0.32000000000000006
0.013039999999999998,-0.0111,0.32000000000000006
0.013041599999999999,0.005900000000000001,0.32000000000000006
0.013043199999999998,-0.0111,0.32000000000000006
0.013044799999999999,0.006700000000000001,0.32000000000000006
0.013046399999999998,-0.0069,0.32000000000000006
0.013047999999999999,0.004300000000000001,0.4
0.013049599999999998,-0.0057,0.32000000000000006
0.013051199999999999,0.002300000000000001,0.32000000000000006
0.013052799999999998,-0.0016999999999999997,0.32000000000000006
0.013054399999999999,-0.0006999999999999997,0.32000000000000006
0.013055999999999998,0.0021000000000000003,0.32000000000000006
0.013057599999999999,-0.0036999999999999997,0.32000000000000006
0.013059199999999998,0.005300000000000001,0.32000000000000006
0.0130608,-0.0045,0.32000000000000006
0.013062399999999998,0.0047,0.32000000000000006
0.013064,-0.0077,0.32000000000000006
0.013065599999999998,0.0063,0.4
0.0130672,-0.0059,0.32000000000000006
0.013068799999999998,0.0051,0.32000000000000006
0.0130704,-0.0045,0.32000000000000006
0.013071999999999999,0.004300000000000001,0.32000000000000006
0.013073599999999998,-0.0071,0.32000000000000006
0.013075199999999999,0.006700000000000001,0.32000000000000006
0.013076799999999998,-0.0075,0.32000000000000006
0.013078399999999999,0.0069,0.32000000000000006
0.013079999999999998,-0.0115,0.32000000000000006
0.013081599999999999,0.0041,0.4
0.013083199999999998,-0.0095,0.32000000000000006
0.013084799999999999,0.0071,0.32000000000000006
0.013086399999999998,-0.0077,0.32000000000000006
0.013087999999999999,0.0039000000000000007,0.32000000000000006
0.013089599999999998,-0.0043,0.32000000000000006
0.013091199999999999,0.0017000000000000001,0.32000000000000006
0.013092799999999998,-0.0016999999999999997,0.32000000000000006
0.013094399999999999,-0.0021,0.32000000000000006
0.013095999999999998,0.0019000000000000006,0.32000000000000006
0.0130976,-0.0036999999999999997,0.4
0.013099199999999998,0.002300000000000001,0.32000000000000006
0.0131008,-0.0047,0.32000000000000006
0.013102399999999998,0.0057,0.32000000000000006
0.013104,-0.0053,0.32000000000000006
0.013105599999999999,0.005300000000000001,0.32000000000000006
0.0131072,-0.0031,0.32000000000000006
0.013108799999999999,0.0041,0.32000000000000006
0.013110399999999998,-0.0055,0.32000000000000006
0.013111999999999999,0.0035000000000000005,0.32000000000000006
0.013113599999999998,-0.006699999999999999,0.32000000000000006
0.013115199999999999,0.004300000000000001,0.32000000000000006
0.013116799999999998,-0.0075,0.4
0.013118399999999999,0.0045000000000000005,0.32000000000000006
0.013119999999999998,-0.0089,0.32000000000000006
0.013121599999999999,0.006500000000000001,0.32000000000000006
0.013123199999999998,-0.0095,0.32000000000000006
0.013124799999999999,0.006100000000000001,0.32000000000000006
0.013126399999999998,-0.0073,0.32000000000000006
0.013127999999999999,0.0041,0.32000000000000006
0.013129599999999998,-0.0043,0.32000000000000006
0.013131199999999999,0.00030000000000000035,0.32000000000000006
0.013132799999999998,-0.0036999999999999997,0.32000000000000006
0.0131344,-0.0012999999999999997,0.32000000000000006
0.013135999999999998,0.0031000000000000003,0.32000000000000006
0.0131376,-0.0034999999999999996,0.32000000000000006
0.013139199999999998,0.0047,0.32000000000000006
0.0131408,-0.0053,0.32000000000000006
0.013142399999999999,0.0045000000000000005,0.32000000000000006
0.013144,-0.0029,0.4
0.013145599999999999,0.0039000000000000007,0.4
0.013147199999999998,-0.0060999999999999995,0.32000000000000006
0.013148799999999999,0.004300000000000001,0.32000000000000006
0.013150399999999998,-0.0057,0.32000000000000006
0.013151999999999999,0.0035000000000000005,0.32000000000000006
0.013153599999999998,-0.0055,0.32000000000000006
0.013155199999999999,0.0031000000000000003,0.32000000000000006
0.013156799999999998,-0.0095,0.32000000000000006
0.013158399999999999,0.0051,0.32000000000000006
0.013159999999999998,-0.0093,0.32000000000000006
0.013161599999999999,0.006700000000000001,0.32000000000000006
0.013163199999999998,-0.0125,0.32000000000000006
0.013164799999999999,0.005300000000000001,0.32000000000000006
0.013166399999999998,-0.0069,0.32000000000000006
0.013168,0.0039000000000000007,0.32000000000000006
0.013169599999999998,-0.0036999999999999997,0.32000000000000006
0.0131712,0.0007000000000000005,0.32000000000000006
0.013172799999999998,-0.0018999999999999998,0.32000000000000006
0.0131744,-0.0023,0.32000000000000006
0.013175999999999998,0.0039000000000000007,0.32000000000000006
0.0131776,-0.0059,0.32000000000000006
0.013179199999999999,0.004300000000000001,0.32000000000000006
0.013180799999999998,-0.0063,0.32000000000000006
0.013182399999999999,0.005900000000000001,0.32000000000000006
0.013183999999999998,-0.0057,0.32000000000000006
0.013185599999999999,0.0047,0.32000000000000006
0.013187199999999998,-0.0073,0.32000000000000006
0.013188799999999999,0.005900000000000001,0.32000000000000006
0.013190399999999998,-0.0039,0.32000000000000006
0.013191999999999999,0.003300000000000001,0.32000000000000006
0.013193599999999998,-0.0075,0.4
0.013195199999999999,0.0051,0.4
0.013196799999999998,-0.0083,0.32000000000000006
0.013198399999999999,0.0071,0.4
0.013199999999999998,-0.010700000000000001,0.32000000000000006
0.013201599999999999,0.005900000000000001,0.32000000000000006
0.013203199999999998,-0.010700000000000001,0.4
0.0132048,0.005900000000000001,0.32000000000000006
0.013206399999999998,-0.006699999999999999,0.4
0.013208,0.0039000000000000007,0.32000000000000006
0.013209599999999998,-0.0047,0.4
0.0132112,0.0021000000000000003,0.32000000000000006
0.013212799999999999,0.00010000000000000026,0.32000000000000006
0.0132144,-0.0043,0.32000000000000006
0.013215999999999999,0.0015000000000000005,0.32000000000000006
0.013217599999999998,-0.0051,0.4
0.013219199999999999,0.0047,0.32000000000000006
0.013220799999999998,-0.0059,0.32000000000000006
0.013222399999999999,0.0039000000000000007,0.32000000000000006
0.013223999999999998,-0.006699999999999999,0.32000000000000006
0.013225599999999999,0.005500000000000001,0.32000000000000006
0.013227199999999998,-0.0039,0.32000000000000006
0.013228799999999999,0.0045000000000000005,0.32000000000000006
0.013230399999999998,-0.0055,0.32000000000000006
0.013231999999999999,0.0035000000000000005,0.32000000000000006
0.013233599999999998,-0.006500000000000001,0.4
0.013235199999999999,0.005300000000000001,0.32000000000000006
0.013236799999999998,-0.009899999999999999,0.32000000000000006
0.013238399999999999,0.004900000000000001,0.32000000000000006
0.013239999999999998,-0.0087,0.32000000000000006
0.0132416,0.0057,0.32000000000000006
0.013243199999999998,-0.0093,0.32000000000000006
0.0132448,0.0063,0.32000000000000006
0.013246399999999998,-0.010700000000000001,0.32000000000000006
0.013248,0.004900000000000001,0.32000000000000006
0.013249599999999999,-0.0043,0.32000000000000006
0.0132512,-0.0004999999999999996,0.32000000000000006
0.013252799999999999,-0.0021,0.32000000000000006
0.013254399999999998,-0.0018999999999999998,0.4
0.013255999999999999,0.0021000000000000003,0.32000000000000006
0.013257599999999998,-0.0040999999999999995,0.32000000000000006
0.013259199999999999,0.006500000000000001,0.32000000000000006
0.013260799999999998,-0.0060999999999999995,0.32000000000000006
0.013262399999999999,0.0039000000000000007,0.32000000000000006
0.013263999999999998,-0.0053,0.32000000000000006
0.013265599999999999,0.005300000000000001,0.32000000000000006
0.013267199999999998,-0.0060999999999999995,0.32000000000000006
0.013268799999999999,0.0039000000000000007,0.32000000000000006
0.013270399999999998,-0.0040999999999999995,0.32000000000000006
0.013271999999999999,0.0041,0.32000000000000006
0.013273599999999998,-0.0045,0.4
0.0132752,0.004900000000000001,0.4
0.013276799999999998,-0.0081,0.32000000000000006
0.0132784,0.0037,0.4
0.013279999999999998,-0.0121,0.32000000000000006
0.0132816,0.0079,0.32000000000000006
0.013283199999999998,-0.0097,0.32000000000000006
0.0132848,0.0045000000000000005,0.32000000000000006
0.013286399999999999,-0.0060999999999999995,0.32000000000000006
0.013287999999999998,0.003300000000000001,0.32000000000000006
0.013289599999999999,-0.0060999999999999995,0.32000000000000006
0.013291199999999998,0.0005000000000000004,0.32000000000000006
0.013292799999999999,-0.0026999999999999997,0.4
0.013294399999999998,-0.0012999999999999997,0.32000000000000006
0.013295999999999999,0.0039000000000000007,0.4
0.013297599999999998,-0.0053,0.32000000000000006
0.013299199999999999,0.004300000000000001,0.32000000000000006
0.013300799999999998,-0.0055,0.32000000000000006
0.013302399999999999,0.0041,0.32000000000000006
0.013303999999999998,-0.0045,0.32000000000000006
0.013305599999999999,0.005300000000000001,0.32000000000000006
0.013307199999999998,-0.0039,0.32000000000000006
0.013308799999999999,0.004900000000000001,0.32000000000000006
0.013310399999999998,-0.0040999999999999995,0.32000000000000006
0.013312,0.0045000000000000005,0.32000000000000006
0.013313599999999998,-0.0069,0.4
0.0133152,0.005300000000000001,0.32000000000000006
0.013316799999999998,-0.0073,0.32000000000000006
0.0133184,0.0069,0.32000000000000006
0.013319999999999999,-0.0097,0.32000000000000006
0.0133216,0.006700000000000001,0.32000000000000006
0.013323199999999999,-0.0091,0.32000000000000006
0.013324799999999998,0.004300000000000001,0.32000000000000006
0.013326399999999999,-0.0071,0.32000000000000006
0.013327999999999998,0.0045000000000000005,0.32000000000000006
0.013329599999999999,-0.0051,0.32000000000000006
0.013331199999999998,-0.0002999999999999995,0.32000000000000006
0.013332799999999999,-0.0021,0.32000000000000006
0.013334399999999998,-0.0006999999999999997,0.32000000000000006
0.013335999999999999,-0.0018999999999999998,0.32000000000000006
0.013337599999999998,-0.0040999999999999995,0.32000000000000006
0.013339199999999999,0.0051,0.32000000000000006
0.013340799999999998,-0.0075,0.4
0.013342399999999999,0.005500000000000001,0.32000000000000006
0.013343999999999998,-0.0055,0.32000000000000006
0.013345599999999999,0.005500000000000001,0.4
0.013347199999999998,-0.0059,0.32000000000000006
0.0133488,0.005500000000000001,0.32000000000000006
0.013350399999999998,-0.0059,0.32000000000000006
0.013352,0.0047,0.32000000000000006
0.013353599999999998,-0.0055,0.32000000000000006
0.0133552,0.005300000000000001,0.32000000000000006
0.013356799999999999,-0.0083,0.32000000000000006
0.013358399999999998,0.0057,0.4
0.013359999999999999,-0.011300000000000001,0.32000000000000006
0.013361599999999998,0.0051,0.32000000000000006
0.013363199999999999,-0.0093,0.4
0.013364799999999998,0.006700000000000001,0.32000000000000006
0.013366399999999999,-0.006500000000000001,0.32000000000000006
0.013367999999999998,0.004300000000000001,0.32000000000000006
0.013369599999999999,-0.0051,0.32000000000000006
0.013371199999999998,0.00030000000000000035,0.32000000000000006
0.013372799999999999,-0.0012999999999999997,0.32000000000000006
0.013374399999999998,-0.0018999999999999998,0.32000000000000006
0.013375999999999999,-0.0012999999999999997,0.32000000000000006
0.013377599999999998,-0.0021,0.4
0.013379199999999999,0.0035000000000000005,0.32000000000000006
0.013380799999999998,-0.0059,0.32000000000000006
0.0133824,0.0051,0.32000000000000006
0.013383999999999998,-0.0053,0.32000000000000006
0.0133856,0.0039000000000000007,0.32000000000000006
0.013387199999999998,-0.0055,0.32000000000000006
0.0133888,0.0031000000000000003,0.32000000000000006
0.013390399999999998,-0.0053,0.32000000000000006
0.013392,0.0051,0.32000000000000006
0.013393599999999999,-0.0055,0.32000000000000006
0.013395199999999998,0.005500000000000001,0.32000000000000006
0.013396799999999999,-0.0069,0.32000000000000006
0.013398399999999998,0.0071,0.32000000000000006
0.013399999999999999,-0.009899999999999999,0.32000000000000006
0.013401599999999998,0.0057,0.32000000000000006
0.013403199999999999,-0.009899999999999999,0.32000000000000006
0.013404799999999998,0.0057,0.32000000000000006
0.013406399999999999,-0.0081,0.32000000000000006
0.013407999999999998,0.0037,0.32000000000000006
0.013409599999999999,-0.0060999999999999995,0.32000000000000006
0.013411199999999998,0.00010000000000000026,0.32000000000000006
0.013412799999999999,-0.0021,0.32000000000000006
0.013414399999999998,-0.0026999999999999997,0.4
0.013415999999999999,0.0009000000000000002,0.24
0.013417599999999998,-0.0033,0.32000000000000006
0.0134192,0.0041,0.32000000000000006
0.013420799999999998,-0.0073,0.32000000000000006
0.0134224,0.004300000000000001,0.4
0.013423999999999998,-0.0060999999999999995,0.32000000000000006
0.0134256,0.0051,0.32000000000000006
0.013427199999999999,-0.0034999999999999996,0.32000000000000006
0.0134288,0.004300000000000001,0.4
0.013430399999999999,-0.0040999999999999995,0.32000000000000006
0.013431999999999998,0.0047,0.32000000000000006
0.013433599999999999,-0.0051,0.4
0.013435199999999998,0.0037,0.32000000000000006
0.013436799999999999,-0.0071,0.32000000000000006
0.013438399999999998,0.0041,0.32000000000000006
0.013439999999999999,-0.0095,0.32000000000000006
0.013441599999999998,0.006100000000000001,0.32000000000000006
0.013443199999999999,-0.009899999999999999,0.32000000000000006
0.013444799999999998,0.0051,0.32000000000000006
0.013446399999999999,-0.0079,0.32000000000000006
0.013447999999999998,0.0021000000000000003,0.32000000000000006
0.013449599999999999,-0.0047,0.32000000000000006
0.013451199999999998,0.0005000000000000004,0.32000000000000006
0.0134528,-0.0023,0.32000000000000006
0.013454399999999998,-0.0004999999999999996,0.32000000000000006
0.013456,0.0027,0.32000000000000006
0.013457599999999998,-0.0059,0.32000000000000006
0.0134592,0.006100000000000001,0.32000000000000006
0.013460799999999998,-0.0057,0.32000000000000006
0.0134624,0.0071,0.32000000000000006
0.013463999999999999,-0.0063,0.4
0.013465599999999998,0.0045000000000000005,0.32000000000000006
0.013467199999999999,-0.006500000000000001,0.32000000000000006
0.013468799999999998,0.0037,0.32000000000000006
0.013470399999999999,-0.0053,0.32000000000000006
0.013471999999999998,0.0041,0.32000000000000006
0.013473599999999999,-0.0049,0.32000000000000006
0.013475199999999998,0.0057,0.32000000000000006
0.013476799999999999,-0.0073,0.32000000000000006
0.013478399999999998,0.007300000000000001,0.32000000000000006
0.013479999999999999,-0.0077,0.32000000000000006
0.013481599999999998,0.005500000000000001,0.32000000000000006
0.013483199999999999,-0.0109,0.32000000000000006
0.013484799999999998,0.0045000000000000005,0.32000000000000006
0.013486399999999999,-0.010100000000000001,0.32000000000000006
0.013487999999999998,0.0037,0.32000000000000006
0.0134896,-0.0043,0.32000000000000006
0.013491199999999998,0.0029000000000000007,0.32000000000000006
0.0134928,-0.0002999999999999995,0.32000000000000006
0.013494399999999998,-0.0039,0.32000000000000006
0.013496,0.0031000000000000003,0.32000000000000006
0.013497599999999998,-0.0051,0.32000000000000006
0.0134992,0.0057,0.32000000000000006
0.013500799999999999,-0.0073,0.4
0.013502399999999998,0.006100000000000001,0.32000000000000006
0.013503999999999999,-0.0055,0.32000000000000006
0.013505599999999998,0.006700000000000001,0.32000000000000006
0.013507199999999999,-0.0059,0.32000000000000006
0.013508799999999998,0.0031000000000000003,0.32000000000000006
0.013510399999999999,-0.0049,0.32000000000000006
0.013511999999999998,0.0041,0.32000000000000006
0.013513599999999999,-0.0075,0.32000000000000006
0.013515199999999998,0.005900000000000001,0.32000000000000006
0.013516799999999999,-0.0071,0.32000000000000006
0.013518399999999998,0.004900000000000001,0.32000000000000006
0.013519999999999999,-0.0087,0.32000000000000006
0.013521599999999998,0.0051,0.32000000000000006
0.013523199999999999,-0.010700000000000001,0.32000000000000006
0.013524799999999998,0.0051,0.32000000000000006
0.0135264,-0.0073,0.32000000000000006
0.013527999999999998,0.0035000000000000005,0.32000000000000006
0.0135296,-0.0055,0.32000000000000006
0.013531199999999998,-0.0002999999999999995,0.32000000000000006
0.0135328,-0.0026999999999999997,0.32000000000000006
0.013534399999999999,-0.0016999999999999997,0.4
0.013536,0.0035000000000000005,0.32000000000000006
0.013537599999999999,-0.0034999999999999996,0.4
0.013539199999999998,0.0041,0.32000000000000006
0.013540799999999999,-0.0059,0.32000000000000006
0.013542399999999998,0.006100000000000001,0.32000000000000006
0.013543999999999999,-0.0040999999999999995,0.32000000000000006
0.013545599999999998,0.0041,0.32000000000000006
0.013547199999999999,-0.0059,0.32000000000000006
0.013548799999999998,0.005300000000000001,0.32000000000000006
0.013550399999999999,-0.0053,0.32000000000000006
0.013551999999999998,0.0039000000000000007,0.32000000000000006
0.013553599999999999,-0.0057,0.32000000000000006
0.013555199999999998,0.004900000000000001,0.32000000000000006
0.013556799999999999,-0.0069,0.32000000000000006
0.013558399999999998,0.0057,0.32000000000000006
0.01356,-0.011300000000000001,0.32000000000000006
0.013561599999999998,0.006500000000000001,0.32000000000000006
0.0135632,-0.0087,0.32000000000000006
0.013564799999999998,0.006100000000000001,0.32000000000000006
0.0135664,-0.0071,0.32000000000000006
0.013567999999999998,0.0035000000000000005,0.32000000000000006
0.0135696,-0.0045,0.32000000000000006
0.013571199999999999,0.00010000000000000026,0.4
0.013572799999999998,0.0009000000000000002,0.32000000000000006
0.013574399999999999,-0.0014999999999999998,0.4
0.013575999999999998,0.0031000000000000003,0.32000000000000006
0.013577599999999999,-0.0010999999999999996,0.32000000000000006
0.013579199999999998,0.0031000000000000003,0.32000000000000006
0.013580799999999999,-0.0060999999999999995,0.32000000000000006
0.013582399999999998,0.0029000000000000007,0.32000000000000006
0.013583999999999999,-0.0055,0.32000000000000006
0.013585599999999998,0.0029000000000000007,0.4
0.013587199999999999,-0.0055,0.32000000000000006
0.013588799999999998,0.0021000000000000003,0.32000000000000006
0.013590399999999999,-0.0036999999999999997,0.32000000000000006
0.013591999999999998,0.0045000000000000005,0.32000000000000006
0.013593599999999999,-0.0071,0.32000000000000006
0.013595199999999998,0.0057,0.32000000000000006
0.0135968,-0.0087,0.32000000000000006
0.013598399999999998,0.0047,0.32000000000000006
0.0136,-0.0111,0.32000000000000006
0.013601599999999998,0.005900000000000001,0.32000000000000006
0.0136032,-0.0093,0.32000000000000006
0.013604799999999998,0.006100000000000001,0.32000000000000006
0.0136064,-0.0060999999999999995,0.32000000000000006
0.013607999999999999,0.0027,0.32000000000000006
0.013609599999999998,-0.0039,0.32000000000000006
0.013611199999999999,0.0017000000000000001,0.32000000000000006
0.013612799999999998,-0.0004999999999999996,0.32000000000000006
0.013614399999999999,-0.0014999999999999998,0.32000000000000006
0.013615999999999998,0.0019000000000000006,0.32000000000000006
0.013617599999999999,-0.0039,0.32000000000000006
0.013619199999999998,0.006500000000000001,0.32000000000000006
0.013620799999999999,-0.0060999999999999995,0.32000000000000006
0.013622399999999998,0.004300000000000001,0.32000000000000006
0.013623999999999999,-0.006699999999999999,0.4
0.013625599999999998,0.005900000000000001,0.32000000000000006
0.013627199999999999,-0.0033,0.32000000000000006
0.013628799999999998,0.005900000000000001,0.32000000000000006
0.013630399999999999,-0.0049,0.32000000000000006
0.013631999999999998,0.003300000000000001,0.32000000000000006
0.0136336,-0.0073,0.32000000000000006
0.013635199999999998,0.0029000000000000007,0.32000000000000006
0.0136368,-0.0095,0.32000000000000006
0.013638399999999998,0.005500000000000001,0.32000000000000006
0.01364,-0.0109,0.32000000000000006
0.013641599999999999,0.0045000000000000005,0.32000000000000006
0.013643199999999998,-0.0093,0.32000000000000006
0.013644799999999999,0.0047,0.4
0.013646399999999998,-0.0085,0.32000000000000006
0.013647999999999999,0.0037,0.32000000000000006
0.013649599999999998,-0.0040999999999999995,0.32000000000000006
0.013651199999999999,-0.0004999999999999996,0.32000000000000006
0.013652799999999998,-0.0016999999999999997,0.32000000000000006
0.013654399999999999,-0.0008999999999999998,0.4
0.013655999999999998,0.0011000000000000003,0.32000000000000006
0.013657599999999999,-0.0045,0.4
0.013659199999999998,0.0047,0.32000000000000006
0.013660799999999999,-0.0075,0.32000000000000006
0.013662399999999998,0.0051,0.32000000000000006
0.013663999999999999,-0.0047,0.32000000000000006
0.013665599999999998,0.0085,0.4
0.0136672,-0.0059,0.32000000000000006
0.013668799999999998,0.005300000000000001,0.4
0.0136704,-0.0047,0.32000000000000006
0.013671999999999998,0.0037,0.32000000000000006
0.0136736,-0.0055,0.32000000000000006
0.013675199999999998,0.0045000000000000005,0.32000000000000006
0.0136768,-0.0085,0.32000000000000006
0.013678399999999999,0.005300000000000001,0.32000000000000006
0.013679999999999998,-0.0097,0.32000000000000006
0.013681599999999999,0.0063,0.32000000000000006
0.013683199999999998,-0.0089,0.32000000000000006
0.013684799999999999,0.004900000000000001,0.32000000000000006
0.013686399999999998,-0.0085,0.32000000000000006
0.013687999999999999,0.0027,0.32000000000000006
0.013689599999999998,-0.0053,0.32000000000000006
0.013691199999999999,0.0015000000000000005,0.32000000000000006
0.013692799999999998,-0.0014999999999999998,0.32000000000000006
0.013694399999999999,0.0005000000000000004,0.32000000000000006
0.013695999999999998,0.002300000000000001,0.32000000000000006
0.013697599999999999,-0.006699999999999999,0.32000000000000006
0.013699199999999998,0.0025000000000000005,0.32000000000000006
0.013700799999999999,-0.0055,0.32000000000000006
0.013702399999999998,0.0039000000000000007,0.4
0.013704,-0.0059,0.32000000000000006
0.013705599999999998,0.004900000000000001,0.32000000000000006
0.0137072,-0.0073,0.32000000000000006
0.013708799999999998,0.0047,0.32000000000000006
0.0137104,-0.0047,0.32000000000000006
0.013711999999999998,0.005900000000000001,0.32000000000000006
0.0137136,-0.0055,0.32000000000000006
0.013715199999999999,0.006700000000000001,0.32000000000000006
0.013716799999999998,-0.0079,0.32000000000000006
0.013718399999999999,0.006100000000000001,0.32000000000000006
0.013719999999999998,-0.0093,0.4
0.013721599999999999,0.004900000000000001,0.32000000000000006
0.013723199999999998,-0.0091,0.32000000000000006
0.013724799999999999,0.006500000000000001,0.32000000000000006
0.013726399999999998,-0.0081,0.32000000000000006
0.013727999999999999,0.0041,0.32000000000000006
0.013729599999999998,-0.0051,0.4
0.013731199999999999,0.0013000000000000008,0.32000000000000006
0.013732799999999998,-0.0053,0.32000000000000006
0.013734399999999999,-0.0023,0.4
0.013735999999999998,0.0019000000000000006,0.32000000000000006
0.013737599999999999,-0.0047,0.32000000000000006
0.013739199999999998,0.004900000000000001,0.32000000000000006
0.0137408,-0.0071,0.32000000000000006
0.013742399999999998,0.0047,0.32000000000000006
0.013744,-0.0077,0.32000000000000006
0.013745599999999998,0.0057,0.32000000000000006
0.0137472,-0.0057,0.32000000000000006
0.013748799999999999,0.0051,0.32000000000000006
0.013750399999999998,-0.0051,0.32000000000000006
0.013751999999999999,0.005500000000000001,0.32000000000000006
0.013753599999999998,-0.0053,0.32000000000000006
0.013755199999999999,0.0071,0.32000000000000006
0.013756799999999998,-0.0077,0.32000000000000006
0.013758399999999999,0.0047,0.32000000000000006
0.013759999999999998,-0.0119,0.32000000000000006
0.013761599999999999,0.0063,0.32000000000000006
0.013763199999999998,-0.010499999999999999,0.32000000000000006
0.013764799999999999,0.005300000000000001,0.32000000000000006
0.013766399999999998,-0.0081,0.32000000000000006
0.013767999999999999,0.005300000000000001,0.4
0.013769599999999998,-0.0047,0.32000000000000006
0.013771199999999999,0.0007000000000000005,0.32000000000000006
0.013772799999999998,-0.0010999999999999996,0.32000000000000006
0.0137744,-0.0014999999999999998,0.32000000000000006
0.013775999999999998,0.003300000000000001,0.32000000000000006
0.0137776,-0.0051,0.32000000000000006
0.013779199999999998,0.0045000000000000005,0.32000000000000006
0.0137808,-0.0049,0.32000000000000006
0.013782399999999998,0.0047,0.32000000000000006
0.013784,-0.0057,0.4
0.013785599999999999,0.0063,0.32000000000000006
0.013787199999999998,-0.0049,0.32000000000000006
0.013788799999999999,0.0039000000000000007,0.32000000000000006
0.013790399999999998,-0.0053,0.32000000000000006
0.013791999999999999,0.004300000000000001,0.32000000000000006
0.013793599999999998,-0.0060999999999999995,0.32000000000000006
0.013795199999999999,0.004900000000000001,0.32000000000000006
0.013796799999999998,-0.006699999999999999,0.32000000000000006
0.013798399999999999,0.0063,0.32000000000000006
0.013799999999999998,-0.0091,0.32000000000000006
0.013801599999999999,0.005500000000000001,0.32000000000000006
0.013803199999999998,-0.010700000000000001,0.32000000000000006
0.013804799999999999,0.0039000000000000007,0.4
0.013806399999999998,-0.006699999999999999,0.32000000000000006
0.013807999999999999,0.0035000000000000005,0.32000000000000006
0.013809599999999998,-0.0043,0.32000000000000006
0.0138112,0.0011000000000000003,0.32000000000000006
0.013812799999999998,0.00030000000000000035,0.32000000000000006
0.0138144,-0.0021,0.32000000000000006
0.013815999999999998,0.0019000000000000006,0.32000000000000006
0.0138176,-0.0051,0.32000000000000006
0.013819199999999998,0.006100000000000001,0.32000000000000006
0.0138208,-0.0051,0.32000000000000006
0.013822399999999999,0.005500000000000001,0.32000000000000006
0.013823999999999998,-0.0059,0.32000000000000006
0.013825599999999999,0.005300000000000001,0.32000000000000006
0.013827199999999998,-0.0051,0.32000000000000006
0.013828799999999999,0.0021000000000000003,0.32000000000000006
0.013830399999999998,-0.0049,0.32000000000000006
0.013831999999999999,0.003300000000000001,0.32000000000000006
0.013833599999999998,-0.006699999999999999,0.32000000000000006
0.013835199999999999,0.0051,0.32000000000000006
0.013836799999999998,-0.0069,0.32000000000000006
0.013838399999999999,0.007300000000000001,0.32000000000000006
0.013839999999999998,-0.0091,0.32000000000000006
0.013841599999999999,0.0079,0.32000000000000006
0.013843199999999998,-0.0095,0.32000000000000006
0.013844799999999999,0.0071,0.32000000000000006
0.013846399999999998,-0.0081,0.32000000000000006
0.013848,0.0037,0.32000000000000006
0.013849599999999998,-0.0047,0.32000000000000006
0.0138512,0.0005000000000000004,0.32000000000000006
0.013852799999999998,-0.0012999999999999997,0.32000000000000006
0.0138544,-0.0031,0.32000000000000006
0.013855999999999999,0.0019000000000000006,0.32000000000000006
0.013857599999999998,-0.006699999999999999,0.32000000000000006
0.013859199999999999,0.0027,0.32000000000000006
0.013860799999999998,-0.0055,0.32000000000000006
0.013862399999999999,0.005500000000000001,0.32000000000000006
0.013863999999999998,-0.0063,0.32000000000000006
0.013865599999999999,0.004300000000000001,0.32000000000000006
0.013867199999999998,-0.0057,0.32000000000000006
0.013868799999999999,0.0037,0.32000000000000006
0.013870399999999998,-0.0043,0.32000000000000006
0.013871999999999999,0.0045000000000000005,0.32000000000000006
0.013873599999999998,-0.0051,0.32000000000000006
0.013875199999999999,0.005500000000000001,0.32000000000000006
0.013876799999999998,-0.0083,0.32000000000000006
0.013878399999999999,0.0051,0.32000000000000006
0.013879999999999998,-0.009899999999999999,0.32000000000000006
0.0138816,0.005300000000000001,0.32000000000000006
0.013883199999999998,-0.0111,0.32000000000000006
0.0138848,0.0051,0.32000000000000006
0.013886399999999998,-0.0093,0.32000000000000006
0.013888,0.0041,0.32000000000000006
0.013889599999999998,-0.0036999999999999997,0.32000000000000006
0.0138912,0.0007000000000000005,0.32000000000000006
0.013892799999999999,-9.999999999999983e-05,0.32000000000000006
0.013894399999999998,-0.0034999999999999996,0.32000000000000006
0.013895999999999999,0.0021000000000000003,0.32000000000000006
0.013897599999999998,-0.0043,0.32000000000000006
0.013899199999999999,0.0025000000000000005,0.32000000000000006
0.013900799999999998,-0.006500000000000001,0.4
0.013902399999999999,0.004900000000000001,0.32000000000000006
0.013903999999999998,-0.0049,0.32000000000000006
0.013905599999999999,0.004300000000000001,0.32000000000000006
0.013907199999999998,-0.0045,0.32000000000000006
0.013908799999999999,0.0037,0.32000000000000006
0.013910399999999998,-0.006500000000000001,0.32000000000000006
0.013911999999999999,0.004900000000000001,0.32000000000000006
0.013913599999999998,-0.0055,0.32000000000000006
0.013915199999999999,0.0057,0.32000000000000006
0.013916799999999998,-0.0085,0.32000000000000006
0.0139184,0.006700000000000001,0.32000000000000006
0.013919999999999998,-0.0095,0.32000000000000006
0.0139216,0.005900000000000001,0.32000000000000006
0.013923199999999998,-0.0117,0.32000000000000006
0.0139248,0.0063,0.32000000000000006
0.013926399999999999,-0.0071,0.32000000000000006
0.013927999999999998,0.003300000000000001,0.32000000000000006
0.013929599999999999,-0.0031,0.32000000000000006
0.013931199999999998,0.00030000000000000035,0.32000000000000006
0.013932799999999999,-0.0014999999999999998,0.32000000000000006
0.013934399999999998,-0.0040999999999999995,0.32000000000000006
0.013935999999999999,0.0039000000000000007,0.32000000000000006
0.013937599999999998,-0.0059,0.32000000000000006
0.013939199999999999,0.0039000000000000007,0.32000000000000006
0.013940799999999998,-0.0047,0.32000000000000006
0.013942399999999999,0.0039000000000000007,0.32000000000000006
0.013943999999999998,-0.0073,0.32000000000000006
0.013945599999999999,0.0041,0.32000000000000006
0.013947199999999998,-0.0063,0.4
0.013948799999999999,0.0063,0.32000000000000006
0.013950399999999998,-0.0053,0.32000000000000006
0.013951999999999999,0.006700000000000001,0.32000000000000006
0.013953599999999998,-0.0063,0.32000000000000006
0.0139552,0.0057,0.32000000000000006
0.013956799999999998,-0.0111,0.32000000000000006
0.0139584,0.006100000000000001,0.32000000000000006
0.013959999999999998,-0.009899999999999999,0.32000000000000006
0.0139616,0.007300000000000001,0.32000000000000006
0.013963199999999999,-0.0095,0.4
0.013964799999999998,0.0079,0.32000000000000006
0.013966399999999999,-0.0089,0.32000000000000006
0.013967999999999998,0.0047,0.32000000000000006
0.013969599999999999,-0.0053,0.32000000000000006
0.013971199999999998,0.0013000000000000008,0.32000000000000006
0.013972799999999999,-0.0002999999999999995,0.32000000000000006
0.013974399999999998,-0.0008999999999999998,0.32000000000000006
0.013975999999999999,0.0011000000000000003,0.32000000000000006
0.013977599999999998,-0.0034999999999999996,0.4
0.013979199999999999,0.0047,0.32000000000000006
0.013980799999999998,-0.0043,0.32000000000000006
0.013982399999999999,0.0039000000000000007,0.32000000000000006
0.013983999999999998,-0.0043,0.32000000000000006
0.013985599999999999,0.004900000000000001,0.4
0.013987199999999998,-0.0057,0.32000000000000006
0.0139888,0.0037,0.4
0.013990399999999998,-0.0069,0.32000000000000006
0.013992,0.004300000000000001,0.32000000000000006
0.013993599999999998,-0.0060999999999999995,0.32000000000000006
0.0139952,0.0047,0.32000000000000006
0.013996799999999998,-0.0077,0.32000000000000006
0.0139984,0.0051,0.32000000000000006
0.013999999999999999,-0.0097,0.32000000000000006
0.014001599999999998,0.0045000000000000005,0.32000000000000006
0.014003199999999999,-0.0093,0.32000000000000006
0.014004799999999998,0.005900000000000001,0.32000000000000006
0.014006399999999999,-0.0091,0.32000000000000006
0.014007999999999998,0.0031000000000000003,0.32000000000000006
0.014009599999999999,-0.0039,0.4
0.014011199999999998,0.0007000000000000005,0.32000000000000006
0.014012799999999999,-0.0021,0.32000000000000006
0.014014399999999998,-0.0024999999999999996,0.32000000000000006
0.014015999999999999,0.0019000000000000006,0.32000000000000006
0.014017599999999998,-0.0040999999999999995,0.32000000000000006
0.014019199999999999,0.0041,0.32000000000000006
0.014020799999999998,-0.0053,0.32000000000000006
0.014022399999999999,0.0045000000000000005,0.32000000000000006
0.014023999999999998,-0.0063,0.32000000000000006
0.0140256,0.0045000000000000005,0.32000000000000006
0.014027199999999998,-0.0059,0.32000000000000006
0.0140288,0.004300000000000001,0.32000000000000006
0.014030399999999998,-0.0026999999999999997,0.32000000000000006
0.014032,0.004300000000000001,0.32000000000000006
0.014033599999999999,-0.0045,0.32000000000000006
0.014035199999999998,0.006500000000000001,0.32000000000000006
0.014036799999999999,-0.0081,0.32000000000000006
0.014038399999999998,0.006500000000000001,0.32000000000000006
0.014039999999999999,-0.0089,0.32000000000000006
0.014041599999999998,0.0063,0.32000000000000006
0.014043199999999999,-0.010499999999999999,0.32000000000000006
0.014044799999999998,0.0039000000000000007,0.32000000000000006
0.014046399999999999,-0.0083,0.4
0.014047999999999998,0.003300000000000001,0.32000000000000006
0.014049599999999999,-0.0036999999999999997,0.32000000000000006
0.014051199999999998,-0.0012999999999999997,0.32000000000000006
0.014052799999999999,-0.0021,0.32000000000000006
0.014054399999999998,-0.0010999999999999996,0.32000000000000006
0.014055999999999999,0.00030000000000000035,0.32000000000000006
0.014057599999999998,-0.0034999999999999996,0.32000000000000006
0.014059199999999999,0.0047,0.4
0.014060799999999998,-0.0079,0.32000000000000006
0.0140624,0.0063,0.32000000000000006
0.014063999999999998,-0.0059,0.32000000000000006
0.0140656,0.0047,0.32000000000000006
0.014067199999999998,-0.0043,0.32000000000000006
0.0140688,0.0039000000000000007,0.32000000000000006
0.014070399999999999,-0.0055,0.32000000000000006
0.014071999999999998,0.004900000000000001,0.32000000000000006
0.014073599999999999,-0.0040999999999999995,0.32000000000000006
0.014075199999999998,0.005900000000000001,0.32000000000000006
0.014076799999999999,-0.0083,0.32000000000000006
0.014078399999999998,0.005500000000000001,0.32000000000000006
0.014079999999999999,-0.009899999999999999,0.32000000000000006
0.014081599999999998,0.0071,0.32000000000000006
0.014083199999999999,-0.0095,0.32000000000000006
0.014084799999999998,0.0077,0.32000000000000006
0.014086399999999999,-0.0073,0.4
0.014087999999999998,0.0045000000000000005,0.32000000000000006
0.014089599999999999,-0.0051,0.32000000000000006
0.014091199999999998,0.0009000000000000002,0.32000000000000006
0.014092799999999999,-0.0024999999999999996,0.32000000000000006
0.014094399999999998,-0.0029,0.32000000000000006
0.014096,0.0019000000000000006,0.32000000000000006
0.014097599999999998,-0.0045,0.32000000000000006
0.0140992,0.003300000000000001,0.32000000000000006
0.014100799999999998,-0.0060999999999999995,0.32000000000000006
0.0141024,0.0045000000000000005,0.4
0.014103999999999998,-0.006699999999999999,0.32000000000000006
0.0141056,0.0019000000000000006,0.32000000000000006
0.014107199999999999,-0.0055,0.32000000000000006
0.014108799999999998,0.003300000000000001,0.32000000000000006
0.014110399999999999,-0.0051,0.32000000000000006
0.014111999999999998,0.0039000000000000007,0.32000000000000006
0.014113599999999999,-0.0049,0.32000000000000006
0.014115199999999998,0.0037,0.32000000000000006
0.014116799999999999,-0.0057,0.32000000000000006
0.014118399999999998,0.0057,0.32000000000000006
0.014119999999999999,-0.009899999999999999,0.32000000000000006
0.014121599999999998,0.004900000000000001,0.32000000000000006
0.014123199999999999,-0.010700000000000001,0.32000000000000006
0.014124799999999998,0.006100000000000001,0.32000000000000006
0.014126399999999999,-0.0087,0.4
0.014127999999999998,0.0057,0.32000000000000006
0.014129599999999999,-0.0039,0.32000000000000006
0.014131199999999998,0.0007000000000000005,0.32000000000000006
0.0141328,-0.0012999999999999997,0.32000000000000006
0.014134399999999998,-0.0016999999999999997,0.32000000000000006
0.014136,0.0015000000000000005,0.32000000000000006
0.014137599999999998,-0.0069,0.32000000000000006
0.0141392,0.0039000000000000007,0.32000000000000006
0.014140799999999999,-0.0075,0.4
0.014142399999999998,0.005500000000000001,0.32000000000000006
0.014143999999999999,-0.006500000000000001,0.32000000000000006
0.014145599999999998,0.005500000000000001,0.32000000000000006
0.014147199999999999,-0.0057,0.32000000000000006
0.014148799999999998,0.005300000000000001,0.32000000000000006
0.014150399999999999,-0.0049,0.32000000000000006
0.014151999999999998,0.0037,0.32000000000000006
0.014153599999999999,-0.0055,0.32000000000000006
0.014155199999999998,0.004300000000000001,0.32000000000000006
0.014156799999999999,-0.0085,0.32000000000000006
0.014158399999999998,0.0047,0.32000000000000006
0.014159999999999999,-0.011300000000000001,0.32000000000000006
0.014161599999999998,0.006700000000000001,0.32000000000000006
0.014163199999999999,-0.0103,0.32000000000000006
0.014164799999999998,0.0035000000000000005,0.32000000000000006
0.014166399999999999,-0.0093,0.4
0.014167999999999998,0.0035000000000000005,0.32000000000000006
0.0141696,-0.0040999999999999995,0.32000000000000006
0.014171199999999998,0.0017000000000000001,0.32000000000000006
0.0141728,-0.0012999999999999997,0.32000000000000006
0.014174399999999998,-0.0021,0.32000000000000006
0.014176,0.005300000000000001,0.32000000000000006
0.014177599999999999,-0.0036999999999999997,0.32000000000000006
0.014179199999999998,0.0045000000000000005,0.32000000000000006
0.014180799999999999,-0.0077,0.32000000000000006
0.014182399999999998,0.005500000000000001,0.4
0.014183999999999999,-0.0049,0.32000000000000006
0.014185599999999998,0.0045000000000000005,0.32000000000000006
0.014187199999999999,-0.0057,0.4
0.014188799999999998,0.0037,0.32000000000000006
0.014190399999999999,-0.0055,0.32000000000000006
0.014191999999999998,0.0019000000000000006,0.32000000000000006
0.014193599999999999,-0.0079,0.4
0.014195199999999998,0.004900000000000001,0.32000000000000006
0.014196799999999999,-0.006699999999999999,0.32000000000000006
0.014198399999999998,0.005500000000000001,0.4
0.014199999999999999,-0.010700000000000001,0.32000000000000006
0.014201599999999998,0.006500000000000001,0.32000000000000006
0.0142032,-0.0091,0.32000000000000006
0.014204799999999998,0.0071,0.32000000000000006
0.0142064,-0.0079,0.32000000000000006
0.014207999999999998,0.0031000000000000003,0.32000000000000006
0.0142096,-0.0057,0.32000000000000006
0.014211199999999998,0.002300000000000001,0.32000000000000006
0.0142128,0.0007000000000000005,0.32000000000000006
0.014214399999999999,-0.0040999999999999995,0.32000000000000006
0.014215999999999998,0.0019000000000000006,0.32000000000000006
0.014217599999999999,-0.0060999999999999995,0.32000000000000006
0.014219199999999998,0.0041,0.32000000000000006
0.014220799999999999,-0.0051,0.32000000000000006
0.014222399999999998,0.006100000000000001,0.32000000000000006
0.014223999999999999,-0.0059,0.32000000000000006
0.014225599999999998,0.0031000000000000003,0.4
0.014227199999999999,-0.0039,0.4
0.014228799999999998,0.0041,0.32000000000000006
0.014230399999999999,-0.0049,0.32000000000000006
0.014231999999999998,0.0017000000000000001,0.32000000000000006
0.014233599999999999,-0.0045,0.32000000000000006
0.014235199999999998,0.003300000000000001,0.4
0.014236799999999999,-0.006500000000000001,0.32000000000000006
0.014238399999999998,0.0047,0.32000000000000006
0.01424,-0.0095,0.32000000000000006
0.014241599999999998,0.006700000000000001,0.32000000000000006
0.0142432,-0.009899999999999999,0.32000000000000006
0.014244799999999998,0.005300000000000001,0.4
0.0142464,-0.0071,0.32000000000000006
0.014247999999999999,0.0027,0.32000000000000006
0.014249599999999998,-0.0055,0.32000000000000006
0.014251199999999999,0.0017000000000000001,0.32000000000000006
0.014252799999999998,-0.0036999999999999997,0.32000000000000006
0.014254399999999999,-0.0026999999999999997,0.32000000000000006
0.014255999999999998,0.0007000000000000005,0.32000000000000006
0.014257599999999999,-0.0053,0.4
0.014259199999999998,0.006500000000000001,0.32000000000000006
0.014260799999999999,-0.0053,0.4
0.014262399999999998,0.006700000000000001,0.32000000000000006
0.014263999999999999,-0.0069,0.32000000000000006
0.014265599999999998,0.007300000000000001,0.32000000000000006
0.014267199999999999,-0.0049,0.32000000000000006
0.014268799999999998,0.005900000000000001,0.32000000000000006
0.014270399999999999,-0.0051,0.32000000000000006
0.014271999999999998,0.0037,0.32000000000000006
0.0142736,-0.0060999999999999995,0.32000000000000006
0.014275199999999998,0.005300000000000001,0.32000000000000006
0.0142768,-0.0073,0.32000000000000006
0.014278399999999998,0.005500000000000001,0.32000000000000006
0.01428,-0.010700000000000001,0.32000000000000006
0.014281599999999998,0.004300000000000001,0.32000000000000006
0.0142832,-0.0091,0.32000000000000006
0.014284799999999999,0.0057,0.32000000000000006
0.014286399999999998,-0.0071,0.4
0.014287999999999999,0.0025000000000000005,0.32000000000000006
0.014289599999999998,-0.0051,0.4
0.014291199999999999,0.0013000000000000008,0.32000000000000006
0.014292799999999998,0.0013000000000000008,0.32000000000000006
0.014294399999999999,-0.0024999999999999996,0.32000000000000006
0.014295999999999998,0.0007000000000000005,0.32000000000000006
0.014297599999999999,-0.0057,0.4
0.014299199999999998,0.0057,0.4
0.014300799999999999,-0.0043,0.32000000000000006
0.014302399999999998,0.005300000000000001,0.32000000000000006
0.014303999999999999,-0.0077,0.32000000000000006
0.014305599999999998,0.006500000000000001,0.4
0.014307199999999999,-0.0073,0.4
0.014308799999999998,0.006100000000000001,0.32000000000000006
0.0143104,-0.0049,0.32000000000000006
0.014311999999999998,0.0051,0.32000000000000006
0.0143136,-0.0057,0.32000000000000006
0.014315199999999998,0.006700000000000001,0.4
0.0143168,-0.0083,0.32000000000000006
0.014318399999999998,0.005900000000000001,0.32000000000000006
0.014319999999999998,-0.010700000000000001,0.4
0.014321599999999999,0.0063,0.32000000000000006
0.014323199999999998,-0.010499999999999999,0.32000000000000006
0.014324799999999999,0.0047,0.32000000000000006
0.014326399999999998,-0.0071,0.4
0.014327999999999999,0.0039000000000000007,0.32000000000000006
0.014329599999999998,-0.0051,0.32000000000000006
0.014331199999999999,0.0013000000000000008,0.32000000000000006
0.014332799999999998,0.00010000000000000026,0.32000000000000006
0.014334399999999999,-0.0024999999999999996,0.32000000000000006
0.014335999999999998,0.0025000000000000005,0.4
0.014337599999999999,-0.0039,0.32000000000000006
0.014339199999999998,0.0035000000000000005,0.32000000000000006
0.014340799999999999,-0.0049,0.32000000000000006
0.014342399999999998,0.006700000000000001,0.4
0.014343999999999999,-0.006500000000000001,0.32000000000000006
0.014345599999999998,0.004900000000000001,0.32000000000000006
0.0143472,-0.0055,0.32000000000000006
0.014348799999999998,0.0045000000000000005,0.32000000000000006
0.0143504,-0.0057,0.32000000000000006
0.014351999999999998,0.004900000000000001,0.32000000000000006
0.0143536,-0.0055,0.32000000000000006
0.014355199999999999,0.005500000000000001,0.32000000000000006
0.014356799999999998,-0.0089,0.32000000000000006
0.014358399999999999,0.005300000000000001,0.32000000000000006
0.014359999999999998,-0.0095,0.32000000000000006
0.014361599999999999,0.008700000000000001,0.32000000000000006
0.014363199999999998,-0.0089,0.32000000000000006
0.014364799999999999,0.0051,0.32000000000000006
0.014366399999999998,-0.0083,0.32000000000000006
0.014367999999999999,0.0029000000000000007,0.32000000000000006
0.014369599999999998,-0.0039,0.32000000000000006
0.014371199999999999,0.0007000000000000005,0.32000000000000006
0.014372799999999998,-0.0023,0.32000000000000006
0.014374399999999999,-0.0031,0.32000000000000006
0.014375999999999998,0.0011000000000000003,0.32000000000000006
0.014377599999999999,-0.0043,0.32000000000000006
0.014379199999999998,0.0045000000000000005,0.4
0.0143808,-0.0073,0.32000000000000006
0.014382399999999998,0.0035000000000000005,0.32000000000000006
0.014384,-0.0059,0.32000000000000006
0.014385599999999998,0.0035000000000000005,0.32000000000000006
0.0143872,-0.0043,0.32000000000000006
0.014388799999999998,0.0035000000000000005,0.32000000000000006
0.0143904,-0.0049,0.32000000000000006
0.014391999999999999,0.0041,0.32000000000000006
0.014393599999999998,-0.0059,0.32000000000000006
0.014395199999999999,0.0041,0.32000000000000006
0.014396799999999998,-0.0063,0.32000000000000006
0.014398399999999999,0.0045000000000000005,0.32000000000000006
0.014399999999999998,-0.009899999999999999,0.32000000000000006
0.014401599999999999,0.0037,0.32000000000000006
0.014403199999999998,-0.0085,0.32000000000000006
0.014404799999999999,0.006500000000000001,0.32000000000000006
0.014406399999999998,-0.006699999999999999,0.32000000000000006
0.014407999999999999,0.002300000000000001,0.32000000000000006
0.014409599999999998,-0.0055,0.32000000000000006
0.014411199999999999,-0.0002999999999999995,0.32000000000000006
0.014412799999999998,-0.0014999999999999998,0.32000000000000006
0.014414399999999999,-0.0008999999999999998,0.32000000000000006
0.014415999999999998,0.0005000000000000004,0.32000000000000006
0.0144176,-0.0051,0.32000000000000006
0.014419199999999998,0.0039000000000000007,0.32000000000000006
0.0144208,-0.0049,0.32000000000000006
0.014422399999999998,0.005500000000000001,0.32000000000000006
0.014424,-0.0053,0.32000000000000006
0.014425599999999998,0.005500000000000001,0.32000000000000006
0.014427199999999998,-0.0060999999999999995,0.32000000000000006
0.014428799999999999,0.0031000000000000003,0.32000000000000006
0.014430399999999998,-0.0060999999999999995,0.32000000000000006
0.014431999999999999,0.0051,0.32000000000000006
0.014433599999999998,-0.0060999999999999995,0.4
0.014435199999999999,0.006100000000000001,0.32000000000000006
0.014436799999999998,-0.0089,0.32000000000000006
0.014438399999999999,0.006500000000000001,0.32000000000000006
0.014439999999999998,-0.0111,0.32000000000000006
0.014441599999999999,0.006100000000000001,0.32000000000000006
0.014443199999999998,-0.0121,0.4
0.014444799999999999,0.006500000000000001,0.32000000000000006
0.014446399999999998,-0.0071,0.4
0.014447999999999999,0.0045000000000000005,0.32000000000000006
0.014449599999999998,-0.0049,0.32000000000000006
0.014451199999999999,0.0009000000000000002,0.32000000000000006
0.014452799999999998,-0.0002999999999999995,0.32000000000000006
0.0144544,-0.0016999999999999997,0.32000000000000006
0.014455999999999998,0.0021000000000000003,0.32000000000000006
0.0144576,-0.0036999999999999997,0.32000000000000006
0.014459199999999998,0.005300000000000001,0.32000000000000006
0.0144608,-0.0047,0.32000000000000006
0.014462399999999999,0.005500000000000001,0.32000000000000006
0.014463999999999998,-0.0039,0.32000000000000006
0.014465599999999999,0.0031000000000000003,0.32000000000000006
0.014467199999999998,-0.0055,0.32000000000000006
0.014468799999999999,0.0027,0.32000000000000006
0.014470399999999998,-0.0031,0.32000000000000006
0.014471999999999999,0.0037,0.32000000000000006
0.014473599999999998,-0.0039,0.32000000000000006
0.014475199999999999,0.0029000000000000007,0.32000000000000006
0.014476799999999998,-0.0069,0.32000000000000006
0.014478399999999999,0.0063,0.32000000000000006
0.014479999999999998,-0.0087,0.4
0.014481599999999999,0.0069,0.32000000000000006
0.014483199999999998,-0.010100000000000001,0.32000000000000006
0.014484799999999999,0.006700000000000001,0.32000000000000006
0.014486399999999998,-0.0071,0.4
0.014488,0.004300000000000001,0.32000000000000006
0.014489599999999998,-0.006500000000000001,0.32000000000000006
0.0144912,0.0005000000000000004,0.32000000000000006
0.014492799999999998,-0.0016999999999999997,0.32000000000000006
0.0144944,-0.0026999999999999997,0.32000000000000006
0.014495999999999998,0.0013000000000000008,0.32000000000000006
0.0144976,-0.0021,0.32000000000000006
0.014499199999999999,0.004300000000000001,0.32000000000000006
0.014500799999999998,-0.0073,0.4
0.014502399999999999,0.005300000000000001,0.32000000000000006
0.014503999999999998,-0.0073,0.32000000000000006
0.014505599999999999,0.007300000000000001,0.32000000000000006
0.014507199999999998,-0.0047,0.32000000000000006
0.014508799999999999,0.004300000000000001,0.32000000000000006
0.014510399999999998,-0.0045,0.32000000000000006
0.014511999999999999,0.0029000000000000007,0.4
0.014513599999999998,-0.0077,0.32000000000000006
0.014515199999999999,0.004300000000000001,0.32000000000000006
0.014516799999999998,-0.0081,0.4
0.014518399999999999,0.0057,0.32000000000000006
0.014519999999999998,-0.0093,0.32000000000000006
0.014521599999999999,0.005900000000000001,0.32000000000000006
0.014523199999999998,-0.0093,0.32000000000000006
0.0145248,0.0079,0.32000000000000006
0.014526399999999998,-0.0073,0.32000000000000006
0.014528,0.0015000000000000005,0.32000000000000006
0.014529599999999998,-0.0040999999999999995,0.32000000000000006
0.0145312,-0.0010999999999999996,0.32000000000000006
0.014532799999999998,-0.0014999999999999998,0.32000000000000006
0.014534399999999998,-0.0021,0.4
0.014535999999999999,0.0029000000000000007,0.32000000000000006
0.014537599999999998,-0.0047,0.32000000000000006
0.014539199999999999,0.0063,0.32000000000000006
0.014540799999999998,-0.0049,0.4
0.014542399999999999,0.0045000000000000005,0.32000000000000006
0.014543999999999998,-0.0047,0.32000000000000006
0.014545599999999999,0.0047,0.32000000000000006
0.014547199999999998,-0.0045,0.32000000000000006
0.014548799999999999,0.0031000000000000003,0.32000000000000006
0.014550399999999998,-0.0045,0.32000000000000006
0.014551999999999999,0.0035000000000000005,0.32000000000000006
0.014553599999999998,-0.006500000000000001,0.32000000000000006
0.014555199999999999,0.0041,0.32000000000000006
0.014556799999999998,-0.0079,0.32000000000000006
0.014558399999999999,0.005500000000000001,0.32000000000000006
0.014559999999999998,-0.0093,0.32000000000000006
0.0145616,0.004900000000000001,0.32000000000000006
0.014563199999999998,-0.0085,0.32000000000000006
0.0145648,0.0041,0.32000000000000006
0.014566399999999998,-0.006699999999999999,0.32000000000000006
0.014568,0.0039000000000000007,0.32000000000000006
0.014569599999999999,-0.0036999999999999997,0.32000000000000006
0.014571199999999998,0.0009000000000000002,0.32000000000000006
0.014572799999999999,-0.0033,0.32000000000000006
0.014574399999999998,-0.0024999999999999996,0.32000000000000006
0.014575999999999999,0.0009000000000000002,0.32000000000000006
0.014577599999999998,-0.0051,0.32000000000000006
0.014579199999999999,0.0039000000000000007,0.32000000000000006
0.014580799999999998,-0.0055,0.32000000000000006
0.014582399999999999,0.0045000000000000005,0.4
0.014583999999999998,-0.0055,0.32000000000000006
0.014585599999999999,0.006700000000000001,0.4
0.014587199999999998,-0.0029,0.32000000000000006
0.014588799999999999,0.0041,0.32000000000000006
0.014590399999999998,-0.0053,0.4
0.014591999999999999,0.0041,0.32000000000000006
0.014593599999999998,-0.006500000000000001,0.4
0.0145952,0.004300000000000001,0.32000000000000006
0.014596799999999998,-0.0079,0.32000000000000006
0.0145984,0.0047,0.32000000000000006
0.014599999999999998,-0.0077,0.4
0.0146016,0.0075000000000000015,0.32000000000000006
0.014603199999999998,-0.0111,0.32000000000000006
0.014604799999999998,0.007300000000000001,0.32000000000000006
0.014606399999999999,-0.0079,0.32000000000000006
0.014607999999999998,0.0037,0.32000000000000006
0.014609599999999999,-0.0047,0.32000000000000006
0.014611199999999998,0.0019000000000000006,0.32000000000000006
0.014612799999999999,-0.0006999999999999997,0.32000000000000006
0.014614399999999998,-9.999999999999983e-05,0.32000000000000006
0.014615999999999999,0.002300000000000001,0.32000000000000006
0.014617599999999998,-0.0057,0.32000000000000006
0.014619199999999999,0.003300000000000001,0.32000000000000006
0.014620799999999998,-0.0053,0.32000000000000006
0.014622399999999999,0.0025000000000000005,0.32000000000000006
0.014623999999999998,-0.006699999999999999,0.32000000000000006
0.014625599999999999,0.004300000000000001,0.32000000000000006
0.014627199999999998,-0.0055,0.4
0.014628799999999999,0.005300000000000001,0.4
0.014630399999999998,-0.0047,0.32000000000000006
0.014632,0.0037,0.32000000000000006
0.014633599999999998,-0.006699999999999999,0.32000000000000006
0.0146352,0.0045000000000000005,0.32000000000000006
0.014636799999999998,-0.0083,0.32000000000000006
0.0146384,0.004900000000000001,0.32000000000000006
0.014639999999999999,-0.010499999999999999,0.4
0.014641599999999998,0.005900000000000001,0.4
0.014643199999999999,-0.009899999999999999,0.32000000000000006
0.014644799999999998,0.0063,0.4
0.014646399999999999,-0.0073,0.4
0.014647999999999998,0.0019000000000000006,0.32000000000000006
0.014649599999999999,-0.0055,0.32000000000000006
0.014651199999999998,0.003300000000000001,0.32000000000000006
0.014652799999999999,-0.0008999999999999998,0.32000000000000006
0.014654399999999998,-0.0018999999999999998,0.32000000000000006
0.014655999999999999,0.0019000000000000006,0.32000000000000006
0.014657599999999998,-0.0029,0.32000000000000006
0.014659199999999999,0.0041,0.32000000000000006
0.014660799999999998,-0.0060999999999999995,0.32000000000000006
0.014662399999999999,0.0025000000000000005,0.4
0.014663999999999998,-0.0097,0.32000000000000006
0.014665599999999999,0.0029000000000000007,0.32000000000000006
0.014667199999999998,-0.0059,0.32000000000000006
0.0146688,0.0069,0.32000000000000006
0.014670399999999998,-0.0057,0.32000000000000006
0.014672,0.006100000000000001,0.32000000000000006
0.014673599999999998,-0.0047,0.32000000000000006
0.0146752,0.004900000000000001,0.32000000000000006
0.014676799999999999,-0.0081,0.32000000000000006
0.014678399999999998,0.005900000000000001,0.32000000000000006
0.014679999999999999,-0.0095,0.32000000000000006
0.014681599999999998,0.0071,0.32000000000000006
0.014683199999999999,-0.010100000000000001,0.32000000000000006
0.014684799999999998,0.006500000000000001,0.32000000000000006
0.014686399999999999,-0.0087,0.32000000000000006
0.014687999999999998,0.004900000000000001,0.32000000000000006
0.014689599999999999,-0.0045,0.32000000000000006
0.014691199999999998,0.0013000000000000008,0.32000000000000006
0.014692799999999999,-0.0024999999999999996,0.32000000000000006
0.014694399999999998,-0.0016999999999999997,0.32000000000000006
0.014695999999999999,0.0007000000000000005,0.32000000000000006
0.014697599999999998,-0.0039,0.32000000000000006
0.014699199999999999,0.003300000000000001,0.32000000000000006
0.014700799999999998,-0.006500000000000001,0.32000000000000006
0.0147024,0.004300000000000001,0.4
0.014703999999999998,-0.0069,0.32000000000000006
0.0147056,0.005900000000000001,0.32000000000000006
0.014707199999999998,-0.0057,0.32000000000000006
0.0147088,0.0047,0.32000000000000006
0.014710399999999998,-0.0039,0.32000000000000006
0.014711999999999998,0.0035000000000000005,0.32000000000000006
0.014713599999999999,-0.0049,0.32000000000000006
0.014715199999999998,0.0057,0.32000000000000006
0.014716799999999999,-0.0087,0.32000000000000006
0.014718399999999998,0.0047,0.4
0.014719999999999999,-0.0093,0.32000000000000006
0.014721599999999998,0.0071,0.32000000000000006
0.014723199999999999,-0.0097,0.32000000000000006
0.014724799999999998,0.005900000000000001,0.32000000000000006
0.014726399999999999,-0.0079,0.32000000000000006
0.014727999999999998,0.002300000000000001,0.32000000000000006
0.014729599999999999,-0.006699999999999999,0.32000000000000006
0.014731199999999998,0.0021000000000000003,0.32000000000000006
0.014732799999999999,0.0007000000000000005,0.32000000000000006
0.014734399999999998,-0.0018999999999999998,0.32000000000000006
0.014735999999999999,0.0025000000000000005,0.32000000000000006
0.014737599999999998,-0.0059,0.32000000000000006
0.0147392,0.0051,0.32000000000000006
0.014740799999999998,-0.0063,0.32000000000000006
0.0147424,0.005300000000000001,0.4
0.014743999999999998,-0.006500000000000001,0.32000000000000006
0.0147456,0.0047,0.32000000000000006
0.014747199999999999,-0.0069,0.4
0.014748799999999998,0.002300000000000001,0.32000000000000006
0.014750399999999999,-0.0059,0.32000000000000006
0.014751999999999998,0.0051,0.32000000000000006
0.014753599999999999,-0.0049,0.32000000000000006
0.014755199999999998,0.005300000000000001,0.32000000000000006
0.014756799999999999,-0.0079,0.32000000000000006
0.014758399999999998,0.005300000000000001,0.32000000000000006
0.014759999999999999,-0.0097,0.32000000000000006
0.014761599999999998,0.0063,0.32000000000000006
0.014763199999999999,-0.009899999999999999,0.32000000000000006
0.014764799999999998,0.0063,0.32000000000000006
0.014766399999999999,-0.0063,0.32000000000000006
0.014767999999999998,0.0029000000000000007,0.32000000000000006
0.014769599999999999,-0.0049,0.32000000000000006
0.014771199999999998,0.0013000000000000008,0.32000000000000006
0.014772799999999999,-0.0012999999999999997,0.32000000000000006
0.014774399999999998,-0.0029,0.32000000000000006
0.014776,0.0011000000000000003,0.32000000000000006
0.014777599999999998,-0.0034999999999999996,0.32000000000000006
0.0147792,0.0029000000000000007,0.32000000000000006
0.014780799999999998,-0.0053,0.32000000000000006
0.0147824,0.0047,0.4
0.014783999999999999,-0.0036999999999999997,0.32000000000000006
0.014785599999999998,0.0045000000000000005,0.32000000000000006
0.014787199999999999,-0.0055,0.32000000000000006
0.014788799999999998,0.004300000000000001,0.32000000000000006
0.014790399999999999,-0.0053,0.32000000000000006
0.014791999999999998,0.0031000000000000003,0.32000000000000006
0.014793599999999999,-0.0053,0.32000000000000006
0.014795199999999998,0.004900000000000001,0.32000000000000006
0.014796799999999999,-0.0083,0.32000000000000006
0.014798399999999998,0.0063,0.32000000000000006
0.014799999999999999,-0.0095,0.4
0.014801599999999998,0.005500000000000001,0.32000000000000006
0.014803199999999999,-0.0095,0.32000000000000006
0.014804799999999998,0.006700000000000001,0.32000000000000006
0.014806399999999999,-0.0069,0.32000000000000006
0.014807999999999998,0.0037,0.32000000000000006
0.0148096,-0.0055,0.4
0.014811199999999998,0.0027,0.32000000000000006
0.0148128,-0.0014999999999999998,0.32000000000000006
0.014814399999999998,-0.0018999999999999998,0.32000000000000006
0.014816,0.0007000000000000005,0.32000000000000006
0.014817599999999998,-0.0036999999999999997,0.32000000000000006
0.014819199999999998,0.0047,0.4
0.014820799999999999,-0.006500000000000001,0.32000000000000006
0.014822399999999998,0.0047,0.4
0.014823999999999999,-0.006699999999999999,0.32000000000000006
0.014825599999999998,0.006100000000000001,0.32000000000000006
0.014827199999999999,-0.0055,0.32000000000000006
0.014828799999999998,0.0041,0.32000000000000006
0.014830399999999999,-0.0036999999999999997,0.32000000000000006
0.014831999999999998,0.0021000000000000003,0.32000000000000006
0.014833599999999999,-0.0063,0.32000000000000006
0.014835199999999998,0.004300000000000001,0.32000000000000006
0.014836799999999999,-0.0079,0.32000000000000006
0.014838399999999998,0.0057,0.32000000000000006
0.014839999999999999,-0.0093,0.32000000000000006
0.014841599999999998,0.006500000000000001,0.32000000000000006
0.014843199999999999,-0.0085,0.32000000000000006
0.014844799999999998,0.0063,0.32000000000000006
0.0148464,-0.0069,0.4
0.014847999999999998,0.006100000000000001,0.32000000000000006
0.0148496,-0.0060999999999999995,0.32000000000000006
0.014851199999999998,0.0011000000000000003,0.32000000000000006
0.0148528,-0.0018999999999999998,0.4
0.014854399999999999,-0.0012999999999999997,0.32000000000000006
0.014855999999999998,0.0025000000000000005,0.32000000000000006
0.014857599999999999,-0.0040999999999999995,0.32000000000000006
0.014859199999999998,0.0047,0.32000000000000006
0.014860799999999999,-0.0059,0.32000000000000006
0.014862399999999998,0.005900000000000001,0.32000000000000006
0.014863999999999999,-0.0069,0.32000000000000006
0.014865599999999998,0.005500000000000001,0.32000000000000006
0.014867199999999999,-0.006699999999999999,0.32000000000000006
0.014868799999999998,0.0025000000000000005,0.32000000000000006
0.014870399999999999,-0.0049,0.32000000000000006
0.014871999999999998,0.0035000000000000005,0.32000000000000006
0.014873599999999999,-0.006500000000000001,0.32000000000000006
0.014875199999999998,0.005500000000000001,0.32000000000000006
0.014876799999999999,-0.0077,0.32000000000000006
0.014878399999999998,0.0079,0.32000000000000006
0.014879999999999999,-0.0109,0.4
0.014881599999999998,0.0063,0.32000000000000006
0.0148832,-0.0091,0.32000000000000006
0.014884799999999998,0.0075000000000000015,0.4
0.0148864,-0.006699999999999999,0.4
0.014887999999999998,0.0031000000000000003,0.32000000000000006
0.0148896,-0.0040999999999999995,0.4
0.014891199999999999,-0.0002999999999999995,0.32000000000000006
0.014892799999999998,0.0007000000000000005,0.32000000000000006
0.014894399999999999,-0.0031,0.32000000000000006
0.014895999999999998,0.002300000000000001,0.32000000000000006
0.014897599999999999,-0.0051,0.32000000000000006
0.014899199999999998,0.0047,0.32000000000000006
0.014900799999999999,-0.0075,0.32000000000000006
0.014902399999999998,0.0039000000000000007,0.32000000000000006
0.014903999999999999,-0.0073,0.32000000000000006
0.014905599999999998,0.0021000000000000003,0.32000000000000006
0.014907199999999999,-0.0039,0.32000000000000006
0.014908799999999998,0.005900000000000001,0.32000000000000006
0.014910399999999999,-0.0047,0.32000000000000006
0.014911999999999998,0.0029000000000000007,0.32000000000000006
0.014913599999999999,-0.0059,0.32000000000000006
0.014915199999999998,0.004900000000000001,0.32000000000000006
0.0149168,-0.006500000000000001,0.32000000000000006
0.014918399999999998,0.006100000000000001,0.32000000000000006
0.01492,-0.0093,0.32000000000000006
0.014921599999999998,0.006500000000000001,0.32000000000000006
0.0149232,-0.011300000000000001,0.4
0.014924799999999998,0.0057,0.32000000000000006
0.014926399999999998,-0.0083,0.32000000000000006
0.014927999999999999,0.0031000000000000003,0.32000000000000006
0.014929599999999998,-0.0051,0.32000000000000006
0.014931199999999999,0.0005000000000000004,0.32000000000000006
0.014932799999999998,-0.0026999999999999997,0.32000000000000006
0.014934399999999999,-0.0029,0.32000000000000006
0.014935999999999998,0.0025000000000000005,0.32000000000000006
0.014937599999999999,-0.0023,0.32000000000000006
0.014939199999999998,0.0057,0.32000000000000006
0.014940799999999999,-0.0081,0.32000000000000006
0.014942399999999998,0.0047,0.32000000000000006
0.014943999999999999,-0.0075,0.32000000000000006
0.014945599999999998,0.006500000000000001,0.32000000000000006
0.014947199999999999,-0.0047,0.32000000000000006
0.014948799999999998,0.0047,0.32000000000000006
0.014950399999999999,-0.006699999999999999,0.32000000000000006
0.014951999999999998,0.0041,0.4
0.0149536,-0.0060999999999999995,0.32000000000000006
0.014955199999999998,0.0047,0.32000000000000006
0.0149568,-0.0075,0.32000000000000006
0.014958399999999998,0.005900000000000001,0.32000000000000006
0.01496,-0.009899999999999999,0.4
0.014961599999999999,0.005500000000000001,0.32000000000000006
0.014963199999999998,-0.0093,0.32000000000000006
0.014964799999999999,0.004900000000000001,0.32000000000000006
0.014966399999999998,-0.0083,0.32000000000000006
0.014967999999999999,0.004300000000000001,0.32000000000000006
0.014969599999999998,-0.0051,0.32000000000000006
0.014971199999999999,0.0009000000000000002,0.32000000000000006
0.014972799999999998,-0.0010999999999999996,0.32000000000000006
0.014974399999999999,-0.0024999999999999996,0.32000000000000006
0.014975999999999998,0.0037,0.32000000000000006
0.014977599999999999,-0.0047,0.32000000000000006
0.014979199999999998,0.003300000000000001,0.32000000000000006
0.014980799999999999,-0.0073,0.4
0.014982399999999998,0.0031000000000000003,0.32000000000000006
0.014983999999999999,-0.0071,0.4
0.014985599999999998,0.005300000000000001,0.32000000000000006
0.0149872,-0.0071,0.32000000000000006
0.014988799999999998,0.0041,0.32000000000000006
0.0149904,-0.0045,0.4
0.014991999999999998,0.003300000000000001,0.32000000000000006
0.0149936,-0.0059,0.32000000000000006
0.014995199999999998,0.0039000000000000007,0.32000000000000006
0.014996799999999998,-0.0083,0.32000000000000006
0.014998399999999999,0.0071,0.4
0.014999999999999998,-0.0085,0.32000000000000006
0.015001599999999999,0.0063,0.32000000000000006
0.015003199999999998,-0.0091,0.32000000000000006
0.015004799999999999,0.005300000000000001,0.4
0.015006399999999998,-0.0075,0.4
0.015007999999999999,0.0031000000000000003,0.32000000000000006
0.015009599999999998,-0.0047,0.4
0.015011199999999999,0.0019000000000000006,0.4
0.015012799999999998,-0.0018999999999999998,0.32000000000000006
0.015014399999999999,-0.0024999999999999996,0.32000000000000006
0.015015999999999998,0.0013000000000000008,0.32000000000000006
0.015017599999999999,-0.0040999999999999995,0.32000000000000006
0.015019199999999998,0.0039000000000000007,0.4
0.015020799999999999,-0.0049,0.32000000000000006
0.015022399999999998,0.0045000000000000005,0.4
0.015024,-0.0053,0.32000000000000006
0.015025599999999998,0.0039000000000000007,0.32000000000000006
0.0150272,-0.0049,0.32000000000000006
0.015028799999999998,0.0041,0.32000000000000006
0.0150304,-0.0053,0.32000000000000006
0.015031999999999998,0.0019000000000000006,0.32000000000000006
0.015033599999999998,-0.0059,0.32000000000000006
0.015035199999999999,0.0039000000000000007,0.32000000000000006
0.015036799999999998,-0.0069,0.32000000000000006
0.015038399999999999,0.005300000000000001,0.32000000000000006
0.015039999999999998,-0.0097,0.32000000000000006
0.015041599999999999,0.0069,0.32000000000000006
0.015043199999999998,-0.0095,0.32000000000000006
0.015044799999999999,0.0047,0.32000000000000006
0.015046399999999998,-0.006699999999999999,0.32000000000000006
0.015047999999999999,0.0047,0.32000000000000006
0.015049599999999998,-0.0031,0.32000000000000006
0.015051199999999999,0.002300000000000001,0.4
0.015052799999999998,0.0013000000000000008,0.32000000000000006
0.015054399999999999,-0.0031,0.32000000000000006
0.015055999999999998,-0.0006999999999999997,0.4
0.015057599999999999,-0.006500000000000001,0.32000000000000006
0.015059199999999998,0.005300000000000001,0.4
0.0150608,-0.0060999999999999995,0.4
0.015062399999999998,0.005500000000000001,0.32000000000000006
0.015064,-0.006500000000000001,0.32000000000000006
0.015065599999999998,0.0041,0.32000000000000006
0.0150672,-0.0063,0.32000000000000006
0.015068799999999999,0.004900000000000001,0.32000000000000006
0.015070399999999998,-0.0051,0.32000000000000006
0.015071999999999999,0.0039000000000000007,0.32000000000000006
0.015073599999999998,-0.006699999999999999,0.32000000000000006
0.015075199999999999,0.004300000000000001,0.32000000000000006
0.015076799999999998,-0.0077,0.32000000000000006
0.015078399999999999,0.006100000000000001,0.32000000000000006
0.015079999999999998,-0.0095,0.32000000000000006
0.015081599999999999,0.0051,0.32000000000000006
0.015083199999999998,-0.0103,0.32000000000000006
0.015084799999999999,0.003300000000000001,0.32000000000000006
0.015086399999999998,-0.0091,0.4
0.015087999999999999,0.0045000000000000005,0.32000000000000006
0.015089599999999998,-0.0036999999999999997,0.32000000000000006
0.015091199999999999,0.0027,0.32000000000000006
0.015092799999999998,0.0013000000000000008,0.32000000000000006
0.0150944,-0.0012999999999999997,0.32000000000000006
0.015095999999999998,0.0005000000000000004,0.32000000000000006
0.0150976,-0.0026999999999999997,0.32000000000000006
0.015099199999999998,0.0045000000000000005,0.32000000000000006
0.0151008,-0.0060999999999999995,0.4
0.015102399999999998,0.0031000000000000003,0.32000000000000006
0.015103999999999998,-0.0051,0.32000000000000006
0.015105599999999999,0.0035000000000000005,0.32000000000000006
0.015107199999999998,-0.0055,0.32000000000000006
0.015108799999999999,0.0031000000000000003,0.32000000000000006
0.015110399999999998,-0.0059,0.32000000000000006
0.015111999999999999,0.0051,0.32000000000000006
0.015113599999999998,-0.0055,0.32000000000000006
0.015115199999999999,0.004300000000000001,0.32000000000000006
0.015116799999999998,-0.0085,0.4
0.015118399999999999,0.005500000000000001,0.4
0.015119999999999998,-0.009899999999999999,0.32000000000000006
0.015121599999999999,0.0051,0.32000000000000006
0.015123199999999998,-0.0097,0.4
0.015124799999999999,0.006100000000000001,0.32000000000000006
0.015126399999999998,-0.0081,0.32000000000000006
0.015127999999999999,0.0045000000000000005,0.32000000000000006
0.015129599999999998,-0.0047,0.32000000000000006
0.0151312,0.0005000000000000004,0.32000000000000006
0.015132799999999998,-0.0008999999999999998,0.32000000000000006
0.0151344,-0.0031,0.4
0.015135999999999998,0.0021000000000000003,0.32000000000000006
0.0151376,-0.0051,0.32000000000000006
0.015139199999999998,0.0047,0.4
0.015140799999999998,-0.0039,0.4
0.015142399999999999,0.006100000000000001,0.32000000000000006
0.015143999999999998,-0.0060999999999999995,0.4
0.015145599999999999,0.0029000000000000007,0.4
0.015147199999999998,-0.0069,0.32000000000000006
0.015148799999999999,0.003300000000000001,0.32000000000000006
0.015150399999999998,-0.0059,0.4
0.015151999999999999,0.0045000000000000005,0.32000000000000006
0.015153599999999998,-0.0073,0.4
0.015155199999999999,0.005900000000000001,0.32000000000000006
0.015156799999999998,-0.0083,0.32000000000000006
0.015158399999999999,0.0051,0.32000000000000006
0.015159999999999998,-0.0091,0.4
0.015161599999999999,0.007300000000000001,0.32000000000000006
0.015163199999999998,-0.0089,0.32000000000000006
0.015164799999999999,0.0045000000000000005,0.32000000000000006
0.015166399999999998,-0.0060999999999999995,0.32000000000000006
0.015168,0.0035000000000000005,0.32000000000000006
0.015169599999999998,-0.0053,0.32000000000000006
0.0151712,0.0007000000000000005,0.32000000000000006
0.015172799999999998,-0.0014999999999999998,0.32000000000000006
0.0151744,-0.0016999999999999997,0.32000000000000006
0.015175999999999999,0.0039000000000000007,0.32000000000000006
0.015177599999999998,-0.0045,0.32000000000000006
0.015179199999999999,0.003300000000000001,0.32000000000000006
0.015180799999999998,-0.0069,0.32000000000000006
0.015182399999999999,0.005900000000000001,0.32000000000000006
0.015183999999999998,-0.006699999999999999,0.4
0.015185599999999999,0.004900000000000001,0.32000000000000006
0.015187199999999998,-0.0055,0.32000000000000006
0.015188799999999999,0.003300000000000001,0.32000000000000006
0.015190399999999998,-0.0049,0.32000000000000006
0.015191999999999999,0.0057,0.32000000000000006
0.015193599999999998,-0.0053,0.32000000000000006
0.015195199999999999,0.0047,0.32000000000000006
0.015196799999999998,-0.0097,0.32000000000000006
0.015198399999999999,0.0039000000000000007,0.4
0.015199999999999998,-0.0095,0.32000000000000006
0.0152016,0.007300000000000001,0.32000000000000006
0.015203199999999998,-0.009899999999999999,0.32000000000000006
0.0152048,0.0077,0.32000000000000006
0.015206399999999998,-0.0081,0.32000000000000006
0.015208,0.0041,0.32000000000000006
0.015209599999999998,-0.0045,0.32000000000000006
0.015211199999999998,0.0011000000000000003,0.32000000000000006
0.015212799999999999,0.0005000000000000004,0.32000000000000006
0.015214399999999998,-0.0033,0.32000000000000006
0.015215999999999999,0.0009000000000000002,0.32000000000000006
0.015217599999999998,-0.0033,0.32000000000000006
0.015219199999999999,0.0039000000000000007,0.32000000000000006
0.015220799999999998,-0.0060999999999999995,0.32000000000000006
0.015222399999999999,0.006700000000000001,0.32000000000000006
0.015223999999999998,-0.0059,0.32000000000000006
0.015225599999999999,0.004300000000000001,0.32000000000000006
0.015227199999999998,-0.006699999999999999,0.32000000000000006
0.015228799999999999,0.0031000000000000003,0.32000000000000006
0.015230399999999998,-0.0057,0.32000000000000006
0.015231999999999999,0.0029000000000000007,0.32000000000000006
0.015233599999999998,-0.0059,0.4
0.015235199999999999,0.0047,0.24
0.015236799999999998,-0.0083,0.32000000000000006
0.0152384,0.0071,0.32000000000000006
0.015239999999999998,-0.0091,0.32000000000000006
0.0152416,0.006500000000000001,0.32000000000000006
0.015243199999999998,-0.009899999999999999,0.32000000000000006
0.0152448,0.0047,0.32000000000000006
0.015246399999999998,-0.0089,0.32000000000000006
0.015247999999999998,0.004300000000000001,0.32000000000000006
0.015249599999999999,-0.0040999999999999995,0.32000000000000006
0.015251199999999998,0.0025000000000000005,0.32000000000000006
0.015252799999999999,-0.0010999999999999996,0.32000000000000006
0.015254399999999998,-0.0014999999999999998,0.32000000000000006
0.015255999999999999,0.00010000000000000026,0.32000000000000006
0.015257599999999998,-0.0039,0.32000000000000006
0.015259199999999999,0.0041,0.32000000000000006
0.015260799999999998,-0.006500000000000001,0.32000000000000006
0.015262399999999999,0.004900000000000001,0.32000000000000006
0.015263999999999998,-0.0057,0.32000000000000006
0.015265599999999999,0.004300000000000001,0.32000000000000006
0.015267199999999998,-0.006500000000000001,0.32000000000000006
0.015268799999999999,0.0017000000000000001,0.32000000000000006
0.015270399999999998,-0.0057,0.32000000000000006
0.015271999999999999,0.0029000000000000007,0.32000000000000006
0.015273599999999998,-0.0049,0.32000000000000006
0.0152752,0.0057,0.32000000000000006
0.015276799999999998,-0.0073,0.32000000000000006
0.0152784,0.0063,0.32000000000000006
0.015279999999999998,-0.0089,0.32000000000000006
0.015281599999999998,0.004300000000000001,0.32000000000000006
0.015283199999999999,-0.0091,0.32000000000000006
0.015284799999999998,0.0063,0.32000000000000006
0.015286399999999999,-0.0079,0.32000000000000006
0.015287999999999998,0.004300000000000001,0.32000000000000006
0.015289599999999999,-0.0039,0.32000000000000006
0.015291199999999998,0.0013000000000000008,0.32000000000000006
0.015292799999999999,-0.0002999999999999995,0.32000000000000006
0.015294399999999998,-0.0034999999999999996,0.32000000000000006
0.015295999999999999,0.00030000000000000035,0.32000000000000006
0.015297599999999998,-0.0051,0.4
0.015299199999999999,0.004300000000000001,0.32000000000000006
0.015300799999999998,-0.0045,0.4
0.015302399999999999,0.0063,0.32000000000000006
0.015303999999999998,-0.0055,0.32000000000000006
0.015305599999999999,0.005900000000000001,0.32000000000000006
0.015307199999999998,-0.0051,0.32000000000000006
0.0153088,0.0031000000000000003,0.32000000000000006
0.015310399999999998,-0.0043,0.4
0.015312,0.0057,0.32000000000000006
0.015313599999999998,-0.006500000000000001,0.32000000000000006
0.0153152,0.0047,0.32000000000000006
0.015316799999999998,-0.0073,0.32000000000000006
0.015318399999999998,0.005500000000000001,0.32000000000000006
0.015319999999999999,-0.0089,0.32000000000000006
0.015321599999999998,0.004900000000000001,0.32000000000000006
0.015323199999999999,-0.0111,0.32000000000000006
0.015324799999999998,0.0071,0.32000000000000006
0.015326399999999999,-0.0057,0.32000000000000006
0.015327999999999998,0.0039000000000000007,0.32000000000000006
0.015329599999999999,-0.0040999999999999995,0.32000000000000006
0.015331199999999998,0.0011000000000000003,0.32000000000000006
0.015332799999999999,-0.0010999999999999996,0.32000000000000006
0.015334399999999998,-0.0024999999999999996,0.32000000000000006
0.015335999999999999,0.0017000000000000001,0.32000000000000006
0.015337599999999998,-0.0036999999999999997,0.32000000000000006
0.015339199999999999,0.0021000000000000003,0.32000000000000006
0.015340799999999998,-0.0079,0.32000000000000006
0.015342399999999999,0.0037,0.32000000000000006
0.015343999999999998,-0.0063,0.32000000000000006
0.0153456,0.006100000000000001,0.32000000000000006
0.015347199999999998,-0.0047,0.32000000000000006
0.0153488,0.0037,0.4
0.015350399999999998,-0.0045,0.4
0.015352,0.0035000000000000005,0.32000000000000006
0.015353599999999998,-0.0053,0.32000000000000006
0.015355199999999998,0.0041,0.32000000000000006
0.015356799999999999,-0.0077,0.32000000000000006
0.015358399999999998,0.0041,0.32000000000000006
0.015359999999999999,-0.0095,0.32000000000000006
0.015361599999999998,0.0039000000000000007,0.32000000000000006
0.015363199999999999,-0.0103,0.32000000000000006
0.015364799999999998,0.0057,0.32000000000000006
0.015366399999999999,-0.0073,0.32000000000000006
0.015367999999999998,0.0035000000000000005,0.32000000000000006
0.015369599999999999,-0.0053,0.32000000000000006
0.015371199999999998,0.0011000000000000003,0.32000000000000006
0.015372799999999999,-0.0002999999999999995,0.32000000000000006
0.015374399999999998,-0.0031,0.32000000000000006
0.015375999999999999,0.0045000000000000005,0.32000000000000006
0.015377599999999998,-0.0034999999999999996,0.4
0.015379199999999999,0.0039000000000000007,0.32000000000000006
0.015380799999999998,-0.0045,0.32000000000000006
0.0153824,0.0069,0.32000000000000006
0.015383999999999998,-0.0079,0.32000000000000006
0.0153856,0.0057,0.4
0.015387199999999998,-0.0079,0.32000000000000006
0.015388799999999998,0.006100000000000001,0.32000000000000006
0.015390399999999999,-0.0051,0.32000000000000006
0.015391999999999998,0.004900000000000001,0.32000000000000006
0.015393599999999999,-0.006699999999999999,0.32000000000000006
0.015395199999999998,0.0045000000000000005,0.32000000000000006
0.015396799999999999,-0.0083,0.32000000000000006
0.015398399999999998,0.006100000000000001,0.32000000000000006
0.015399999999999999,-0.0097,0.4
0.015401599999999998,0.005500000000000001,0.32000000000000006
0.015403199999999999,-0.0097,0.32000000000000006
0.015404799999999998,0.006100000000000001,0.32000000000000006
0.015406399999999999,-0.0087,0.4
0.015407999999999998,0.004900000000000001,0.32000000000000006
0.015409599999999999,-0.0047,0.32000000000000006
0.015411199999999998,0.0017000000000000001,0.4
0.015412799999999999,-0.0004999999999999996,0.32000000000000006
0.015414399999999998,-0.0012999999999999997,0.32000000000000006
0.015416,0.0025000000000000005,0.32000000000000006
0.015417599999999998,-0.0021,0.32000000000000006
0.0154192,0.0045000000000000005,0.32000000000000006
0.015420799999999998,-0.0053,0.32000000000000006
0.0154224,0.004900000000000001,0.32000000000000006
0.015423999999999998,-0.0055,0.32000000000000006
0.015425599999999998,0.005500000000000001,0.32000000000000006
0.015427199999999999,-0.0047,0.32000000000000006
0.015428799999999998,0.003300000000000001,0.4
0.015430399999999999,-0.0063,0.32000000000000006
0.015431999999999998,0.0037,0.32000000000000006
0.015433599999999999,-0.0063,0.32000000000000006
0.015435199999999998,0.004900000000000001,0.32000000000000006
0.015436799999999999,-0.0085,0.32000000000000006
0.015438399999999998,0.0063,0.4
0.015439999999999999,-0.0083,0.32000000000000006
0.015441599999999998,0.005500000000000001,0.32000000000000006
0.015443199999999999,-0.011300000000000001,0.4
0.015444799999999998,0.004300000000000001,0.32000000000000006
0.015446399999999999,-0.0075,0.32000000000000006
0.015447999999999998,0.0037,0.32000000000000006
0.015449599999999999,-0.0040999999999999995,0.32000000000000006
0.015451199999999998,-9.999999999999983e-05,0.32000000000000006
0.0154528,-0.0018999999999999998,0.32000000000000006
0.015454399999999998,-0.0024999999999999996,0.32000000000000006
0.015456,0.0035000000000000005,0.32000000000000006
0.015457599999999998,-0.0053,0.4
0.0154592,0.005500000000000001,0.32000000000000006
0.015460799999999999,-0.0053,0.32000000000000006
0.015462399999999998,0.0057,0.32000000000000006
0.015463999999999999,-0.006699999999999999,0.4
0.015465599999999998,0.0051,0.32000000000000006
0.015467199999999999,-0.0059,0.4
0.015468799999999998,0.0039000000000000007,0.32000000000000006
0.015470399999999999,-0.0049,0.4
0.015471999999999998,0.0035000000000000005,0.4
0.015473599999999999,-0.0051,0.32000000000000006
0.015475199999999998,0.0037,0.32000000000000006
0.015476799999999999,-0.0087,0.32000000000000006
0.015478399999999998,0.0063,0.32000000000000006
0.015479999999999999,-0.009899999999999999,0.32000000000000006
0.015481599999999998,0.005900000000000001,0.4
0.015483199999999999,-0.0091,0.32000000000000006
0.015484799999999998,0.0047,0.32000000000000006
0.015486399999999999,-0.0077,0.32000000000000006
0.015487999999999998,0.0051,0.32000000000000006
0.0154896,-0.0055,0.4
0.015491199999999998,0.002300000000000001,0.4
0.0154928,-0.0010999999999999996,0.32000000000000006
0.015494399999999998,-0.0010999999999999996,0.32000000000000006
0.015495999999999998,0.0017000000000000001,0.32000000000000006
0.015497599999999999,-0.0034999999999999996,0.32000000000000006
0.015499199999999998,0.0041,0.32000000000000006
0.015500799999999999,-0.0051,0.32000000000000006
0.015502399999999998,0.0051,0.4
0.015503999999999999,-0.0053,0.32000000000000006
0.015505599999999998,0.005900000000000001,0.32000000000000006
0.015507199999999999,-0.0049,0.32000000000000006
0.015508799999999998,0.0051,0.32000000000000006
0.015510399999999999,-0.0051,0.32000000000000006
0.015511999999999998,0.0027,0.32000000000000006
0.015513599999999999,-0.0051,0.32000000000000006
0.015515199999999998,0.005300000000000001,0.32000000000000006
0.015516799999999999,-0.0085,0.32000000000000006
0.015518399999999998,0.0039000000000000007,0.32000000000000006
0.015519999999999999,-0.0081,0.32000000000000006
0.015521599999999998,0.0079,0.32000000000000006
0.0155232,-0.0093,0.32000000000000006
0.015524799999999998,0.0045000000000000005,0.32000000000000006
0.0155264,-0.0079,0.32000000000000006
0.015527999999999998,0.0035000000000000005,0.32000000000000006
0.0155296,-0.0049,0.32000000000000006
0.015531199999999998,0.0011000000000000003,0.32000000000000006
0.015532799999999998,-0.0016999999999999997,0.4
0.015534399999999999,-0.0012999999999999997,0.32000000000000006
0.015535999999999998,0.0021000000000000003,0.32000000000000006
0.015537599999999999,-0.0031,0.32000000000000006
0.015539199999999998,0.0045000000000000005,0.32000000000000006
0.015540799999999999,-0.0063,0.32000000000000006
0.015542399999999998,0.0045000000000000005,0.32000000000000006
0.015543999999999999,-0.0075,0.32000000000000006
0.015545599999999998,0.0029000000000000007,0.32000000000000006
0.015547199999999999,-0.006699999999999999,0.32000000000000006
0.015548799999999998,0.005900000000000001,0.32000000000000006
0.015550399999999999,-0.0049,0.32000000000000006
0.015551999999999998,0.0037,0.32000000000000006
0.015553599999999999,-0.0079,0.32000000000000006
0.015555199999999998,0.0045000000000000005,0.32000000000000006
0.015556799999999999,-0.0081,0.32000000000000006
0.015558399999999998,0.004900000000000001,0.4
0.01556,-0.0091,0.32000000000000006
0.015561599999999998,0.0069,0.4
0.0155632,-0.009899999999999999,0.32000000000000006
0.015564799999999998,0.004900000000000001,0.32000000000000006
0.0155664,-0.0081,0.32000000000000006
0.015567999999999999,0.004900000000000001,0.32000000000000006
0.015569599999999998,-0.0047,0.32000000000000006
0.015571199999999999,0.00030000000000000035,0.32000000000000006
0.015572799999999998,0.0009000000000000002,0.32000000000000006
0.015574399999999999,-0.0023,0.32000000000000006
0.015575999999999998,0.00030000000000000035,0.32000000000000006
0.015577599999999999,-0.0039,0.32000000000000006
0.015579199999999998,0.004300000000000001,0.32000000000000006
0.015580799999999999,-0.0045,0.32000000000000006
0.015582399999999998,0.006500000000000001,0.32000000000000006
0.015583999999999999,-0.0047,0.32000000000000006
0.015585599999999998,0.005500000000000001,0.32000000000000006
0.015587199999999999,-0.0069,0.32000000000000006
0.015588799999999998,0.0037,0.4
0.015590399999999999,-0.006500000000000001,0.32000000000000006
0.015591999999999998,0.0027,0.32000000000000006
0.015593599999999999,-0.0055,0.32000000000000006
0.015595199999999998,0.0047,0.32000000000000006
0.0155968,-0.0071,0.32000000000000006
0.015598399999999998,0.0037,0.32000000000000006
0.0156,-0.0095,0.32000000000000006
0.015601599999999998,0.006100000000000001,0.32000000000000006
0.015603199999999998,-0.010100000000000001,0.32000000000000006
0.015604799999999999,0.006100000000000001,0.32000000000000006
0.015606399999999998,-0.0073,0.32000000000000006
0.015607999999999999,0.0029000000000000007,0.32000000000000006
0.015609599999999998,-0.0057,0.32000000000000006
0.015611199999999999,0.0019000000000000006,0.32000000000000006
0.015612799999999998,-0.0004999999999999996,0.32000000000000006
0.015614399999999999,-0.0010999999999999996,0.4
0.015615999999999998,0.0029000000000000007,0.32000000000000006
0.015617599999999999,-0.0045,0.32000000000000006
0.015619199999999998,0.002300000000000001,0.32000000000000006
0.015620799999999999,-0.006699999999999999,0.32000000000000006
0.015622399999999998,0.005900000000000001,0.4
0.015623999999999999,-0.006699999999999999,0.32000000000000006
0.0156256,0.0037,0.32000000000000006
0.0156272,-0.0069,0.32000000000000006
0.0156288,0.0051,0.32000000000000006
0.0156304,-0.0045,0.32000000000000006
0.015632,0.0063,0.32000000000000006
0.0156336,-0.0059,0.32000000000000006
0.015635200000000002,0.003300000000000001,0.4
0.0156368,-0.0073,0.4
0.0156384,0.007300000000000001,0.32000000000000006
0.01564,-0.010700000000000001,0.32000000000000006
0.0156416,0.0047,0.32000000000000006
0.0156432,-0.0103,0.32000000000000006
0.0156448,0.005900000000000001,0.32000000000000006
0.0156464,-0.0071,0.32000000000000006
0.015648,0.004900000000000001,0.32000000000000006
0.0156496,-0.0060999999999999995,0.32000000000000006
0.0156512,0.0029000000000000007,0.32000000000000006
0.0156528,-0.0010999999999999996,0.32000000000000006
0.0156544,-0.0021,0.32000000000000006
0.015656,0.0013000000000000008,0.32000000000000006
0.0156576,-0.0055,0.32000000000000006
0.0156592,0.0047,0.32000000000000006
0.0156608,-0.0049,0.32000000000000006
0.0156624,0.0051,0.32000000000000006
0.015664,-0.0049,0.32000000000000006
0.015665600000000002,0.003300000000000001,0.32000000000000006
0.0156672,-0.0059,0.32000000000000006
0.0156688,0.0029000000000000007,0.32000000000000006
0.0156704,-0.0071,0.32000000000000006
0.015672000000000002,0.0047,0.32000000000000006
0.0156736,-0.0071,0.32000000000000006
0.0156752,0.0063,0.32000000000000006
0.0156768,-0.0083,0.32000000000000006
0.0156784,0.004900000000000001,0.32000000000000006
0.01568,-0.0123,0.32000000000000006
0.0156816,0.0063,0.32000000000000006
0.0156832,-0.0091,0.4
0.0156848,0.005500000000000001,0.32000000000000006
0.0156864,-0.0081,0.4
0.015688,0.0051,0.32000000000000006
0.0156896,-0.0047,0.32000000000000006
0.0156912,-0.0014999999999999998,0.32000000000000006
0.0156928,0.00010000000000000026,0.32000000000000006
0.0156944,-0.0029,0.4
0.015696,0.0031000000000000003,0.32000000000000006
0.0156976,-0.0053,0.32000000000000006
0.0156992,0.0045000000000000005,0.32000000000000006
0.0157008,-0.006500000000000001,0.32000000000000006
0.015702400000000002,0.006100000000000001,0.32000000000000006
0.015704,-0.0036999999999999997,0.4
0.0157056,0.005900000000000001,0.32000000000000006
0.0157072,-0.0051,0.32000000000000006
0.015708800000000002,0.0029000000000000007,0.32000000000000006
0.0157104,-0.0060999999999999995,0.32000000000000006
0.015712,0.003300000000000001,0.32000000000000006
0.0157136,-0.0057,0.4
0.0157152,0.005500000000000001,0.32000000000000006
0.0157168,-0.0083,0.32000000000000006
0.0157184,0.0051,0.32000000000000006
0.01572,-0.0095,0.32000000000000006
0.0157216,0.0047,0.32000000000000006
0.0157232,-0.0109,0.4
0.0157248,0.005900000000000001,0.32000000000000006
0.0157264,-0.0081,0.32000000000000006
0.015728,0.0039000000000000007,0.32000000000000006
0.0157296,-0.0047,0.32000000000000006
0.0157312,0.002300000000000001,0.32000000000000006
0.0157328,-0.0014999999999999998,0.32000000000000006
0.0157344,-0.0012999999999999997,0.32000000000000006
0.015736,0.0015000000000000005,0.32000000000000006
0.0157376,-0.0057,0.32000000000000006
0.015739200000000002,0.002300000000000001,0.32000000000000006
0.0157408,-0.0063,0.32000000000000006
0.0157424,0.0069,0.32000000000000006
0.015744,-0.0069,0.4
0.0157456,0.004900000000000001,0.32000000000000006
0.0157472,-0.0059,0.32000000000000006
0.0157488,0.0051,0.32000000000000006
0.0157504,-0.0040999999999999995,0.32000000000000006
0.015752,0.0045000000000000005,0.32000000000000006
0.0157536,-0.0047,0.32000000000000006
0.0157552,0.004300000000000001,0.32000000000000006
0.0157568,-0.006500000000000001,0.32000000000000006
0.0157584,0.006500000000000001,0.32000000000000006
0.01576,-0.0089,0.32000000000000006
0.0157616,0.004900000000000001,0.32000000000000006
0.0157632,-0.0095,0.32000000000000006
0.0157648,0.0071,0.32000000000000006
0.0157664,-0.0085,0.32000000000000006
0.015768,0.002300000000000001,0.4
0.0157696,-0.0057,0.32000000000000006
0.0157712,0.003300000000000001,0.32000000000000006
0.0157728,-0.0021,0.32000000000000006
0.0157744,0.00010000000000000026,0.32000000000000006
0.015776000000000002,0.0009000000000000002,0.32000000000000006
0.0157776,-0.0039,0.4
0.0157792,0.005300000000000001,0.32000000000000006
0.0157808,-0.0040999999999999995,0.32000000000000006
0.0157824,0.0025000000000000005,0.32000000000000006
0.015784,-0.0063,0.32000000000000006
0.0157856,0.003300000000000001,0.32000000000000006
0.0157872,-0.0045,0.32000000000000006
0.0157888,0.0045000000000000005,0.4
0.0157904,-0.0045,0.32000000000000006
0.015792,0.003300000000000001,0.4
0.0157936,-0.0045,0.4
0.0157952,0.0039000000000000007,0.4
0.0157968,-0.0079,0.32000000000000006
0.0157984,0.005900000000000001,0.32000000000000006
0.0158,-0.0097,0.32000000000000006
0.0158016,0.0069,0.32000000000000006
0.0158032,-0.0091,0.32000000000000006
0.0158048,0.0051,0.32000000000000006
0.0158064,-0.0079,0.4
0.015808,0.0027,0.32000000000000006
0.0158096,-0.0051,0.32000000000000006
0.0158112,0.0007000000000000005,0.32000000000000006
0.015812800000000002,-0.0014999999999999998,0.4
0.0158144,-0.0033,0.32000000000000006
0.015816,0.0025000000000000005,0.32000000000000006
0.0158176,-0.0051,0.32000000000000006
0.0158192,0.0071,0.32000000000000006
0.0158208,-0.0069,0.32000000000000006
0.0158224,0.0041,0.4
0.015824,-0.0073,0.32000000000000006
0.0158256,0.0063,0.32000000000000006
0.0158272,-0.0063,0.32000000000000006
0.0158288,0.0051,0.32000000000000006
0.0158304,-0.0053,0.32000000000000006
0.015832,0.004300000000000001,0.32000000000000006
0.0158336,-0.006699999999999999,0.32000000000000006
0.0158352,0.0051,0.32000000000000006
0.0158368,-0.0077,0.32000000000000006
0.0158384,0.0077,0.4
0.01584,-0.0097,0.32000000000000006
0.0158416,0.0069,0.32000000000000006
0.0158432,-0.0111,0.32000000000000006
0.0158448,0.0051,0.32000000000000006
0.0158464,-0.0085,0.32000000000000006
0.015848,0.005900000000000001,0.32000000000000006
0.015849600000000002,-0.0039,0.32000000000000006
0.0158512,0.00030000000000000035,0.32000000000000006
0.0158528,-0.0023,0.32000000000000006
0.0158544,-0.0010999999999999996,0.4
0.015856,0.0019000000000000006,0.32000000000000006
0.0158576,-0.0049,0.4
0.0158592,0.0039000000000000007,0.32000000000000006
0.0158608,-0.0045,0.32000000000000006
0.0158624,0.0045000000000000005,0.32000000000000006
0.015864,-0.0055,0.32000000000000006
0.0158656,0.005500000000000001,0.32000000000000006
0.0158672,-0.0053,0.32000000000000006
0.0158688,0.0039000000000000007,0.32000000000000006
0.0158704,-0.0051,0.32000000000000006
0.015872,0.0039000000000000007,0.32000000000000006
0.0158736,-0.0063,0.32000000000000006
0.0158752,0.005500000000000001,0.32000000000000006
0.0158768,-0.0087,0.32000000000000006
0.0158784,0.0057,0.4
0.015880000000000002,-0.0095,0.32000000000000006
0.0158816,0.008100000000000001,0.32000000000000006
0.0158832,-0.0091,0.32000000000000006
0.0158848,0.004900000000000001,0.32000000000000006
0.015886400000000002,-0.0087,0.32000000000000006
0.015888,0.0021000000000000003,0.32000000000000006
0.0158896,-0.0051,0.32000000000000006
0.0158912,0.0011000000000000003,0.4
0.0158928,-0.0036999999999999997,0.32000000000000006
0.0158944,-0.0023,0.32000000000000006
0.015896,0.0013000000000000008,0.4
0.0158976,-0.0057,0.32000000000000006
0.0158992,0.0051,0.32000000000000006
0.0159008,-0.0034999999999999996,0.32000000000000006
0.0159024,0.0051,0.32000000000000006
0.015904,-0.0060999999999999995,0.32000000000000006
0.0159056,0.005500000000000001,0.32000000000000006
0.0159072,-0.0059,0.32000000000000006
0.0159088,0.0037,0.4
0.0159104,-0.0043,0.32000000000000006
0.015912,0.004300000000000001,0.32000000000000006
0.0159136,-0.0063,0.4
0.0159152,0.004300000000000001,0.32000000000000006
0.015916800000000002,-0.0077,0.32000000000000006
0.0159184,0.005500000000000001,0.32000000000000006
0.01592,-0.010700000000000001,0.32000000000000006
0.0159216,0.005900000000000001,0.32000000000000006
0.0159232,-0.009899999999999999,0.32000000000000006
0.0159248,0.006100000000000001,0.4
0.0159264,-0.0085,0.32000000000000006
0.015928,0.0027,0.32000000000000006
0.0159296,-0.0055,0.32000000000000006
0.0159312,0.0019000000000000006,0.32000000000000006
0.0159328,-0.0031,0.32000000000000006
0.0159344,-0.0034999999999999996,0.4
0.015936,0.002300000000000001,0.32000000000000006
0.0159376,-0.0031,0.32000000000000006
0.0159392,0.0057,0.32000000000000006
0.0159408,-0.0063,0.32000000000000006
0.0159424,0.0041,0.32000000000000006
0.015944,-0.006500000000000001,0.32000000000000006
0.0159456,0.005500000000000001,0.32000000000000006
0.0159472,-0.0053,0.32000000000000006
0.0159488,0.0039000000000000007,0.32000000000000006
0.0159504,-0.0060999999999999995,0.32000000000000006
0.015952,0.005900000000000001,0.32000000000000006
0.015953600000000002,-0.0053,0.32000000000000006
0.0159552,0.0047,0.32000000000000006
0.0159568,-0.0081,0.32000000000000006
0.0159584,0.005300000000000001,0.32000000000000006
0.01596,-0.0093,0.32000000000000006
0.0159616,0.0069,0.32000000000000006
0.0159632,-0.0081,0.32000000000000006
0.0159648,0.0051,0.32000000000000006
0.0159664,-0.0075,0.32000000000000006
0.015968,0.0025000000000000005,0.32000000000000006
0.0159696,-0.0024999999999999996,0.32000000000000006
0.0159712,0.0027,0.32000000000000006
0.0159728,-0.0002999999999999995,0.32000000000000006
0.0159744,-0.0010999999999999996,0.4
0.015976,0.0017000000000000001,0.32000000000000006
0.0159776,-0.0040999999999999995,0.32000000000000006
0.0159792,0.0039000000000000007,0.32000000000000006
0.0159808,-0.0040999999999999995,0.32000000000000006
0.0159824,0.0063,0.32000000000000006
0.015984,-0.006500000000000001,0.32000000000000006
0.0159856,0.0051,0.32000000000000006
0.0159872,-0.0055,0.32000000000000006
0.0159888,0.0047,0.32000000000000006
0.015990400000000002,-0.0055,0.32000000000000006
0.015992,0.0047,0.32000000000000006
0.0159936,-0.006500000000000001,0.32000000000000006
0.0159952,0.004900000000000001,0.32000000000000006
0.0159968,-0.009899999999999999,0.32000000000000006
0.0159984,0.0035000000000000005,0.32000000000000006
0.016,-0.010100000000000001,0.32000000000000006
