t_s,pzt,transmission,error
0.0,-0.5,0.013611971596741365,0.015806997314015633
0.0005002501250625312,-0.49949974987493745,0.017675331456258596,0.03811739192862898
0.0010005002501250625,-0.49899949974987495,0.04122556273187184,0.029272873858104544
0.0015007503751875938,-0.4984992496248124,0.017986524501184754,-0.008404206279579397
0.002001000500250125,-0.49799899949974985,0.057164881509994506,0.07585565749525855
0.0025012506253126563,-0.49749874937468735,0.025308432554817704,-0.09441934695093598
0.0030015007503751876,-0.4969984992496248,0.08855758932239281,0.10091399942842945
0.003501750875437719,-0.4964982491245623,0.061049057185289496,0.018990508821673226
0.00400200100050025,-0.49599799899949976,0.025765439253122274,-0.057967840876066205
0.004502251125562781,-0.4954977488744372,-0.011961585811727751,0.0376692719292966
0.0050025012506253125,-0.4949974987493747,0.07767229353542285,-0.0156266566424143
0.005502751375687844,-0.49449724862431216,0.02703307769537134,0.030332620338571203
0.006003001500750375,-0.4939969984992496,0.02983865787326622,-0.024613763066336117
0.0065032516258129065,-0.4934967483741871,0.04657866911421748,0.06925059123934521
0.007003501750875438,-0.49299649824912456,0.03561234538848946,0.04161475722834431
0.007503751875937969,-0.492496248124062,0.027958529648378957,0.03422199606159776
0.0080040020010005,-0.4919959979989995,0.030767039647580506,0.01275476318409722
0.008504252126063032,-0.49149574787393696,0.012084477925807538,-0.08072243757332556
0.009004502251125562,-0.4909954977488744,0.02927413668468942,-0.007407978041363578
0.009504752376188095,-0.4904952476238119,0.061632071326463686,-0.026433073659872512
0.010005002501250625,-0.48999499749874936,-0.00931360243927682,-0.053990803821277064
0.010505252626313157,-0.48949474737368687,0.05654089683002794,0.012700853677795582
0.011005502751375688,-0.4889944972486243,0.03286497706685617,-0.054076275087476706
0.01150575287643822,-0.48849424712356176,0.019307910755679985,0.02814827780648103
0.01200600300150075,-0.48799399699849927,0.03218098878457499,0.03524853290968993
0.01250625312656328,-0.4874937468734367,0.04648376766645136,0.009273067574546786
0.013006503251625813,-0.48699349674837417,0.06536371375136908,-0.048675962158208685
0.013506753376688344,-0.48649324662331167,0.01824442183582408,-0.019604143631127176
0.014007003501750876,-0.4859929964982491,0.062396683656173305,0.06168678345499412
0.014507253626813406,-0.48549274637318657,0.031664634749610385,0.0182796500284712
0.015007503751875938,-0.48499249624812407,0.09491345027583901,-0.0959149867188902
0.015507753876938469,-0.4844922461230615,0.03235171924544466,0.03633837543720714
0.016008004002001,-0.483991995997999,0.009311110626318855,-0.01595700963796462
0.016508254127063533,-0.4834917458729365,0.05848544132656445,-0.01300152275629118
0.017008504252126064,-0.4829914957478739,0.03525288984520962,-0.0070192192242179464
0.017508754377188594,-0.4824912456228114,0.020476174627542053,0.03395360359542235
0.018009004502251125,-0.4819909954977489,0.020672383414553904,0.030324105611910478
0.018509254627313655,-0.4814907453726863,0.02451914548380517,-0.02830838583799106
0.01900950475237619,-0.48099049524762383,0.047978892443034535,0.05794388074735222
0.01950975487743872,-0.4804902451225613,0.04251055916453715,0.07192367676813642
0.02001000500250125,-0.4799899949974987,0.04712430763935119,-0.022037273010555938
0.02051025512756378,-0.47948974487243623,0.0044530751521594525,0.015673638508580338
0.021010505252626314,-0.4789894947473737,0.020444243120187493,-0.04106533790867988
0.021510755377688845,-0.4784892446223111,0.0020784634791981976,-0.04517975818425755
0.022011005502751375,-0.47798899449724863,0.0473296213103441,0.01895810600557537
0.022511255627813906,-0.4774887443721861,0.05282201700213251,0.04029158088128065
0.02301150575287644,-0.4769884942471236,-0.015973887324441015,-0.03909188888109318
0.02351175587793897,-0.47648824412206103,0.08004868598272302,0.013352455418202
0.0240120060030015,-0.4759879939969985,0.05455549879142471,0.035376967272686306
0.02451225612806403,-0.475487743871936,0.01958431210941433,0.03707523665392039
0.02501250625312656,-0.47498749374687343,-0.0001566549861786587,0.03173233502258263
0.025512756378189096,-0.4744872436218109,0.018082102720045845,0.02381994816405228
0.026013006503251626,-0.4739869934967484,0.056487636633141505,0.03751523926376256
0.026513256628314157,-0.47348674337168584,0.053325960099300934,-0.03262226291793617
0.027013506753376687,-0.47298649324662334,0.04580276402562131,-0.014878234244772734
0.02751375687843922,-0.4724862431215608,0.053609430522791074,-0.017921734231111444
0.02801400700350175,-0.47198599299649824,0.0340850759957667,-0.035833571670321925
0.028514257128564282,-0.47148574287143574,0.03187493970724075,0.013339954410522593
0.029014507253626812,-0.4709854927463732,0.04920782288439761,-0.02239113617858529
0.029514757378689346,-0.47048524262131064,0.015831238440755898,-0.016542763302988685
0.030015007503751877,-0.46998499249624814,0.023695924826481057,-0.014166204165624977
0.030515257628814407,-0.4694847423711856,0.03233183689873283,0.004204508460162624
0.031015507753876938,-0.46898449224612304,0.06765719318672528,-0.04098634483155898
0.03151575787893947,-0.46848424212106055,0.05043585322906494,0.0331677247571701
0.032016008004002,-0.467983991995998,0.07270593882580186,0.009366539133267526
0.03251625812906453,-0.46748374187093544,0.04968837488690828,0.055846874585297794
0.03301650825412707,-0.46698349174587295,0.055493580035985354,-0.0014298910115792302
0.0335167583791896,-0.4664832416208104,0.0629996189458715,0.06664076661602367
0.03401700850425213,-0.46598299149574784,0.010201135472310576,-0.004710609572028921
0.03451725862931466,-0.46548274137068535,0.045214647086295384,-0.02534270343010381
0.03501750875437719,-0.4649824912456228,-0.01634814352248882,0.029918262785747177
0.03551775887943972,-0.4644822411205603,0.027362328727095108,-0.02116387030895353
0.03601800900450225,-0.46398199099549775,-0.0003250238087106408,0.02554210244864473
0.03651825912956478,-0.4634817408704352,0.03956114557143659,-0.05119710251244454
0.03701850925462731,-0.4629814907453727,0.029712565685826482,0.0963640303008808
0.03751875937968985,-0.46248124062031015,0.04216044760746472,0.007023843700534884
0.03801900950475238,-0.4619809904952476,0.065149190891818,0.005205920947576689
0.03851925962981491,-0.4614807403701851,0.046644200192484095,0.08200476831238206
0.03901950975487744,-0.46098049024512255,0.03416059899143197,0.03671580443860334
0.03951975987993997,-0.46048024012006006,-0.002142071947511648,0.026284594440654993
0.0400200100050025,-0.4599799899949975,0.03959600041926282,-0.01403731631550373
0.04052026013006503,-0.45947973986993496,0.010978553333094561,-0.02620892273907547
0.04102051025512756,-0.45897948974487246,0.021539505233895858,-0.007321116126078093
0.0415207603801901,-0.4584792396198099,0.04903962225874042,0.01717332275334823
0.04202101050525263,-0.45797898949474736,0.05436713392580812,0.020570879167343344
0.04252126063031516,-0.45747873936968486,0.01580132971008922,-0.08253578130398297
0.04302151075537769,-0.4569784892446223,0.010891653635055443,-0.05153912952713017
0.04352176088044022,-0.45647823911955976,0.04286635864930287,0.006338735252387307
0.04402201100550275,-0.45597798899449726,0.003044247782952654,-0.04158108357532164
0.04452226113056528,-0.4554777388694347,-0.0059959252645489375,-0.058509072048006046
0.04502251125562781,-0.45497748874437216,0.10293522799429938,-0.008649164900198472
0.04552276138069034,-0.45447723861930966,0.07640019426979139,-0.07967115760264412
0.04602301150575288,-0.4539769884942471,0.005820683162620827,-0.010435064300745468
0.04652326163081541,-0.45347673836918456,0.0947607809353777,-0.06087959501691424
0.04702351175587794,-0.45297648824412207,0.045704059080888586,0.009097942765336955
0.04752376188094047,-0.4524762381190595,0.025719448349373328,-0.006625231938325915
0.048024012006003,-0.451975987993997,0.029559652764706627,0.04709061221527504
0.04852426213106553,-0.45147573786893447,0.02106128778193453,-0.03364863316568982
0.04902451225612806,-0.4509754877438719,0.05541500165858321,-0.012343744634151789
0.04952476238119059,-0.4504752376188094,0.024260236674710736,-0.05106776545772147
0.05002501250625312,-0.44997498749374687,0.03149487127721667,-0.05323763919902598
0.05052526263131566,-0.4494747373686843,0.03645798743899288,-0.028537080526676282
0.05102551275637819,-0.4489744872436218,0.048145170228789023,-0.047056310499406444
0.05152576288144072,-0.44847423711855927,0.0684362652646232,-0.031894781783959054
0.05202601300650325,-0.4479739869934968,-0.02191805049828205,-0.04325021419639789
0.05252626313156578,-0.4474737368684342,0.052347311925627305,-0.015004002430737077
0.05302651325662831,-0.4469734867433717,0.04106518223017298,-0.05047185171365657
0.053526763381690844,-0.4464732366183092,0.026387391304073617,-0.003293332061254428
0.054027013506753374,-0.4459729864932466,0.09256513269900937,0.019437138243093253
0.054527263631815905,-0.4454727363681841,-0.009148350084130931,0.00705231819542881
0.05502751375687844,-0.4449724862431216,0.018096087278090506,0.0013033758353715695
0.05552776388194097,-0.444472236118059,0.052828779240967155,-0.013888854625228268
0.0560280140070035,-0.4439719859929965,0.05407986252260901,-0.043422284222579835
0.05652826413206603,-0.443471735867934,0.022143650680149063,-0.007147524369443364
0.057028514257128564,-0.44297148574287143,0.038905154968182816,-0.010432185861131598
0.057528764382191094,-0.4424712356178089,0.05442009220096693,-0.06403015534656473
0.058029014507253625,-0.4419709854927464,0.10019968696249743,0.011750513521316345
0.058529264632316155,-0.44147073536768383,0.04874058141637347,0.004187435396473899
0.05902951475737869,-0.4409704852426213,0.07189784235683817,-0.02483233501226411
0.05952976488244122,-0.4404702351175588,0.023307119052898624,-0.05711851792626377
0.060030015007503754,-0.43996998499249623,0.025068530820771165,-0.01492969760251678
0.060530265132566284,-0.43946973486743374,-0.020065838246436644,-0.005203748001354619
0.061030515257628815,-0.4389694847423712,0.02396171034353851,-0.0427673287601883
0.061530765382691345,-0.43846923461730863,0.03166264837627348,-0.03600689453494458
0.062031015507753876,-0.43796898449224614,0.068690444857965,-8.56571052708921e-05
0.06253126563281641,-0.4374687343671836,-0.005478763624683816,-0.05169123598397086
0.06303151575787894,-0.4369684842421211,-0.004845154518815856,-0.0031040115910550958
0.06353176588294147,-0.43646823411705854,0.08082455595938656,-0.01623643162447142
0.064032016008004,-0.435967983991996,0.04139022338439487,-0.008683349456893462
0.06453226613306653,-0.4354677338669335,0.06636636261221393,-0.012720698564968852
0.06503251625812906,-0.43496748374187094,0.05084604250537982,0.05490807202736642
0.0655327663831916,-0.4344672336168084,0.020773953569865354,0.04843436915122476
0.06603301650825413,-0.4339669834917459,0.06582700478096709,-0.0563972186847192
0.06653326663331666,-0.43346673336668334,0.07695021944955528,-0.10177506040833957
0.0670335167583792,-0.4329664832416208,0.028184007138046342,-0.038976251146396905
0.06753376688344172,-0.4324662331165583,0.014649610099633895,-0.04439297639568154
0.06803401700850426,-0.43196598299149574,0.10224746961844064,-0.06704486445618633
0.06853426713356678,-0.4314657328664332,0.061177237206459026,-0.034291206861281204
0.06903451725862932,-0.4309654827413707,0.05161848157849607,-0.03130662793006911
0.06953476738369184,-0.43046523261630815,0.04675227611428323,-0.024918128234353555
0.07003501750875438,-0.4299649824912456,0.08586848445934545,0.015928463403446922
0.07053526763381691,-0.4294647323661831,0.058725032576231226,-0.0060852235601615845
0.07103551775887944,-0.42896448224112055,0.047002818098003704,-0.04018804453802482
0.07153576788394198,-0.428464232116058,0.02561350963321516,-0.031905596824535365
0.0720360180090045,-0.4279639819909955,0.04220034018229426,0.0027284826709654385
0.07253626813406704,-0.42746373186593295,0.053583156769102254,-0.017164291535848062
0.07303651825912956,-0.42696348174087045,0.042044791394690056,0.021475120514502226
0.0735367683841921,-0.4264632316158079,0.07039926891313009,-0.029100706930162038
0.07403701850925462,-0.4259629814907454,0.05229464293350686,-0.018181318324220288
0.07453726863431716,-0.42546273136568286,0.05958744675944755,0.026602498941789274
0.0750375187593797,-0.4249624812406203,0.022652936049491385,-0.032209287055938673
0.07553776888444222,-0.4244622311155578,0.012387181330559126,0.005718384072011567
0.07603801900950476,-0.42396198099049526,0.0958464718620865,-0.05353637198074069
0.07653826913456728,-0.4234617308654327,0.05181145888673798,-0.003750204715714906
0.07703851925962982,-0.4229614807403702,0.06277908648498828,-0.03736816473445329
0.07753876938469234,-0.42246123061530766,0.06443034578704507,-0.014440329088379167
0.07803901950975488,-0.4219609804902451,0.05260295813515069,-0.017277768512219294
0.0785392696348174,-0.4214607303651826,0.07409718369169574,0.012129034781453293
0.07903951975987994,-0.42096048024012006,0.017266776523274054,0.005398981565899888
0.07953976988494248,-0.4204602301150575,0.03700064373096421,0.020206580455594453
0.080040020010005,-0.419959979989995,0.04830274854415688,-0.03411422862543534
0.08054027013506754,-0.41945972986493246,0.0494014555088399,0.05374877441878496
0.08104052026013006,-0.4189594797398699,0.0594577650558694,-0.007996245001322757
0.0815407703851926,-0.4184592296148074,0.06403964441896715,-0.029522383449990662
0.08204102051025512,-0.41795897948974486,0.04321079045096783,-0.006109805321951481
0.08254127063531766,-0.4174587293646823,-0.005566796295896896,-0.04598457026260576
0.0830415207603802,-0.4169584792396198,0.015191052239567526,0.025771409736339367
0.08354177088544272,-0.41645822911455727,0.003857536943689184,0.0811456911584227
0.08404202101050526,-0.4159579789894947,0.03386803109303244,-0.009079319269219933
0.08454227113556778,-0.4154577288644322,0.06553620910156965,-0.018593225053068718
0.08504252126063032,-0.41495747873936967,0.025140967871120613,-0.012892213067871763
0.08554277138569284,-0.41445722861430717,0.050299078724515056,0.047958053725848805
0.08604302151075538,-0.4139569784892446,0.03724401693097075,0.0006377035872935956
0.0865432716358179,-0.4134567283641821,0.04418008648865198,-0.0231704792919319
0.08704352176088044,-0.4129564782391196,0.051384517977517113,-0.018472728525362563
0.08754377188594298,-0.412456228114057,0.025941671618009005,0.09457790334577658
0.0880440220110055,-0.4119559779889945,0.0259656392019326,0.024689127679146092
0.08854427213606804,-0.411455727863932,-0.027646547162504698,0.08238128565964428
0.08904452226113056,-0.4109554777388694,0.033106285856615666,0.04918984852040921
0.0895447723861931,-0.41045522761380693,0.09325251275713681,0.023286240452168337
0.09004502251125562,-0.4099549774887444,0.023695650153983987,-0.008880898406184935
0.09054527263631816,-0.4094547273636818,0.041464582086311645,0.032020071316432176
0.09104552276138068,-0.40895447723861933,0.03724909011389319,0.011642996674729485
0.09154577288644322,-0.4084542271135568,0.048940210827091574,-0.029773473098281086
0.09204602301150576,-0.4079539769884942,0.04172308467413349,-0.03505248721602669
0.09254627313656828,-0.40745372686343173,0.011045875637373859,-0.03523792442359491
0.09304652326163082,-0.4069534767383692,0.04342115473928559,-0.023009093330507515
0.09354677338669334,-0.40645322661330663,0.024718932146908294,-0.022893564828308954
0.09404702351175588,-0.40595297648824413,0.03119528659553853,0.05591984448878785
0.0945472736368184,-0.4054527263631816,0.02319341292903165,0.02294630548996764
0.09504752376188094,-0.40495247623811903,-0.010863079509558504,-0.01320464339982809
0.09554777388694347,-0.40445222611305653,0.0025718682065062615,-0.017784415202876998
0.096048024012006,-0.403951975987994,0.03823759023716706,0.02428653483405844
0.09654827413706854,-0.40345172586293143,0.03220962827101414,0.09236885716802777
0.09704852426213106,-0.40295147573786894,-0.02279397706934317,0.06681772946620947
0.0975487743871936,-0.4024512256128064,-0.004872987608981576,-0.03886475761181188
0.09804902451225612,-0.4019509754877439,0.05052274913750582,0.037797696273940716
0.09854927463731866,-0.40145072536268134,0.00038150183579478,0.007194160290311625
0.09904952476238119,-0.40095047523761884,0.058657418947525256,-0.006930813133960739
0.09954977488744372,-0.4004502251125563,0.042338397590115366,0.007919889064522099
0.10005002501250625,-0.39994997498749374,0.0803584020396084,-0.013356625091328574
0.10055027513756878,-0.39944972486243124,0.07089791125742376,0.07635709248846141
0.10105052526263132,-0.3989494747373687,0.04993685121357578,0.012862775918440362
0.10155077538769385,-0.39844922461230614,0.025727691551293168,0.0009598020217460278
0.10205102551275638,-0.39794897448724365,0.06610535269317933,0.026376725352952626
0.1025512756378189,-0.3974487243621811,0.05432839275034456,0.08467403839525423
0.10305152576288144,-0.39694847423711854,0.06071273995244577,-0.031857932526856855
0.10355177588794397,-0.39644822411205605,0.04769135529519383,-0.00670392873604622
0.1040520260130065,-0.3959479739869935,0.00981547729537223,0.04965901181020085
0.10455227613806903,-0.39544772386193094,0.04453923554732021,-0.02431099776627117
0.10505252626313157,-0.39494747373686845,0.05509166328567585,-0.012974570351025966
0.1055527763881941,-0.3944472236118059,0.025257746814796866,0.0014094518443196835
0.10605302651325663,-0.39394697348674335,0.04364712312727022,0.018576382779538332
0.10655327663831916,-0.39344672336168085,0.05125049426160136,0.05668715474142384
0.10705352676338169,-0.3929464732366183,0.05552652862457108,-0.012077547950935706
0.10755377688844422,-0.39244622311155575,0.06519394979297824,0.010439003192160788
0.10805402701350675,-0.39194597298649325,0.037438436665664654,0.036107040580846066
0.10855427713856929,-0.3914457228614307,0.04799479745843287,0.023180893909144094
0.10905452726363181,-0.3909454727363682,0.06263424136687218,-0.007988737840783387
0.10955477738869435,-0.39044522261130565,0.04498714836168835,0.05927204108296072
0.11005502751375688,-0.3899449724862431,0.08772757032703456,0.0491745224661878
0.11055527763881941,-0.3894447223611806,0.03115448034803078,-0.025595208243263078
0.11105552776388194,-0.38894447223611806,0.04615104094124921,0.010156285871948098
0.11155577788894447,-0.38844422211105556,-0.010896482071485039,-0.030052069271736738
0.112056028014007,-0.387943971985993,0.016797098263512326,0.04940475512321839
0.11255627813906953,-0.38744372186093046,0.04071725167754624,-0.04313592911680537
0.11305652826413207,-0.38694347173586796,0.01803579530549667,0.04238527592823311
0.1135567783891946,-0.3864432216108054,0.034218358540566374,-0.06386560211300679
0.11405702851425713,-0.38594297148574286,0.012850026969565817,-0.03178643017372658
0.11455727863931967,-0.38544272136068036,-0.0013183879611406019,-0.05828562486612873
0.11505752876438219,-0.3849424712356178,0.0829603927923793,0.024640727764118065
0.11555777888944473,-0.38444222111055526,0.018371426956007814,0.029954826728588447
0.11605802901450725,-0.38394197098549276,0.043140802350916295,0.012659511076899084
0.11655827913956979,-0.3834417208604302,0.018522635723067615,-0.04732380327619587
0.11705852926463231,-0.38294147073536766,0.034303855007635865,0.09025919987595629
0.11755877938969485,-0.38244122061030517,0.008288256294653122,0.005204568375300413
0.11805902951475739,-0.3819409704852426,0.03005988177605138,-0.0008595173182637042
0.11855927963981991,-0.38144072036018006,0.028998985117905024,0.04001990402914658
0.11905952976488245,-0.38094047023511757,0.026707654518654082,0.06649894869908257
0.11955977988994497,-0.380440220110055,0.008406345670588067,-0.018130343717862683
0.12006003001500751,-0.37993996998499246,0.0637751595066673,0.02139560126923497
0.12056028014007003,-0.37943971985992997,0.037593144346280166,-0.0010889886023309932
0.12106053026513257,-0.3789394697348674,0.059809035616217206,-0.10146356264128506
0.12156078039019509,-0.3784392196098049,0.038293642389084,-0.010299251171724918
0.12206103051525763,-0.37793896948474237,0.0312716270108711,-0.02513271329484259
0.12256128064032017,-0.3774387193596798,0.02859821239049666,-0.03629613272330477
0.12306153076538269,-0.3769384692346173,0.0644913502796173,0.011115191592368217
0.12356178089044523,-0.3764382191095548,0.06019164956818836,-0.0706588251378219
0.12406203101550775,-0.3759379689844923,0.04652757095198136,-0.01165814373252701
0.12456228114057029,-0.3754377188594297,0.04970139260401226,-0.04034401793273296
0.12506253126563283,-0.3749374687343672,0.06301641627883992,-0.038109612045828675
0.12556278139069535,-0.3744372186093047,0.06254831919395029,-0.04330174703432331
0.12606303151575787,-0.3739369684842421,0.05287371921798833,-0.06003329358937762
0.1265632816408204,-0.3734367183591796,0.03421778822204873,-0.0044614281527759255
0.12706353176588295,-0.3729364682341171,0.011782818669050524,-0.03868837806586465
0.12756378189094547,-0.37243621810905453,0.019661523410365287,0.011606090245484414
0.128064032016008,-0.371935967983992,0.061952611875175645,-0.07378977844857637
0.12856428214107055,-0.3714357178589295,-0.0006481905067861476,0.013189930362192282
0.12906453226613307,-0.37093546773386693,0.045500933013145596,-0.039443002220449344
0.1295647823911956,-0.3704352176088044,0.06457422275971805,-0.02355633487343258
0.13006503251625812,-0.3699349674837419,0.04072090524887543,-0.08035815346236198
0.13056528264132067,-0.36943471735867933,0.061432893771377006,-0.021063220550995645
0.1310655327663832,-0.3689344672336168,0.032190695617154624,-0.10001223085903974
0.13156578289144572,-0.3684342171085543,0.020919041767075864,-0.03318291625765408
0.13206603301650827,-0.36793396698349173,-0.014178197413787952,-0.020350395643588887
0.1325662831415708,-0.3674337168584292,0.06378097883261818,-0.0360384012190884
0.1330665332666333,-0.3669334667333667,0.057444149155927424,0.01451670264618058
0.13356678339169584,-0.3664332166083042,0.028456941705710052,0.022836724102293995
0.1340670335167584,-0.3659329664832416,0.04026687663122039,-0.0110913395806227
0.1345672836418209,-0.3654327163581791,0.04254801719335855,-0.03907988182183533
0.13506753376688344,-0.3649324662331166,0.01896211424796878,0.004407739579387483
0.135567783891946,-0.364432216108054,0.013969783233303348,-0.000520643221327298
0.1360680340170085,-0.3639319659829915,0.012330304239460438,-0.027452047476998438
0.13656828414207103,-0.363431715857929,0.04539223996032025,-0.013584358605541068
0.13706853426713356,-0.36293146573286644,0.02514170691926972,-0.03534158377851841
0.1375687843921961,-0.3624312156078039,0.05614942026983569,0.02563705174326824
0.13806903451725863,-0.3619309654827414,0.0010660936083267264,-0.03283298795645595
0.13856928464232116,-0.36143071535767884,0.044866797376543005,-0.04324925554772353
0.13906953476738368,-0.3609304652326163,0.01007529146549627,-0.060068625139377885
0.13956978489244623,-0.3604302151075538,0.055881085982883424,-0.008345395779040494
0.14007003501750875,-0.35992996498249125,0.037746656287629424,-0.03754680212178875
0.14057028514257128,-0.3594297148574287,0.04223254760237969,-0.020278621634127764
0.14107053526763383,-0.3589294647323662,0.03183854303951724,-0.03261317953900597
0.14157078539269635,-0.35842921460730365,0.039570556185279486,-0.008361074963946264
0.14207103551775888,-0.3579289644822411,0.01200056186143145,-0.08090641475839674
0.1425712856428214,-0.3574287143571786,0.010689139791210948,-0.012051839656690957
0.14307153576788395,-0.35692846423211605,0.03300120670382244,-0.06986392433230425
0.14357178589294647,-0.3564282141070535,0.018812310675659687,-0.04548214713819732
0.144072036018009,-0.355927963981991,-0.0013305819305629019,-0.0597590849777238
0.14457228614307155,-0.35542771385692845,0.02909033223877265,-0.08975246238383529
0.14507253626813407,-0.3549274637318659,0.01283720280206023,-0.001185219207887403
0.1455727863931966,-0.3544272136068034,0.03930888298257501,-0.0006294893155003034
0.14607303651825912,-0.3539269634817409,0.06602916631470043,-0.018349376458182652
0.14657328664332167,-0.3534267133566783,0.030885584601535003,-0.028188840999490587
0.1470735367683842,-0.3529264632316158,0.043375726115266446,-0.009208788596783096
0.14757378689344672,-0.3524262131065533,0.024210186540938084,-0.05760361499683951
0.14807403701850924,-0.35192596298149076,0.07430818991302605,-0.05521850401207601
0.1485742871435718,-0.3514257128564282,0.03356838398655347,-0.0634816841285271
0.14907453726863432,-0.3509254627313657,0.027037189549574528,-0.09548179857652883
0.14957478739369684,-0.35042521260630316,0.05269925335344927,-0.0014303776650101668
0.1500750375187594,-0.3499249624812406,0.0600238831700579,-0.00343129333812945
0.15057528764382191,-0.3494247123561781,0.09936495993103295,-0.049825111850220066
0.15107553776888444,-0.34892446223111556,0.02548774249075267,-0.004008451065247452
0.15157578789394696,-0.348424212106053,-0.005024802427046109,-0.00980870248094138
0.1520760380190095,-0.3479239619809905,0.01935079227832637,-0.03675118850296181
0.15257628814407204,-0.34742371185592796,0.07486042820733105,0.007750141954539132
0.15307653826913456,-0.3469234617308654,-0.01075412251060931,-0.001937562994050897
0.1535767883941971,-0.3464232116058029,0.09566604371650553,0.029398470205152974
0.15407703851925963,-0.34592296148074037,0.06017103934858173,-0.07211554051987547
0.15457728864432216,-0.3454227113556778,0.08621848395386683,0.03944191661436251
0.15507753876938468,-0.3449224612306153,0.09169395800115901,0.031542311323277776
0.15557778889444723,-0.34442221110555277,0.032778752040461795,0.1155690533002873
0.15607803901950976,-0.3439219609804902,0.0724507017999366,-0.02615782627165652
0.15657828914457228,-0.3434217108554277,0.035971818529649285,-0.022971601975919298
0.1570785392696348,-0.3429214607303652,0.03576637555963865,-0.021318968619350495
0.15757878939469736,-0.3424212106053026,0.02572268523424114,-0.027541033282233313
0.15807903951975988,-0.3419209604802401,0.0436196161636814,0.0009747927311643255
0.1585792896448224,-0.3414207103551776,0.006134378221520097,0.0663486790319781
0.15907953976988495,-0.340920460230115,0.06445007495682394,-0.04465940394290327
0.15957978989494748,-0.3404202101050525,0.02704057136905799,0.05985885254209985
0.16008004002001,-0.33991995997999,0.0001710476326077376,-0.032815113984407715
0.16058029014507252,-0.3394197098549275,0.044805488528264464,0.019289199967752777
0.16108054027013508,-0.3389194597298649,0.04572886721102096,-0.02212394022690189
0.1615807903951976,-0.33841920960480243,0.06214756082668757,0.037218766039256806
0.16208104052026012,-0.3379189594797399,0.05420499685320736,0.012308904076204568
0.16258129064532267,-0.3374187093546773,0.04896033459771178,-0.001786851091879275
0.1630815407703852,-0.33691845922961483,0.031463856651967534,-0.011655676881541078
0.16358179089544772,-0.3364182091045523,0.03270185374956777,0.009048956927651102
0.16408204102051024,-0.33591795897948973,0.026176288284464562,0.00913297035497111
0.1645822911455728,-0.33541770885442723,0.03406454662117282,0.09780743305596325
0.16508254127063532,-0.3349174587293647,0.021145247940230552,-0.052695447260998854
0.16558279139569784,-0.33441720860430213,0.01636588498020426,0.05950235172729458
0.1660830415207604,-0.33391695847923963,0.06461812302415913,-0.03534940314087974
0.16658329164582292,-0.3334167083541771,0.04962843301401011,0.05354345977291208
0.16708354177088544,-0.33291645822911453,0.07611738362219386,0.008443953010738962
0.16758379189594796,-0.33241620810405204,0.05004734730621018,0.08777592393784378
0.16808404202101052,-0.3319159579789895,0.04437538382817276,0.02390092317955172
0.16858429214607304,-0.33141570785392693,0.022739497385582137,0.031109715965885368
0.16908454227113556,-0.33091545772886444,0.010733026772097549,-0.012324771349675388
0.1695847923961981,-0.33041520760380194,0.07876666836241061,-0.015562079759786955
0.17008504252126064,-0.32991495747873933,0.04362731817386111,-0.008892748948223787
0.17058529264632316,-0.32941470735367684,0.062117013991608024,0.06849386522432246
0.17108554277138568,-0.32891445722861434,0.0672807604961043,0.022081970421006097
0.17158579289644824,-0.32841420710355174,0.05083555456874615,0.05687314031272772
0.17208604302151076,-0.32791395697848924,0.018347733911567504,-0.013470937233826426
0.17258629314657328,-0.32741370685342674,0.039035499305168524,-0.007846172025100944
0.1730865432716358,-0.3269134567283642,0.05737011658704874,0.0059556374852191545
0.17358679339669836,-0.32641320660330164,0.059817856895366665,-0.056555890362878364
0.17408704352176088,-0.32591295647823915,0.03569467856279118,-0.014606469219673927
0.1745872936468234,-0.3254127063531766,-0.0015611175108214068,0.06973554518963213
0.17508754377188596,-0.32491245622811404,0.010251929163800175,0.03281059291516571
0.17558779389694848,-0.32441220610305155,0.05405517993980284,-0.006023890864932806
0.176088044022011,-0.323911955977989,0.10146747566513209,0.02572517343349299
0.17658829414707353,-0.32341170585292645,0.02440678581193938,-0.019172815103749418
0.17708854427213608,-0.32291145572786395,-0.0012167703129861013,0.052037312039520896
0.1775887943971986,-0.3224112056028014,0.020994433569903086,0.023051264810683616
0.17808904452226113,-0.32191095547773885,-0.0013288350355775275,0.04346846979157671
0.17858929464732365,-0.32141070535267635,0.03393928266679894,0.003947219501327467
0.1790895447723862,-0.3209104552276138,0.049698623439194,-0.018874994784339603
0.17958979489744872,-0.32041020510255125,0.0401168673795176,0.03317128948008563
0.18009004502251125,-0.31990995497748875,-0.0081420075579922,-0.028331625959350536
0.1805902951475738,-0.3194097048524262,0.06405824363599108,0.018477594823979027
0.18109054527263632,-0.31890945472736365,0.063172348178263,0.013190507922378355
0.18159079539769885,-0.31840920460230115,0.051633420628114046,0.0657076500681904
0.18209104552276137,-0.31790895447723866,0.03088064627237195,0.017911165752551646
0.18259129564782392,-0.31740870435217605,0.007620420579012466,0.05907677775040873
0.18309154577288644,-0.31690845422711356,0.028107320303802405,0.058836013752507035
0.18359179589794897,-0.31640820410205106,0.045721278518825584,-0.018806592255952534
0.18409204602301152,-0.31590795397698845,0.05215686593993993,-0.011710221381798256
0.18459229614807404,-0.31540770385192596,0.06621974230481395,0.022575069214346932
0.18509254627313657,-0.31490745372686346,0.05907790625947097,-0.007043671545635716
0.1855927963981991,-0.3144072036018009,0.08234237451376024,0.020641628985517368
0.18609304652326164,-0.31390695347673836,0.040787324517223,0.0660871830004969
0.18659329664832416,-0.31340670335167586,0.03315736484321216,-0.0006909915478872752
0.1870935467733867,-0.3129064532266133,0.06539685231368844,0.041569822526770536
0.1875937968984492,-0.31240620310155076,0.02135312695098755,0.0031054322373115797
0.18809404702351176,-0.31190595297648827,0.03847599624718527,-0.03226834328520331
0.18859429714857429,-0.3114057028514257,0.026485357482868267,0.09330989545647755
0.1890945472736368,-0.31090545272636316,0.07612924954907149,0.0725522475470696
0.18959479739869936,-0.31040520260130067,0.10960600385829739,0.01926061937831969
0.19009504752376188,-0.3099049524762381,0.04332621200676123,0.03431922252619517
0.1905952976488244,-0.30940470235117556,-0.005016109506977284,-0.055073293400191854
0.19109554777388693,-0.30890445222611307,0.09208924924187349,-0.005712417823089038
0.19159579789894948,-0.3084042021010505,0.06926328860103913,0.043274080604708165
0.192096048024012,-0.30790395197598797,0.08869437146427861,-0.01754347037521555
0.19259629814907453,-0.30740370185092547,0.04394167534744876,-0.03500596277908273
0.19309654827413708,-0.3069034517258629,0.06542615268817646,0.040202175855082165
0.1935967983991996,-0.30640320160080037,0.05974751247810241,0.009307988618597673
0.19409704852426213,-0.30590295147573787,0.07889385066317253,-0.02865885374153425
0.19459729864932465,-0.3054027013506754,0.022654497169145072,0.0022272974840904835
0.1950975487743872,-0.30490245122561277,0.059908046839083455,0.01721868099987386
0.19559779889944973,-0.3044022011005503,0.022552999691259415,-0.05065527329269033
0.19609804902451225,-0.3039019509754878,0.04898973097673785,-0.024070403281983566
0.1965982991495748,-0.30340170085042517,0.033186651899939336,0.0437819519947359
0.19709854927463732,-0.3029014507253627,0.018384086587379646,-0.0715066648913189
0.19759879939969985,-0.3024012006003002,0.06555546050858801,-0.07456424330784496
0.19809904952476237,-0.30190095047523763,0.029901457299281453,-0.016460433513492183
0.19859929964982492,-0.3014007003501751,0.08561430368807331,0.014779086871630438
0.19909954977488745,-0.3009004502251126,0.019459432572821508,0.11565125830831545
0.19959979989994997,-0.30040020010005003,0.04532358593533911,-0.029869754054882573
0.2001000500250125,-0.2998999499749875,0.008039480684368543,-0.030660827382885746
0.20060030015007504,-0.299399699849925,0.08791539511514923,-0.03141663993238901
0.20110055027513757,-0.29889944972486243,0.0012677311823245732,-0.002489625485162697
0.2016008004002001,-0.2983991995997999,-0.00804765203920825,0.021015849664819255
0.20210105052526264,-0.2978989494747374,0.06342633886483941,-0.040102982225219776
0.20260130065032517,-0.29739869934967483,0.0029858038638555795,-0.03944896798442944
0.2031015507753877,-0.2968984492246123,0.0074628628549907525,-0.05958777954264492
0.2036018009004502,-0.2963981990995498,0.03319338836899962,0.008317628102629045
0.20410205102551277,-0.29589794897448723,0.013467816735123442,-0.03275752073528195
0.2046023011505753,-0.2953976988494247,0.03138432546121106,0.05611352251273922
0.2051025512756378,-0.2948974487243622,0.06126786391978768,0.048955879473109205
0.20560280140070036,-0.29439719859929964,0.05966941507604007,-0.0034706810349923838
0.2061030515257629,-0.2938969484742371,0.10150865186838429,-0.03678894479515363
0.2066033016508254,-0.2933966983491746,0.03581960473368346,-0.008076074283817064
0.20710355177588793,-0.2928964482241121,0.0689472488336563,0.04159154386535328
0.20760380190095049,-0.2923961980990495,0.0455211814584873,-0.08773452912236902
0.208104052026013,-0.291895947973987,0.008273810426680975,0.01892517120470604
0.20860430215107553,-0.2913956978489245,0.06965474578570968,0.04960432014472568
0.20910455227613806,-0.29089544772386194,0.07985349234861405,-0.09090387424447674
0.2096048024012006,-0.2903951975987994,0.06323020448850136,-0.018549325523423803
0.21010505252626313,-0.2898949474737369,0.04611081738042752,0.019555534765726006
0.21060530265132565,-0.28939469734867435,0.06900577172731828,-0.07987909957101687
0.2111055527763882,-0.2888944472236118,0.04618037737192568,0.034714170300218485
0.21160580290145073,-0.2883941970985493,0.004508530790092988,-0.026526786148190113
0.21210605302651325,-0.28789394697348675,0.05766061982002685,-0.13664036439765415
0.21260630315157578,-0.2873936968484242,0.03734389705084765,-0.0019249629614561496
0.21310655327663833,-0.2868934467233617,0.05236342016468666,-0.03158287500125832
0.21360680340170085,-0.28639319659829915,0.08611566564206147,0.028619875739346642
0.21410705352676337,-0.2858929464732366,0.0379861410238273,0.0652604349961767
0.21460730365182593,-0.2853926963481741,0.044299590965331946,-0.06380396172532471
0.21510755377688845,-0.28489244622311155,0.049387695803760255,0.031589961885463966
0.21560780390195097,-0.284392196098049,0.030037220131841957,-0.039896301686015725
0.2161080540270135,-0.2838919459729865,0.05156857567754285,-0.030112561381021502
0.21660830415207605,-0.28339169584792395,0.08448948627123605,0.04280323333421353
0.21710855427713857,-0.2828914457228614,0.045670594528495284,-0.02909614129905306
0.2176088044022011,-0.2823911955977989,0.04041219752577077,-0.023889432687455088
0.21810905452726362,-0.2818909454727364,0.06750172415225547,-0.05467761291770863
0.21860930465232617,-0.2813906953476738,0.05335716015008843,0.02432218093779959
0.2191095547773887,-0.2808904452226113,-0.004669479211145591,0.028905322734596558
0.21960980490245122,-0.2803901950975488,0.07825405231296743,-0.034139499121747977
0.22011005502751377,-0.2798899449724862,0.017851844135670536,-0.0020134779349801
0.2206103051525763,-0.2793896948474237,0.05057180854990729,0.022765031170103832
0.22111055527763882,-0.2788894447223612,0.020184212883796085,0.006375719499922605
0.22161080540270134,-0.27838919459729866,0.013190624845513213,-0.033982625652121706
0.2221110555277639,-0.2778889444722361,0.0539086076942583,0.07960370653576654
0.2226113056528264,-0.2773886943471736,0.07752363123354322,0.00027184034780859505
0.22311155577788894,-0.27688844422211106,0.05114528601357194,-0.00427266888944418
0.2236118059029515,-0.2763881940970485,0.031127035016854175,0.018470852068452365
0.224112056028014,-0.275887943971986,0.05200009472213819,0.004576344185847783
0.22461230615307654,-0.27538769384692346,0.0035993888369622307,-0.10495647318079288
0.22511255627813906,-0.2748874437218609,-0.00290415583587314,0.008020114654693766
0.2256128064032016,-0.2743871935967984,0.0401510650491858,-0.02270039807684745
0.22611305652826413,-0.27388694347173587,0.01805904032055161,-0.09058478857353718
0.22661330665332666,-0.2733866933466733,0.023915132992871114,0.05881308409217735
0.2271135567783892,-0.2728864432216108,0.05443101438171666,0.05371302363993326
0.22761380690345173,-0.27238619309654827,0.015121486397570275,-0.0030548157946312183
0.22811405702851426,-0.2718859429714857,0.00943017289045885,-0.04040630485530296
0.22861430715357678,-0.2713856928464232,0.04237909478645671,-0.004437075984052522
0.22911455727863933,-0.27088544272136067,0.026460810313265658,-0.053222096643999996
0.22961480740370185,-0.2703851925962981,0.016274472725488515,0.05063958728099502
0.23011505752876438,-0.2698849424712356,0.07065016285971078,-0.026513679588090294
0.2306153076538269,-0.2693846923461731,0.017253652981528794,0.03291740941109558
0.23111555777888945,-0.2688844422211105,0.05457233155433153,-0.0005870115623825981
0.23161580790395198,-0.268384192096048,0.04913954825423814,-0.04270814773065197
0.2321160580290145,-0.26788394197098553,0.07056610566013558,-0.009075065082163792
0.23261630815407705,-0.2673836918459229,0.01897165488506112,0.02831458529837087
0.23311655827913957,-0.2668834417208604,0.05272022640036249,0.05364746216217183
0.2336168084042021,-0.26638319159579793,0.03778744057369697,-0.019988570661980343
0.23411705852926462,-0.2658829414707354,0.06307165523814964,0.014339855516587934
0.23461730865432717,-0.2653826913456728,0.07163844652595211,-0.056973287089227706
0.2351175587793897,-0.26488244122061033,0.01682576756607268,-0.11137722132142161
0.23561780890445222,-0.2643821910955478,0.03302773125515281,-0.01353788880141642
0.23611805902951477,-0.26388194097048523,0.09607817315949946,-0.0032250131675023554
0.2366183091545773,-0.26338169084542273,0.059509621712782956,0.013612215487591683
0.23711855927963982,-0.2628814407203602,0.03320016952068022,0.003644644571080033
0.23761880940470234,-0.26238119059529763,0.04696610722378785,-0.031068798763771405
0.2381190595297649,-0.26188094047023514,0.04174978490473154,0.007157082376944306
0.23861930965482742,-0.2613806903451726,0.06570681563883662,0.06476770298345708
0.23911955977988994,-0.26088044022011003,0.043131873976190296,0.012015041242694475
0.23961980990495246,-0.26038019009504754,0.05070718754792755,0.06257495897303944
0.24012006003001501,-0.259879939969985,0.017094521326772562,0.06232982008887282
0.24062031015507754,-0.25937968984492243,0.04321377704321998,-0.022253351972306896
0.24112056028014006,-0.25887943971985994,0.000661635114984023,0.03233163311045968
0.2416208104052026,-0.2583791895947974,0.043149134310576716,-0.012739307748825191
0.24212106053026514,-0.25787893946973484,0.028478289086942353,-0.007431889721365557
0.24262131065532766,-0.25737868934467234,0.08483093682082189,0.05170775930088878
0.24312156078039018,-0.25687843921960984,-0.010571846964506089,-0.04388044803476693
0.24362181090545273,-0.25637818909454724,0.03079545700717759,0.04460442016795534
0.24412206103051526,-0.25587793896948474,0.011414394908528028,0.02040501013650905
0.24462231115557778,-0.25537768884442225,0.016452706621791862,-0.05595178561078333
0.24512256128064033,-0.25487743871935964,0.012519125526565138,0.008197944305694335
0.24562281140570286,-0.25437718859429714,0.03572584338112686,-0.0570263618449651
0.24612306153076538,-0.25387693846923465,0.050212116350651405,0.053876422186565194
0.2466233116558279,-0.2533766883441721,0.028483854987970642,0.048582972739678355
0.24712356178089045,-0.25287643821910955,0.0753832075342741,0.025211284047895837
0.24762381190595298,-0.25237618809404705,0.0503858982928293,0.058492721450161364
0.2481240620310155,-0.2518759379689845,0.05248125336684388,0.002671585581002651
0.24862431215607803,-0.25137568784392195,0.052667423326875074,0.03166550136009584
0.24912456228114058,-0.25087543771885945,0.01214187253170457,0.035236655125688486
0.2496248124062031,-0.2503751875937969,0.0379426620517612,0.00478925344804644
0.25012506253126565,-0.24987493746873435,0.054934284820917924,-0.08340814808072457
0.25062531265632815,-0.24937468734367185,0.029884017837597397,0.043282600242644076
0.2511255627813907,-0.2488744372186093,0.0557116475071757,-0.00605530163014311
0.25162581290645325,-0.24837418709354675,0.06957823349774658,-0.056037041953479465
0.25212606303151575,-0.24787393696848425,0.013110881008290706,-0.06081133178959625
0.2526263131565783,-0.2473736868434217,0.08044351728298854,0.007477983651915097
0.2531265632816408,-0.2468734367183592,0.041715566479406746,-0.05022688150521032
0.25362681340670334,-0.24637318659329666,0.04645215875244012,-0.031279340452195006
0.2541270635317659,-0.2458729364682341,0.031764910998953996,-0.023091012118784105
0.2546273136568284,-0.2453726863431716,0.0687256262369849,0.05751270616769209
0.25512756378189094,-0.24487243621810906,0.021157239611549184,0.05156038733915439
0.2556278139069535,-0.2443721860930465,0.036682325002227886,-0.0028496459331601616
0.256128064032016,-0.243871935967984,0.0735585514799224,-0.015755000867349996
0.25662831415707854,-0.24337168584292146,0.07786446852202064,0.05431963025389493
0.2571285642821411,-0.2428714357178589,0.048578353686089704,-0.047185320386013016
0.2576288144072036,-0.2423711855927964,0.04909092490404908,0.028717296120475976
0.25812906453226614,-0.24187093546773386,0.04345060711487735,-0.030937038732592247
0.2586293146573287,-0.2413706853426713,0.058080181286170665,0.07870126304607006
0.2591295647823912,-0.2408704352176088,0.02388464953494071,0.00386456985216006
0.25962981490745374,-0.24037018509254626,0.04569583209839954,-0.019829761505759873
0.26013006503251623,-0.23986993496748377,0.044902715167758046,0.04775593775128971
0.2606303151575788,-0.23936968484242122,0.042304128580640366,-0.01250453284866172
0.26113056528264134,-0.23886943471735866,0.04736858512432755,0.015924769412326026
0.26163081540770383,-0.23836918459229617,0.043136286414578666,0.0007528370805398011
0.2621310655327664,-0.23786893446723362,0.048885492515340544,0.076208957447467
0.26263131565782893,-0.23736868434217107,0.04383575021432956,0.08332113539920179
0.26313156578289143,-0.23686843421710857,0.03135248785846322,0.029472612311573252
0.263631815907954,-0.23636818409204602,0.06538136472276793,0.011264428839654323
0.26413206603301653,-0.23586793396698347,0.03830693568682827,-0.050255476124023195
0.26463231615807903,-0.23536768384192097,0.0626018177328866,-0.04095468756105952
0.2651325662831416,-0.23486743371685842,0.07522919681715431,-0.049002107349431105
0.2656328164082041,-0.23436718359179592,0.030235770843512443,0.07874365648281623
0.2661330665332666,-0.23386693346673337,0.05145879681798515,-0.0672684765763609
0.2666333166583292,-0.23336668334167082,0.04531182885720826,0.011228987508692386
0.2671335667833917,-0.23286643321660833,0.036495530078723394,-0.06153277368819921
0.2676338169084542,-0.23236618309154577,0.03936955966890136,-0.048270750687137785
0.2681340670335168,-0.23186593296648322,0.028729283303233794,0.004834080628963693
0.26863431715857927,-0.23136568284142073,0.08338924763509822,0.056325484229988516
0.2691345672836418,-0.23086543271635818,0.027974812331516052,-0.06466229133340662
0.2696348174087044,-0.23036518259129563,0.008344025517289737,0.02082447798423752
0.27013506753376687,-0.22986493246623313,0.01638539184406756,0.06925871058237487
0.2706353176588294,-0.22936468234117058,0.04364534253612693,-0.04340529832060819
0.271135567783892,-0.22886443221610803,0.01285402182826675,-0.0009751136889081828
0.27163581790895447,-0.22836418209104553,0.011904941048699373,-0.03303976115860093
0.272136068034017,-0.22786393196598298,0.00999515683154581,-0.0314116139369682
0.2726363181590795,-0.22736368184092048,0.005377857634051041,-0.0223460939927503
0.27313656828414207,-0.22686343171585793,0.03528856241965183,-0.09522139916959388
0.2736368184092046,-0.22636318159079538,0.05877029550171602,-0.06793299508130039
0.2741370685342671,-0.22586293146573289,0.023422949176248084,-0.041333693797135126
0.27463731865932967,-0.22536268134067033,0.013397222547756597,-0.030044852522839175
0.2751375687843922,-0.22486243121560778,0.002082905352875114,-0.023759567447063538
0.2756378189094547,-0.2243621810905453,0.0746739448852501,0.06001735109850555
0.27613806903451726,-0.22386193096548274,0.04891963023802061,-0.0464946425888568
0.2766383191595798,-0.22336168084042018,0.032457273629281115,-0.023468403908820393
0.2771385692846423,-0.2228614307153577,0.03555235581038306,-0.03794664439699651
0.27763881940970486,-0.22236118059029514,0.10791109194708508,0.0032886796991112664
0.27813906953476736,-0.22186093046523264,0.029527182410845065,-0.02577544481218222
0.2786393196598299,-0.2213606803401701,0.009646959106321715,-0.006227288069270762
0.27913956978489246,-0.22086043021510754,0.01539192321838885,-0.012698021617765863
0.27963981990995496,-0.22036018009004504,0.06105118262462404,-0.06077703222239353
0.2801400700350175,-0.2198599299649825,0.01296983490520938,-0.036024631039296276
0.28064032016008006,-0.21935967983991994,0.08751521027284387,0.053534144488155626
0.28114057028514255,-0.21885942971485745,0.057860038594443476,0.05351452674357954
0.2816408204102051,-0.2183591795897949,0.056442943266961906,-0.02900286405067829
0.28214107053526766,-0.21785892946473234,0.049117909355286864,-0.08663756483105381
0.28264132066033015,-0.21735867933966985,0.018806436333832287,-0.05527906760775727
0.2831415707853927,-0.2168584292146073,0.05224707748680067,-0.005012204785544398
0.2836418209104552,-0.2163581790895448,0.018687871381684,-0.024563716252494986
0.28414207103551775,-0.21585792896448225,0.07076949870394612,-0.06996733930495715
0.2846423211605803,-0.2153576788394197,0.0589887228283386,-0.08783203816886252
0.2851425712856428,-0.2148574287143572,0.06642464341154244,-0.029993008038687007
0.28564282141070535,-0.21435717858929465,0.02267101141564903,-0.01378291452487656
0.2861430715357679,-0.2138569284642321,0.06036704663286713,-0.0008684227132436835
0.2866433216608304,-0.2133566783391696,0.06803496503651983,-0.05425214455412378
0.28714357178589295,-0.21285642821410705,0.02441043598126044,0.03371111027676839
0.2876438219109555,-0.2123561780890445,0.05062373631619318,0.05507698021074544
0.288144072036018,-0.211855927963982,0.015495940844152303,-0.028411897127505508
0.28864432216108055,-0.21135567783891945,0.030325501999599873,-0.003533544433314148
0.2891445722861431,-0.2108554277138569,0.016422833775396984,-0.005894232064576926
0.2896448224112056,-0.2103551775887944,0.07085352570415529,0.00313257074562652
0.29014507253626814,-0.20985492746373186,0.0489416984279379,-0.053449528480236416
0.29064532266133064,-0.20935467733866936,0.08381588087233602,-0.05141954084961313
0.2911455727863932,-0.2088544272136068,0.023053351555089037,-0.014312447916343667
0.29164582291145574,-0.20835417708854426,0.0730185764805591,0.055247839107647786
0.29214607303651824,-0.20785392696348176,0.08565625677136443,-0.08364402047347205
0.2926463231615808,-0.2073536768384192,0.06142424936565448,-0.017343121938955746
0.29314657328664334,-0.20685342671335666,0.04942001459321596,-0.03046387843744302
0.29364682341170584,-0.20635317658829416,0.06329388207639895,-0.0395596148058405
0.2941470735367684,-0.2058529264632316,0.03614551058568692,0.004456860540825967
0.29464732366183094,-0.20535267633816906,0.05428885312030544,0.010576138765494167
0.29514757378689344,-0.20485242621310656,0.08065783014004572,-0.024202401154053962
0.295647823911956,-0.204352176088044,0.0485267230226397,0.030385550568322844
0.2961480740370185,-0.20385192596298152,0.039408104929001125,-0.03993569637365322
0.29664832416208103,-0.20335167583791897,0.07158788675959743,0.047689719048420356
0.2971485742871436,-0.20285142571285641,0.02720148895360193,-0.016166691418758452
0.2976488244122061,-0.20235117558779392,0.05173230698693932,-0.0013086464778917228
0.29814907453726863,-0.20185092546273137,0.018682007557535785,0.005286908567293386
0.2986493246623312,-0.20135067533766882,0.015470664597239663,-0.030301402887914067
0.2991495747873937,-0.20085042521260632,0.0027165631168239515,0.03390878476672837
0.29964982491245623,-0.20035017508754377,0.024344427833364806,0.024968692305428024
0.3001500750375188,-0.19984992496248122,0.014545676810932755,-0.03376398255917204
0.3006503251625813,-0.19934967483741872,0.022250452807299582,-0.054080936227342065
0.30115057528764383,-0.19884942471235617,0.06210011203296402,-0.002748582616220647
0.3016508254127064,-0.19834917458729362,0.048733311948518154,-0.03744145270684897
0.3021510755377689,-0.19784892446223112,0.03629620913275693,0.0319744022288064
0.3026513256628314,-0.19734867433716857,0.08051857850049438,-0.04040632551952427
0.3031515757878939,-0.19684842421210608,0.048062290293925634,0.03654689282109573
0.3036518259129565,-0.19634817408704353,0.018932931864515216,-0.012718924642242183
0.304152076038019,-0.19584792396198097,0.06318911237618223,-0.06393142137100148
0.3046523261630815,-0.19534767383691848,0.02721956579006271,-0.021306731472832137
0.3051525762881441,-0.19484742371185593,0.06078524045978473,-0.08013335565127125
0.3056528264132066,-0.19434717358679338,0.040168731872618844,-0.020295949781686924
0.3061530765382691,-0.19384692346173088,0.050685777283501245,0.01264476027882249
0.30665332666333167,-0.19334667333666833,0.057493716776053166,-0.03991506740921783
0.3071535767883942,-0.19284642321160578,0.030099153253301238,0.03465365056932881
0.3076538269134567,-0.19234617308654328,0.03882256360053033,-0.013155866868390063
0.30815407703851927,-0.19184592296148073,0.058855641184699534,-0.010725490915109943
0.30865432716358177,-0.19134567283641823,0.03690195001087821,0.007285409618040447
0.3091545772886443,-0.19084542271135568,0.019532785795324227,0.04653140587156112
0.30965482741370687,-0.19034517258629313,0.004785698539327657,0.003644941219406241
0.31015507753876936,-0.18984492246123064,0.04941701502504916,-0.0625462533326562
0.3106553276638319,-0.18934467233616809,0.06612457493341624,0.013694507935539588
0.31115557778889447,-0.18884442221110553,0.03613094778338709,-0.055106220802618164
0.31165582791395696,-0.18834417208604304,0.06579978006100012,-0.011400621182407752
0.3121560780390195,-0.1878439219609805,0.06384072352393438,0.04215559562987961
0.31265632816408206,-0.18734367183591794,0.0715446786277848,0.008447012033411132
0.31315657828914456,-0.18684342171085544,0.04530973894009418,0.023775728314859572
0.3136568284142071,-0.1863431715857929,0.05342847165836425,-0.01173304850872713
0.3141570785392696,-0.1858429214607304,0.01343507293597096,-0.02282852531089746
0.31465732866433216,-0.18534267133566784,0.017551818313089714,0.008642030133074621
0.3151575787893947,-0.1848424212106053,0.0386023480560122,0.01727173471511164
0.3156578289144572,-0.1843421710855428,0.022035865652976216,-0.07516326833357123
0.31615807903951976,-0.18384192096048024,0.021949281197002426,-0.019185234106817182
0.3166583291645823,-0.1833416708354177,0.04110068162971843,-0.004679590246770092
0.3171585792896448,-0.1828414207103552,0.06640087202182213,0.0850179771111727
0.31765882941470736,-0.18234117058529264,0.04182255676512353,0.05792444267681099
0.3181590795397699,-0.1818409204602301,0.041265668456273684,0.022718432291322088
0.3186593296648324,-0.1813406703351676,0.03253309854718902,0.016889209523761134
0.31915957978989495,-0.18084042021010505,0.05638073840235375,0.004988394252458426
0.3196598299149575,-0.1803401700850425,0.08109144629559425,0.0267689594378287
0.32016008004002,-0.17983991995998,0.0253305247606662,0.06302818235587757
0.32066033016508255,-0.17933966983491745,0.03314248014402527,0.056292481589611046
0.32116058029014505,-0.17883941970985495,0.021277301152586903,-0.011064180685776496
0.3216608304152076,-0.1783391695847924,0.06563474706875706,-0.01730929225842734
0.32216108054027015,-0.17783891945972985,0.03710250328424733,0.033599937534115186
0.32266133066533265,-0.17733866933466735,0.01230172020715482,0.07911936250184345
0.3231615807903952,-0.1768384192096048,0.027434831575843983,0.010450495957982565
0.32366183091545775,-0.17633816908454225,0.04740375549312576,-0.02711267359222331
0.32416208104052024,-0.17583791895947976,0.031157889123428678,0.03203920885154376
0.3246623311655828,-0.1753376688344172,0.02248200717956188,-0.030051550227240993
0.32516258129064535,-0.17483741870935465,0.00762575681999457,-0.0013873602357666326
0.32566283141570784,-0.17433716858429216,0.02466487255765443,0.013843595328677193
0.3261630815407704,-0.1738369184592296,0.06630694113809107,0.021587609511313305
0.3266633316658329,-0.1733366683341671,0.04876585537568757,0.001913915838548455
0.32716358179089544,-0.17283641820910456,0.01510600756229289,0.0340846213394215
0.327663831915958,-0.172336168084042,0.06524778196625636,0.06321765786687258
0.3281640820410205,-0.1718359179589795,0.027559514831134696,0.016152761652986552
0.32866433216608304,-0.17133566783391696,0.049040798690349524,-0.020510954761670086
0.3291645822911456,-0.1708354177088544,0.018709844721142246,-0.10196329483622442
0.3296648324162081,-0.1703351675837919,0.0705865199877207,-0.048746909538113004
0.33016508254127064,-0.16983491745872936,0.019968018392824822,-0.0006068481166883917
0.3306653326663332,-0.1693346673336668,0.03199421849608354,-0.01151509211648456
0.3311655827913957,-0.16883441720860431,0.015612768920290569,0.0023309270551923715
0.33166583291645824,-0.16833416708354176,0.003605314298154895,0.016526350837515257
0.3321660830415208,-0.1678339169584792,0.0440896288293022,0.01354695502438313
0.3326663331665833,-0.16733366683341672,0.03787870024994648,-0.0008365827686294368
0.33316658329164583,-0.16683341670835417,-0.015379382868853278,0.0034138286058457727
0.33366683341670833,-0.16633316658329167,0.11375589960842743,-0.05859563741462321
0.3341670835417709,-0.16583291645822912,0.06014656533023384,0.034569430293308355
0.33466733366683343,-0.16533266633316657,0.03150492526240375,-0.056553229760104844
0.33516758379189593,-0.16483241620810407,0.016980102386083825,0.04314012463320233
0.3356678339169585,-0.16433216608304152,0.03480146136777758,0.06066857620668932
0.33616808404202103,-0.16383191595797897,0.03627985031028192,0.047128887772818734
0.3366683341670835,-0.16333166583291647,0.015491001462261879,0.03236349124555996
0.3371685842921461,-0.16283141570785392,0.01707263688809938,0.017437826931767222
0.33766883441720863,-0.16233116558279137,0.02930881083675009,-0.047908175635342054
0.3381690845422711,-0.16183091545772887,0.010985870772129182,-0.00362802380967135
0.3386693346673337,-0.16133066533266632,0.06434580384126877,0.012447519802816234
0.3391695847923962,-0.16083041520760383,0.05146949881224915,0.0006776851702644003
0.3396698349174587,-0.16033016508254128,0.06719011282969028,0.05641014021273658
0.3401700850425213,-0.15982991495747872,0.04454319803962127,-0.016090574764728062
0.34067033516758377,-0.15932966483241623,0.05546517546006817,-0.07306054526576945
0.3411705852926463,-0.15882941470735368,0.04146254702273233,-0.04561576997417867
0.3416708354177089,-0.15832916458229113,0.024781812619087754,0.012537157470889364
0.34217108554277137,-0.15782891445722863,0.015497187323773122,0.07487842993641845
0.3426713356678339,-0.15732866433216608,0.0686446744105392,0.014022664971441366
0.34317158579289647,-0.15682841420710353,0.013868695918771344,0.049245441586189154
0.34367183591795897,-0.15632816408204103,0.09165629406351297,0.04958608094838772
0.3441720860430215,-0.15582791395697848,0.07353590219506807,-0.0006592124140053501
0.344672336168084,-0.15532766383191599,0.016858229524269623,0.010970345370172196
0.34517258629314657,-0.15482741370685343,0.07325923847565415,-0.009880854209053384
0.3456728364182091,-0.15432716358179088,0.06798222204417531,0.005028413782337934
0.3461730865432716,-0.1538269134567284,0.03153834873117306,-0.08142911026526152
0.34667333666833416,-0.15332666333166584,0.05439829159507248,-0.0030518798324011727
0.3471735867933967,-0.15282641320660328,0.06274508597437356,-0.045034728963260856
0.3476738369184592,-0.1523261630815408,0.07323811076518374,-0.010147167715444667
0.34817408704352176,-0.15182591295647824,0.049745149208860334,-0.030501597792889867
0.3486743371685843,-0.15132566283141569,0.07641429709468711,0.06137425478650861
0.3491745872936468,-0.1508254127063532,0.03227013549867033,0.0455996769129656
0.34967483741870936,-0.15032516258129064,0.06610411711125987,-0.019261131438195866
0.3501750875437719,-0.1498249124562281,0.08766010773775437,0.018029657016366003
0.3506753376688344,-0.1493246623311656,0.031896194988998795,-0.03160314813622064
0.35117558779389696,-0.14882441220610304,0.07950864802784616,-0.04724271194953744
0.35167583791895946,-0.14832416208104054,0.013110889944270131,0.0191490202202815
0.352176088044022,-0.147823911955978,0.045232004898031475,-0.007024643877389566
0.35267633816908456,-0.14732366183091544,0.04185591039866723,-0.00932069410072216
0.35317658829414705,-0.14682341170585295,0.08347593626000596,-0.03818264675543277
0.3536768384192096,-0.1463231615807904,0.09171791623922562,-0.05728585841368291
0.35417708854427216,-0.14582291145572784,0.03407965084440524,-0.011541889761846627
0.35467733866933465,-0.14532266133066535,0.03264712557395113,-0.050678011649279264
0.3551775887943972,-0.1448224112056028,0.004542712873143201,-0.06713768984661145
0.35567783891945975,-0.14432216108054025,0.047653402806598806,-0.03207673482659564
0.35617808904452225,-0.14382191095547775,0.026305146672321034,0.0518502941095703
0.3566783391695848,-0.1433216608304152,0.023847338932490806,-0.051603026252437685
0.3571785892946473,-0.1428214107053527,0.0020196498248267955,0.04006681182559185
0.35767883941970985,-0.14232116058029015,0.005324970872352494,0.019629906837896005
0.3581790895447724,-0.1418209104552276,0.04405826178858924,-0.08886780912520385
0.3586793396698349,-0.1413206603301651,0.039319785743213216,-0.030572752550389617
0.35917958979489745,-0.14082041020510255,0.04063776200141762,-0.07839504329577457
0.35967983991996,-0.14032016008004,0.03844873658263958,-0.01677884603755731
0.3601800900450225,-0.1398199099549775,0.004270462414776056,-0.05579589300158745
0.36068034017008505,-0.13931965982991495,0.028589818644275407,0.0032137418791550187
0.3611805902951476,-0.1388194097048524,0.038363585073832765,-0.029644902061985827
0.3616808404202101,-0.1383191595797899,0.04742147618182569,-0.05503627507195337
0.36218109054527264,-0.13781890945472736,0.05837587117175265,-0.03350223249819477
0.3626813406703352,-0.1373186593296648,0.021317357023371158,-0.016915872955057712
0.3631815907953977,-0.1368184092046023,0.08413544470979907,-0.054684101012331066
0.36368184092046024,-0.13631815907953976,0.03213223083175805,-0.014263718686191662
0.36418209104552274,-0.13581790895447726,-0.013558285255893046,-0.04363792004321976
0.3646823411705853,-0.1353176588294147,0.07323210437304026,0.03056353998098437
0.36518259129564784,-0.13481740870435216,0.036281167241267474,-0.021343465096859797
0.36568284142071034,-0.13431715857928966,0.031580305749363796,0.005007889437461183
0.3661830915457729,-0.1338169084542271,0.07459498864034605,-0.03406249709088794
0.36668334167083544,-0.13331665832916456,0.07024435354611835,-0.048796817338592355
0.36718359179589793,-0.13281640820410207,0.054830636651904976,-0.019442564956877732
0.3676838419209605,-0.13231615807903951,0.022330023721798892,0.018689678254574238
0.36818409204602304,-0.13181590795397696,0.005674148282118152,-0.013264601452948723
0.36868434217108553,-0.13131565782891447,0.06277813079692152,-0.0365169515744213
0.3691845922961481,-0.13081540770385192,0.03297410089279451,-0.02613473421141349
0.3696848424212106,-0.13031515757878942,0.06922178971469624,-0.06869521024342207
0.37018509254627313,-0.12981490745372687,0.009730574248867575,-0.008742301409592134
0.3706853426713357,-0.12931465732866432,0.0016201233410937863,-0.010473807450179855
0.3711855927963982,-0.12881440720360182,0.019933477729031035,-0.07316065362140015
0.37168584292146073,-0.12831415707853927,0.03922947505036656,-0.0018397309904724206
0.3721860930465233,-0.12781390695347672,0.0027290008155654993,0.07347673824061882
0.3726863431715858,-0.12731365682841422,0.08996976235268356,0.0198949538593678
0.37318659329664833,-0.12681340670335167,0.07050121288421281,0.017977511764485563
0.3736868434217109,-0.12631315657828912,0.04935815703700888,-0.04844696654657611
0.3741870935467734,-0.12581290645322663,0.05598126773301586,0.056697285766260465
0.3746873436718359,-0.12531265632816407,0.015364574381130897,-0.03754785443639473
0.3751875937968984,-0.12481240620310158,0.02866980511101065,-0.031858120547451935
0.375687843921961,-0.12431215607803903,0.027404672674849584,0.022529258695697097
0.3761880940470235,-0.12381190595297648,0.03223986756418995,0.01756091035941916
0.376688344172086,-0.12331165582791398,0.04517051559851756,-0.03137561680063265
0.37718859429714857,-0.12281140570285143,0.012636553051167176,-0.08361684346477083
0.3776888444222111,-0.12231115557778888,0.036835172807947535,-0.052749249496701255
0.3781890945472736,-0.12181090545272638,0.0314697563209847,0.03712313663835496
0.37868934467233617,-0.12131065532766383,0.04951116563275355,-0.051154306467996485
0.3791895947973987,-0.12081040520260128,0.021514561871771615,-0.004027399878432238
0.3796898449224612,-0.12031015507753878,0.026408472685466797,0.007556048847336256
0.38019009504752377,-0.11980990495247623,-6.48900406707495e-05,-0.028652535745348793
0.3806903451725863,-0.11930965482741368,-0.0033430624807633882,0.026444545091899252
0.3811905952976488,-0.11880940470235118,0.030781520058667286,0.032519848484496156
0.38169084542271137,-0.11830915457728863,0.05431087076567512,-0.05329839799931953
0.38219109554777386,-0.11780890445222614,0.06443724906686757,-0.07014555619072474
0.3826913456728364,-0.11730865432716359,0.0036171580799721145,-0.008462225433276058
0.38319159579789897,-0.11680840420210103,0.08547183046801854,0.03181438874550508
0.38369184592296146,-0.11630815407703854,0.02132056671563352,0.11002347642553642
0.384192096048024,-0.11580790395197599,0.04311590712117013,-0.07104469835083728
0.38469234617308656,-0.11530765382691344,0.06892443570055688,-0.005227119707750695
0.38519259629814906,-0.11480740370185094,0.020049908994726362,-0.0230617099988093
0.3856928464232116,-0.11430715357678839,0.05788875890444273,0.017650501301736912
0.38619309654827416,-0.11380690345172584,0.015182517424902411,0.09211153090464452
0.38669334667333666,-0.11330665332666334,0.059427812840162984,-0.011249533774733374
0.3871935967983992,-0.11280640320160079,0.009359458891553062,-0.05370081338248335
0.3876938469234617,-0.1123061530765383,0.04106675985371548,0.005240224845891078
0.38819409704852426,-0.11180590295147574,0.026331271952557425,-0.04042402564903509
0.3886943471735868,-0.11130565282641319,0.08440465396600746,0.03442062204654349
0.3891945972986493,-0.1108054027013507,0.024481173094259224,-0.05110657184643306
0.38969484742371185,-0.11030515257628815,0.07490733695675705,0.009265398930195139
0.3901950975487744,-0.1098049024512256,0.021738962791133618,-0.03748992263827426
0.3906953476738369,-0.1093046523261631,0.08968789432321356,0.020752353194496576
0.39119559779889945,-0.10880440220110055,0.029536771838128202,-0.019393303616730254
0.391695847923962,-0.108304152076038,0.05666873815241767,0.05158156870306154
0.3921960980490245,-0.1078039019509755,0.03380273881267168,-0.008096934525537081
0.39269634817408705,-0.10730365182591295,0.034038951045473886,-0.02053750240713291
0.3931965982991496,-0.1068034017008504,0.03865144914031011,0.03445652970956504
0.3936968484242121,-0.1063031515757879,0.033430620280169625,0.003008842025991219
0.39419709854927465,-0.10580290145072535,0.05562971100724234,0.011698324723233067
0.39469734867433715,-0.10530265132566285,0.053571500933856944,-0.02226437022196971
0.3951975987993997,-0.1048024012006003,0.04887332904865177,-0.020686857776986395
0.39569784892446225,-0.10430215107553775,0.037614402377588146,0.0446291287177794
0.39619809904952474,-0.10380190095047526,0.07866401196539305,0.013632375269413072
0.3966983491745873,-0.1033016508254127,0.04025719678288456,-0.0054146441080972565
0.39719859929964985,-0.10280140070035015,0.05973072990568541,0.03907577565118015
0.39769884942471234,-0.10230115057528766,0.031179844017838545,-0.017954459416589175
0.3981990995497749,-0.1018009004502251,0.02934209590972999,-0.05276001033089194
0.39869934967483744,-0.10130065032516256,0.028776935016137324,0.03218615360691548
0.39919959979989994,-0.10080040020010006,0.06095291389387353,0.010539023220941742
0.3996998499249625,-0.10030015007503751,0.05341163593518988,0.006141177800200408
0.400200100050025,-0.09979989994997501,0.0061616611250274594,-0.0035104835524256365
0.40070035017508754,-0.09929964982491246,0.05291860244694339,0.05702862680419187
0.4012006003001501,-0.09879939969984991,0.013410097337594039,0.012113116759930619
0.4017008504252126,-0.09829914957478741,0.04624894961951933,-0.022163971985087412
0.40220110055027514,-0.09779889944972486,0.039676965294335356,-0.0472144554221028
0.4027013506753377,-0.09729864932466231,0.03232637218004675,0.011138486456947531
0.4032016008004002,-0.09679839919959982,-0.0008176439670853283,0.009364967181681744
0.40370185092546274,-0.09629814907453726,0.06448495058403987,0.0008115487831016248
0.4042021010505253,-0.09579789894947471,0.0718816283939021,-0.00023642126035783046
0.4047023511755878,-0.09529764882441222,0.06172437710049715,0.021758848906720796
0.40520260130065033,-0.09479739869934967,0.039671807914162575,-0.026174625977714486
0.40570285142571283,-0.09429714857428717,0.06491698513745603,0.001006908048629805
0.4062031015507754,-0.09379689844922462,0.04530130122869405,-0.03149546700348674
0.40670335167583793,-0.09329664832416207,0.06945209484029737,-0.06301654495894704
0.4072036018009004,-0.09279639819909957,0.043640781865179515,0.038900753191043295
0.407703851925963,-0.09229614807403702,0.044660266779234306,-0.06071865120703018
0.40820410205102553,-0.09179589794897447,-0.007715148933771281,-0.044977628510765616
0.408704352176088,-0.09129564782391197,0.023153533635750755,0.05304580362888185
0.4092046023011506,-0.09079539769884942,0.0074103207399279225,-0.04246456946022288
0.40970485242621313,-0.09029514757378687,0.040408225538127666,0.0679308559201867
0.4102051025512756,-0.08979489744872438,0.035458288061738265,-0.03070282915530849
0.4107053526763382,-0.08929464732366182,-0.04197369497837845,0.0030085945552363194
0.4112056028014007,-0.08879439719859927,-0.001297066327661231,0.02821065660492332
0.4117058529264632,-0.08829414707353678,0.07975951034447834,-0.02959078707137977
0.4122061030515258,-0.08779389694847423,0.04162027034636584,0.03222160904881559
0.41270635317658827,-0.08729364682341173,0.0404881916960972,-0.01644623168074631
0.4132066033016508,-0.08679339669834918,0.0492617210729607,0.01753948304811028
0.4137068534267134,-0.08629314657328663,0.044872905264651104,-0.042102283917488215
0.41420710355177587,-0.08579289644822413,0.0459506696381526,0.07383681549519851
0.4147073536768384,-0.08529264632316158,0.02275851661680336,-0.0016777967313578365
0.41520760380190097,-0.08479239619809903,0.02262960683085227,0.013457672401038108
0.41570785392696347,-0.08429214607303653,0.019343668627634154,0.006280756622272966
0.416208104052026,-0.08379189594797398,0.05989089748856638,0.04968768046279166
0.41670835417708857,-0.08329164582291143,0.039299188455972064,0.07841669879360919
0.41720860430215106,-0.08279139569784894,0.046902068860470776,0.04378809139994087
0.4177088544272136,-0.08229114557278638,0.05952298168077201,-0.01131312998558266
0.4182091045522761,-0.08179089544772389,0.010042090880141841,0.02065315297357788
0.41870935467733866,-0.08129064532266134,0.06318992619089057,-0.06567575618656053
0.4192096048024012,-0.08079039519759879,0.036938340988970975,0.028738932340889693
0.4197098549274637,-0.08029014507253629,-0.00566403541082796,-0.05264187202401769
0.42021010505252626,-0.07978989494747374,0.030037060529109087,0.009465376585403806
0.4207103551775888,-0.07928964482241119,0.031015280586992187,-0.05591581664127988
0.4212106053026513,-0.07878939469734869,-0.004220507198029286,-0.009346614364296358
0.42171085542771386,-0.07828914457228614,0.06481269122243222,0.007645020847769196
0.4222111055527764,-0.07778889444722359,0.016174774978295677,-0.0012309973072865263
0.4227113556778389,-0.07728864432216109,0.028792078868409024,0.028223438936153693
0.42321160580290146,-0.07678839419709854,0.01887159395226288,0.02063242766988046
0.423711855927964,-0.07628814407203599,0.03866417874778149,0.011434970140768563
0.4242121060530265,-0.0757878939469735,0.04306132109927431,-0.0594180567112182
0.42471235617808906,-0.07528764382191094,0.030733491442244777,-0.11475326149638464
0.42521260630315155,-0.07478739369684845,0.07168978530434485,-0.048853041894826206
0.4257128564282141,-0.0742871435717859,0.019959519107923256,-0.013385361218947232
0.42621310655327665,-0.07378689344672335,0.04113205353271934,-0.018873586624023823
0.42671335667833915,-0.07328664332166085,0.0527444765929377,-0.11285760141447285
0.4272136068034017,-0.0727863931965983,0.024839760938862025,-0.018144582931421602
0.42771385692846425,-0.07228614307153575,0.03861479530150046,-0.016736509370158303
0.42821410705352675,-0.07178589294647325,0.004072215579408241,-0.06319920859688716
0.4287143571785893,-0.0712856428214107,0.059394587394155235,-0.06570960029024615
0.42921460730365185,-0.07078539269634815,0.0025734411080248765,-0.0025377566015333704
0.42971485742871435,-0.07028514257128565,0.03731507007963014,-0.019882122870827447
0.4302151075537769,-0.0697848924462231,0.015490298734086767,-0.09522323794317289
0.4307153576788394,-0.0692846423211606,0.04236396421467024,0.024452868239105762
0.43121560780390195,-0.06878439219609805,0.04534871521600879,0.0037752284682036237
0.4317158579289645,-0.0682841420710355,0.05594822171877818,-0.002380903817161356
0.432216108054027,-0.06778389194597301,0.06704767194301336,-0.10988376133101377
0.43271635817908954,-0.06728364182091046,0.04148480984963131,-0.02694118692605216
0.4332166083041521,-0.0667833916958479,0.008153242899701707,-0.03729602731033167
0.4337168584292146,-0.06628314157078541,0.048008999697058484,0.0028105819410530024
0.43421710855427714,-0.06578289144572286,0.03571953076325421,-0.03375877678178711
0.4347173586793397,-0.0652826413206603,0.021652819618409105,-0.014896125237936573
0.4352176088044022,-0.06478239119559781,0.058081890044065235,-0.03986838443873922
0.43571785892946474,-0.06428214107053526,0.02640314177188341,-0.06180244740785651
0.43621810905452724,-0.06378189094547276,0.01358286858562473,-0.02307607102610733
0.4367183591795898,-0.06328164082041021,0.06079112013709735,-0.026209184934615867
0.43721860930465234,-0.06278139069534766,0.01618290412260238,0.07371643247070081
0.43771885942971483,-0.062281140570285165,0.05124583077763564,0.012187226249063939
0.4382191095547774,-0.061780890445222614,0.03807591141956078,-0.009631896513685288
0.43871935967983994,-0.06128064032016006,0.030259696893644876,-0.0027350963628303936
0.43921960980490243,-0.06078039019509757,0.04413319715452495,-0.05014657436041426
0.439719859929965,-0.060280140070035015,0.04059066827952573,0.041498101261462125
0.44022011005502754,-0.059779889944972464,0.0472475312514008,0.020833201931706354
0.44072036018009003,-0.05927963981990997,0.03447400501630878,-0.03575914512560012
0.4412206103051526,-0.05877938969484742,0.023202175748900003,-0.005965567372929352
0.44172086043021513,-0.058279139569784866,0.020154181471863347,-0.0036661930568701318
0.44222111055527763,-0.05777888944472237,0.02220364093003559,-0.08540932650617793
0.4427213606803402,-0.05727863931965982,0.04436412011268114,-0.0342529579631624
0.4432216108054027,-0.05677838919459732,0.048628463984141765,-0.04131775842522824
0.44372186093046523,-0.05627813906953477,0.04860917174835804,-0.02282427440236625
0.4442221110555278,-0.05577788894447222,-0.0016426524978659304,-0.06738513571376298
0.4447223611805903,-0.055277638819409725,0.01796301446963789,0.01846562725867261
0.4452226113056528,-0.05477738869434717,-0.0016208942269258092,-0.029117630978573197
0.4457228614307154,-0.05427713856928462,0.047290390255979475,-0.008623030420223804
0.4462231115557779,-0.053776888444222126,0.01883111522918731,-0.06296846693386123
0.4467233616808404,-0.053276638319159575,0.07243857383969449,-0.06318004208969898
0.447223611805903,-0.052776388194097024,0.0446554209307007,-0.012149960669769743
0.44772386193096547,-0.05227613806903453,0.0352632699256172,-0.015633087613485613
0.448224112056028,-0.05177588794397198,0.04693695226549676,-0.06745995109209818
0.4487243621810905,-0.05127563781890948,0.02732857937684636,-0.013553040260918536
0.44922461230615307,-0.05077538769384693,0.05790724095299701,-0.14065951023477685
0.4497248624312156,-0.05027513756878438,0.09518619085057378,-0.042443411842581685
0.4502251125562781,-0.04977488744372188,0.06171000387033506,0.022818916642050702
0.45072536268134067,-0.04927463731865933,0.031051768588291485,-0.0011157511882947668
0.4512256128064032,-0.04877438719359678,0.06907405952930892,0.05158828835940753
0.4517258629314657,-0.048274137068534284,0.038142093388777325,-0.028625990470416578
0.45222611305652827,-0.04777388694347173,0.03757976122795603,-0.04710172003223506
0.4527263631815908,-0.04727363681840918,0.058403666985486546,-0.06344354767365754
0.4532266133066533,-0.046773386693346686,0.013690893113136225,-0.004041860677701507
0.45372686343171587,-0.046273136568284134,0.0445235072596402,0.007556465954355794
0.4542271135567784,-0.04577288644322158,0.015775269809767945,-0.059513930438578576
0.4547273636818409,-0.04527263631815909,0.060483832290586646,-0.02645398352834428
0.45522761380690346,-0.044772386193096536,0.017338861892632944,0.014622471969202227
0.45572786393196596,-0.04427213606803404,0.05045315863884786,-0.018325178382473984
0.4562281140570285,-0.04377188594297149,0.03562930844707679,-0.03543335241822196
0.45672836418209106,-0.04327163581790894,0.07366877393882654,0.02695323603367171
0.45722861430715356,-0.04277138569284644,0.048916159203786766,-0.05983462978537141
0.4577288644322161,-0.04227113556778389,0.04949236492926523,-0.037924510660032634
0.45822911455727866,-0.04177088544272134,0.023807243346747626,-0.08012471556924262
0.45872936468234116,-0.041270635317658844,0.03905461394332182,0.03581287346228036
0.4592296148074037,-0.04077038519259629,0.088209248321204,-0.06724557399092145
0.45972986493246626,-0.04027013506753374,0.04511916405005537,-0.013847295504279654
0.46023011505752875,-0.039769884942471245,0.026252988349406554,-0.08390564001646264
0.4607303651825913,-0.039269634817408694,0.01689502664558384,0.002904077227671043
0.4612306153076538,-0.0387693846923462,0.04210253083275687,0.02360825174296879
0.46173086543271635,-0.03826913456728365,0.006739179489753805,-0.03029183258049098
0.4622311155577789,-0.037768884442221096,0.057657802782902744,0.022719957596525155
0.4627313656828414,-0.0372686343171586,0.005015664016303954,0.0033984109166167956
0.46323161580790395,-0.03676838419209605,0.0009692310799913548,-0.01998230030343519
0.4637318659329665,-0.0362681340670335,0.059527340038746296,0.02109504960332937
0.464232116058029,-0.035767883941971,0.02572463918671696,0.011084309513620359
0.46473236618309155,-0.03526763381690845,-0.0028774874792869276,-0.06515671647502842
0.4652326163081541,-0.0347673836918459,0.04920656739816019,0.04432955955079386
0.4657328664332166,-0.0342671335667834,0.032126524973152354,0.052743897438040976
0.46623311655827915,-0.03376688344172085,0.039350167778863056,0.011629416081528274
0.46673336668334164,-0.033266633316658356,0.050144500137519414,0.04269422358068115
0.4672336168084042,-0.032766383191595805,0.04000438405753072,-0.04723653954707619
0.46773386693346675,-0.032266133066533254,0.049752407342141515,-0.014356410769075487
0.46823411705852924,-0.03176588294147076,0.08231361758457889,0.0908546594663687
0.4687343671835918,-0.031265632816408206,0.04385717399779373,-0.041232643055229695
0.46923461730865434,-0.030765382691345655,0.013777918539395962,-0.006311172571013038
0.46973486743371684,-0.03026513256628316,0.05224290896040228,0.005410800553750355
0.4702351175587794,-0.029764882441220608,0.07814433094628961,-0.08324260034327646
0.47073536768384194,-0.029264632316158057,0.034776530127449724,-0.018504317194858073
0.47123561780890444,-0.02876438219109556,0.06369306773937707,0.0339842732070441
0.471735867933967,-0.02826413206603301,0.011546154214641904,-0.023066135308520266
0.47223611805902954,-0.02776388194097046,0.04047129941625222,-0.05005974692106679
0.47273636818409204,-0.027263631815907963,0.026330324395800214,-0.020370141882415975
0.4732366183091546,-0.02676338169084541,0.024106388643309794,0.002140286392859201
0.4737368684342171,-0.026263131565782916,0.02235246194246929,0.029292895522184906
0.47423711855927964,-0.025762881440720364,0.08200343568126404,-0.07684379796756212
0.4747373686843422,-0.025262631315657813,0.03825069551048189,0.08072942934929468
0.4752376188094047,-0.024762381190595317,0.03369840631671517,-0.02784953041506734
0.47573786893446723,-0.024262131065532766,0.08184936252114294,-0.09731606418872178
0.4762381190595298,-0.023761880940470215,0.010392449610343416,-0.02923702069088846
0.4767383691845923,-0.02326163081540772,0.08394792978007358,0.08055370879837395
0.47723861930965483,-0.022761380690345168,0.05731710867039669,-0.013067644193889623
0.4777388694347174,-0.022261130565282616,0.04353841766112174,-0.010421801460921611
0.4782391195597799,-0.02176088044022012,0.00478929979095228,0.02031353374024264
0.47873936968484243,-0.02126063031515757,0.016313681152287183,0.06066472673141153
0.4792396198099049,-0.020760380190095074,0.0070773221374999945,0.006714843901068664
0.4797398699349675,-0.020260130065032522,0.025551580450698184,0.01612500860048785
0.48024012006003003,-0.01975987993996997,0.08538627988530832,0.036067669370351586
0.4807403701850925,-0.019259629814907475,0.02416392586342878,-0.03554725881693675
0.4812406203101551,-0.018759379689844924,-0.0016695632747748962,-0.03442549275896121
0.4817408704352176,-0.018259129564782373,0.038459474602733565,0.01879336707323548
0.4822411205602801,-0.017758879439719877,0.09314906563939156,-0.08533778652406669
0.4827413706853427,-0.017258629314657326,0.025552204807136804,-0.014890584314673124
0.4832416208104052,-0.016758379189594774,0.046578284065258366,0.003987156008422131
0.4837418709354677,-0.01625812906453228,0.025476913255093145,-0.024762458711400682
0.4842421210605303,-0.015757878939469727,0.08770358328618565,-0.028555654614315473
0.4847423711855928,-0.015257628814407176,-0.016711739454928674,0.030373722675942495
0.4852426213106553,-0.01475737868934468,0.02816441788432541,-0.06665936673785562
0.48574287143571787,-0.014257128564282129,0.05948115258429315,-0.03863044137552016
0.48624312156078037,-0.013756878439219633,0.05727520444338599,-0.02307188801141907
0.4867433716858429,-0.013256628314157082,0.08769760453574929,-0.01142844795370613
0.48724362181090547,-0.01275637818909453,0.03983396258228723,0.038490876977944025
0.48774387193596797,-0.012256128064032035,0.05615308365663099,-0.037246868464072276
0.4882441220610305,-0.011755877938969483,0.04580291728788624,0.00434817920209034
0.48874437218609307,-0.011255627813906932,0.031169442652105396,0.02150607223636368
0.48924462231115556,-0.010755377688844436,0.015033977073359819,0.01063639352152658
0.4897448724362181,-0.010255127563781885,-0.012260650217225617,0.05123959537924282
0.49024512256128067,-0.009754877438719334,0.04665445293367881,0.0032979946551825933
0.49074537268634316,-0.009254627313656838,0.03605024490921903,-0.008825373295975481
0.4912456228114057,-0.008754377188594287,0.061494653850608455,0.002608342585492222
0.4917458729364682,-0.008254127063531791,0.021010658032539674,0.06138162140578864
0.49224612306153076,-0.00775387693846924,0.019441882707462943,0.05484565955717335
0.4927463731865933,-0.007253626813406688,-0.004079310435256764,0.04003520272369767
0.4932466233116558,-0.006753376688344193,0.05066401952167116,-0.08292221264168713
0.49374687343671836,-0.006253126563281641,0.039440332991979875,0.04274425923723116
0.4942471235617809,-0.00575287643821909,0.047999868222418744,0.03379770121038636
0.4947473736868434,-0.005252626313156594,0.06547710662653108,0.0009641986726306754
0.49524762381190596,-0.004752376188094043,0.06847530303772897,-0.061377231773217474
0.4957478739369685,-0.004252126063031492,0.006416509082924862,0.00011052116336065544
0.496248124062031,-0.003751875937968996,0.05030021130275003,-0.04114130724755181
0.49674837418709356,-0.0032516258129064446,0.04212681070760115,0.042631482802380063
0.49724862431215605,-0.002751375687843949,0.033563977859922,-0.0560509222790168
0.4977488744372186,-0.0022511255627813975,0.021011086018279303,0.029726415171425224
0.49824912456228115,-0.0017508754377188462,0.015515403619962623,0.020660077647464914
0.49874937468734365,-0.0012506253126563505,0.03278682110332238,-0.04762935274564199
0.4992496248124062,-0.0007503751875937992,0.026726263587766728,-0.0490954563785529
0.49974987493746875,-0.0002501250625312479,0.0606501581545236,-0.07783819854682196
0.5002501250625313,0.0002501250625313034,0.05518788130404015,-0.024726767242256295
0.5007503751875938,0.0007503751875937992,0.06435518785845225,0.006731662609018179
0.5012506253126563,0.001250625312656295,-0.001513697440848491,-0.07300264955122761
0.5017508754377189,0.0017508754377189018,0.046149273679038906,0.008261445398826249
0.5022511255627814,0.0022511255627813975,0.04679207004509733,-0.06337314178497178
0.5027513756878439,0.0027513756878438933,0.021334546567634123,-0.02332424702321864
0.5032516258129065,0.0032516258129065,0.0024452705009244194,-0.050909518109183954
0.503751875937969,0.003751875937968996,0.03934008541895263,0.042109273497791255
0.5042521260630315,0.004252126063031492,0.05653913013493114,0.029246523213999672
0.5047523761880941,0.0047523761880940985,0.027402225806415915,-0.038129919388322116
0.5052526263131566,0.005252626313156594,0.04334437605785066,-0.03722456632322955
0.5057528764382191,0.00575287643821909,0.049449657936159006,0.015112103802820166
0.5062531265632816,0.006253126563281586,0.07294602282103535,0.018784458518533723
0.5067533766883442,0.006753376688344193,0.023432898001548023,-0.0642068046241269
0.5072536268134067,0.007253626813406688,0.0453923041741548,0.0273289567019809
0.5077538769384692,0.007753876938469184,0.04854542737309059,-0.014513252192030117
0.5082541270635318,0.008254127063531791,0.07801475241480584,0.023967619041247147
0.5087543771885943,0.008754377188594287,0.05741079496945006,-0.0680369851910741
0.5092546273136568,0.009254627313656782,0.04253291759865535,-0.08554823698490384
0.5097548774387194,0.00975487743871939,0.05191564842421116,-0.07935811482061839
0.5102551275637819,0.010255127563781885,0.031714224332113516,-0.018555392350891903
0.5107553776888444,0.01075537768884438,0.025790645039346766,-0.015519333909417737
0.511255627813907,0.011255627813906988,0.054809362114183004,-0.07472987443522605
0.5117558779389695,0.011755877938969483,0.045648663564683604,0.01710957894458872
0.512256128064032,0.01225612806403198,0.06415245131321538,-0.07482218375897842
0.5127563781890946,0.012756378189094586,0.05486401786557472,-0.0266520175373897
0.5132566283141571,0.013256628314157082,0.06438009471659356,-0.03861537093195082
0.5137568784392196,0.013756878439219578,0.051041460643055696,-0.04839448690690132
0.5142571285642822,0.014257128564282184,0.05820780001851547,-0.03116153703222755
0.5147573786893447,0.01475737868934468,0.006171307552444508,-0.03246665942595518
0.5152576288144072,0.015257628814407176,0.02364230900087376,0.018962746186084643
0.5157578789394698,0.015757878939469783,0.038392702215778195,-0.031482507203683875
0.5162581290645323,0.01625812906453228,0.030001019615643804,0.02144162508453129
0.5167583791895948,0.016758379189594774,0.03636762176943793,-0.003173009653771163
0.5172586293146574,0.01725862931465738,0.03550514529474114,0.03386593483467522
0.5177588794397199,0.017758879439719877,0.037830903292303535,-0.02701305684048056
0.5182591295647824,0.018259129564782373,0.035370625923372104,-0.016749917625649424
0.5187593796898449,0.01875937968984487,0.03994176480299838,0.0030704737780695088
0.5192596298149075,0.019259629814907475,0.060659274293063996,-0.02202309014665375
0.51975987993997,0.01975987993996997,0.04194286039122305,-0.004401865986934112
0.5202601300650325,0.020260130065032467,0.10859379996268971,-0.052339008549548066
0.5207603801900951,0.020760380190095074,0.01957769208273206,0.040582230404054356
0.5212606303151576,0.02126063031515757,0.00988593255287263,-0.03200586857628566
0.5217608804402201,0.021760880440220065,0.02571672054312008,-0.059469933041701575
0.5222611305652827,0.022261130565282672,0.03571700534261348,0.02733091776405422
0.5227613806903452,0.022761380690345168,-0.00360407866601508,-0.047552152688667734
0.5232616308154077,0.023261630815407663,0.0019364198999921867,0.018508725582020873
0.5237618809404703,0.02376188094047027,0.03292949326162476,0.03761529863982424
0.5242621310655328,0.024262131065532766,0.08904415896445274,-0.051432294830631414
0.5247623811905953,0.024762381190595262,0.07600253554674027,-0.05245221705385232
0.5252626313156579,0.02526263131565787,0.07282222876343243,0.004131877047616833
0.5257628814407204,0.025762881440720364,0.06603289363393122,-0.11142214192992772
0.5262631315657829,0.02626313156578286,0.05945345075031556,-0.031665751591881904
0.5267633816908455,0.026763381690845467,0.009783663434848502,-0.04911522787008937
0.527263631815908,0.027263631815907963,0.029769486330255494,0.0038210424256422335
0.5277638819409705,0.02776388194097046,0.04128290215821719,-0.05593981519979534
0.5282641320660331,0.028264132066033065,0.0533622302570662,-0.05106939804481812
0.5287643821910956,0.02876438219109556,0.055314529419950895,-0.03992318631735673
0.5292646323161581,0.029264632316158057,0.021919709719385623,-0.05682120404108949
0.5297648824412207,0.029764882441220664,0.0019308101550752424,-0.04717356142659775
0.5302651325662832,0.03026513256628316,0.06039041211720498,0.01652191588724399
0.5307653826913457,0.030765382691345655,0.0323131422620894,-0.027008783316749038
0.5312656328164082,0.03126563281640815,0.049869949025126925,-0.06170809864877813
0.5317658829414708,0.03176588294147076,-0.0036464551765530706,0.03951385861891003
0.5322661330665333,0.032266133066533254,0.0580071833715748,-0.09646721323852309
0.5327663831915957,0.03276638319159575,0.07921738859879046,-0.028543744499753915
0.5332666333166584,0.033266633316658356,0.0426419377264147,0.0038109615504447157
0.5337668834417209,0.03376688344172085,0.01478522867108234,0.014088459406746336
0.5342671335667833,0.03426713356678335,0.010172482407174048,-0.029785117648980473
0.534767383691846,0.034767383691845954,0.018537417707634587,-0.02671206380857831
0.5352676338169085,0.03526763381690845,0.06759646234501529,0.07125471251318265
0.535767883941971,0.035767883941970946,0.07441865938115841,-0.06019084851885486
0.5362681340670336,0.03626813406703355,0.013157356234592538,0.017377994835623856
0.536768384192096,0.03676838419209605,0.0357236220569522,-0.04438939312672847
0.5372686343171585,0.037268634317158544,0.02053706128851697,4.662317795868162e-05
0.5377688844422212,0.03776888444222115,0.04767624932383567,-0.031117803804189437
0.5382691345672836,0.03826913456728365,0.05182826358432954,-0.018410987511120552
0.5387693846923461,0.03876938469234614,0.031209405295762126,0.008122447603606892
0.5392696348174087,0.03926963481740875,0.04620096061331288,-0.03614462473528754
0.5397698849424712,0.039769884942471245,0.05669513968165674,-0.053402896268512766
0.5402701350675337,0.04027013506753374,0.046810715083228954,0.04175275469249619
0.5407703851925963,0.04077038519259635,0.03130583963796906,-0.08458872200687906
0.5412706353176588,0.041270635317658844,0.046637565029546746,-0.04660009557307392
0.5417708854427213,0.04177088544272134,0.06865529781620919,0.022767859396644566
0.542271135567784,0.042271135567783946,0.060417214712580464,-0.08618603568622643
0.5427713856928464,0.04277138569284644,0.02077362058417693,-0.03133125875161935
0.5432716358179089,0.04327163581790894,0.013017430989135194,-0.05588854983044722
0.5437718859429714,0.043771885942971434,0.017073881029087492,-0.002365258422004291
0.544272136068034,0.04427213606803404,0.06406600171292476,-0.07337783037350191
0.5447723861930965,0.044772386193096536,0.06191808814484294,-0.0664076053037173
0.545272636318159,0.04527263631815903,0.013263693779995738,-0.02923385540065279
0.5457728864432216,0.04577288644322164,0.06632115806434312,0.034571695405228364
0.5462731365682841,0.046273136568284134,0.04756639898607973,-0.001040310029904833
0.5467733866933466,0.04677338669334663,0.0640227269613777,0.06341816479631879
0.5472736368184092,0.04727363681840924,0.022575266477296702,0.005911667891597116
0.5477738869434717,0.04777388694347173,0.08814475309543794,-0.06472465705692154
0.5482741370685342,0.04827413706853423,0.06403541689145903,0.03645369370806116
0.5487743871935968,0.048774387193596835,0.024083694973825495,0.01997653529962471
0.5492746373186593,0.04927463731865933,0.09412843080544159,-0.026868527298051875
0.5497748874437218,0.04977488744372183,0.08276468767319517,-0.001607799437053416
0.5502751375687844,0.050275137568784434,0.04584161801474391,0.04189062409596539
0.5507753876938469,0.05077538769384693,0.06679228705057023,0.021139420257094692
0.5512756378189094,0.051275637818909425,0.0356400338918445,0.017968884542774313
0.551775887943972,0.05177588794397203,0.009001286096266096,0.06607029219939017
0.5522761380690345,0.05227613806903453,0.010262977216645111,-0.05548139078489094
0.552776388194097,0.052776388194097024,0.05604646914376883,0.024601118627050833
0.5532766383191596,0.05327663831915963,0.06388976182828232,-0.03026623024075925
0.5537768884442221,0.053776888444222126,0.06423198579361171,-0.02764762942845973
0.5542771385692846,0.05427713856928462,-0.003261288888210083,-0.06655598399616582
0.5547773886943472,0.05477738869434723,-0.009955093085624894,0.06521462781731377
0.5552776388194097,0.055277638819409725,0.057196423181002175,-0.017687259808251227
0.5557778889444722,0.05577788894447222,0.0443673775810973,-0.020789446537124872
0.5562781390695347,0.056278139069534716,-0.0036462120823901184,-0.02355703973075448
0.5567783891945973,0.05677838919459732,0.05816359956273134,0.06241710763968141
0.5572786393196598,0.05727863931965982,0.014715062266071468,0.08856799937476595
0.5577788894447223,0.057778889444722314,0.03176592643569939,-0.0372651334501157
0.5582791395697849,0.05827913956978492,0.09052444738518862,-0.043974617860133465
0.5587793896948474,0.05877938969484742,0.024520595891017818,0.0231813190683838
0.5592796398199099,0.05927963981990991,0.027104061923255044,-0.0029150755164019776
0.5597798899449725,0.05977988994497252,0.05487964603047572,0.05892988899699762
0.560280140070035,0.060280140070035015,0.06148799610276665,-0.030171951539152697
0.5607803901950975,0.06078039019509751,0.026422348099211065,-0.043054726242333724
0.5612806403201601,0.06128064032016012,0.04481069699119479,-0.022790948674817353
0.5617808904452226,0.061780890445222614,0.05939032106832527,-0.0075344050186317655
0.5622811405702851,0.06228114057028511,0.020866163919580964,-0.011443825364664128
0.5627813906953477,0.06278139069534772,0.029913141954990133,0.011365508513401346
0.5632816408204102,0.06328164082041021,0.04369033766973694,0.026801212430707523
0.5637818909454727,0.06378189094547271,0.06049830762686337,0.012742924272359317
0.5642821410705353,0.06428214107053531,0.03147767890214728,-0.008186256673055479
0.5647823911955978,0.06478239119559781,0.05792442869430015,0.007032826248045312
0.5652826413206603,0.0652826413206603,0.05747445153211113,0.03509108274350421
0.5657828914457229,0.06578289144572291,0.07042957977086513,-0.012113514894609167
0.5662831415707854,0.06628314157078541,0.041715579300782554,-0.0005481124369187563
0.5667833916958479,0.0667833916958479,0.05819180234322551,-0.06357447265652874
0.5672836418209104,0.0672836418209104,0.03137767957962497,-0.01765623044106736
0.567783891945973,0.06778389194597301,0.017886132089717968,0.03465552437170628
0.5682841420710355,0.0682841420710355,0.013939635588487001,-0.022280347089113403
0.568784392196098,0.068784392196098,0.04870408650883214,-0.011178374038601151
0.5692846423211606,0.0692846423211606,0.042070564065621485,-0.03990861364541498
0.5697848924462231,0.0697848924462231,0.0018838786240215621,-0.013334551385096415
0.5702851425712856,0.0702851425712856,0.03951414459429921,0.040863715841917295
0.5707853926963482,0.0707853926963482,0.048768579841802155,-0.030165808683831515
0.5712856428214107,0.0712856428214107,0.03201447915288048,-0.03215906162331385
0.5717858929464732,0.0717858929464732,0.0520278844240951,-0.03122092143381748
0.5722861430715358,0.0722861430715358,0.06227828407667373,0.03045700402376453
0.5727863931965983,0.0727863931965983,0.06577282260188126,-0.012971779135283726
0.5732866433216608,0.0732866433216608,0.08545811160056252,-0.02296449676769496
0.5737868934467234,0.0737868934467234,0.028876338417130536,-0.0675730629056446
0.5742871435717859,0.0742871435717859,0.00023193144475326666,-0.07803687335818192
0.5747873936968484,0.07478739369684839,0.03493345739279023,-0.010798434026543811
0.575287643821911,0.075287643821911,0.07454447757284419,-0.030020768475450727
0.5757878939469735,0.0757878939469735,0.029075389877924872,-0.013674788193744321
0.576288144072036,0.07628814407203599,0.040706920025585326,0.07630419413729544
0.5767883941970986,0.0767883941970986,0.022112309354193522,-0.023926110967467218
0.5772886443221611,0.07728864432216109,0.03640790362849593,0.03149304525454963
0.5777888944472236,0.07778889444722359,0.04969755691672771,-0.030050983569986776
0.5782891445722862,0.0782891445722862,0.0657611021444736,0.012769092574886242
0.5787893946973487,0.07878939469734869,0.05292092164549414,0.06999331712187143
0.5792896448224112,0.07928964482241119,0.03142739354017959,-0.0022375341712925524
0.5797898949474737,0.07978989494747368,0.028614578917969428,-0.05110044029750041
0.5802901450725363,0.08029014507253629,0.07001488251015509,-0.028664487450879038
0.5807903951975988,0.08079039519759879,0.03837273249147786,-0.046160033221898655
0.5812906453226613,0.08129064532266128,0.033517114871028306,-0.020554157391099025
0.5817908954477239,0.08179089544772389,0.04547768784929336,-0.060555643629995756
0.5822911455727864,0.08229114557278638,0.027807323434729404,-0.009647916093166897
0.5827913956978489,0.08279139569784888,0.07524777091739947,-0.05784120966832912
0.5832916458229115,0.08329164582291149,0.030850915306563444,-0.0067109807518434365
0.583791895947974,0.08379189594797398,0.034618407594620815,-0.05295623500372515
0.5842921460730365,0.08429214607303648,0.024590880406980896,-0.08707965288344174
0.5847923961980991,0.08479239619809908,0.06785106381070263,-0.04561084415580451
0.5852926463231616,0.08529264632316158,0.04090511662790929,-0.03646427288512236
0.5857928964482241,0.08579289644822408,0.014116872313121628,-0.08790433319361957
0.5862931465732867,0.08629314657328668,0.06475242243212316,-0.09586048980045189
0.5867933966983492,0.08679339669834918,0.041789782301853096,-0.019395422536440905
0.5872936468234117,0.08729364682341167,0.09254803114169077,0.0012635649754080547
0.5877938969484743,0.08779389694847428,0.037791607031936444,0.0023159677651533594
0.5882941470735368,0.08829414707353678,0.0747243729365525,-0.06358532219335936
0.5887943971985993,0.08879439719859927,0.06309886146889823,-0.10675148615458785
0.5892946473236619,0.08929464732366188,0.061439702880286315,-0.10484522470192568
0.5897948974487244,0.08979489744872438,0.08015400369802046,-0.09392939589973148
0.5902951475737869,0.09029514757378687,0.027349788240302077,-0.07330907975551874
0.5907953976988495,0.09079539769884948,-0.005686241300336729,0.014578212023974094
0.591295647823912,0.09129564782391197,0.03166643742203892,-0.09142591078995595
0.5917958979489745,0.09179589794897447,0.04730813067200648,-0.040877360678887975
0.592296148074037,0.09229614807403697,0.02620317268190362,-0.10682776546856548
0.5927963981990996,0.09279639819909957,0.08737251280150896,-0.07454695930980668
0.5932966483241621,0.09329664832416207,0.07369171195898004,-0.06760607229942872
0.5937968984492246,0.09379689844922456,0.0500539465879953,0.025207822178263818
0.5942971485742872,0.09429714857428717,0.03626659303436351,-0.10439051847300636
0.5947973986993497,0.09479739869934967,0.08764706516926639,-0.13949140019098968
0.5952976488244122,0.09529764882441216,0.046615952704190534,-0.021510625040655217
0.5957978989494748,0.09579789894947477,0.07588272062216822,-0.1170395396831603
0.5962981490745373,0.09629814907453726,0.06263231142652674,0.00023804481181455978
0.5967983991995998,0.09679839919959976,0.09358006821660483,-0.0945346594001211
0.5972986493246624,0.09729864932466237,0.06692711785325345,-0.08695127929578782
0.5977988994497249,0.09779889944972486,0.06964200279523655,-0.08277251769492489
0.5982991495747874,0.09829914957478736,0.04004761900819807,-0.018060669998725784
0.59879939969985,0.09879939969984997,0.07898541358268865,0.011427111913048647
0.5992996498249125,0.09929964982491246,0.06783679362240208,0.029591847636517128
0.599799899949975,0.09979989994997496,0.0657475037075699,-0.030870871512334752
0.6003001500750376,0.10030015007503756,0.04643107231347057,-0.08388993218784561
0.6008004002001001,0.10080040020010006,0.047201045657711375,-0.0726357730939888
0.6013006503251626,0.10130065032516256,0.08151022858838197,-0.13827930300796293
0.6018009004502252,0.10180090045022516,0.005055809454223327,-0.02882211434039614
0.6023011505752877,0.10230115057528766,0.09142150945169028,-0.07098487857057068
0.6028014007003502,0.10280140070035015,0.06760670144531392,-0.032621706210802646
0.6033016508254128,0.10330165082541276,0.060262839775330306,-0.08348788919415256
0.6038019009504753,0.10380190095047526,0.1034275355431549,-0.05488272046275147
0.6043021510755378,0.10430215107553775,0.0865228453655564,-0.03308129510411996
0.6048024012006002,0.10480240120060025,0.09059563188548539,-0.11508342263757915
0.6053026513256629,0.10530265132566285,0.07145693072226623,-0.05822181956407821
0.6058029014507254,0.10580290145072535,0.0799284553267992,-0.02868085673222252
0.6063031515757878,0.10630315157578785,0.09274089678942135,-0.04176656222986983
0.6068034017008505,0.10680340170085045,0.06677338163834227,0.0075603702995158395
0.607303651825913,0.10730365182591295,0.02938609597924461,-0.04424347779622826
0.6078039019509754,0.10780390195097544,0.05302157555044165,-0.0166336182896025
0.608304152076038,0.10830415207603805,0.08993724859203485,-0.050587948506977454
0.6088044022011005,0.10880440220110055,-0.007814258331699075,-0.013760688049651422
0.609304652326163,0.10930465232616304,0.06634984370901197,-0.03857700190220338
0.6098049024512256,0.10980490245122565,0.11940900239503016,-0.06461649324371432
0.6103051525762881,0.11030515257628815,0.07580310398148961,-0.03235390287683086
0.6108054027013506,0.11080540270135064,0.035775945044793804,0.005560188284374275
0.6113056528264132,0.11130565282641325,0.01902440042446902,0.05764077864765746
0.6118059029514757,0.11180590295147574,0.08261207637609749,0.022777742448018425
0.6123061530765382,0.11230615307653824,0.019633524588846415,0.002713923887624238
0.6128064032016008,0.11280640320160085,0.049937635888941914,-0.014961206341619352
0.6133066533266633,0.11330665332666334,0.0495860438410083,0.04518148336825966
0.6138069034517258,0.11380690345172584,0.07171477869789164,-0.04200490354939414
0.6143071535767884,0.11430715357678845,0.088227499277616,-0.024397192631407036
0.6148074037018509,0.11480740370185094,0.033629278222554446,-0.11865720827718418
0.6153076538269134,0.11530765382691344,0.10481372110674612,-0.061250092637011755
0.615807903951976,0.11580790395197604,0.07794506729340187,-0.039922871192573574
0.6163081540770385,0.11630815407703854,0.03329498282306513,-0.07000149662330549
0.616808404202101,0.11680840420210103,0.04495254641454004,0.0019947719671761857
0.6173086543271635,0.11730865432716353,0.024601502907726357,-0.05506920716354194
0.6178089044522261,0.11780890445222614,0.021526836274808205,0.009870524040579212
0.6183091545772886,0.11830915457728863,0.04291320411161135,-0.03648782679773492
0.6188094047023511,0.11880940470235113,0.02767291558066004,-0.05333657048916853
0.6193096548274137,0.11930965482741374,0.05018477626248949,-0.10681979169306446
0.6198099049524762,0.11980990495247623,0.05609029126335259,-0.07987475067166602
0.6203101550775387,0.12031015507753873,0.05518294938638809,-0.023940407909487912
0.6208104052026013,0.12081040520260133,0.055800071662000156,-0.04765070307527309
0.6213106553276638,0.12131065532766383,0.04992208512777392,-0.029939560089620506
0.6218109054527263,0.12181090545272633,0.08185624142607825,0.06411962096165764
0.6223111555777889,0.12231115557778893,0.05403991473888054,-0.0224329964280374
0.6228114057028514,0.12281140570285143,0.059378457989405,0.04579387418077202
0.6233116558279139,0.12331165582791392,0.01743414487801983,-0.07736931653143685
0.6238119059529765,0.12381190595297653,0.07903659728481002,-0.07453381865700164
0.624312156078039,0.12431215607803903,0.06507192364326837,-0.03492280344074476
0.6248124062031015,0.12481240620310152,0.05179882883023203,0.04292434196566225
0.6253126563281641,0.12531265632816413,0.09529484269436081,-0.017608583590383853
0.6258129064532266,0.12581290645322663,0.09407855696905487,0.04338266552853581
0.6263131565782891,0.12631315657828912,0.06369882736758913,-0.10785167388946312
0.6268134067033517,0.12681340670335173,0.06001781099836257,-0.10697058429068355
0.6273136568284142,0.12731365682841422,0.05858853753063345,-0.06906619761646465
0.6278139069534767,0.12781390695347672,0.07268103385144802,-0.012347744305194735
0.6283141570785392,0.12831415707853921,0.06504016550628576,0.02902756505111465
0.6288144072036018,0.12881440720360182,0.05313776872237459,-0.030305487687173994
0.6293146573286643,0.12931465732866432,0.11273974088022895,-0.01084433984657462
0.6298149074537268,0.1298149074537268,0.11585720727557806,0.017651449579541
0.6303151575787894,0.13031515757878942,0.10183948147548129,-0.05587522372739854
0.6308154077038519,0.13081540770385192,0.12201238401887943,-0.04347568740468995
0.6313156578289144,0.1313156578289144,0.10149446386661601,-0.029342717737143743
0.631815907953977,0.13181590795397702,0.08033820372211942,-0.06232449690329262
0.6323161580790395,0.13231615807903951,0.06290199878105507,-0.06147669408863818
0.632816408204102,0.132816408204102,0.08093976772719853,-0.03937261172945903
0.6333166583291646,0.13331665832916462,0.07281476713297369,-0.058331907945530184
0.6338169084542271,0.1338169084542271,0.0845703139685076,0.019711069288477625
0.6343171585792896,0.1343171585792896,0.09418497115145524,-0.014403960996204113
0.6348174087043522,0.13481740870435222,0.06488564867836197,-0.037825418703484645
0.6353176588294147,0.1353176588294147,0.03468371625403693,-0.07403715047378752
0.6358179089544772,0.1358179089544772,0.030408138600019584,0.0009619571378013635
0.6363181590795398,0.1363181590795398,0.06941184949334589,-0.026963328105452915
0.6368184092046023,0.1368184092046023,0.08527544707495263,-0.034888074642758116
0.6373186593296648,0.1373186593296648,0.09808629298317552,-0.08870901594052516
0.6378189094547274,0.1378189094547274,0.04734975573375104,-0.06235226970905428
0.6383191595797899,0.1383191595797899,0.06827433428838667,0.0440880590875648
0.6388194097048524,0.1388194097048524,0.03536064885318256,0.003974434658780373
0.639319659829915,0.139319659829915,0.11261790677424562,-0.019821710670261346
0.6398199099549775,0.1398199099549775,0.07095286565322549,0.041216964896862725
0.64032016008004,0.14032016008004,0.06159421868038222,-0.003946784616260107
0.6408204102051025,0.1408204102051025,0.06471650008849311,-0.018921674327462026
0.6413206603301651,0.1413206603301651,0.0522040354694326,-0.008436000569015362
0.6418209104552276,0.1418209104552276,0.04520761135982043,-0.010902361897257502
0.6423211605802901,0.1423211605802901,0.08680571825191241,0.01061330639155001
0.6428214107053527,0.1428214107053527,0.09482659672813785,-0.08712689644969626
0.6433216608304152,0.1433216608304152,0.08063776428576788,0.005644495955722424
0.6438219109554777,0.1438219109554777,0.06989609681456767,-0.03457213558032897
0.6443221610805403,0.1443221610805403,0.07014190002664362,-0.07083336255479253
0.6448224112056028,0.1448224112056028,0.11541470644280144,0.0015371293766731527
0.6453226613306653,0.1453226613306653,0.1045647637653605,-0.03180392755237234
0.6458229114557279,0.1458229114557279,0.12378842208255772,-0.030761126799561438
0.6463231615807904,0.1463231615807904,0.09744750320245976,0.008428865960858848
0.6468234117058529,0.1468234117058529,0.103419952737307,-0.03011518887331931
0.6473236618309155,0.1473236618309155,0.09720602102102245,0.010058283394185068
0.647823911955978,0.147823911955978,0.11024634142889717,-0.07177719002191396
0.6483241620810405,0.1483241620810405,0.09948078259456097,-0.04939408336153384
0.6488244122061031,0.1488244122061031,0.10480127537439304,-0.015761678642649064
0.6493246623311656,0.1493246623311656,0.07574747471332471,-0.061270191961535055
0.6498249124562281,0.1498249124562281,0.0795542740941708,-0.025440990532797934
0.6503251625812907,0.1503251625812907,0.09580468369854558,0.007386068304317067
0.6508254127063532,0.1508254127063532,0.10214437831008388,0.04106810561074152
0.6513256628314157,0.15132566283141569,0.11369031259169807,-0.027039287185394126
0.6518259129564783,0.1518259129564783,0.10924254117012257,-0.01981340336490215
0.6523261630815408,0.1523261630815408,0.10356977141064844,-0.06573114286153549
0.6528264132066033,0.15282641320660328,0.10384909692283684,0.04494169739563351
0.6533266633316658,0.15332666333166578,0.08485066488205888,0.014061701958547133
0.6538269134567284,0.1538269134567284,0.11497691820840689,0.010708165617104649
0.6543271635817909,0.15432716358179088,0.11947145106069024,0.027657559790581723
0.6548274137068534,0.15482741370685338,0.07778407357076228,-0.037838877739429864
0.655327663831916,0.15532766383191599,0.12465838851115679,-0.021154768943965185
0.6558279139569785,0.15582791395697848,0.06623396295239756,-0.08737878005554439
0.656328164082041,0.15632816408204098,0.13314273581316455,0.0258919463994154
0.6568284142071036,0.15682841420710358,0.11092425020610809,0.013149121893613528
0.6573286643321661,0.15732866433216608,0.10071113479175708,-0.03590818334926976
0.6578289144572286,0.15782891445722858,0.11940715385101298,-0.04334161036973441
0.6583291645822912,0.15832916458229118,0.09770153125274368,0.005451114737208831
0.6588294147073537,0.15882941470735368,0.057947043984899874,-0.025445415732473213
0.6593296648324162,0.15932966483241617,0.06044446148069423,-0.00814074665587786
0.6598299149574788,0.15982991495747878,0.05783890655088116,-0.0022145641647365252
0.6603301650825413,0.16033016508254128,0.12557497417274385,0.016898283340790504
0.6608304152076038,0.16083041520760377,0.03135921856966707,-0.017270402863765265
0.6613306653326664,0.16133066533266638,0.11342890845008066,0.09072196741898358
0.6618309154577289,0.16183091545772887,0.11301146122311756,0.018245209249961113
0.6623311655827914,0.16233116558279137,0.10259321773106249,0.028637353363070397
0.662831415707854,0.16283141570785398,0.1250445405128379,-0.00424636394033252
0.6633316658329165,0.16333166583291647,0.05711078437176854,0.04514941436075177
0.663831915957979,0.16383191595797897,0.09821167202262483,0.00012155498619926923
0.6643321660830416,0.16433216608304158,0.12376544685201235,0.061773088372457007
0.6648324162081041,0.16483241620810407,0.09227518306162054,0.02896225711884988
0.6653326663331666,0.16533266633316657,0.06510729455360224,0.0033645375995485184
0.6658329164582291,0.16583291645822906,0.08763961105824267,0.03374974590475244
0.6663331665832917,0.16633316658329167,0.11133753658634538,0.061678131027000566
0.6668334167083542,0.16683341670835417,0.09081574973941763,0.042265970438262454
0.6673336668334167,0.16733366683341666,0.0626239373892355,-0.01807956095379276
0.6678339169584793,0.16783391695847927,0.10274334059124667,0.09781881188059553
0.6683341670835418,0.16833416708354176,0.10949693281368048,-0.06953376378715037
0.6688344172086043,0.16883441720860426,0.09866204343905192,0.031954120601145136
0.6693346673336669,0.16933466733366687,0.10727786129040372,0.0438788407962157
0.6698349174587294,0.16983491745872936,0.08826148890008204,0.10982526274980575
0.6703351675837919,0.17033516758379186,0.08132484230336455,-0.0283516023226436
0.6708354177088545,0.17083541770885446,0.09413218658786218,-0.02756297122806728
0.671335667833917,0.17133566783391696,0.09895998925399264,0.011860115325222258
0.6718359179589795,0.17183591795897946,0.10264429647337608,0.015965875922560976
0.6723361680840421,0.17233616808404206,0.09195343600316348,0.029260113358436514
0.6728364182091046,0.17283641820910456,0.08994521902011067,0.012921962209685306
0.673336668334167,0.17333666833416705,0.099152838606586,0.005398578127134009
0.6738369184592297,0.17383691845922966,0.1064394963777171,0.059144327649633566
0.6743371685842922,0.17433716858429216,0.103497282032045,-0.0548013561201442
0.6748374187093547,0.17483741870935465,0.08998259665380043,0.043928857328597096
0.6753376688344173,0.17533766883441726,0.041950334791935745,0.02226287264829467
0.6758379189594798,0.17583791895947976,0.014091972239535275,-0.02203524109221614
0.6763381690845423,0.17633816908454225,0.061789184185408734,0.027225263042989094
0.6768384192096047,0.17683841920960475,0.05568732409240032,0.037321317200979115
0.6773386693346674,0.17733866933466735,0.05553119615461463,-0.03536857627665879
0.6778389194597298,0.17783891945972985,0.06922419767873461,0.026992016093498074
0.6783391695847923,0.17833916958479235,0.09458929910422396,0.008243900603717439
0.678839419709855,0.17883941970985495,0.12702768367971945,-0.004164255139968924
0.6793396698349174,0.17933966983491745,0.058334127389576884,0.017619675749451957
0.6798399199599799,0.17983991995997994,0.03705537226916973,-0.06683606322717096
0.6803401700850426,0.18034017008504255,0.0922686328619619,0.027054455916218224
0.680840420210105,0.18084042021010505,0.08931824295304601,-0.016414128587040937
0.6813406703351675,0.18134067033516754,0.05785597670567897,0.03561953432441458
0.6818409204602301,0.18184092046023015,0.04559585181219213,0.044686390211042204
0.6823411705852926,0.18234117058529264,0.038854244502052375,0.04087294223903423
0.6828414207103551,0.18284142071035514,0.06429019570047263,0.003710423442803007
0.6833416708354177,0.18334167083541775,0.08438340856737209,0.023813288051217865
0.6838419209604802,0.18384192096048024,0.07276657015198587,-0.0016933584898015455
0.6843421710855427,0.18434217108554274,0.07623400015386746,0.003739530219592429
0.6848424212106053,0.18484242121060535,0.05920035510189045,0.032115040096795104
0.6853426713356678,0.18534267133566784,0.08707007481610425,0.03903873744757823
0.6858429214607303,0.18584292146073034,0.05283290556812771,0.04914145385052636
0.6863431715857929,0.18634317158579294,0.0668676688313124,-0.061322045132410755
0.6868434217108554,0.18684342171085544,0.05638068531454139,0.04040448268686449
0.6873436718359179,0.18734367183591794,0.09540235907607234,0.07878453370484359
0.6878439219609805,0.18784392196098054,0.11635195046409233,0.021522558728861694
0.688344172086043,0.18834417208604304,0.01750529352060365,0.04118334617701219
0.6888444222111055,0.18884442221110553,0.055534610867874645,-0.017549646656590298
0.689344672336168,0.18934467233616803,0.032958032365615224,-0.004461635597283825
0.6898449224612306,0.18984492246123064,0.1262648384115801,0.0645198252642908
0.6903451725862931,0.19034517258629313,0.0227842993123739,0.01086567456956453
0.6908454227113556,0.19084542271135563,0.09237677713048541,0.05033750960000849
0.6913456728364182,0.19134567283641823,0.07872121103338273,0.005795054381055362
0.6918459229614807,0.19184592296148073,0.07385942198015494,0.04182220279218994
0.6923461730865432,0.19234617308654323,0.07485627095268511,0.016906891471971747
0.6928464232116058,0.19284642321160583,0.00977637623733904,0.07486332817172424
0.6933466733366683,0.19334667333666833,0.05813586557168245,-0.02613043392781087
0.6938469234617308,0.19384692346173082,0.04083402230981439,-0.025397186199072816
0.6943471735867934,0.19434717358679343,0.10331890367283825,-0.010427033326338535
0.6948474237118559,0.19484742371185593,0.07604664824853814,0.06567705055814213
0.6953476738369184,0.19534767383691842,0.07703610396261924,0.03159274511438999
0.695847923961981,0.19584792396198103,0.10433882268829042,0.010863032543531576
0.6963481740870435,0.19634817408704353,0.04587980037636274,-0.02715470313670599
0.696848424212106,0.19684842421210602,0.049963154277421595,0.024780627571223564
0.6973486743371686,0.19734867433716863,0.04601008902382674,0.05222811827575238
0.6978489244622311,0.19784892446223112,0.04187264011713662,0.041529253072310104
0.6983491745872936,0.19834917458729362,0.028461050772601894,0.01142551790150384
0.6988494247123562,0.19884942471235623,0.054593957138993045,0.057569473776368875
0.6993496748374187,0.19934967483741872,0.035484133673575544,0.06698997549089766
0.6998499249624812,0.19984992496248122,0.11620592727644276,0.012276048776486151
0.7003501750875438,0.20035017508754382,0.05058607131002632,-0.004129658844276192
0.7008504252126063,0.20085042521260632,0.05214657414774956,0.009579037547995752
0.7013506753376688,0.20135067533766882,0.04582466045957116,0.08851993910009182
0.7018509254627313,0.2018509254627313,0.028715580810228056,0.10870121501110272
0.7023511755877939,0.20235117558779392,0.06512011622816308,-0.03484573575676533
0.7028514257128564,0.20285142571285641,0.0636619031978611,0.04032428549543619
0.7033516758379189,0.2033516758379189,0.029114437247444697,0.08550295462659935
0.7038519259629815,0.20385192596298152,0.05995955770436239,0.11900775226966423
0.704352176088044,0.204352176088044,0.06567446698406607,0.1462625491171388
0.7048524262131065,0.2048524262131065,0.06272363373193975,0.10533283997671264
0.7053526763381691,0.20535267633816912,0.04622957312627984,0.059066599069509604
0.7058529264632316,0.2058529264632316,0.048385865331447175,0.03578186852280747
0.7063531765882941,0.2063531765882941,0.10199456304671803,0.08817635582390926
0.7068534267133567,0.20685342671335671,0.06631258448950886,0.04187001607214116
0.7073536768384192,0.2073536768384192,0.024481746263046014,0.04743375680726356
0.7078539269634817,0.2078539269634817,-0.011339815459816091,0.09052773688141383
0.7083541770885443,0.2083541770885443,0.056756871509792584,0.023283845554296453
0.7088544272136068,0.2088544272136068,0.08222514483202675,0.07737806420383306
0.7093546773386693,0.2093546773386693,0.03741798984153677,0.15913287886956778
0.7098549274637319,0.2098549274637319,0.09531921672980442,-0.00026165286145311134
0.7103551775887944,0.2103551775887944,0.11682790984334836,0.09995846681297829
0.7108554277138569,0.2108554277138569,0.05175108250303815,0.048131968382301896
0.7113556778389195,0.2113556778389195,0.04964530394418399,0.05811794605264162
0.711855927963982,0.211855927963982,0.06973556372668653,0.04665446833165507
0.7123561780890445,0.2123561780890445,-0.010318523176973723,0.039131565753320816
0.7128564282141071,0.2128564282141071,0.07641271283442969,0.053245345984529034
0.7133566783391696,0.2133566783391696,0.04934640707459926,0.07084709219111332
0.7138569284642321,0.2138569284642321,0.051342035149164904,0.010922573524781092
0.7143571785892946,0.2143571785892946,0.04538776630461442,0.006457068755220258
0.7148574287143572,0.2148574287143572,0.053417383013252,0.007957408599468398
0.7153576788394197,0.2153576788394197,0.03958589184809765,0.08318899288431483
0.7158579289644822,0.2158579289644822,0.02987442372675869,0.11896301166424175
0.7163581790895448,0.2163581790895448,0.0847775528164448,0.010794856726229672
0.7168584292146073,0.2168584292146073,0.0629653911833276,0.06764096144315121
0.7173586793396698,0.2173586793396698,0.12266886916951414,0.011002421365578254
0.7178589294647324,0.2178589294647324,0.042990738343745165,-0.032941016449948096
0.7183591795897949,0.2183591795897949,0.030600496960765892,0.08879280915411622
0.7188594297148574,0.2188594297148574,0.04086709177244369,0.028406170427647117
0.71935967983992,0.21935967983992,0.028491407741451306,0.07112782810681018
0.7198599299649825,0.2198599299649825,0.0357223461531885,0.02964037818611298
0.720360180090045,0.220360180090045,0.06518351257737093,0.06390027091225331
0.7208604302151076,0.2208604302151076,0.07002655456438965,0.035539102693174646
0.7213606803401701,0.2213606803401701,0.050149318565962754,0.08415585626383487
0.7218609304652326,0.2218609304652326,0.046762977234921364,0.03549122880234476
0.7223611805902952,0.2223611805902952,0.030734109250421845,0.08635400869736688
0.7228614307153577,0.2228614307153577,0.040507549239255515,0.0063908926038675
0.7233616808404202,0.22336168084042018,0.04734728451525193,0.0558261035499303
0.7238619309654828,0.2238619309654828,0.06090809655804883,-0.06965837639766288
0.7243621810905453,0.2243621810905453,0.027376320981200027,0.07428947608472694
0.7248624312156078,0.22486243121560778,0.029214670686057577,-0.03247745855865465
0.7253626813406704,0.2253626813406704,0.07440068482460926,0.07710163415118276
0.7258629314657329,0.22586293146573289,0.02510346451642985,0.03922080851029163
0.7263631815907954,0.22636318159079538,0.07452990975886536,-0.0006875869578735067
0.7268634317158579,0.22686343171585788,0.017082764405318994,0.1339266994227409
0.7273636818409205,0.22736368184092048,0.05821515146121065,-0.06929065564484992
0.727863931965983,0.22786393196598298,0.051604624209428414,-0.03544831831027629
0.7283641820910455,0.22836418209104548,-0.02494453076004783,0.009085847879744497
0.7288644322161081,0.22886443221610808,0.02013993033136811,0.06319525011376566
0.7293646823411706,0.22936468234117058,0.049458511414179784,0.0185781810819739
0.7298649324662331,0.22986493246623307,0.04852744573060412,-0.04509984725926944
0.7303651825912957,0.23036518259129568,0.013091160513735066,-0.00520922105849575
0.7308654327163582,0.23086543271635818,0.057765421242780744,0.05521271669836306
0.7313656828414207,0.23136568284142067,0.07070088641750012,0.030234873884597988
0.7318659329664833,0.23186593296648328,0.08470330253407202,0.0020758392074274566
0.7323661830915458,0.23236618309154577,0.06533167302747211,-0.003045031884624492
0.7328664332166083,0.23286643321660827,0.04637367800461821,0.04901870282482154
0.7333666833416709,0.23336668334167088,0.06132809548557567,0.0023927434625614814
0.7338669334667334,0.23386693346673337,0.09110994012689744,0.051070116088808015
0.7343671835917959,0.23436718359179587,0.008100124138113084,0.047224824902318066
0.7348674337168585,0.23486743371685848,0.04967291711082052,0.014788670258719033
0.735367683841921,0.23536768384192097,0.09098242622308192,0.06093654410777016
0.7358679339669835,0.23586793396698347,0.06257569488045013,-0.015995793553063957
0.7363681840920461,0.23636818409204607,0.039103177332365784,0.04568067507256188
0.7368684342171086,0.23686843421710857,0.06402478866133299,0.027775848888461935
0.7373686843421711,0.23736868434217107,0.07259354733847949,0.004751087918102095
0.7378689344672336,0.23786893446723356,0.03448053455781064,0.03386658249039309
0.7383691845922962,0.23836918459229617,0.07724242232188318,-0.00345153079121217
0.7388694347173587,0.23886943471735866,0.029684160631623848,0.007058402624663656
0.7393696848424212,0.23936968484242116,0.03727815547299717,0.01737301363767157
0.7398699349674838,0.23986993496748377,0.069512790834186,0.03702946376334686
0.7403701850925463,0.24037018509254626,0.020688556636139072,0.019989548488459567
0.7408704352176088,0.24087043521760876,0.006703596648900564,-0.08477835998200953
0.7413706853426714,0.24137068534267136,0.07153870869037326,-0.08698311957960839
0.7418709354677339,0.24187093546773386,0.05687416339979293,0.04675237415266893
0.7423711855927964,0.24237118559279636,0.04841207515914308,0.0840541622428913
0.742871435717859,0.24287143571785896,0.07269446837623725,0.003429934309560007
0.7433716858429215,0.24337168584292146,0.030513654254953,0.0596684969200905
0.743871935967984,0.24387193596798395,0.05494241399557615,-0.038529227760397855
0.7443721860930466,0.24437218609304656,0.05206082423984411,0.06599876916435078
0.7448724362181091,0.24487243621810906,0.03374507314036338,-0.02589057045721377
0.7453726863431716,0.24537268634317155,0.07809211819922618,0.08639146733957544
0.7458729364682342,0.24587293646823416,0.07495160678349409,-0.004032647049636809
0.7463731865932967,0.24637318659329666,-0.02582473518010544,0.030554504338189993
0.7468734367183592,0.24687343671835915,0.02807807883782083,0.03409153652544447
0.7473736868434218,0.24737368684342176,0.018238336988776298,0.05991859334159374
0.7478739369684843,0.24787393696848425,0.04621777903550689,0.032617549625634755
0.7483741870935467,0.24837418709354675,0.038565038489674755,0.03169981757590484
0.7488744372186094,0.24887443721860936,-0.0017228952587609106,-0.04004093376882482
0.7493746873436719,0.24937468734367185,-0.011512083912071099,0.022242846484164656
0.7498749374687343,0.24987493746873435,0.05665372191765043,0.0678201023236332
0.7503751875937968,0.25037518759379684,0.05198222318803469,-0.04488255676320922
0.7508754377188595,0.25087543771885945,0.03767101169133382,-0.05322553065719038
0.751375687843922,0.25137568784392195,0.05862402857791909,-0.02410618189943286
0.7518759379689844,0.25187593796898444,0.05537526622985513,0.03373037615999473
0.752376188094047,0.25237618809404705,0.0459458812781483,0.06762506383197178
0.7528764382191095,0.25287643821910955,0.05678914159356498,0.03349781772071934
0.753376688344172,0.25337668834417204,0.018801718885815794,0.052153046459841534
0.7538769384692346,0.25387693846923465,0.08014805846836223,0.03535649396489381
0.7543771885942971,0.25437718859429714,0.07882467946267946,-0.02976590979523782
0.7548774387193596,0.25487743871935964,0.07769050380703749,0.016972923757783052
0.7553776888444222,0.25537768884442225,0.0707360226867007,-0.0048063761102166355
0.7558779389694847,0.25587793896948474,0.06538243611242556,-0.0452472809004702
0.7563781890945472,0.25637818909454724,0.012455916804423449,0.014186790221395313
0.7568784392196098,0.25687843921960984,0.04184833694833465,0.0016600262474469295
0.7573786893446723,0.25737868934467234,0.0046210074006930515,-0.01562994942694108
0.7578789394697348,0.25787893946973484,0.03531168344613708,0.05363227800750885
0.7583791895947974,0.25837918959479744,0.0775262255859859,0.034466367287986265
0.7588794397198599,0.25887943971985994,0.04018418194695862,0.018087748430924228
0.7593796898449224,0.25937968984492243,0.08406447649506217,0.03564468002062622
0.759879939969985,0.25987993996998504,0.08501699123555667,0.00016906612135264391
0.7603801900950475,0.26038019009504754,0.060530370757820945,0.03969113092362089
0.76088044022011,0.26088044022011003,0.090267100007444,0.07218510969631486
0.7613806903451726,0.26138069034517264,0.009250411338582502,-0.049102667182769205
0.7618809404702351,0.26188094047023514,0.07274785338155956,0.01831929797531199
0.7623811905952976,0.26238119059529763,0.05225873430570514,0.03763120912738538
0.7628814407203601,0.2628814407203601,0.01972525440544922,-0.004508637762122972
0.7633816908454227,0.26338169084542273,-0.012994823479470702,-0.06608294215777857
0.7638819409704852,0.26388194097048523,0.021652385256335834,-0.00036236372912164076
0.7643821910955477,0.2643821910955477,0.04985697383481543,0.024385822654252612
0.7648824412206103,0.26488244122061033,0.011286599534542412,0.016632194899573287
0.7653826913456728,0.2653826913456728,0.035066872311477815,0.035124381304225474
0.7658829414707353,0.2658829414707353,0.02026513053219652,0.017963873121307528
0.7663831915957979,0.26638319159579793,0.039395665804219264,0.06099519179741704
0.7668834417208604,0.2668834417208604,0.023663298351970913,0.06344515615843738
0.7673836918459229,0.2673836918459229,0.07217035523198911,0.01700870493454835
0.7678839419709855,0.26788394197098553,0.006358988371118507,0.01454629610461578
0.768384192096048,0.268384192096048,0.055476473902262666,0.03287689632903088
0.7688844422211105,0.2688844422211105,0.027745918040573657,-0.0029502207907541773
0.7693846923461731,0.2693846923461731,0.05813386921851232,0.01503812876881831
0.7698849424712356,0.2698849424712356,0.042951455449195715,-0.0610031197959793
0.7703851925962981,0.2703851925962981,0.0631349187553954,-0.02088022912536909
0.7708854427213607,0.2708854427213607,0.00525024497107205,0.04237708678356826
0.7713856928464232,0.2713856928464232,0.08316904474517622,0.027821328269056495
0.7718859429714857,0.2718859429714857,-0.011121986713527682,0.0861504429749711
0.7723861930965483,0.2723861930965483,0.055060594932656616,0.03947007745013871
0.7728864432216108,0.2728864432216108,0.08273103309270982,0.024300351964135828
0.7733866933466733,0.2733866933466733,0.04034219264654576,0.009660996572134492
0.7738869434717359,0.2738869434717359,0.04112460537319012,0.019097243855655463
0.7743871935967984,0.2743871935967984,0.06349911823767618,0.02509627331435362
0.7748874437218609,0.2748874437218609,0.04631850185935857,0.03707261892460906
0.7753876938469234,0.2753876938469234,0.02619417141856117,0.021785197374340072
0.775887943971986,0.275887943971986,0.02771767032997192,-0.025712806035072734
0.7763881940970485,0.2763881940970485,0.07119383065704248,0.005431046348886883
0.776888444222111,0.276888444222111,0.01919823292246328,0.04199325465786523
0.7773886943471736,0.2773886943471736,0.02856257333614732,-0.06427000095682409
0.7778889444722361,0.2778889444722361,0.013804846159081428,0.036824596867214635
0.7783891945972986,0.2783891945972986,0.03265915245327454,0.027995317469210055
0.7788894447223612,0.2788894447223612,0.06603798582669147,0.09973586206695459
0.7793896948474237,0.2793896948474237,0.03966018140752133,-0.010242283131409312
0.7798899449724862,0.2798899449724862,0.056046783255794576,0.04885173179861722
0.7803901950975488,0.2803901950975488,-0.0012157479005490829,0.00014781323714760375
0.7808904452226113,0.2808904452226113,0.012118328902013566,0.036417068014856564
0.7813906953476738,0.2813906953476738,0.037023803712444354,0.02132291514947651
0.7818909454727364,0.2818909454727364,0.020576128288903775,0.0614693175880223
0.7823911955977989,0.2823911955977989,0.05027119993213837,0.04658002496011286
0.7828914457228614,0.2828914457228614,0.05127584367050912,0.04962323093281051
0.783391695847924,0.283391695847924,0.017263600763309402,0.05704883051866151
0.7838919459729865,0.2838919459729865,0.06664787241040751,0.01775985362624636
0.784392196098049,0.284392196098049,0.000415287230779611,0.00710623393895074
0.7848924462231116,0.2848924462231116,0.011303770287842997,0.056933965649236175
0.7853926963481741,0.2853926963481741,0.06374116847494657,0.021555273980596805
0.7858929464732366,0.2858929464732366,0.037279429306444574,0.012833771708751357
0.7863931965982992,0.2863931965982992,-0.0215516373037656,0.006257157288609781
0.7868934467233617,0.2868934467233617,0.05130425210371107,0.02438992514316006
0.7873936968484242,0.2873936968484242,0.08129198882673694,0.0142452630290337
0.7878939469734867,0.2878939469734867,0.042226097229185786,0.0414472525352651
0.7883941970985493,0.2883941970985493,-0.0015549763092762084,0.011919703762831715
0.7888944472236118,0.2888944472236118,0.04405694029069273,0.028166425566085944
0.7893946973486743,0.2893946973486743,0.050445279786159744,-0.013533708241807232
0.7898949474737369,0.2898949474737369,0.017195160692877604,-0.027934323155251968
0.7903951975987994,0.2903951975987994,0.026978053031881367,0.024211938604073856
0.7908954477238619,0.2908954477238619,-0.03595202823353871,0.009814425009836467
0.7913956978489245,0.2913956978489245,0.05022792801481396,0.05773697952553329
0.791895947973987,0.291895947973987,0.04590247996056131,-0.05188943683458401
0.7923961980990495,0.2923961980990495,0.02259014672721815,0.03918538136970334
0.7928964482241121,0.2928964482241121,0.01379498471927565,0.05716602633554903
0.7933966983491746,0.2933966983491746,0.02021588219425812,0.020015780705503056
0.7938969484742371,0.2938969484742371,0.030639525229117157,0.1351948240091799
0.7943971985992997,0.2943971985992997,0.054929969062252955,0.025670703810713503
0.7948974487243622,0.2948974487243622,0.06524146875294036,0.024374208058019875
0.7953976988494247,0.2953976988494247,0.013228557306742182,0.03195457654202388
0.7958979489744873,0.2958979489744873,0.05459915290486196,0.036268142451832505
0.7963981990995498,0.2963981990995498,0.04630117040000804,-0.00987210529983807
0.7968984492246123,0.2968984492246123,0.04532575126180206,0.050093626288864324
0.7973986993496749,0.2973986993496749,0.04431258414933073,0.0517548011488911
0.7978989494747374,0.2978989494747374,-0.0025891040354528716,0.0035095576969867252
0.7983991995997999,0.2983991995997999,0.06595344592319366,0.031811505705494625
0.7988994497248624,0.2988994497248624,0.08635263803862288,-0.015972406557995797
0.799399699849925,0.299399699849925,0.06216899069878008,-0.031109620622978812
0.7998999499749875,0.2998999499749875,0.03744002597864334,0.019957358174888647
0.80040020010005,0.30040020010005,0.058165204583665434,0.019601105909335722
0.8009004502251126,0.3009004502251126,0.036299921125695446,-0.02792067786914887
0.8014007003501751,0.3014007003501751,0.005124253566146986,-0.014277528300299911
0.8019009504752376,0.3019009504752376,0.024070952722403907,0.013657565894707506
0.8024012006003002,0.3024012006003002,0.03713855982877769,0.011070768774529434
0.8029014507253627,0.3029014507253627,0.04242733315593094,0.08152632623092596
0.8034017008504252,0.30340170085042517,0.04040885426358135,0.034899881802420596
0.8039019509754878,0.3039019509754878,0.06459130357070615,-0.05250304641799987
0.8044022011005503,0.3044022011005503,-0.004575457011221591,0.12725893209296635
0.8049024512256128,0.30490245122561277,0.0698625586632205,0.05431447046264688
0.8054027013506754,0.3054027013506754,0.05846433765182443,-0.04479983298761668
0.8059029514757379,0.30590295147573787,0.06015626258055943,0.02214799226229584
0.8064032016008004,0.30640320160080037,0.07414314921105797,-0.0018775585827556542
0.806903451725863,0.306903451725863,0.08803535540173144,0.04155292325236616
0.8074037018509255,0.30740370185092547,0.0288796185145724,0.10109559620038394
0.807903951975988,0.30790395197598797,0.02346441349636263,0.001830257838887248
0.8084042021010506,0.3084042021010506,0.04249468856696232,0.10092716698466263
0.8089044522261131,0.30890445222611307,0.027194608035019593,-0.016891759008649754
0.8094047023511756,0.30940470235117556,0.0611993129740121,-0.025228500487056757
0.8099049524762382,0.30990495247623817,0.0007195988516016036,-0.08488530192976215
0.8104052026013007,0.31040520260130067,0.05182004893850064,-0.035080526859843184
0.8109054527263632,0.31090545272636316,0.05041134061199148,-0.041385422591986604
0.8114057028514257,0.31140570285142566,0.014429862587506719,0.000434125359519949
0.8119059529764883,0.31190595297648827,0.04042826189295606,-0.005113437288574694
0.8124062031015508,0.31240620310155076,0.026464836791344547,0.021698479633512173
0.8129064532266133,0.31290645322661326,0.02410382603897517,0.009992030402965799
0.8134067033516759,0.31340670335167586,0.03422969062756534,0.04485880663934803
0.8139069534767384,0.31390695347673836,-0.0036699262553749265,0.04714775259575252
0.8144072036018009,0.31440720360180086,0.03312822488151185,-0.00077057695915724
0.8149074537268635,0.31490745372686346,0.06733840664000168,-0.038931845016173944
0.815407703851926,0.31540770385192596,0.006676975562742486,-0.019650830093497912
0.8159079539769885,0.31590795397698845,0.07396239929763043,0.02038882004639018
0.8164082041020511,0.31640820410205106,0.04707072320264774,0.020267225542480713
0.8169084542271136,0.31690845422711356,0.08460091803471534,0.029756226721058196
0.817408704352176,0.31740870435217605,0.02029099449147353,0.004744646034055991
0.8179089544772387,0.31790895447723866,0.027329535987837147,0.022595641137230962
0.8184092046023012,0.31840920460230115,0.03794001750055377,0.049684334265633665
0.8189094547273637,0.31890945472736365,0.0802507582118622,0.06723133334039261
0.8194097048524263,0.31940970485242626,0.011940872624007996,0.07251613244903
0.8199099549774888,0.31990995497748875,0.04201676199761242,0.03620933987426804
0.8204102051025512,0.32041020510255125,0.06511717886012675,-0.021641367084724437
0.8209104552276139,0.32091045522761386,0.09145380301771075,0.013900801803822615
0.8214107053526764,0.32141070535267635,0.03359697174067496,0.0027845308625696237
0.8219109554777388,0.32191095547773885,0.05738528822476063,-0.004207934920254527
0.8224112056028015,0.32241120560280145,0.02471265924126512,-0.03224273081322385
0.822911455727864,0.32291145572786395,0.019267601166439323,-0.02907620409525668
0.8234117058529264,0.32341170585292645,0.0007244053424234065,0.005701016858218244
0.8239119559779889,0.32391195597798894,0.02493880409534516,0.0620396128177015
0.8244122061030515,0.32441220610305155,0.030369299393202667,0.029380418769713264
0.824912456228114,0.32491245622811404,0.060653526250956394,0.009288009575827058
0.8254127063531765,0.32541270635317654,0.010000191424754286,0.02288178262586149
0.8259129564782391,0.32591295647823915,0.05857379846300653,-0.06292505674862878
0.8264132066033016,0.32641320660330164,0.0013126487075238308,0.01642656998367365
0.8269134567283641,0.32691345672836414,0.06360314889817228,0.004305753624622894
0.8274137068534267,0.32741370685342674,0.03715561448036081,-0.0464041984259455
0.8279139569784892,0.32791395697848924,0.03778363996647703,-0.050248537403284534
0.8284142071035517,0.32841420710355174,-0.00836845857203368,0.012235327006680174
0.8289144572286143,0.32891445722861434,0.02777051172826349,-0.021759500547690366
0.8294147073536768,0.32941470735367684,0.05876931213479726,-0.04020190865653028
0.8299149574787393,0.32991495747873933,0.008828318774040639,0.0565046795045796
0.8304152076038019,0.33041520760380194,0.031357472810436264,0.08124297047777174
0.8309154577288644,0.33091545772886444,0.03814669868127599,0.03861467992892854
0.8314157078539269,0.33141570785392693,0.05508825749164709,0.010793044102511747
0.8319159579789895,0.33191595797898954,0.06536874911324994,0.03817291129095409
0.832416208104052,0.33241620810405204,0.04642235695900698,-0.12015193984895273
0.8329164582291145,0.33291645822911453,0.06758192679070682,-0.00012047169001246625
0.8334167083541771,0.33341670835417714,0.08161334260919922,0.00665489176712357
0.8339169584792396,0.33391695847923963,0.04100439660726921,0.046188728514873115
0.8344172086043021,0.33441720860430213,0.03709585772653717,0.04478017378784881
0.8349174587293647,0.33491745872936474,0.06371276592652217,-0.011479179025376445
0.8354177088544272,0.33541770885442723,0.02919605290546682,-0.048302970730189486
0.8359179589794897,0.33591795897948973,0.0492903976971719,-0.04768744457311468
0.8364182091045522,0.3364182091045522,0.03963658233729025,0.03997466612157954
0.8369184592296148,0.33691845922961483,-0.002849489436203563,-0.022715786226581484
0.8374187093546773,0.3374187093546773,0.023884563190551676,0.018813390679161976
0.8379189594797398,0.3379189594797398,0.09277998702374034,-0.059699426225965135
0.8384192096048024,0.33841920960480243,0.04436458788739839,0.003548090093245783
0.8389194597298649,0.3389194597298649,0.027956476631032963,0.015428524781163225
0.8394197098549274,0.3394197098549274,0.030578107486686993,-0.05086906212834254
0.83991995997999,0.33991995997999,0.03244208944611193,-0.019021316972376946
0.8404202101050525,0.3404202101050525,0.05404396087224696,0.035013749273563106
0.840920460230115,0.340920460230115,0.05816138839760628,0.0478143257795049
0.8414207103551776,0.3414207103551776,0.007125728903671913,0.048243586884331544
0.8419209604802401,0.3419209604802401,0.048593205759109796,-0.05763280013892893
0.8424212106053026,0.3424212106053026,0.04463841799951726,-0.004920996172570959
0.8429214607303652,0.3429214607303652,0.029289128833604954,0.06066061010289625
0.8434217108554277,0.3434217108554277,-0.0002638088771757599,0.03384093477284854
0.8439219609804902,0.3439219609804902,0.0017268287754939604,-0.022742241181354483
0.8444222111055528,0.3444222111055528,0.059385192548048096,-0.002199052644450838
0.8449224612306153,0.3449224612306153,0.0491656958982584,0.018130314788254116
0.8454227113556778,0.3454227113556778,0.03464907294544856,-0.053533312346377135
0.8459229614807404,0.3459229614807404,0.06171427365624245,0.024913985332767466
0.8464232116058029,0.3464232116058029,0.029553991221544167,-0.029051764015846027
0.8469234617308654,0.3469234617308654,0.04580297939347034,0.0466317844852533
0.847423711855928,0.347423711855928,0.043358901085323115,0.04389110705239818
0.8479239619809905,0.3479239619809905,0.08461007900387338,0.0026856956863802687
0.848424212106053,0.348424212106053,0.06868245749694826,0.07790281559163939
0.8489244622311155,0.3489244622311155,0.02050834147834689,0.051625838569439635
0.8494247123561781,0.3494247123561781,0.06356522204525655,0.02454536482410203
0.8499249624812406,0.3499249624812406,0.07421840912921436,-0.026491824987478735
0.8504252126063031,0.3504252126063031,0.06384457696139362,0.0032917202695670333
0.8509254627313657,0.3509254627313657,0.05905867197668693,0.05051579172545173
0.8514257128564282,0.3514257128564282,0.014395775220485515,-0.045764753728348054
0.8519259629814907,0.3519259629814907,0.06429241601857161,-0.04957822873407888
0.8524262131065533,0.3524262131065533,0.030379339654244872,0.038960947068086865
0.8529264632316158,0.3529264632316158,0.0498116157847321,-0.0514906432887005
0.8534267133566783,0.3534267133566783,0.05420943115936285,0.030879951954920777
0.8539269634817409,0.3539269634817409,0.043620067669058245,0.003730793323659838
0.8544272136068034,0.3544272136068034,0.021896054889249752,0.03796807008132394
0.8549274637318659,0.3549274637318659,0.05544643257092312,0.053232778980165485
0.8554277138569285,0.3554277138569285,0.01771691099655589,-0.06155503790263232
0.855927963981991,0.355927963981991,0.02297066603096667,-0.05896820645348806
0.8564282141070535,0.3564282141070535,0.01984862932465569,-0.0034014279361041753
0.8569284642321161,0.3569284642321161,0.019209733134458083,0.022470461572332946
0.8574287143571786,0.3574287143571786,0.07303984553999937,0.007074512197241107
0.8579289644822411,0.3579289644822411,0.039845568562311376,-0.09350972079935951
0.8584292146073037,0.3584292146073037,0.030440456597816586,0.03140135552113263
0.8589294647323662,0.3589294647323662,0.023667042429197656,-0.01666722507563774
0.8594297148574287,0.3594297148574287,0.02459214847655417,-0.055141946351813576
0.8599299649824912,0.3599299649824912,0.03741999229486437,0.01504735651919482
0.8604302151075538,0.3604302151075538,0.02141466616226918,0.08140642361530823
0.8609304652326163,0.3609304652326163,0.05599516712611921,0.06379239505228064
0.8614307153576788,0.3614307153576788,0.05235059041048077,0.042392419836205404
0.8619309654827414,0.3619309654827414,0.06486720445951939,0.037301789886795673
0.8624312156078039,0.3624312156078039,0.04453947638438435,0.028878551899096855
0.8629314657328664,0.3629314657328664,-0.021095786923572404,-0.020662462680568053
0.863431715857929,0.363431715857929,0.030384233346104322,0.06347286001871436
0.8639319659829915,0.3639319659829915,0.009581690766137164,-0.015311748677350231
0.864432216108054,0.364432216108054,0.04277418974331519,0.11417687861369617
0.8649324662331166,0.3649324662331166,0.021880212323930486,0.0019463335792776412
0.8654327163581791,0.3654327163581791,0.04264980054175316,0.0232660677836073
0.8659329664832416,0.3659329664832416,0.05160099283354996,-0.006910994103429484
0.8664332166083042,0.3664332166083042,0.06293463591589565,0.04262052432775584
0.8669334667333667,0.3669334667333667,0.02651862182776922,0.042658370048388544
0.8674337168584292,0.3674337168584292,-0.015829746474133766,0.04555896029960807
0.8679339669834918,0.3679339669834918,-0.002039126079409724,-0.009998537327307717
0.8684342171085543,0.3684342171085543,0.031147420426843167,0.007884172691417637
0.8689344672336168,0.3689344672336168,-0.00035490652703252384,0.005562604245063645
0.8694347173586794,0.3694347173586794,0.017122307187385458,0.0016327725623733504
0.8699349674837419,0.3699349674837419,0.02177105015145714,0.023417244661529137
0.8704352176088044,0.3704352176088044,0.0380707748823966,0.01813005154734368
0.870935467733867,0.370935467733867,0.07393280458684051,0.004328561780868101
0.8714357178589295,0.3714357178589295,0.018518776643034217,-0.012405817749665291
0.871935967983992,0.371935967983992,0.0409047174921169,0.02508100974150337
0.8724362181090545,0.3724362181090545,0.042743137594816835,0.11034512739184568
0.8729364682341171,0.3729364682341171,-0.008575148193502413,0.08499605627335782
0.8734367183591796,0.3734367183591796,0.045341680946620264,0.028995390089823908
0.8739369684842421,0.37393696848424207,-0.0009487954922478559,0.019565016975724832
0.8744372186093047,0.3744372186093047,0.023641783392756688,-0.013752442824464826
0.8749374687343672,0.3749374687343672,0.03750925495375593,0.00032815545798137863
0.8754377188594297,0.37543771885942967,0.06610540608206963,-0.001263449780393746
0.8759379689844923,0.3759379689844923,0.05143465017492997,0.03708357129990246
0.8764382191095548,0.3764382191095548,0.02133847139936507,0.05306325448185272
0.8769384692346173,0.37693846923461727,0.04295450950960343,0.0734355140675922
0.8774387193596799,0.3774387193596799,0.04409657761164676,0.08710829267393566
0.8779389694847424,0.37793896948474237,0.004381650812230624,-0.04662930397241012
0.8784392196098049,0.37843921960980487,0.012750148746532436,0.026816448039984404
0.8789394697348675,0.3789394697348675,0.04450749492896837,-0.02495031391557519
0.87943971985993,0.37943971985992997,0.0650974982276515,0.011071584208455781
0.8799399699849925,0.37993996998499246,0.034012020253940595,0.0439687456555805
0.8804402201100551,0.38044022011005507,0.025190629841639514,0.009911396556767586
0.8809404702351176,0.38094047023511757,0.03847708291696172,0.03894316863967377
0.8814407203601801,0.38144072036018006,0.03709344601414439,0.09877739309401687
0.8819409704852427,0.38194097048524267,0.07162907802121585,0.058985362801393805
0.8824412206103052,0.38244122061030517,0.05275051960482799,-0.053668408134544224
0.8829414707353677,0.38294147073536766,-0.01686751341718197,-0.011911334706712401
0.8834417208604303,0.38344172086043027,0.04720950690923059,0.00611664207542274
0.8839419709854928,0.38394197098549276,0.0015889649607749787,0.0096348765103739
0.8844422211105553,0.38444222111055526,0.10274506315433884,0.008681935306045099
0.8849424712356178,0.38494247123561776,0.010952606039923596,0.02340528668725275
0.8854427213606804,0.38544272136068036,0.033125842575045285,-0.03402046366453636
0.8859429714857429,0.38594297148574286,0.06041495735730429,0.01678782766787103
0.8864432216108054,0.38644322161080535,0.019605280051076618,0.02333183241575361
0.886943471735868,0.38694347173586796,0.06001939384956091,-0.0801038626229287
0.8874437218609305,0.38744372186093046,-0.011098742155563779,0.005363038043586537
0.887943971985993,0.38794397198599295,0.025500515566350055,-0.009481467969720579
0.8884442221110556,0.38844422211105556,0.05313262643666107,0.07061453178854275
0.888944472236118,0.38894447223611806,0.040546685791474815,0.06898616347707957
0.8894447223611806,0.38944472236118055,-0.008014376450161786,-0.036623636566264134
0.8899449724862432,0.38994497248624316,0.04880784253747833,-0.026846871043746934
0.8904452226113057,0.39044522261130565,0.005783784472030304,0.039312958322293215
0.8909454727363681,0.39094547273636815,0.06164401504149503,0.009955085617499542
0.8914457228614308,0.39144572286143076,0.062168986269813216,-0.07513359712185334
0.8919459729864933,0.39194597298649325,0.06170893867299885,-0.03759638629174056
0.8924462231115557,0.39244622311155575,0.05603728754521592,-0.01689060797958039
0.8929464732366184,0.39294647323661835,0.00949387996697109,-0.0525751077318232
0.8934467233616809,0.39344672336168085,0.05690003873170418,0.0038880894948686217
0.8939469734867433,0.39394697348674335,0.0316857329398399,0.004101482890339708
0.894447223611806,0.39444722361180595,0.0797110636162348,0.023768263807208957
0.8949474737368684,0.39494747373686845,0.03289869185079717,0.031565367359478805
0.8954477238619309,0.39544772386193094,0.03642752463306461,0.009021842466348459
0.8959479739869936,0.39594797398699355,0.04417683740368276,0.008363573386171412
0.896448224112056,0.39644822411205605,0.06702249033944227,0.01770505768955173
0.8969484742371185,0.39694847423711854,0.07409729429587147,-0.033602700207295944
0.897448724362181,0.39744872436218104,0.05847377668540034,-0.04423137109342614
0.8979489744872436,0.39794897448724365,0.058171517100797605,-0.03796760062457356
0.8984492246123061,0.39844922461230614,0.06217773212321526,0.013160411222045454
0.8989494747373686,0.39894947473736864,0.02672756007931676,-0.035664217365805884
0.8994497248624312,0.39944972486243124,-0.02379709974675156,0.038842010074182
0.8999499749874937,0.39994997498749374,0.014203595182909527,-0.015009498244157576
0.9004502251125562,0.40045022511255624,0.053287279895579125,0.014342875817239581
0.9009504752376188,0.40095047523761884,0.010413139425693878,-0.05261434643059068
0.9014507253626813,0.40145072536268134,0.055356392393065335,-0.031058856282305536
0.9019509754877438,0.40195097548774383,-0.0006987460250503577,0.03911118326737668
0.9024512256128064,0.40245122561280644,0.0043580164056406315,0.013886156632347598
0.9029514757378689,0.40295147573786894,0.05643348967955038,0.057639815904401995
0.9034517258629314,0.40345172586293143,0.0447198758688582,0.04392618568637902
0.903951975987994,0.40395197598799404,0.06708070211348795,-0.01956339265090565
0.9044522261130565,0.40445222611305653,0.040935491671454535,-0.050892638375052215
0.904952476238119,0.40495247623811903,0.012301998093752708,0.004391462529223317
0.9054527263631816,0.40545272636318164,0.07320418717636992,-0.026932616081517046
0.9059529764882441,0.40595297648824413,0.025113525423436853,-0.016946614232202686
0.9064532266133066,0.40645322661330663,0.02424830627079226,-0.016293821173882533
0.9069534767383692,0.40695347673836924,0.06025556549974955,-0.02991146546920243
0.9074537268634317,0.40745372686343173,0.03247752821176339,0.02195902079926167
0.9079539769884942,0.4079539769884942,0.0519203482312892,-0.031393305429029905
0.9084542271135568,0.40845422711355683,0.0406589675044242,-0.04090804033366568
0.9089544772386193,0.40895447723861933,0.06196542525409915,-0.02418988814718135
0.9094547273636818,0.4094547273636818,0.03803746310843569,0.02953266500919863
0.9099549774887443,0.4099549774887443,0.05745229656481666,-0.012685241409220194
0.9104552276138069,0.41045522761380693,0.017627261762178256,0.03490705632252373
0.9109554777388694,0.4109554777388694,0.03494238114317223,0.07132618064424974
0.9114557278639319,0.4114557278639319,0.05845892463250818,-0.044593284342441475
0.9119559779889945,0.4119559779889945,0.037275425552051364,0.002804110680805592
0.912456228114057,0.412456228114057,0.016370762184468576,0.027570238421558313
0.9129564782391195,0.4129564782391195,0.017330507261803373,-0.0017774666125259023
0.9134567283641821,0.4134567283641821,0.010095962645656178,0.023224236361380067
0.9139569784892446,0.4139569784892446,0.0650507541807005,-0.016270082603624614
0.9144572286143071,0.4144572286143071,0.0564751084182194,-0.01888056062779519
0.9149574787393697,0.4149574787393697,0.06432216401058849,-0.05818969230588508
0.9154577288644322,0.4154577288644322,0.040794604514475655,-0.02504653592125191
0.9159579789894947,0.4159579789894947,0.019952282617666614,0.035560811235087496
0.9164582291145573,0.4164582291145573,0.022644330473487625,0.04154767072129253
0.9169584792396198,0.4169584792396198,0.030230991485490785,-0.032418363114772024
0.9174587293646823,0.4174587293646823,0.06911724214669972,-0.07625074992933226
0.9179589794897449,0.4179589794897449,0.04088623709180887,0.0036064744957770758
0.9184592296148074,0.4184592296148074,0.0622436255437878,-0.043727190049808656
0.9189594797398699,0.4189594797398699,0.007616508098835996,0.05683039069650927
0.9194597298649325,0.4194597298649325,0.07009909698363707,0.048622657469339366
0.919959979989995,0.419959979989995,0.033371981637987234,-0.02937491408860573
0.9204602301150575,0.4204602301150575,0.07215788034480931,-0.014672491596908092
0.92096048024012,0.42096048024012,0.0854467470121302,0.016227949496662706
0.9214607303651826,0.4214607303651826,0.041710127028430716,-0.027544150250888952
0.9219609804902451,0.4219609804902451,0.05497500755834398,-0.0012531330972066143
0.9224612306153076,0.4224612306153076,0.019110631486220254,0.05522374333649613
0.9229614807403702,0.4229614807403702,0.04485363724723127,-0.06916782396164299
0.9234617308654327,0.4234617308654327,0.04134496851555886,-0.012505492776473896
0.9239619809904952,0.4239619809904952,0.052864102276366495,-0.008486206954435565
0.9244622311155578,0.4244622311155578,0.05573040331209381,0.014408185892995227
0.9249624812406203,0.4249624812406203,0.08234379074673731,0.04395962503857111
0.9254627313656828,0.4254627313656828,0.06808143584089708,-0.012114818579468611
0.9259629814907454,0.4259629814907454,0.05904478128076261,0.026032712509387643
0.9264632316158079,0.4264632316158079,0.09559501418444337,-0.0037420782819340553
0.9269634817408704,0.4269634817408704,0.013577125042879529,0.06513816901341088
0.927463731865933,0.427463731865933,0.03395993019848732,-0.008117924905019027
0.9279639819909955,0.4279639819909955,0.011133637164686912,0.05685248207665776
0.928464232116058,0.428464232116058,-0.019241679011596256,0.02274725969546151
0.9289644822411206,0.4289644822411206,0.04318712416796553,-0.04027165445287324
0.9294647323661831,0.4294647323661831,0.05272340902617599,-0.04936396951019687
0.9299649824912456,0.4299649824912456,0.011550362803632346,0.00459327712272886
0.9304652326163082,0.4304652326163082,0.014936210340321037,0.09640751614419457
0.9309654827413707,0.4309654827413707,0.0649462626670807,0.03217276542130156
0.9314657328664332,0.4314657328664332,0.0748932540594387,0.04723320711693341
0.9319659829914958,0.4319659829914958,0.05066533973763315,0.10413874444551288
0.9324662331165583,0.4324662331165583,0.022882158456468005,-0.05025791560210472
0.9329664832416208,0.4329664832416208,0.05764591836029763,-0.022874916859840666
0.9334667333666833,0.4334667333666833,0.027361004437666883,-0.006592252504440961
0.9339669834917459,0.4339669834917459,0.03352755609164204,-0.030813327639952537
0.9344672336168084,0.4344672336168084,0.07309427215029113,0.035513166588658746
0.9349674837418709,0.4349674837418709,0.053152323198580875,0.03790927300676589
0.9354677338669335,0.4354677338669335,-0.007473494387142204,0.03688639053854635
0.935967983991996,0.435967983991996,0.0024233377905065537,0.01308952590545315
0.9364682341170585,0.4364682341170585,0.0013090423157698372,-0.05741517293479179
0.9369684842421211,0.4369684842421211,0.08665817791846794,0.06789223393634289
0.9374687343671836,0.4374687343671836,0.06753969505033769,0.03157348440644611
0.9379689844922461,0.4379689844922461,0.04375598473192378,-0.020759401625780896
0.9384692346173087,0.4384692346173087,0.07230188862640796,-0.006976545030045588
0.9389694847423712,0.4389694847423712,0.03732319287905687,-0.016271117885509657
0.9394697348674337,0.4394697348674337,0.02967197073350985,-0.028893766173529633
0.9399699849924963,0.4399699849924963,0.026890621062769203,0.010233273760249958
0.9404702351175588,0.4404702351175588,0.05595789031153153,0.022721835723701848
0.9409704852426213,0.4409704852426213,0.049163699192244864,-0.03989781915357693
0.9414707353676839,0.4414707353676839,0.03865666878622477,0.06503283517890215
0.9419709854927464,0.4419709854927464,0.011486008682088843,0.006783266973210814
0.9424712356178089,0.4424712356178089,0.01519993012527552,0.002214235525725885
0.9429714857428715,0.4429714857428715,0.029673779340642005,0.05545669344592309
0.943471735867934,0.443471735867934,0.056774221349696605,0.10755152813410906
0.9439719859929965,0.4439719859929965,0.021734243502753457,-0.025553520441347403
0.9444722361180591,0.4444722361180591,0.04263101829655472,0.013537543660254267
0.9449724862431216,0.4449724862431216,0.044611112898108346,-0.006219828327353297
0.9454727363681841,0.4454727363681841,0.06986652929896373,0.047777656162447786
0.9459729864932466,0.44597298649324657,0.010727987367317567,0.036673915731602676
0.9464732366183092,0.4464732366183092,0.02676882176342102,-0.05863744046985685
0.9469734867433717,0.4469734867433717,0.08331494293095236,-0.031057437859692397
0.9474737368684342,0.44747373686843417,0.0548108688696781,0.032762792043096484
0.9479739869934968,0.4479739869934968,0.056765107121720594,0.041682661777382536
0.9484742371185593,0.44847423711855927,0.0936809452181068,0.03446083849999534
0.9489744872436218,0.44897448724362177,0.008333411487495793,-0.001595815676543589
0.9494747373686844,0.4494747373686844,0.026225719228438336,0.09104730993651007
0.9499749874937469,0.44997498749374687,0.040636369142633084,0.02668278118986163
0.9504752376188094,0.45047523761880937,0.0687432189054678,-0.05796757009935494
0.950975487743872,0.45097548774387197,0.047816224163766796,0.01585380927710605
0.9514757378689345,0.45147573786893447,0.05012243320297366,0.06333878763168205
0.951975987993997,0.45197598799399696,-0.03550858947753515,0.018567302403583515
0.9524762381190596,0.45247623811905957,0.01680253476947616,-0.06727230831291996
0.9529764882441221,0.45297648824412207,0.022947640197735392,0.030258152731254307
0.9534767383691846,0.45347673836918456,0.057372108054377674,0.05257988712135768
0.9539769884942472,0.45397698849424717,-0.0029621249760472396,0.03659210828046511
0.9544772386193097,0.45447723861930966,0.008956723392787982,-0.007704032569413658
0.9549774887443722,0.45497748874437216,0.06834248133998666,0.0527951254455489
0.9554777388694348,0.45547773886943477,0.004536271184188284,-0.04500446369600014
0.9559779889944973,0.45597798899449726,-0.027228164268314155,-0.06685629639019329
0.9564782391195598,0.45647823911955976,0.0009047919059667828,0.01842648467518592
0.9569784892446224,0.45697848924462237,0.04247365629136411,-0.039105647473414065
0.9574787393696849,0.45747873936968486,0.0517793207032007,0.011941756068631603
0.9579789894947474,0.45797898949474736,0.041805677366728834,0.07535850334798541
0.9584792396198099,0.45847923961980985,0.02770638447206824,0.0769646143783552
0.9589794897448725,0.45897948974487246,0.012184512322289981,-0.023146156082796694
0.959479739869935,0.45947973986993496,0.023454095852997358,0.038381521878075295
0.9599799899949975,0.45997998999499745,0.04077959417757335,0.0022947347130205607
0.9604802401200601,0.46048024012006006,0.04899612186077343,-0.1276631828423751
0.9609804902451226,0.46098049024512255,0.03436013869219306,0.010368562499198718
0.961480740370185,0.46148074037018505,0.010725861010752291,-0.05592674594461387
0.9619809904952477,0.46198099049524766,0.03478310377725177,0.1026949695136606
0.9624812406203102,0.46248124062031015,0.05644131630297512,0.06497353795996896
0.9629814907453726,0.46298149074537265,0.006448136672029717,0.010856941964301951
0.9634817408704353,0.46348174087043525,0.06707816671247224,-0.017356534290479023
0.9639819909954978,0.46398199099549775,-0.008928909479481356,0.011806371234430402
0.9644822411205602,0.46448224112056025,0.03331669519745374,0.026658830293536624
0.9649824912456229,0.46498249124562285,0.00983445198829136,-0.025547555721423077
0.9654827413706853,0.46548274137068535,0.017029457680868318,0.002465375103802884
0.9659829914957478,0.46598299149574784,0.022719554511763974,-0.0569940674092934
0.9664832416208105,0.46648324162081045,0.06791528959068757,-0.03458653691467645
0.966983491745873,0.46698349174587295,0.04002204067378667,-0.07648719117982831
0.9674837418709354,0.46748374187093544,0.08638466457709262,-0.018511557253571093
0.967983991995998,0.46798399199599805,0.0631049264342142,-0.0335571955484193
0.9684842421210605,0.46848424212106055,-0.0014374506728786,-0.009582947764373314
0.968984492246123,0.46898449224612304,0.01481624889514855,0.03343116215206171
0.9694847423711856,0.46948474237118565,0.03984872219153688,0.03871924682794956
0.9699849924962481,0.46998499249624814,0.04758973475393478,-0.008712337233841367
0.9704852426213106,0.47048524262131064,0.04306936234809185,0.05001681944340567
0.9709854927463731,0.47098549274637314,0.012033483282261774,-0.03899255332341736
0.9714857428714357,0.47148574287143574,0.0861568839359288,-0.03861098428725079
0.9719859929964982,0.47198599299649824,0.08198220135414723,-0.024837580113855853
0.9724862431215607,0.47248624312156073,0.04093491105435368,-0.02303082030129549
0.9729864932466233,0.47298649324662334,-0.013526811804913934,0.05695785207329831
0.9734867433716858,0.47348674337168584,0.03905033961687106,-0.021707412053667816
0.9739869934967483,0.47398699349674833,0.015357820901279993,0.03349306178568781
0.9744872436218109,0.47448724362181094,0.07381474675267544,0.008181973576322384
0.9749874937468734,0.47498749374687343,0.056953257232181226,-0.05015960488006
0.9754877438719359,0.47548774387193593,0.037511251954104714,0.004623046302628318
0.9759879939969985,0.47598799399699854,0.07290239252484727,-0.10909734223715045
0.976488244122061,0.47648824412206103,0.05410414469387087,-0.06638753313658745
0.9769884942471235,0.47698849424712353,0.04050335984221357,-0.019540475103139363
0.9774887443721861,0.47748874437218614,-0.004028003124096451,0.009851704539202009
0.9779889944972486,0.47798899449724863,0.04580253366678159,0.01686286093711197
0.9784892446223111,0.4784892446223111,0.06108294047019637,-0.03599346284636926
0.9789894947473737,0.47898949474737373,0.05211074218834343,-0.05444570531059461
0.9794897448724362,0.47948974487243623,0.009126769671532413,-0.000381407122388446
0.9799899949974987,0.4799899949974987,0.08151644701096146,0.0030471961627397282
0.9804902451225613,0.48049024512256133,0.02903055830832998,-0.0517804945736472
0.9809904952476238,0.48099049524762383,0.056515374140766475,-0.04087365334510513
0.9814907453726863,0.4814907453726863,0.033026484407083743,-0.04659999712888093
0.9819909954977488,0.4819909954977488,0.03985593640800502,0.010866832147497464
0.9824912456228114,0.4824912456228114,0.02479698460705349,-0.006614330243468674
0.9829914957478739,0.4829914957478739,0.007532096963402811,0.0010847181012020955
0.9834917458729364,0.4834917458729364,0.00494025412870841,0.01123996923398432
0.983991995997999,0.483991995997999,0.02348029953690766,-0.018442086248808883
0.9844922461230615,0.4844922461230615,0.030433054691865736,-0.005861892639119123
0.984992496248124,0.484992496248124,0.02969417054956556,-0.09043233902238286
0.9854927463731866,0.4854927463731866,0.013893740066752393,0.0055265208758437465
0.9859929964982491,0.4859929964982491,-0.00021919977351514408,-0.03821290979555609
0.9864932466233116,0.4864932466233116,0.002021449014744957,0.034447492793565675
0.9869934967483742,0.4869934967483742,0.013194275992101233,-0.0062776604362748765
0.9874937468734367,0.4874937468734367,-0.000720426169319062,0.052015708453703
0.9879939969984992,0.4879939969984992,0.048574080552415314,0.0314203513194883
0.9884942471235618,0.4884942471235618,0.036733433266161054,0.006867382195890647
0.9889944972486243,0.4889944972486243,0.07103132049050738,0.009157127081247024
0.9894947473736868,0.4894947473736868,0.048060998227347024,-0.020670714392824446
0.9899949974987494,0.4899949974987494,0.03375129089705814,-0.03510526586039568
0.9904952476238119,0.4904952476238119,0.09608932629141584,0.027606520206009354
0.9909954977488744,0.4909954977488744,0.05271661201680266,-0.005669371755377382
0.991495747873937,0.491495747873937,0.017545481351960258,0.033752998561855596
0.9919959979989995,0.4919959979989995,0.028601428490457673,-0.02651096415855656
0.992496248124062,0.492496248124062,0.0437770107141961,0.051522924284233225
0.9929964982491246,0.4929964982491246,-0.006636995739972257,0.07186098733699807
0.9934967483741871,0.4934967483741871,0.08587461913804406,-0.0006613857037348922
0.9939969984992496,0.4939969984992496,0.02892339989609685,-0.04860547408490054
0.9944972486243121,0.4944972486243121,0.05398692901043533,0.07232801314402951
0.9949974987493747,0.4949974987493747,0.0204117681969338,-0.014640004385907446
0.9954977488744372,0.4954977488744372,0.03936307933361661,-0.019536381698030576
0.9959979989994997,0.4959979989994997,0.06852260225277626,0.04684654141276556
0.9964982491245623,0.4964982491245623,0.020894978617328502,-0.025139228679831534
0.9969984992496248,0.4969984992496248,0.07396166435729275,-0.02412025817442481
0.9974987493746873,0.4974987493746873,0.07263327711309156,-0.0015827646418564104
0.9979989994997499,0.4979989994997499,0.05787057619141553,-0.02083468044399612
0.9984992496248124,0.4984992496248124,0.04834145910905774,0.11891641191095337
0.9989994997498749,0.4989994997498749,0.06273001959173766,-0.04981635831466103
0.9994997498749375,0.4994997498749375,0.045999858829371895,-0.004168977574329333
1.0,0.5,0.05592056670320853,-0.030658811807914466
